Frequency,S11_Magnitude (linear),S11_Phase,S11_Unwrapped Phase,S11_VSWR,S11_Real,S11_Imaginary,S11_Impedance (absolute),S11_Resistance,S11_Reactance,S11_Capacitance,S11_Inductance,S11_Quality Factor,S11_Group delay,S21_Magnitude (linear),S21_Phase,S21_Unwrapped Phase,S21_VSWR,S21_Real,S21_Imaginary,S21_Impedance (absolute),S21_Resistance,S21_Reactance,S21_Capacitance,S21_Inductance,S21_Quality Factor,S21_Group delay,
1000000,0.01859465664,-90.84630702,-90.84630702,1.037893938,-0.000274648785,-0.0185926282,49.97255215,49.93801448,-1.857600159,8.567771828e-08,-2.956462476e-07,0.03719811808,2.53056684e-09,1.006699277,-0.6852488862,-0.6852488862,nan,1.00662728,-0.01203968458,7300.581811,-3558.8209,-6374.424569,2.496773495e-11,-0.001014521179,-1.791161946,2.393574643e-09,
12998000,0.2040910722,-106.0015913,-106.0015913,1.512850315,-0.05626057217,-0.1961833678,44.86142003,41.51655542,-16.99772435,7.203653535e-10,-2.081298547e-07,0.4094203909,2.53056684e-09,0.9742747462,-12.93636405,-12.93636405,76.74461673,0.9495469781,-0.2181096453,438.1378976,50.66982248,-435.1981001,2.813562767e-11,-5.328814345e-06,8.58890122,2.393574643e-09,
24996000,0.3674651868,-117.239287,-117.239287,2.161881304,-0.1681916384,-0.3267143037,36.83664838,29.39245418,-22.2041055,2.867585221e-10,-1.413783465e-07,0.7554355743,2.53056684e-09,0.9223499334,-23.77399656,-23.77399656,24.75657803,0.8440818276,-0.3718269327,233.2862839,45.91084087,-228.7240366,2.783798578e-11,-1.456335455e-06,4.981917828,2.393574643e-09,
36994000,0.5019682968,-126.733038,-126.733038,3.015808606,-0.3002208976,-0.4022929077,29.65297798,20.19062269,-21.71722493,1.981000157e-10,-9.343146721e-08,1.075609468,2.09737198e-09,0.8558046178,-33.60676191,-33.60676191,12.87006969,0.7127619466,-0.473679165,160.3940707,43.60018652,-154.3544028,2.78721081e-11,-6.640608258e-07,3.540223451,2.108018519e-09,
48992000,0.6068516983,-135.1317174,-135.1317174,4.087138852,-0.4300942958,-0.4281213385,23.87448634,14.17417642,-19.21155436,1.69095659e-10,-6.241047194e-08,1.355391227,1.814185956e-09,0.787445574,-42.04264537,-42.04264537,8.409354761,0.5847937659,-0.5273393437,124.4246099,42.16912378,-117.0608754,2.775129123e-11,-3.802828414e-07,2.775985482,1.848731155e-09,
60990000,0.685998698,-142.3510603,-142.3510603,5.369400341,-0.54315195,-0.4190228788,19.38398263,10.35250062,-16.38793805,1.59234506e-10,-4.276473761e-08,1.582993196,1.575214651e-09,0.7214955047,-49.32765079,-49.32765079,6.181212632,0.470222036,-0.5472175071,102.9840549,41.32344202,-94.32968089,2.766388261e-11,-2.461556812e-07,2.282715966,1.613236971e-09,
72988000,0.7447257022,-148.6101614,-148.6101614,6.834709634,-0.6357300201,-0.3878965238,15.82672997,7.879893597,-13.72562052,1.588680924e-10,-2.992958229e-08,1.741853535,1.363065095e-09,0.6609919813,-55.83948963,-55.83948963,4.899565466,0.3711557229,-0.5469495668,88.56327416,40.53343285,-78.74321781,2.76920757e-11,-1.71704559e-07,1.942673302,1.419127501e-09,
84986000,0.7896033079,-154.0127817,-154.0127817,8.505852871,-0.7097679519,-0.3459809797,12.94395188,6.186747733,-11.36969845,1.647114523e-10,-2.129225648e-08,1.837750453,1.192519355e-09,0.6060652978,-61.54845069,-61.54845069,4.076983543,0.288738866,-0.5328649101,78.45810802,40.0515881,-67.46513918,2.77583292e-11,-1.263432846e-07,1.684456032,1.251620667e-09,
96984000,0.8241743023,-158.7381557,-158.7381557,10.37490154,-0.7680751688,-0.2988709013,10.54850802,4.987487731,-9.29494419,1.765522485e-10,-1.525340586e-08,1.863652542,1.055005557e-09,0.5577139749,-66.58029059,-66.58029059,3.521960646,0.2216709871,-0.511768357,71.09632639,39.69994334,-58.97967553,2.782387801e-11,-9.678820117e-08,1.485636264,1.098757613e-09,
108982000,0.8518914907,-163.0411881,-163.0411881,12.50361306,-0.8148467215,-0.2484832639,8.458448559,4.087141052,-7.405445972,1.972032828e-10,-1.081475227e-08,1.811889014,9.479740427e-10,0.5150737257,-70.98775089,-70.98775089,3.124338288,0.1677957154,-0.486975914,65.61111754,39.51229107,-52.37936234,2.788079486e-11,-7.649368182e-08,1.325647309,9.606900584e-10,
120980000,0.8737589487,-166.8802801,-166.8802801,14.8427071,-0.8509520066,-0.1983314974,6.663652773,3.412998755,-5.72326024,2.298598175e-10,-7.52922101e-09,1.67690077,8.638091133e-10,0.4777409931,-74.84904844,-74.84904844,2.829517488,0.1248638066,-0.4611349979,61.44967142,39.4356959,-47.12629846,2.79153593e-11,-6.199688667e-08,1.195016276,8.372190046e-10,
132978000,0.8909119378,-170.4145461,-170.4145461,17.33381178,-0.8784733318,-0.148353248,5.088683233,2.904745807,-4.1781753,2.864531995e-10,-5.00065614e-09,1.43839619,7.921889135e-10,0.4446544848,-78.16151854,-78.16151854,2.601361576,0.09122239742,-0.435196605,58.29666653,39.51068011,-42.86499138,2.792142596e-11,-5.130303707e-08,1.084896318,7.41608038e-10,
144976000,0.9045990572,-173.7066439,-173.7066439,19.9641534,-0.8991476478,-0.09916129164,3.71860652,2.512039064,-2.741841387,4.003885884e-10,-3.009998965e-09,1.091480394,7.36739517e-10,0.415994788,-81.07432327,-81.07432327,2.42462697,0.06454288863,-0.4109572717,55.84126704,39.60609955,-39.36500963,2.788776156e-11,-4.321498639e-08,0.9939128083,6.719231409e-10,
156974000,0.9157619293,-176.7364349,-176.7364349,22.74223417,-0.9142767652,-0.05213355797,2.619636047,2.200333464,-1.421627823,7.131920475e-10,-1.441379434e-09,0.6460965335,6.874177504e-10,0.3902894149,-83.8911773,-83.8911773,2.280244839,0.0415335002,-0.3880731835,53.74414028,39.63839957,-36.2936619,2.793583246e-11,-3.679791363e-08,0.9156187509,6.165040683e-10,
168972000,0.9247534495,-179.630257,-179.630257,25.57929151,-0.9247341943,-0.005967607319,1.961352625,1.954726531,-0.1610847915,5.847239032e-09,-1.517259713e-10,0.08240784013,6.451674577e-10,0.3676352546,-86.49533998,-86.49533998,2.162731658,0.02247344027,-0.3669477141,52.02056193,39.66415973,-33.6584803,2.798407033e-11,-3.170296568e-08,0.8485867475,5.636691687e-10,
180970000,0.9321321156,177.7015118,-182.2984882,28.46901937,-0.9313821721,0.03738355757,2.022537559,1.757001049,1.001801123,-8.778736856e-10,8.8103885e-10,0.5701767356,6.098478142e-10,0.3479576922,-88.76527865,-88.76527865,2.067285629,0.007497891539,-0.3478768994,50.67334648,39.73159355,-31.45136749,2.79623722e-11,-2.766005748e-08,0.7915959235,5.073820063e-10,
192968000,0.938251296,175.1410883,-184.8589117,31.38934376,-0.9348794973,0.07947213344,2.652833727,1.595761709,2.119214796,-3.891883741e-10,1.747872758e-09,1.328027101,5.792837939e-10,0.3307580288,-90.81049744,-90.81049744,1.988455725,-0.004678697037,-0.3307249362,49.5800318,39.80301876,-29.561787,2.789999674e-11,-2.438178624e-08,0.7427021347,4.594290316e-10,
204966000,0.9428452339,172.7073751,-187.2926249,33.9927073,-0.9352183609,0.1196818804,3.50942873,1.476871925,3.183541947,-2.439089459e-10,2.472002368e-09,2.15559785,5.544335965e-10,0.3157512109,-92.69122334,-92.69122334,1.922913466,-0.01482560509,-0.3154029622,48.66954332,39.85926166,-27.92783033,2.780360491e-11,-2.168580275e-08,0.7006610049,4.267494148e-10,
216964000,0.9469369564,170.3563668,-189.6436332,36.69101552,-0.9335555531,0.1586304783,4.432458904,1.37242124,4.214635438,-1.74049363e-10,3.091665268e-09,3.070948858,5.323106933e-10,0.3027956976,-94.45438077,-94.45438077,1.868599624,-0.02351672465,-0.3018810994,47.89029987,39.88319409,-26.51059508,2.76702432e-11,-1.944696932e-08,0.6647059165,4.052930482e-10,
228962000,0.9504280678,168.1201028,-191.8798972,39.34541144,-0.9300711092,0.1956559327,5.355180708,1.284543978,5.198837099,-1.337058817e-10,3.61379016e-09,4.047223908,5.13724381e-10,0.2920217336,-96.15958804,-96.15958804,1.824945475,-0.03133338668,-0.2903358603,47.19160572,39.84182732,-25.29182567,2.748378496e-11,-1.758072988e-08,0.6348058655,3.959724931e-10,
240960000,0.9533501814,165.9387298,-194.0612702,41.87262113,-0.9247844428,0.2316253497,6.280892437,1.212248958,6.162796627,-1.071759498e-10,4.070549247e-09,5.083771438,4.980763537e-10,0.2829696539,-97.82918587,-97.82918587,1.789282226,-0.03854619173,-0.2803319748,46.5498755,39.74924943,-24.22577304,2.726449971e-11,-1.600120987e-08,0.6094649179,3.99837726e-10,
252958000,0.9561140442,163.8215964,-196.1784036,44.57266592,-0.9182507588,0.266401219,7.194394804,1.14441239,7.102790781,-8.858143071e-11,4.468901013e-09,6.206495878,4.856983789e-10,0.275434116,-99.55540114,-99.55540114,1.760273488,-0.04572239376,-0.2716126193,45.91632971,39.5840456,-23.268276,2.704005099e-11,-1.463982614e-08,0.5878195531,4.137966405e-10,
264956000,0.9583340234,161.7489638,-198.2510362,47.00079493,-0.9101235569,0.30013199,8.101643656,1.091247819,8.027814654,-7.482539808e-11,4.822183247e-09,7.356545888,4.749870752e-10,0.2687896742,-101.3915297,-101.3915297,1.735191134,-0.05308929903,-0.263494621,45.27129264,39.36402148,-22.35986919,2.686439809e-11,-1.343122522e-08,0.568028071,4.366908353e-10,
276954000,0.9609048958,159.7256493,-200.2743507,50.15730062,-0.9013712176,0.3329686874,8.9951817,1.028718758,8.936164251,-6.430745862e-11,5.135274135e-09,8.686693207,4.642477906e-10,0.2628978171,-103.3149339,-103.3149339,1.713328011,-0.06054625697,-0.2558308289,44.62394811,39.10597613,-21.49463598,2.673513585e-11,-1.235215077e-08,0.5496509256,4.562856358e-10,
288952000,0.9629060061,157.7286924,-202.2713076,52.91708446,-0.8910728574,0.3649344316,9.887109271,0.9814703852,9.838274525,-5.598549082e-11,5.418927788e-09,10.02401567,4.531153084e-10,0.2575178599,-105.3803695,-105.3803695,1.693667486,-0.06830037672,-0.2482952007,43.95691094,38.80921009,-20.64110537,2.668464785e-11,-1.13691338e-08,0.5318610021,4.70684422e-10,
300950000,0.9653089414,155.8056511,-204.1943489,56.65174311,-0.8805167277,0.3956155261,10.75269762,0.9231157363,10.71299974,-4.936449397e-11,5.665482188e-09,11.60526175,4.419662052e-10,0.2520402228,-107.4151084,-107.4151084,1.67394058,-0.07543372474,-0.2404870622,43.34553402,38.55739907,-19.80308805,2.670501742e-11,-1.047270095e-08,0.5136002046,4.786382551e-10,
312948000,0.9669892535,153.9233035,-206.0766965,59.58633057,-0.8685559696,0.4250632235,11.60894232,0.8841040046,11.57522794,-4.39357859e-11,5.886775901e-09,13.09260888,4.337465756e-10,0.2465995349,-109.5065315,-109.5065315,1.654630695,-0.08234311471,-0.232445568,42.75610157,38.31866745,-18.96744437,2.681261253e-11,-9.646211287e-09,0.4949922749,4.78686676e-10,
324946000,0.9694672552,152.0834648,-207.9165352,64.50344598,-0.8566508858,0.4538898752,12.45178314,0.8230285655,12.42455341,-3.942104649e-11,6.085408316e-09,15.09613874,4.269749364e-10,0.2412480855,-111.5887161,-111.5887161,1.635907682,-0.08876516651,-0.2243242831,42.20993808,38.10697404,-18.15316507,2.698090915e-11,-8.891218704e-09,0.4763738272,4.738473382e-10,
336944000,0.971081419,150.222421,-209.777579,68.15968653,-0.8428596955,0.4822723877,13.31361981,0.7854133292,13.29043258,-3.554047989e-11,6.277713927e-09,16.92157758,4.202704675e-10,0.2357282252,-113.6314745,-113.6314745,1.616870158,-0.09449221571,-0.2159606847,41.72233589,37.94265049,-17.35248066,2.72207969e-11,-8.196415644e-09,0.457334436,4.616852245e-10,
348942000,0.9736658097,148.4349708,-211.5650292,74.94689568,-0.8296086362,0.5096809,14.14773214,0.7204241556,14.12937768,-3.228076748e-11,6.444510265e-09,19.6125818,4.120766931e-10,0.2305515015,-115.5860335,-115.5860335,1.599264283,-0.09956733264,-0.2079431199,41.29064154,37.80462266,-16.60504694,2.746798351e-11,-7.57368073e-09,0.4392332412,4.413832598e-10,
360940000,0.9750544184,146.6712214,-213.3287786,79.17451887,-0.8146886727,0.5357363956,14.98006212,0.6880920171,14.96425041,-2.946660834e-11,6.598421961e-09,21.74745534,4.049101418e-10,0.2250577498,-117.4786116,-117.4786116,1.580837475,-0.1038455756,-0.1996674415,40.92362307,37.72221313,-15.86750017,2.778923594e-11,-6.996706062e-09,0.4206407538,4.120194003e-10,
372938000,0.9773707125,144.9596916,-215.0403084,87.38104173,-0.8002206309,0.5611599162,15.79454317,0.6292228827,15.78200471,-2.704091143e-11,6.735125037e-09,25.08173994,3.999987288e-10,0.2197060086,-119.197437,-119.197437,1.563136487,-0.1071771192,-0.19179102,40.63442317,37.68851771,-15.18986435,2.809503637e-11,-6.482423342e-09,0.4030369267,3.82444988e-10,
384936000,0.9794032712,143.2154593,-216.7845407,96.10279811,-0.7843971921,0.5864740511,16.63333401,0.5777911245,16.62329564,-2.487221562e-11,6.87303778e-09,28.770424,3.958262052e-10,0.2146679926,-120.7239086,-120.7239086,1.546693604,-0.1096742371,-0.1845370119,40.41417021,37.69141849,-14.58293957,2.835218451e-11,-6.029435847e-09,0.3869034426,3.555414054e-10,
396934000,0.9812615451,141.5243193,-218.4756807,105.7323861,-0.7682024964,0.6105236641,17.45518899,0.5304775323,17.44712631,-2.298147641e-11,6.995612355e-09,32.88947268,3.914713845e-10,0.2102135592,-122.22282,-122.22282,1.53233013,-0.1120886569,-0.1778366483,40.20293363,37.67877195,-14.02091356,2.859733212e-11,-5.621835619e-09,0.3721170525,3.257967605e-10,
408932000,0.9827403985,139.8404864,-220.1595136,114.8775308,-0.7510612484,0.6337867875,18.28246203,0.4934008676,18.27580295,-2.129573178e-11,7.112880328e-09,37.04047591,3.865621339e-10,0.205798278,-123.6443345,-123.6443345,1.518251906,-0.1140196308,-0.1713255819,40.0310479,37.69100102,-13.48603863,2.885922311e-11,-5.248720351e-09,0.3578052655,2.925361998e-10,
420930000,0.9847493054,138.1928054,-221.8071946,130.1415681,-0.7340245472,0.6564595636,19.10052255,0.4402376375,19.09544847,-1.980069297e-11,7.220048499e-09,43.37532016,3.853967907e-10,0.2018023253,-124.7732612,-124.7732612,1.505644984,-0.115093979,-0.16576355,39.92992131,37.73965934,-13.0428804,2.898923402e-11,-4.931553675e-09,0.3456014345,2.540485305e-10,
432928000,0.9863276802,136.5328658,-223.4671342,145.2809555,-0.7158461554,0.6785326629,19.93425237,0.3988461035,19.9302619,-1.844554327e-11,7.326852729e-09,49.9698047,3.871195442e-10,0.1982883844,-125.7664167,-125.7664167,1.494662621,-0.1158960269,-0.160892493,39.85260346,37.78907655,-12.65763391,2.904369892e-11,-4.65325644e-09,0.3349548352,2.188257631e-10,
444926000,0.9875290055,134.8549464,-225.1450536,159.3721338,-0.6965183894,0.7000540478,20.78716467,0.367942715,20.78390803,-1.721096155e-11,7.434633399e-09,56.48680401,3.880077584e-10,0.1956835581,-126.6483125,-126.6483125,1.486583508,-0.1168038306,-0.1569997454,39.77007028,37.80596587,-12.34372045,2.897919176e-11,-4.415485106e-09,0.3265019202,1.947418656e-10,
456924000,0.9887686216,133.1490274,-226.8509726,177.0725331,-0.6762171949,0.72138318,21.66511844,0.3353747309,21.66252249,-1.607929988e-11,7.545450742e-09,64.59199367,3.888334082e-10,0.1941218598,-127.4326575,-127.4326575,1.481764798,-0.1179928071,-0.1541460149,39.6686156,37.77734918,-12.10251845,2.878063742e-11,-4.215527385e-09,0.3203644171,1.839296902e-10,
468922000,0.9894938907,131.5051538,-228.4948462,189.3654283,-0.6557251483,0.7410281301,22.52213673,0.3176042016,22.51989721,-1.507138344e-11,7.643388366e-09,70.90553935,3.879160663e-10,0.1932068633,-128.145864,-128.145864,1.478950191,-0.1193372334,-0.1519457691,39.55701816,37.7221228,-11.90794429,2.85024852e-11,-4.04162781e-09,0.3156753492,1.826870089e-10,
480920000,0.9891320596,129.8103602,-230.1896398,183.0275089,-0.6332904265,0.7598193647,23.41771609,0.3330972977,23.41534695,-1.413340148e-11,7.749039782e-09,70.29581781,3.868656615e-10,0.1932961062,-128.9898602,-128.9898602,1.479224428,-0.1216185944,-0.1502408139,39.37385336,37.58535781,-11.73205893,2.820804952e-11,-3.882589976e-09,0.3121443991,1.990907354e-10,
492918000,0.9895178196,128.1466894,-231.8533106,189.7999989,-0.6112023303,0.7781884263,24.30879542,0.3256935461,24.30661347,-1.328375935e-11,7.848197232e-09,74.63031969,3.874493541e-10,0.1944759299,-129.8150929,-129.8150929,1.482855664,-0.1245252832,-0.1493798553,39.14512654,37.38442989,-11.60798577,2.781560989e-11,-3.748023637e-09,0.3105032178,2.336964909e-10,
504916000,0.989970288,126.473354,-233.526646,198.4075205,-0.5884867295,0.7960681757,25.21783447,0.3161028883,25.21585323,-1.250049845e-11,7.948307612e-09,79.77103077,3.882284989e-10,0.1965874223,-130.8976862,-130.8976862,1.489380992,-0.1287078082,-0.1485964829,38.81922051,37.08747012,-11.46522746,2.749275889e-11,-3.613962767e-09,0.3091401874,2.824191797e-10,
516914000,0.9902562067,124.8061457,-235.1938543,204.2588705,-0.5652398697,0.8130874766,26.13701468,0.3116699153,26.13515636,-1.178085293e-11,8.046869157e-09,83.8552426,3.903179491e-10,0.1993138337,-132.2389539,-132.2389539,1.497857568,-0.1339835599,-0.1475615464,38.41120247,36.71633573,-11.28411121,2.728566101e-11,-3.474315026e-09,0.307332172,3.458931076e-10,
528912000,0.9901791534,123.0962942,-236.9037058,202.6484305,-0.5406851255,0.8295265824,27.09443368,0.3191763763,27.09255364,-1.110674419e-11,8.152422016e-09,84.88270329,3.911174513e-10,0.2024645063,-133.8771673,-133.8771673,1.507725381,-0.1403311111,-0.1459419595,37.92381901,36.28060189,-11.0423718,2.725049184e-11,-3.322760792e-09,0.3043602153,4.061935943e-10,
540910000,0.9904336789,121.4057568,-238.5942432,208.0667859,-0.5161104242,0.8453336042,28.0563157,0.3159640217,28.05453649,-1.048798418e-11,8.254641545e-09,88.79028802,3.924260355e-10,0.2056541279,-135.7953983,-135.7953983,1.517794918,-0.1474241102,-0.143386722,37.38272894,35.8116974,-10.72337411,2.743870835e-11,-3.155197715e-09,0.2994377505,4.5924298e-10,
552908000,0.9905637369,119.7268195,-240.2731805,210.9483092,-0.4911860964,0.8602050544,29.02752058,0.3169043496,29.02579064,-9.917065905e-12,8.355093538e-09,91.59164485,3.938302775e-10,0.2086228372,-137.8917833,-137.8917833,1.527239973,-0.1547730456,-0.1398885004,36.82572302,35.34469056,-10.33860362,2.784231696e-11,-2.975974068e-09,0.292507968,4.984206099e-10,
564906000,0.9903795192,118.0158934,-241.9841066,206.8898184,-0.4651975688,0.8743242042,30.03443901,0.3288695475,30.03263843,-9.381028525e-12,8.46130659e-09,91.32082513,3.951290306e-10,0.2109792757,-140.1496409,-140.1496409,1.534787666,-0.1619731391,-0.1351922963,36.28198666,34.91109603,-9.879166454,2.851830052e-11,-2.783327093e-09,0.2829807017,5.216225638e-10,
576904000,0.9901116654,116.2859097,-243.7140903,201.2585288,-0.4384716551,0.8877295296,31.07112002,0.3443659224,31.06921163,-8.879455767e-12,8.571302346e-09,90.22150454,3.968288815e-10,0.2129312114,-142.4641368,-142.4641368,1.541073956,-0.1688485189,-0.1297300214,35.76515817,34.51319378,-9.380084979,2.941100118e-11,-2.58775618e-09,0.2717825838,5.282321458e-10,
588902000,0.9894188308,114.5928471,-245.4071529,188.0150284,-0.4117637427,0.8996667399,32.10475126,0.3755673371,32.10255446,-8.418554174e-12,8.675943074e-09,85.47749309,3.965826206e-10,0.2141731184,-144.7743911,-144.7743911,1.545089824,-0.1749552737,-0.1235345169,35.30639877,34.17907607,-8.85056796,3.053556507e-11,-2.391928776e-09,0.2589469634,5.203264219e-10,
600900000,0.9880404114,112.8682674,-247.1317326,166.2298324,-0.3839660424,0.9103812019,33.17810059,0.433214183,33.17527218,-7.983685729e-12,8.786834009e-09,76.57937685,3.950804622e-10,0.2151039243,-146.987321,-146.987321,1.548108039,-0.1803754008,-0.1171939121,34.90032789,33.89184101,-8.329225631,3.179898814e-11,-2.206086589e-09,0.2457590199,5.06035563e-10,
612898000,0.9878151957,111.1599576,-248.8400424,163.1388699,-0.356574523,0.9212130429,34.2624524,0.4503865462,34.25949207,-7.579682387e-12,8.896370212e-09,76.06686381,3.945936555e-10,0.21588949,-149.1252264,-149.1252264,1.550660876,-0.1852959904,-0.110786587,34.53289394,33.63645068,-7.817285298,3.321819004e-11,-2.029961913e-09,0.2324051777,4.830208704e-10,
624896000,0.9882825821,109.4700387,-250.5299613,169.6860697,-0.329408307,0.9317685493,35.35703346,0.4419914473,35.35427073,-7.203946911e-12,9.004389443e-09,79.98858562,3.992657591e-10,0.2165900158,-151.2172656,-151.2172656,1.552941679,-0.189830712,-0.1042858367,34.19536832,33.40484479,-7.310236603,3.484022519e-11,-1.861846276e-09,0.2188376162,4.608742944e-10,
636894000,0.9869258117,107.770159,-252.229841,151.9731673,-0.3012091385,0.9398380779,36.48163831,0.5041342678,36.47815487,-6.850465938e-12,9.115612115e-09,72.35801491,4.039984172e-10,0.216975817,-153.0909307,-153.0909307,1.55419953,-0.1934829563,-0.09819801814,33.92327019,33.22496441,-6.847627376,3.649327624e-11,-1.711169748e-09,0.2060988626,4.362516355e-10,
648892000,0.9861321114,105.9404636,-254.0595364,143.2180611,-0.2708297006,0.9482129584,37.71953976,0.5477762247,37.71556206,-6.503200255e-12,9.250565784e-09,68.85213405,4.099106035e-10,0.2176692166,-154.9576944,-154.9576944,1.556463382,-0.1972073287,-0.09213662342,33.64831673,33.03591747,-6.390412817,3.838122196e-11,-1.567388392e-09,0.1934383334,4.091445597e-10,
660890000,0.9851442689,104.1998337,-255.8001663,133.628177,-0.2416603941,0.9550442316,38.92519238,0.6009130481,38.92055376,-6.187453388e-12,9.372813205e-09,64.76902754,4.150320649e-10,0.21865496,-156.6764768,-156.6764768,1.559688611,-0.2007873316,-0.086570428,33.38670217,32.84807816,-5.972909104,4.031856304e-11,-1.438390668e-09,0.181834355,3.852738628e-10,
672888000,0.9834288675,102.402608,-257.597392,119.6918117,-0.2112206396,0.9604780991,40.20042212,0.6877306959,40.19453899,-5.88450988e-12,9.50701984e-09,58.44517227,4.159637562e-10,0.2199783939,-158.2605421,-158.2605421,1.56403154,-0.2043330285,-0.08147703507,33.1305214,32.65520153,-5.591892437,4.229787402e-11,-1.322623264e-09,0.1712404816,3.544007648e-10,
684886000,0.9814687334,100.5758883,-259.4241117,106.9257044,-0.1801365021,0.964796204,41.52995476,0.7901500728,41.52243737,-5.596532166e-12,9.649052771e-09,52.5500646,4.215422305e-10,0.2214845498,-159.7600353,-159.7600353,1.568992047,-0.2078083094,-0.07662318436,32.8815391,32.46271446,-5.231422672,4.442035578e-11,-1.215686666e-09,0.1611517324,3.216197309e-10,
696884000,0.9790389429,98.76911666,-261.2308833,94.41503509,-0.1492575642,0.9675946627,42.88006463,0.9189666191,42.87021627,-5.327260863e-12,9.790735375e-09,46.65046083,4.280857881e-10,0.2237104228,-161.0696958,-161.0696958,1.576358177,-0.2116107994,-0.07257563521,32.61386003,32.23967661,-4.926166697,4.636075866e-11,-1.125042016e-09,0.1527982664,2.916037369e-10,
708882000,0.9759435524,96.91278481,-263.0872152,82.13779453,-0.1174629622,0.9688489407,44.30575451,1.086549375,44.2924293,-5.068934533e-12,9.944333562e-09,40.76430426,4.362528364e-10,0.2268482588,-162.2177283,-162.2177283,1.586814326,-0.2160103416,-0.06927961359,32.30936832,31.97007529,-4.67007142,4.807537278e-11,-1.048503067e-09,0.1460763347,2.70966028e-10,
720880000,0.9727399204,94.98904789,-265.0109521,72.36735733,-0.08459463664,0.9690545393,45.82688404,1.271077253,45.80925303,-4.819521752e-12,1.011370694e-08,36.03970798,4.433517707e-10,0.2317045956,-163.3292866,-163.3292866,1.603165382,-0.2219658784,-0.06646930452,31.90414753,31.59392081,-4.438332743,4.974360964e-11,-9.798892953e-10,0.1404805934,2.663237387e-10,
732878000,0.9696982443,93.04443198,-266.955568,65.00277629,-0.05150102479,0.9683296595,47.412591,1.46050081,47.39009098,-4.58248344e-12,1.029143627e-08,32.44783615,4.480909363e-10,0.237836827,-164.4821307,-164.4821307,1.624109995,-0.2291669755,-0.06363060283,31.42048936,31.13847292,-4.200316188,5.170189515e-11,-9.121587547e-10,0.1348915279,2.749253421e-10,
744876000,0.9658981187,91.12849089,-268.8715091,57.64779078,-0.01902298509,0.9657107754,49.02535944,1.700676034,48.99585257,-4.36090706e-12,1.046876544e-08,28.8096331,4.518369469e-10,0.2454268632,-165.6891287,-165.6891287,1.65050517,-0.237810985,-0.0606653164,30.84812078,30.59419184,-3.949934366,5.409364804e-11,-8.439680956e-10,0.1291073282,2.99261978e-10,
756874000,0.9599666832,89.16591221,-270.8340878,48.9583886,0.01397429649,0.9598649654,50.73261278,2.071833748,50.69029004,-4.1483154e-12,1.065911925e-08,24.46638882,4.585331895e-10,0.2545823784,-166.9752049,-166.9752049,1.683059726,-0.248032642,-0.05737591734,30.18179887,29.95711803,-3.675875807,5.720522724e-11,-7.729606313e-10,0.1227045874,3.399038375e-10,
768872000,0.9546904435,87.17025634,-272.8297437,43.14079838,0.04713141396,0.9535263356,52.52967704,2.43692411,52.47312046,-3.944838196e-12,1.086182941e-08,21.53252136,4.685513033e-10,0.2660252383,-168.5457308,-168.5457308,1.724889335,-0.2607269516,-0.05282881904,29.36830955,29.18028378,-3.317927707,6.238772758e-11,-6.868042994e-10,0.1137044359,4.044602668e-10,
780870000,0.9486472529,85.12088309,-274.8791169,37.94630988,0.08068602615,0.9452096993,54.44352112,2.877910883,54.36740403,-3.748890859e-12,1.108102641e-08,18.89127434,4.767648463e-10,0.2792719041,-170.3945288,-170.3945288,1.774971604,-0.2753565421,-0.04660011948,28.44914396,28.3049019,-2.861174631,7.123559036e-11,-5.831573573e-10,0.1010840681,4.970700759e-10,
792868000,0.942829383,83.03198409,-276.9680159,33.98300536,0.1143795896,0.9358656714,56.47091214,3.345226208,56.37174274,-3.560883622e-12,1.131568118e-08,16.85139935,4.841457743e-10,0.2946798177,-172.7143524,-172.7143524,1.835591622,-0.2923006438,-0.03737015643,27.40806547,27.31672032,-2.235809405,8.978100506e-11,-4.48801211e-10,0.08184765148,5.999645968e-10,
804866000,0.9353371663,80.938644,-279.061356,29.92966832,0.1473081726,0.9236643962,58.58488746,3.959665723,58.45092032,-3.383024914e-12,1.155813874e-08,14.76157949,4.938934997e-10,0.310869338,-175.6258183,-175.6258183,1.902207245,-0.3099638445,-0.0237099217,26.34921235,26.31298476,-1.38124033,1.431618491e-10,-2.731277332e-10,0.05249272718,6.992544564e-10,
816864000,0.9276222291,78.80557008,-281.1944299,26.63279352,0.1800876386,0.9099733195,60.83040366,4.649612812,60.65244521,-3.212344106e-12,1.181731165e-08,13.04462278,5.096405835e-10,0.3272866675,-178.8871615,-178.8871615,1.97303458,-0.3272249365,-0.0063563898,25.34601921,25.34345056,-0.3608373588,5.399566319e-10,-7.030429705e-11,0.01423789385,7.850550691e-10,
828862000,0.9187591671,76.56776852,-283.4322315,23.61816219,0.2134232503,0.8936268368,63.29197192,5.499353796,63.05260357,-3.045333627e-12,1.210712222e-08,11.46545683,5.321922453e-10,0.3447614367,177.5904968,-182.4095032,2.052323401,-0.3444566231,0.01449424322,24.38403296,24.37084781,0.8017731019,-2.394894684e-10,1.539534354e-10,0.03289885965,8.674470088e-10,
840860000,0.9076790204,74.21101994,-285.7889801,20.66354828,0.2469750815,0.8734326036,66.0079676,6.621350678,65.67502951,-2.882014501e-12,1.243073233e-08,9.918675616,5.580224613e-10,0.3630865834,173.7231267,-186.2768733,2.140144246,-0.3609099401,0.03969738244,23.51549953,23.41777883,2.14157716,-8.838177346e-11,4.053499881e-10,0.09145090895,9.595404169e-10,
852858000,0.8945849678,71.74248247,-288.2575175,17.97262618,0.2802631019,0.8495497974,68.99732625,8.05471906,68.52556114,-2.723270637e-12,1.278780499e-08,8.50750481,5.821036247e-10,0.3827027533,169.335305,-190.664695,2.239930213,-0.3760923346,0.07082339463,22.78497568,22.47755961,3.730205217,-5.002771636e-11,6.961072055e-10,0.1659524113,1.080698472e-09,
864856000,0.8761111793,69.16693682,-290.8330632,15.14350665,0.3115857476,0.818831558,72.26825931,10.1550744,71.55121081,-2.571931168e-12,1.316719649e-08,7.04585786,5.856560013e-10,0.4033306969,164.5178157,-195.4821843,2.351940496,-0.3886952386,0.1076645835,22.28193414,21.57978887,5.549531632,-3.31604181e-11,1.021251389e-09,0.2571633886,1.280610901e-09,
876854000,0.8496570817,66.51846735,-293.4815326,12.30292123,0.3385488082,0.7792957468,75.76451063,13.3076973,74.58663596,-2.433502655e-12,1.353797987e-08,5.604774009,5.003728552e-10,0.4271623583,158.8539558,-201.1460442,2.491390674,-0.3983989246,0.1540972978,22.07119296,20.65241645,7.785579829,-2.331319961e-11,1.413135499e-09,0.3769815434,1.659022529e-09,
888852000,0.8086831104,64.17496623,-295.8250338,9.453860108,0.3522821164,0.7279187342,78.80710719,18.22362112,76.67111436,-2.335387236e-12,1.372847993e-08,4.207238169,9.601346548e-11,0.4515973614,151.3072161,-208.6927839,2.646955465,-0.3961442032,0.2168177739,22.70543691,19.9390949,10.86137007,-1.648564966e-11,1.944801537e-09,0.5447273373,2.338580536e-09,
900850000,0.7480288968,63.43221543,-296.5677846,6.93741812,0.3345606106,0.669041425,79.10315735,24.73269901,75.13722847,-2.351324003e-12,1.327464208e-08,3.037971248,-3.39564386e-10,0.4684492379,140.1116907,-219.8883093,2.762575736,-0.3594392347,0.3004132571,25.4090063,20.13480849,15.49861569,-1.13992096e-11,2.738170948e-09,0.7697423939,2.534473787e-09,
912848000,0.7109009074,68.63651757,-291.3634824,5.91804316,0.2589693286,0.6620536134,71.57254872,25.04553072,67.04737968,-2.600398182e-12,1.168970288e-08,2.677019722,-2.605018677e-10,0.4251400562,123.3840276,-236.6159724,2.479108297,-0.2339324604,0.3549924948,32.87903996,24.8468842,21.53284966,-8.09692572e-12,3.754249844e-09,0.8666217252,9.740028255e-10,
924846000,0.8086761643,71.62105999,-288.37894,9.453480575,0.2549757895,0.7674271858,68.76626002,15.12417743,67.08246994,-2.565320693e-12,1.154409133e-08,4.435445846,2.529583655e-10,0.2755988391,118.0800403,-241.9199597,1.760901153,-0.1297256284,0.2431583465,39.09690348,34.59791613,18.20857108,-9.450936459e-12,3.133477459e-09,0.5262909768,-8.649687118e-10,
936844000,0.8744296263,65.70644648,-294.2935535,14.92732379,0.3597506769,0.7969985081,77.08550949,11.26050207,76.25861831,-2.227737009e-12,1.295513026e-08,6.772221865,9.580004009e-10,0.2441223731,141.2880866,-218.7119134,1.64593094,-0.1904887818,0.1526753322,34.31745445,32.63993124,10.59823423,-1.602947648e-11,1.800471973e-09,0.3247014875,-1.940598646e-09,
948842000,0.873956329,59.43426093,-300.5657391,14.86751626,0.444430067,0.7525168307,87.06062141,13.49809482,86.00786729,-1.950239968e-12,1.442661394e-08,6.371852357,1.319139268e-09,0.3026327986,149.8398715,-210.1601285,1.867929544,-0.261663774,0.1520482823,29.6598171,28.12574849,9.415254766,-1.781534165e-11,1.579276989e-09,0.3347557051,-1.501662973e-09,
960840000,0.8477890292,54.04055724,-305.9594428,12.13965734,0.4978322614,0.6862282984,96.87553161,19.44826954,94.90328464,-1.745371231e-12,1.571991889e-08,4.879780406,1.248101873e-09,0.358999913,149.4140567,-210.5859433,2.120124382,-0.3090511374,0.1826700084,27.03597349,24.93209598,10.45631161,-1.584128983e-11,1.73199875e-09,0.4193915994,1.91470687e-11,
972838000,0.8087585663,48.96534531,-311.0346547,9.457984767,0.5309624426,0.6100568032,107.081525,29.20716944,103.0213291,-1.588007162e-12,1.685414609e-08,3.527261667,1.162541751e-09,0.4077030044,146.4475695,-213.5524305,2.376684358,-0.3397716946,0.2253373812,25.67454759,22.5862502,12.20834535,-1.340055543e-11,1.997268311e-09,0.5405211241,7.038197046e-10,
984836000,0.7585141978,43.98639701,-316.013603,7.282060402,0.5457545332,0.52677868,117.3872734,43.88442918,108.8757496,-1.48431152e-12,1.759492314e-08,2.480965381,1.096096733e-09,0.4541134811,142.5707298,-217.4292702,2.663765143,-0.3606134373,0.2760018161,25.08108213,20.59152308,14.31956207,-1.128564746e-11,2.314120409e-09,0.6954105346,9.617580121e-10,
996834000,0.6979312989,39.35462437,-320.6453756,5.621010361,0.5396656118,0.44257104,125.4365811,62.88879216,108.5326481,-1.471082028e-12,1.732836904e-08,1.725786811,9.988050164e-10,0.499860724,138.061563,-221.938437,2.998886103,-0.3718280786,0.3340727816,25.1955058,18.81446945,16.75796084,-9.527437705e-12,2.675583201e-09,0.8906953707,1.132087405e-09,
1008832000,0.6278301495,35.17417422,-324.8258258,4.373890436,0.5131912769,0.3616703056,128.2709948,82.36117927,98.33658661,-1.604302103e-12,1.551373652e-08,1.193967686,8.409894351e-10,0.5478818253,132.8365492,-227.1634508,3.423622212,-0.3725099017,0.4017597137,26.05011979,17.10902251,19.64408536,-8.030997106e-12,3.099082194e-09,1.14817111,1.306114197e-09,
1020830000,0.5508549723,31.80086405,-328.1991359,3.452904689,0.4681632383,0.2902832803,123.5010327,94.86936291,79.07154396,-1.971725659e-12,1.232783821e-08,0.8334781803,5.573300791e-10,0.5971439843,126.8656474,-233.1343526,3.964552898,-0.3582509526,0.4777417639,27.78295761,15.51841172,23.04499145,-6.76534823e-12,3.592884518e-09,1.485009668,1.503108754e-09,
1032828000,0.4681016929,29.60093293,-330.3990671,2.76011725,0.4070082836,0.2312216512,112.0135765,96.38061465,57.07730224,-2.699781957e-12,8.795399417e-09,0.5922072861,4.067424444e-11,0.6462271562,119.961323,-240.038677,4.653345176,-0.3227357181,0.5598671214,30.588583,14.11458082,27.13742837,-5.678366742e-12,4.181776508e-09,1.922652094,1.687528579e-09,
1044826000,0.3814751591,30.1049217,-329.8950783,2.233499882,0.3300173408,0.1913422374,96.42423423,88.00172401,39.4123016,-3.864954297e-12,6.003547594e-09,0.4478582897,-9.109537865e-10,0.6887691085,112.0374382,-247.9625618,5.426097327,-0.2584346785,0.6384468668,34.67222236,13.19752026,32.06225916,-4.750967288e-12,4.883939558e-09,2.429415415,1.851568937e-09,
1056824000,0.3020779797,35.14372814,-324.8562719,1.86564966,0.2470123766,0.1738849953,81.46160191,76.0807766,29.11542576,-5.172426392e-12,4.384707321e-09,0.3826909643,-2.378521721e-09,0.7225083085,103.8061116,-256.1938884,6.207423,-0.1724172474,0.7016341986,39.70425977,12.80180625,37.58379971,-4.006976352e-12,5.660022391e-09,2.935820069,1.980704418e-09,
1068822000,0.238745971,48.7027888,-311.2972112,1.627243895,0.1575640087,0.1793689545,67.99905607,63.55549493,24.17789673,-6.158801812e-12,3.600255027e-09,0.3804218149,-3.56402818e-09,0.7472420483,94.95602973,-265.0439703,6.912708527,-0.06455514586,0.7444483272,46.01572203,13.08546079,44.11595391,-3.375352021e-12,6.569168799e-09,3.371371833,2.039944582e-09,
1080820000,0.2266630729,71.66950587,-288.3304941,1.586194878,0.07128501909,0.2151617872,57.30951875,52.19066204,23.67521353,-6.219748937e-12,3.486267151e-09,0.4536293008,-3.760177814e-09,0.7554490136,85.72594232,-274.2740577,7.178253662,0.05630151087,0.7533480948,53.72270687,14.72110047,51.66641496,-2.850089063e-12,7.608080284e-09,3.509684284,2.001964373e-09,
1092818000,0.2765032644,88.81221103,-271.187789,1.764352487,0.005731731163,0.2764438505,50.53532969,43.35934753,25.95739835,-5.610623546e-12,3.780362564e-09,0.5986574942,-2.878012259e-09,0.7429723779,77.02206369,-282.9779363,6.781264845,0.1668536335,0.7239943503,62.20579045,18.38593913,59.42657325,-2.4507082e-12,8.654719161e-09,3.232175023,1.887642889e-09,
1104816000,0.3472839549,96.29532116,-263.7046788,2.064119559,-0.03808077709,0.3451898025,46.70977522,36.74037388,28.84350928,-4.994385698e-12,4.155069331e-09,0.785063031,-1.407703414e-09,0.7255243577,69.53787122,-290.4621288,6.286621075,0.2536347438,0.6797462838,70.63123822,23.23652838,66.69959191,-2.159767491e-12,9.608450416e-09,2.870462869,1.763454581e-09,
1116814000,0.4305938858,98.54458509,-261.4554149,2.512431549,-0.06397719844,0.4258145283,44.86508552,31.01150864,32.42163215,-4.395460769e-12,4.620342348e-09,1.045470974,-2.723029899e-10,0.712313067,62.28377439,-297.7162256,5.952001537,0.3312916517,0.6305836558,80.13431719,29.15519915,74.64236836,-1.909210751e-12,1.063713554e-08,2.560173504,1.697442596e-09,
1128812000,0.5115387993,97.20464484,-262.7953552,3.09449102,-0.06415395389,0.5074999639,45.14924222,26.55894818,36.51131803,-3.861633053e-12,5.147851673e-09,1.37472756,3.671333625e-10,0.6968579367,55.01081645,-304.9891835,5.597566758,0.3995935215,0.5709080499,91.22160322,37.46875549,83.17134877,-1.695214934e-12,1.172660397e-08,2.219752102,1.694021443e-09,
1140810000,0.5838585498,94.23831348,-265.7616865,3.806058131,-0.04315011358,0.5822618603,46.8791751,23.09113421,40.79775213,-3.419562747e-12,5.691713711e-09,1.766814561,7.078510938e-10,0.6773029968,47.62694178,-312.3730582,5.197764405,0.4564717917,0.500372714,104.2277199,49.58454097,91.67764666,-1.521750158e-12,1.278999188e-08,1.84891591,1.687682994e-09,
1152808000,0.644157687,90.51969802,-269.480302,4.620467064,-0.005842714541,0.6441311888,49.58876067,20.50507515,45.15071514,-3.057725651e-12,6.233439999e-09,2.201928781,8.354785401e-10,0.6539173782,40.28152284,-319.7184772,4.778966854,0.4988584437,0.4227862233,118.7615231,66.57408457,98.34729597,-1.403785417e-12,1.357768015e-08,1.477260958,1.652129068e-09,
1164806000,0.6906409801,86.60002314,-273.3999769,5.464980399,0.04095913354,0.6894253497,52.85451564,18.74516243,49.41880926,-2.764867068e-12,6.75241008e-09,2.636350015,8.377760741e-10,0.6237906735,33.20054418,-326.7994558,4.31618931,0.5219625305,0.3415697895,132.7442369,88.48542106,98.95131478,-1.380845101e-12,1.352035521e-08,1.11827817,1.565908949e-09,
1176804000,0.7245334835,82.98046126,-277.0195387,6.26041054,0.08854365007,0.7191027679,56.18647091,17.62240565,53.35138548,-2.53495523e-12,7.215421362e-09,3.027474598,7.750010748e-10,0.588071591,26.54397506,-333.4560249,3.855212596,0.5260839272,0.2628001097,142.8800476,111.3823883,89.49118161,-1.511248049e-12,1.210308931e-08,0.8034589939,1.431950055e-09,
1188802000,0.7540890831,79.91498465,-280.0850153,7.133026484,0.1320479674,0.7424376604,59.26387968,16.53245167,56.91120695,-2.352408871e-12,7.619182929e-09,3.442393669,7.077468462e-10,0.5506125059,20.67771964,-339.3222804,3.450502131,0.5151428271,0.1944273628,146.2101644,127.6759419,71.2479195,-1.87905035e-12,9.538559469e-09,0.5580371559,1.276897818e-09,
1200800000,0.7836899273,77.12498405,-282.8750159,8.245986446,0.1746257444,0.7639867483,62.29389781,15.25118512,60.39810474,-2.194452281e-12,8.005210629e-09,3.960223698,6.652813769e-10,0.515164003,15.61796893,-344.3820311,3.125106247,0.4961432112,0.1386934171,143.7587864,134.4902604,50.7834472,-2.609920477e-12,6.730876624e-09,0.3775994414,1.128978591e-09,
1212798000,0.810901583,74.24297776,-285.7570222,9.576503133,0.2202071426,0.7804294918,65.64455284,14.06726537,64.11957082,-2.046638091e-12,8.414382812e-09,4.55806933,6.536946169e-10,0.4829662436,11.08715121,-348.9128488,2.868219387,0.4739520714,0.09287532784,138.2366401,134.3503702,32.54760666,-4.031926445e-12,4.271207972e-09,0.2422591514,1.008935035e-09,
1224796000,0.8314683219,71.44878198,-288.551218,10.86720516,0.2645335239,0.7882649205,69.10862871,13.27831571,67.82100629,-1.915985169e-12,8.812935703e-09,5.107651286,6.516565548e-10,0.4526883964,6.957386022,-353.042614,2.654225466,0.4493550335,0.05483464313,131.0511817,129.8219808,17.90713571,-7.256550923e-12,2.326925599e-09,0.1379360845,8.987349419e-10,
1236794000,0.8505069368,68.63563526,-291.3643647,12.37854718,0.3098376709,0.7920622874,72.85119968,12.53244913,71.76513787,-1.79311952e-12,9.234986937e-09,5.726345832,6.500028823e-10,0.4250592826,3.218646506,-356.7813535,2.478619516,0.4243887705,0.02386556445,123.6395099,123.4302361,7.190635388,-1.789598035e-11,9.253159103e-10,0.05825667693,7.873709336e-10,
1248792000,0.8634915843,65.85521968,-294.1447803,13.65111136,0.3532058564,0.7879488176,76.80367832,12.23926166,75.82219647,-1.680868206e-12,9.663320524e-09,6.194997587,6.420069872e-10,0.3988866907,0.1427819878,-359.857218,2.327159737,0.3988854521,0.0009940309063,116.3575143,116.3571892,0.2750959665,-4.632823993e-10,3.506018848e-11,0.002364236954,6.678385945e-10,
1260790000,0.8741428906,63.00203666,-296.9979633,14.89103714,0.3968248815,0.7788811248,81.17247986,12.1525004,80.25763653,-1.572863412e-12,1.013126657e-08,6.604207685,6.235657631e-10,0.3749264911,-2.509924401,-362.5099244,2.199623678,0.3745668058,-0.01641894411,109.8591687,109.7790636,-4.194538344,3.009492098e-11,-5.294946117e-10,0.03820890985,5.484905828e-10,
1272788000,0.8823975008,60.40054159,-299.5994584,16.0064413,0.4358458163,0.7672442726,85.47343153,12.20456614,84.59761263,-1.478107267e-12,1.057845315e-08,6.931636213,6.00757534e-10,0.3534314749,-4.601237947,-364.6012379,2.093252954,0.3522924166,-0.02835243583,104.3137086,104.0953927,-6.74529656,1.853800569e-11,-8.434611971e-10,0.06479918453,4.38894617e-10,
1284786000,0.8895798309,57.89619866,-302.1038013,17.11263302,0.4727714546,0.7535512108,89.94206242,12.33420512,89.09232277,-1.390429759e-12,1.103645554e-08,7.223191272,5.812353378e-10,0.3350973402,-6.254765549,-366.2547655,2.007959091,0.3331025995,-0.03650870598,99.8360884,99.50006345,-8.184248216,1.513597995e-11,-1.013836981e-09,0.08225369846,3.308457239e-10,
1296784000,0.893344348,55.43393867,-304.5660613,17.75193637,0.5068443363,0.7356445765,94.66655556,12.87239902,93.78730237,-1.308604604e-12,1.151056211e-08,7.285922556,5.71906094e-10,0.319799347,-7.463341144,-367.4633411,1.94030885,0.3170900617,-0.0415393197,96.30215087,95.8924035,-8.874188018,1.383005357e-11,-1.089133494e-09,0.09254318063,2.314394999e-10,
1308782000,0.898038487,52.93274727,-307.0672527,18.61524443,0.5412945229,0.7165705573,99.8881422,13.36725601,98.98968339,-1.22846527e-12,1.203767887e-08,7.405385469,5.694537604e-10,0.3075361362,-8.223949395,-368.2239494,1.888237357,0.3043735964,-0.04399078191,93.62161148,93.18271157,-9.054744624,1.343001854e-11,-1.101105734e-09,0.09717193749,1.482131482e-10,
1320780000,0.8989991744,50.53115451,-309.4688455,18.80181833,0.5714565173,0.6940006948,105.3073155,14.41487915,104.3160675,-1.155150155e-12,1.257016141e-08,7.236693868,5.641551252e-10,0.299439706,-8.614906041,-368.614906,1.854857772,0.2960612609,-0.04485384395,91.92650523,91.4833889,-9.01509392,1.336655199e-11,-1.086325323e-09,0.09854350641,9.813096498e-11,
1332778000,0.900166586,48.04943955,-311.9505604,19.03337279,0.6017515602,0.6694736308,111.4309435,15.63127305,110.329137,-1.082360901e-12,1.317505805e-08,7.058231062,5.535553146e-10,0.294838093,-8.879853534,-368.8798535,1.836228078,0.2913042239,-0.04551208906,90.97343696,90.52472556,-9.024427745,1.32325226e-11,-1.077660559e-09,0.09969019723,9.682185664e-11,
1344776000,0.9021373607,45.69187279,-314.3081272,19.43680831,0.6301580997,0.6455637745,117.8313948,16.81447194,116.6255166,-1.014790987e-12,1.38026909e-08,6.936020176,5.446432805e-10,0.2949484592,-9.254664646,-369.2546646,1.83667205,0.2911091967,-0.0474344724,90.92356317,90.43665352,-9.397129338,1.259432736e-11,-1.112155173e-09,0.1039084151,1.519225011e-10,
1356774000,0.9031752633,43.39758614,-316.6024139,19.65587854,0.6562504133,0.6205327963,124.6631521,18.30935891,123.3112683,-9.512832604e-13,1.446489827e-08,6.734876349,5.350648305e-10,0.2984581099,-9.995073637,-369.9950736,1.85086326,0.2939283156,-0.05180143476,91.45627568,90.87044053,-10.33505676,1.13501017e-11,-1.212342933e-09,0.1137339788,2.611057804e-10,
1368772000,0.9039324897,41.09474708,-318.9052529,19.81869295,0.6812249093,0.5941603899,132.2259254,20.11529932,130.6869162,-8.897272844e-13,1.519571464e-08,6.496891454,5.325963522e-10,0.3055275407,-11.33827509,-371.3382751,1.879883821,0.2995647254,-0.06006707408,92.52779569,91.72608097,-12.15397241,9.566889831e-12,-1.413211833e-09,0.1325029074,4.178571648e-10,
1380770000,0.9043327923,38.7925283,-321.2074717,19.90580511,0.7048547675,0.5665664621,140.6103451,22.32032733,138.8274906,-8.302775891e-13,1.600199987e-08,6.219778436,5.353654034e-10,0.3149373531,-13.47699319,-373.4769932,1.919441031,0.3062651061,-0.0733976918,93.77241222,92.55158825,-15.082069,7.642542555e-12,-1.738440026e-09,0.1629585109,5.985007641e-10,
1392768000,0.9055071319,36.49223784,-323.5077622,20.16561854,0.7279710828,0.5385176586,149.9971687,24.73301362,147.9440051,-7.724030501e-13,1.690591664e-08,5.981640869,5.386927309e-10,0.3242496398,-16.53791535,-376.5379153,1.959672858,0.310835944,-0.09229758834,94.49510328,92.54655761,-19.09081499,5.985726687e-12,-2.181553262e-09,0.2062833614,7.779692239e-10,
1404766000,0.9065164132,34.13687536,-325.8631246,20.39412992,0.7503230351,0.508711461,160.827182,27.75048225,158.41494,-7.151876513e-13,1.794784381e-08,5.70854728,5.414624869e-10,0.3327869588,-20.32071541,-380.3207154,1.997543328,0.3120754426,-0.1155684995,94.41099905,91.3748097,-23.75038723,4.770297333e-12,-2.690833582e-09,0.2599226998,9.272019249e-10,
1416764000,0.9067590233,31.78874986,-328.2112501,20.44979677,0.7707416747,0.477670595,173.0752688,31.66547479,170.1538903,-6.602079289e-13,1.911456864e-08,5.373482993,5.391866656e-10,0.3387434121,-24.71774853,-384.7177485,2.024544536,0.3077072973,-0.1416450437,93.07186824,88.64362851,-28.36687827,3.960144871e-12,-3.186648515e-09,0.3200103465,1.026010648e-09,
1428762000,0.9069985217,29.45063184,-330.5493682,20.5050345,0.7897958672,0.4459470894,187.0684057,36.48433179,183.4761073,-6.07128644e-13,2.043806416e-08,5.028901404,5.293066956e-10,0.3407739025,-29.41130025,-389.4113002,2.033860473,0.2968539311,-0.1673457386,90.45604427,84.59427811,-32.032859,3.47747918e-12,-3.568255491e-09,0.3786646061,1.07249626e-09,
1440760000,0.9069806417,27.1908687,-332.8091313,20.50090085,0.8067494947,0.4144504037,202.6801566,42.41355347,198.1926748,-5.573665356e-13,2.189354499e-08,4.672861823,5.158026489e-10,0.3390829938,-34.15075928,-394.1507593,2.026098559,0.2806126516,-0.1903518228,86.99125839,79.91147353,-34.3749245,3.213562391e-12,-3.797259191e-09,0.4301625659,1.063903445e-09,
1452758000,0.9061097684,25.00469682,-334.9953032,20.30147052,0.8211829449,0.383005853,220.1388788,50.0828529,214.3661209,-5.110586069e-13,2.348459122e-08,4.280229829,5.039423393e-10,0.3350421316,-38.76626826,-398.7662683,2.007709353,0.261234605,-0.2097849164,83.24257686,75.2603275,-35.56978643,3.079963702e-12,-3.896799973e-09,0.4726233278,1.011563645e-09,
1464756000,0.9049088105,22.87223704,-337.127763,20.03244277,0.8337593141,0.3517177299,239.9819112,59.84487119,232.4003208,-4.675393005e-13,2.525175513e-08,3.88337908,4.995271039e-10,0.3281955153,-43.01674888,-403.0167489,1.977056637,0.2399615644,-0.2238989591,79.51306341,71.0658729,-35.66467385,3.046608077e-12,-3.875190911e-09,0.5018537365,9.350544962e-10,
1476754000,0.9029724602,20.72660733,-339.2733927,19.61270443,0.8445318851,0.3195702721,263.3809381,73.0987033,253.0337886,-4.259253194e-13,2.72703363e-08,3.461535939,4.991081806e-10,0.3199999278,-46.82443855,-406.8244386,1.941176158,0.2189555072,-0.2333633212,76.12553014,67.54063108,-35.11921829,3.068789752e-12,-3.784920975e-09,0.5199717227,8.311563481e-10,
1488752000,0.9011572877,18.54192629,-341.4580737,19.23416752,0.854379306,0.2865666738,291.869595,90.93346527,277.3426858,-3.854615441e-13,2.964930316e-08,3.049951797,5.130806483e-10,0.3112503422,-50.31548505,-410.315485,1.903812695,0.1987519726,-0.2395295993,73.08802964,64.56665066,-34.24919998,3.121385024e-12,-3.661408665e-09,0.5304472142,7.359677792e-10,
1500750000,0.8989156482,16.39091228,-343.6090877,18.78545604,0.8623825879,0.2536643738,325.6485887,115.2383852,304.576949,-3.481887602e-13,3.230046776e-08,2.643016462,5.304492033e-10,0.3021012412,-53.06688513,-413.0668851,1.865745174,0.1815272928,-0.2414808521,70.65964711,62.39505934,-33.16085492,3.198055976e-12,-3.516717627e-09,0.5314660371,6.330245929e-10,
1512748000,0.8961829977,13.95938965,-346.0406103,18.26466721,0.8697159831,0.216189903,372.8369716,154.4889794,339.3236841,-3.100554507e-13,3.569995904e-08,2.196426473,5.473454042e-10,0.2925294204,-55.78978014,-415.7897801,1.82697268,0.164469078,-0.2419160685,68.36439307,60.42716558,-31.97261173,3.290602555e-12,-3.363811553e-09,0.5291099031,5.224070248e-10,
1524746000,0.8933017236,11.56208247,-348.4379175,17.74444526,0.8751749394,0.1790441146,431.5243555,212.0278411,375.8423393,-2.777262476e-13,3.923090543e-08,1.772608434,5.623607506e-10,0.2843852684,-57.75834332,-417.7583433,1.794799927,0.1517170826,-0.2405346289,66.71951487,59.11221798,-30.93928491,3.373745802e-12,-3.229482241e-09,0.5233991544,4.086106796e-10,
1536744000,0.8896892533,9.13565091,-350.8643491,17.13059978,0.878403728,0.1412581255,505.3260042,300.0229772,406.6209336,-2.546999574e-13,4.211223961e-08,1.355299309,5.735641271e-10,0.2771689239,-59.25186702,-419.251867,1.766898195,0.1417067924,-0.238205368,65.46792849,58.17789789,-30.02302214,3.449563937e-12,-3.109374353e-09,0.5160554649,2.7984109e-10,
1548742000,0.8854525795,6.657813938,-353.3421861,16.46001779,0.8794813382,0.1026588835,594.4744966,430.8514726,409.5936226,-2.508926101e-13,4.209148437e-08,0.9506608394,5.848169334e-10,0.271973761,-60.16036137,-420.1603614,1.747153733,0.1353271221,-0.2359158678,64.68854163,57.63801977,-29.36777306,3.499210268e-12,-3.017950214e-09,0.509520854,1.614356155e-10,
1560740000,0.8798128834,4.024603607,-355.9753964,15.6407187,0.8776432682,0.06174952224,685.3647617,601.3820425,328.7316466,-3.102044728e-13,3.352208985e-08,0.5466269749,5.963119561e-10,0.2684410844,-60.63233124,-420.6323312,1.733887808,0.1316467455,-0.2339439039,64.24753695,57.36752619,-28.92599078,3.525342585e-12,-2.949699769e-09,0.5042223833,5.43888867e-11,
1572738000,0.8737680011,1.487665704,-358.5123343,14.84384322,0.8734734863,0.02268454412,728.7821828,715.7345731,137.286164,-7.3711794e-13,1.389282361e-08,0.1918115586,6.026374275e-10,0.2687011911,-60.55453934,-420.5545393,1.734860191,0.1320921226,-0.2339914555,64.30218468,57.412203,-28.95876207,3.494489652e-12,-2.93051362e-09,0.5044008165,-2.374992369e-11,
1584736000,0.8655674256,-1.157466501,-361.1574665,13.87734658,0.8653908106,-0.01748465882,687.1492463,680.5652815,-94.89459634,1.058331506e-12,-9.530258718e-09,0.1394349652,6.026958048e-10,0.2734898103,-60.22938219,-420.2293822,1.752886372,0.1357955924,-0.2373946786,64.73538922,57.59443464,-29.55590831,3.397964969e-12,-2.96829813e-09,0.5131729913,-4.692085071e-11,
1596734000,0.8567618687,-3.765949947,-363.7659499,12.96276244,0.8549118437,-0.05627289898,596.2535305,549.1117176,-232.3673691,4.28955675e-13,-2.31612876e-08,0.4231695694,6.0107048e-10,0.2839570276,-59.84892304,-419.848923,1.793128453,0.1426264431,-0.2455387774,65.52243207,57.79438135,-30.87067521,3.228802122e-12,-3.077043864e-09,0.5341466505,1.182115688e-11,
1608732000,0.8474525176,-6.364648246,-366.3646482,12.11067196,0.8422292497,-0.0939449859,502.2864219,417.9226705,-278.6257187,3.550710212e-13,-2.756497689e-08,0.6666920423,5.932337575e-10,0.3003204003,-59.97181793,-419.9718179,1.858451213,0.1502881101,-0.2600112052,66.35741101,57.61075736,-32.92881157,3.00441813e-12,-3.257710503e-09,0.5715740095,1.646575532e-10,
1620730000,0.8378406116,-8.889701937,-368.8897019,11.3335443,0.8277761826,-0.1294738663,425.2126449,320.9759359,-278.8910934,3.52107127e-13,-2.738697753e-08,0.8688847422,5.901698229e-10,0.3236379065,-60.93861591,-420.9386159,1.956995992,0.1572059382,-0.2828918301,67.00088543,56.63829906,-35.79415772,2.743451666e-12,-3.514969881e-09,0.6319779781,4.063226637e-10,
1632728000,0.8298490029,-11.40730403,-371.407304,10.75426553,0.8134561403,-0.164129447,366.4168959,252.1585061,-265.8522699,3.666620129e-13,-2.591472853e-08,1.054306174,5.97090307e-10,0.3520821874,-63.24054614,-423.2405461,2.086811261,0.1585235181,-0.3143758274,66.81738696,54.28318457,-38.96022425,2.501985815e-12,-3.79776195e-09,0.7177217873,6.926263535e-10,
1644726000,0.8232683245,-13.99016562,-373.9901656,10.3165905,0.7988479105,-0.1990295205,319.7851931,201.2048801,-248.5541509,3.89318959e-13,-2.405180057e-08,1.23532864,6.257957618e-10,0.3840983191,-66.98966571,-426.9896657,2.247271541,0.1501429387,-0.3535372918,65.36153275,50.30822465,-41.72783837,2.318999667e-12,-4.037871197e-09,0.8294436677,9.950246227e-10,
1656724000,0.8170973264,-16.70941751,-376.7094175,9.934777282,0.7825955956,-0.2349301482,280.8610786,162.1911861,-229.2966738,4.189596644e-13,-2.202762746e-08,1.413743122,6.663292262e-10,0.4165856721,-71.9045288,-431.9045288,2.428095445,0.1293920503,-0.3959814637,62.56590543,45.17342308,-43.28803956,2.219228648e-12,-4.158511299e-09,0.9582634348,1.261785733e-09,
1668722000,0.8105567679,-19.75358079,-379.7535808,9.557252314,0.7628594697,-0.2739483594,246.186653,130.6326224,-208.6695619,4.570640209e-13,-1.990193228e-08,1.597377117,7.051346278e-10,0.4469162775,-78.09557433,-438.0955743,2.616089063,0.0921897857,-0.4373044735,58.377706,39.40819545,-43.06913848,2.214470787e-12,-4.107734113e-09,1.092898013,1.468206719e-09,
1680720000,0.7995420842,-22.91590895,-382.9159089,8.977156511,0.7364400838,-0.3113254686,216.2419344,108.4013891,-187.1088267,5.060931838e-13,-1.771817713e-08,1.726074068,7.226049836e-10,0.4711586694,-84.93762123,-444.9376212,2.781852673,0.04157516482,-0.469320783,53.52630986,34.15797643,-41.21041729,2.297829239e-12,-3.902399935e-09,1.206465417,1.60141334e-09,
1692718000,0.7826943002,-26.11528938,-386.1152894,8.203624211,0.7027891534,-0.3445254322,190.9081171,93.55788445,-166.4116325,5.650044107e-13,-1.564657191e-08,1.778702388,7.052738382e-10,0.4885834687,-92.18109908,-452.1810991,2.910706592,-0.01859459118,-0.4882295024,48.52075106,29.83323188,-38.26540944,2.457135772e-12,-3.597840314e-09,1.282643784,1.646656185e-09,
1704716000,0.7621264986,-29.13422948,-389.1342295,7.407830163,0.665703414,-0.3710468495,170.8478576,84.02422469,-148.7579246,6.276072961e-13,-1.388827172e-08,1.770417104,6.641434588e-10,0.499047687,-99.4465295,-459.4465295,2.992395979,-0.08190724791,-0.4922802014,43.82093905,26.5755193,-34.84273918,2.679512604e-12,-3.252972443e-09,1.311084039,1.631388541e-09,
1716714000,0.7391419196,-31.87579644,-391.8757964,6.667004207,0.6276755049,-0.3903258098,155.1486538,77.95545833,-134.1419073,6.91126755e-13,-1.243617027e-08,1.720750671,6.151202142e-10,0.5031647172,-106.4029658,-466.4029658,3.025479005,-0.1420892449,-0.4826855903,39.695769,24.28931935,-31.39718207,2.952782861e-12,-2.91080327e-09,1.292633261,1.58919768e-09,
1728712000,0.7150344609,-34.37876321,-394.3787632,6.018392491,0.5901342775,-0.4037521701,142.5781251,73.82436048,-121.9773977,7.547760676e-13,-1.122992482e-08,1.652264875,5.66005284e-10,0.5048128363,-113.0588074,-473.0588074,3.038876907,-0.1977229271,-0.4644799714,36.08162818,22.57687069,-28.14549347,3.271060807e-12,-2.591232323e-09,1.246651667,1.541304968e-09,
1740710000,0.6893186263,-36.77740471,-396.7774047,5.43746349,0.5521218451,-0.4127004202,131.853485,70.74905832,-111.265054,8.217409395e-13,-1.017308072e-08,1.572671872,5.139351422e-10,0.5042704908,-119.6959089,-479.6959089,3.034458233,-0.2498139092,-0.4380430785,32.797555,21.25845935,-24.97513804,3.66088267e-12,-2.283503096e-09,1.174832928,1.513141837e-09,
1752708000,0.6624408881,-38.90710186,-398.9071019,4.924888203,0.5154885164,-0.416052304,123.0412183,68.79622839,-102.0108835,8.901517573e-13,-9.263115342e-09,1.482797617,4.400983429e-10,0.5046790696,-126.0866965,-486.0866965,3.037786165,-0.2972603804,-0.4078446145,29.87492057,20.15169482,-22.05493312,4.117227052e-12,-2.002701891e-09,1.09444557,1.526569672e-09,
1764706000,0.6343105276,-40.71077602,-400.710776,4.469121074,0.4808147875,-0.4137233201,115.800474,67.80379694,-93.874357,9.607287651e-13,-8.466321271e-09,1.384500002,3.113538614e-10,0.5065512763,-132.5674376,-492.5674376,3.053106035,-0.3426604207,-0.3730657203,27.11920012,19.14104866,-19.21122774,4.694535731e-12,-1.732618271e-09,1.003666418,1.612701035e-09,
1776704000,0.6044088602,-41.91661741,-401.9166174,4.055724961,0.4497514061,-0.4037743713,110.2511281,68.12795623,-86.68271358,1.033409746e-12,-7.764930088e-09,1.272351592,1.158634308e-10,0.5107555556,-139.5914523,-499.5914523,3.087936046,-0.3889105319,-0.3310888638,24.33830248,18.1275213,-16.24025674,5.515846364e-12,-1.454782078e-09,0.8958895407,1.82169715e-09,
1788702000,0.5764675673,-41.99676947,-401.9967695,3.72218854,0.4284206379,-0.3857079376,107.2865247,70.21264393,-81.12079274,1.096856853e-12,-7.217957576e-09,1.155358753,-1.098110276e-10,0.5153237235,-147.7720677,-507.7720677,3.126465637,-0.4359294891,-0.2748163396,21.45891639,17.18058016,-12.85740092,6.920364233e-12,-1.1440245e-09,0.7483682623,2.152348337e-09,
1800700000,0.5581853287,-40.76633813,-400.7663381,3.52678494,0.4227577436,-0.364481483,107.5684744,73.85701112,-78.20561747,1.130162305e-12,-6.912206696e-09,1.058878721,-2.382509076e-10,0.512209097,-157.8264818,-517.8264818,3.100117464,-0.4743287358,-0.1933142764,18.83353455,16.68106346,-8.743234274,1.010896404e-11,-7.727711186e-10,0.5241412992,2.479051378e-09,
1812698000,0.5659043533,-38.91439278,-398.9143928,3.60727956,0.4403219031,-0.3554776487,111.8764151,77.31417022,-80.86316426,1.085785267e-12,-7.09978844e-09,1.045903539,-1.33361201e-10,0.4860426404,-169.9328985,-529.9328985,2.891373404,-0.4785593873,-0.08496093832,17.83650932,17.41081872,-3.873558587,2.26665043e-11,-3.400985694e-10,0.2224799792,2.60506362e-09,
1824696000,0.5969409003,-38.31244385,-398.3124439,3.962051474,0.4683847494,-0.3700731886,116.8908692,76.70510145,-88.20318992,9.888839307e-13,-7.693321886e-09,1.149899919,2.129037906e-10,0.4268892737,177.9503779,-542.0496221,2.489727043,-0.4266161614,0.01526770543,20.10191118,20.08791197,0.7500837459,-1.162839718e-10,6.54243424e-11,0.03734005539,2.314731832e-09,
1836694000,0.6406797116,-40.34359476,-400.3435948,4.566064775,0.4883106901,-0.4147567515,117.28304,67.94176705,-95.59930843,9.064181095e-13,-8.28396156e-09,1.407077157,6.768981522e-10,0.3465243801,168.0795065,-551.9204935,2.060557945,-0.3390516399,0.071576054,24.7886233,24.46695178,3.980466774,-2.176954346e-11,3.449191661e-10,0.1626874819,1.461960196e-09,
1848692000,0.6781604717,-44.64969256,-404.6496926,5.214277066,0.4824547538,-0.4765910572,110.664881,54.55626013,-96.28255486,8.94145024e-13,-8.289019771e-09,1.764830555,1.091329368e-09,0.2640902213,163.1774412,-556.8225588,1.717724452,-0.2527886451,0.07643000657,29.92189354,29.52593133,4.851710205,-1.774437542e-11,4.17686484e-10,0.1643203105,3.576648301e-11,
1860690000,0.702970218,-50.36433168,-410.3643317,5.733331542,0.448427186,-0.5413688079,100.037044,42.34237994,-90.63406115,9.437450085e-13,-7.752424555e-09,2.14050465,1.362974107e-09,0.1954562108,165.8804927,-554.1195073,1.485880852,-0.1895512864,0.04768060561,34.09683567,33.93046636,3.364172281,-2.542540502e-11,2.877559658e-10,0.09914901391,-1.724074732e-09,
1872688000,0.7134393526,-56.87086096,-416.870861,5.979325383,0.3899145331,-0.5974632765,88.58554893,33.66886667,-81.93782336,1.037218564e-12,-6.963685149e-09,2.433637703,1.514004162e-09,0.1526250794,178.2774575,-541.7225425,1.360230344,-0.1525561098,0.004587835017,36.76391924,36.76229702,0.3453637537,-2.460809236e-10,2.935157836e-11,0.009394509639,-3.116761635e-09,
1884686000,0.7111294341,-63.66834457,-423.6683446,5.923516052,0.3154331403,-0.6373437111,78.13843144,28.2506293,-72.85270353,1.159138829e-12,-6.15214836e-09,2.578799316,1.594218897e-09,0.1429635652,-162.2366942,-522.2366942,1.333623075,-0.1361477737,-0.04361610593,38.03712776,37.88719573,-3.373942482,2.502899736e-11,-2.849172879e-10,0.08905231481,-3.461592601e-09,
1896684000,0.696255691,-70.6947256,-430.6947256,5.584485506,0.2301830182,-0.6571055969,68.89840526,25.14764836,-64.14503901,1.308163651e-12,-5.382551882e-09,2.550737074,1.652550952e-09,0.1682425336,-145.4531344,-505.4531344,1.404547096,-0.1385750854,-0.09540700097,37.92746553,37.21667592,-7.308329149,1.148172266e-11,-6.132580386e-10,0.1963724316,-2.628873028e-09,
1908682000,0.6717114711,-77.88178834,-437.8817883,5.092201901,0.1410119485,-0.6567434284,60.87761041,23.46975083,-56.17164983,1.484462988e-12,-4.683858145e-09,2.393363707,1.713505011e-09,0.2206941133,-137.4962729,-497.4962729,1.566386363,-0.1627030687,-0.1491093661,36.27589134,34.61486721,-10.85132529,7.68429044e-12,-9.048348853e-10,0.3134874163,-1.099870233e-09,
1920680000,0.6364841029,-85.45329045,-445.4532904,4.50182266,0.05045523539,-0.6344811128,53.72957155,22.80659727,-48.649008,1.70329993e-12,-4.031244195e-09,2.133111197,1.76251389e-09,0.2909007477,-137.3185597,-497.3185597,1.820479634,-0.2138510975,-0.1972078931,32.95368338,30.2638814,-13.04004336,6.354568742e-12,-1.080548222e-09,0.4308780882,3.888166504e-10,
1932678000,0.5881436183,-93.29460176,-453.2946018,3.856061697,-0.03380059365,-0.5871715555,47.54866392,23.13691398,-41.53984416,1.982420435e-12,-3.420782734e-09,1.7953926,1.766329507e-09,0.3706725049,-142.550744,-502.550744,2.177995583,-0.2942740026,-0.2253905883,28.19572477,24.9892476,-13.05895861,6.305972654e-12,-1.075397875e-09,0.5225831055,1.448700741e-09,
1944676000,0.5231880373,-101.0522739,-461.0522739,3.194525633,-0.1002975035,-0.5134843066,42.65798441,24.63081008,-34.82853469,2.349836655e-12,-2.850414905e-09,1.414023111,1.663198938e-09,0.4481385621,-151.3229387,-511.3229387,2.624098121,-0.3931691484,-0.215049277,22.83546407,20.10832616,-10.82190549,7.562565349e-12,-8.856795436e-10,0.5381803241,2.086492201e-09,
1956674000,0.4464315082,-108.2286552,-468.2286552,2.612922393,-0.139648234,-0.4240276668,39.44028247,27.07629616,-28.67769286,2.836334505e-12,-2.332630053e-09,1.059143861,1.413364553e-09,0.5128390411,-161.780804,-521.780804,3.105419294,-0.4871290639,-0.1603407535,17.96260765,16.47093891,-7.166829489,1.134944398e-11,-5.829465406e-10,0.4351196691,2.398029272e-09,
1968672000,0.3630154004,-113.9053733,-473.9053733,2.139793335,-0.1471037596,-0.3318744715,38.31981126,30.44275273,-23.27330534,3.473671135e-12,-1.881502651e-09,0.7644941159,9.084769741e-10,0.55993739,-172.7642499,-532.7642499,3.54480784,-0.5554782197,-0.07052537235,14.45277988,14.15702191,-2.908878956,2.779208424e-11,-2.351648546e-10,0.2054725191,2.489506495e-09,
1980670000,0.2773386125,-117.3916383,-477.3916383,1.767547892,-0.1275952344,-0.2462441108,39.27027998,34.64748601,-18.48530775,4.346916748e-12,-1.485370154e-09,0.5335252245,-3.222307769e-10,0.5917867604,176.3811122,-543.6188878,3.899400132,-0.5906067228,0.03735329656,12.91898556,12.83443962,1.475583766,-5.445579962e-11,1.185691964e-10,0.1149706422,2.467728256e-09,
1992668000,0.1913466498,-116.0906144,-476.0906144,1.473247652,-0.08415273713,-0.1718483553,42.44514222,39.97722867,-14.26223283,5.600124252e-12,-1.139128472e-09,0.3567589177,-2.902379806e-09,0.6100269309,165.8317251,-554.1682749,4.128559273,-0.5914705399,0.1493166329,13.60565318,12.2866727,5.843926111,-1.366722892e-11,4.667559913e-10,0.4756313001,2.40048639e-09,
2004666000,0.1210120394,-100.1770099,-460.1770099,1.27534402,-0.02138159472,-0.1191081067,47.93529197,46.59303325,-11.26416745,7.048212819e-12,-8.94287592e-10,0.2417564744,-5.077374557e-09,0.6172545164,155.627162,-564.372838,4.225404572,-0.5622444218,0.2547240627,15.99850058,12.3528007,10.16662853,-7.809103005e-12,8.071515083e-10,0.8230221454,2.326162652e-09,
2016664000,0.1065270851,-59.83173225,-419.8317323,1.238456216,0.05353424983,-0.09209833848,55.60584481,54.66517587,-10.18472015,7.748854137e-12,-8.03777206e-10,0.1863109372,-5.405651363e-09,0.6139044896,145.770861,-574.229139,4.180065414,-0.5075729214,0.3453236913,19.44380153,13.02497656,14.43646091,-5.46670762e-12,1.139324208e-09,1.108367516,2.247247228e-09,
2028662000,0.160518704,-35.8680675,-395.8680675,1.382423539,0.1300792719,-0.09405124866,64.79994552,63.62486507,-12.28452213,6.386341973e-12,-9.637595721e-10,0.1930773782,-3.75363136e-09,0.6009453977,136.1748051,-583.8251949,4.011845467,-0.4335555426,0.4161309438,23.54304006,14.33559172,18.6752656,-4.200912641e-12,1.465133587e-09,1.302720248,2.16830538e-09,
2040660000,0.2313426731,-31.50247652,-391.5024765,1.601939681,0.19724683,-0.1208847405,74.11481847,71.80907084,-18.34294583,4.2518741e-12,-1.430601129e-09,0.2554405122,-1.129531878e-09,0.5778981176,127.0254535,-592.9745465,3.738192562,-0.3479927682,0.4613754085,28.03050449,16.40516231,22.72839263,-3.431474349e-12,1.772630441e-09,1.385441496,2.051249017e-09,
2052658000,0.298155423,-33.2767134,-393.2767134,1.849633759,0.2492670066,-0.163592835,81.9894463,77.16471854,-27.71056688,2.798067101e-12,-2.148567221e-09,0.3591092847,3.661818391e-10,0.5468991474,118.1722754,-601.8277246,3.414028331,-0.2582043551,0.4821091043,32.82962164,19.30318013,26.55506155,-2.919820968e-12,2.05897393e-09,1.375683249,1.887742209e-09,
2064656000,0.3584516214,-36.73358705,-396.733587,2.117457805,0.2872721537,-0.21438814,87.66954488,78.66441404,-38.70218422,1.991759756e-12,-2.983375404e-09,0.4919910063,8.584962168e-10,0.5108336929,110.4725316,-609.5274684,3.088589036,-0.1786683171,0.4785694247,37.36230974,22.83428775,29.57258007,-2.606652948e-12,2.279615732e-09,1.295095358,1.67922042e-09,
2076654000,0.4126303934,-41.16072171,-401.1607217,2.405011049,0.3106555122,-0.2715823895,90.32749697,75.57445126,-49.47281097,1.549135483e-12,-3.791600533e-09,0.654623489,1.054298981e-09,0.4744295509,103.6828303,-616.3171697,2.805388989,-0.1122248838,0.4609652635,41.54258084,26.72986791,31.80094628,-2.409993912e-12,2.437227288e-09,1.189715804,1.430924276e-09,
2088652000,0.460704631,-46.10090007,-406.1009001,2.708542878,0.3194482186,-0.3319662523,89.84200991,68.69696133,-57.89917313,1.316078165e-12,-4.411907586e-09,0.8428200026,1.172307637e-09,0.4391253253,98.00506018,-621.9949398,2.565858988,-0.06115283773,0.4348463887,45.11106024,30.68764381,33.06472855,-2.304565647e-12,2.519526944e-09,1.077460647,1.173993289e-09,
2100650000,0.5027647221,-51.3621194,-411.3621194,3.022240756,0.3139243597,-0.3927134607,86.73755498,59.78551448,-62.84183083,1.205639877e-12,-4.761187256e-09,1.051121352,1.240358581e-09,0.4082061705,93.50319807,-626.4968019,2.379555345,-0.0249431328,0.4074433921,47.90577196,34.25215863,33.49257554,-2.26213171e-12,2.537552164e-09,0.9778237892,9.124926273e-10,
2112648000,0.5372121676,-56.95051286,-416.9505129,3.321634796,0.2929757483,-0.4502911546,81.66768138,50.62319275,-64.08511948,1.175535612e-12,-4.82781019e-09,1.265924095,1.268507039e-09,0.3805722229,90.20831899,-629.791681,2.228786428,-0.001383701311,0.3805697074,49.87928106,37.25875005,33.16215047,-2.27169647e-12,2.498248724e-09,0.8900499996,6.805952165e-10,
2124646000,0.5647817507,-62.52319536,-422.5231954,3.595395536,0.2605843594,-0.5010730661,75.93580868,42.68070242,-62.80608792,1.192701619e-12,-4.704736389e-09,1.471533606,1.253556405e-09,0.361359348,87.87464511,-632.1253549,2.131651569,0.01340134902,0.3611107617,51.19974081,39.38380344,32.71589041,-2.289680086e-12,2.450712108e-09,0.8306940304,5.036248066e-10,
2136644000,0.5873484225,-67.9155475,-427.9155475,3.846703875,0.2208270492,-0.5442550723,70.31788496,36.25619263,-60.25025678,1.236314782e-12,-4.487938182e-09,1.661792163,1.198250914e-09,0.3501191292,86.12093013,-633.8790699,2.077487106,0.02368585052,0.3493170267,52.15640048,40.80203891,32.48820911,-2.292778984e-12,2.419990917e-09,0.7962398445,4.391873539e-10,
2148642000,0.6065509162,-72.95190762,-432.9519076,4.08324986,0.1778251375,-0.5798984691,65.2435815,31.22221048,-57.28785647,1.292985035e-12,-4.243445645e-09,1.834843068,1.126962946e-09,0.3473027334,84.67040973,-635.3295903,2.064207715,0.03225915008,0.3458012954,52.96654787,41.63337144,32.74320656,-2.262220133e-12,2.425365964e-09,0.7864654105,4.929274916e-10,
2160640000,0.6230290375,-77.61406278,-437.6140628,4.305448427,0.13363699,-0.608528008,60.76379455,27.29233745,-54.28965872,1.356814912e-12,-3.999031558e-09,1.989190512,1.064561053e-09,0.353377576,82.32557091,-637.6744291,2.092995117,0.04719141958,0.3502123372,54.38703876,42.46144309,33.98493543,-2.167460894e-12,2.503364959e-09,0.8003716539,6.583550842e-10,
2172638000,0.6395057602,-82.01228029,-442.0122803,4.547938854,0.0888662654,-0.6333011954,56.7605956,24.00160575,-51.43625311,1.424175255e-12,-3.767923573e-09,2.14303383,1.030519566e-09,0.3640304323,79.12686544,-640.8731346,2.144804566,0.0686688774,0.3574950922,56.48021217,43.58415035,35.92264195,-2.03922192e-12,2.631485795e-09,0.8242134277,9.119712747e-10,
2184636000,0.656887142,-86.37604749,-446.3760475,4.828985866,0.0415203512,-0.6555736249,52.98971031,21.07957509,-48.6164675,1.498503101e-12,-3.541803357e-09,2.306330526,1.030099911e-09,0.3784886671,74.67460253,-645.3253975,2.217962238,0.1000347753,0.3650297452,59.67082266,45.41776681,38.70185441,-1.882388542e-12,2.819504685e-09,0.8521302814,1.197043466e-09,
2196634000,0.6760703867,-90.82642801,-450.826428,5.174180803,-0.00975122668,-0.6760000602,49.33518464,18.3847532,-45.78166984,1.582598687e-12,-3.317065591e-09,2.490197683,1.057340975e-09,0.3936388103,68.80059748,-651.1994025,2.298364134,0.1423456385,0.3670003164,64.30915565,48.55148219,42.17133004,-1.718086921e-12,3.055481993e-09,0.8685899614,1.484576204e-09,
2208632000,0.6938541217,-95.45343863,-455.4534386,5.532833338,-0.06594168442,-0.6907135705,45.73036618,16.07143811,-42.81326042,1.683133131e-12,-3.085141402e-09,2.663934623,1.074284619e-09,0.4046956702,61.63687539,-658.3631246,2.359626161,0.1922539042,0.3561137765,70.47765701,53.6540981,45.6983358,-1.576871801e-12,3.293041137e-09,0.8517212555,1.718860573e-09,
2220630000,0.7073492146,-100.3083433,-460.3083433,5.83408383,-0.1265769485,-0.6959318843,42.16806308,14.2474479,-39.68823216,1.805852083e-12,-2.844498332e-09,2.785637991,1.056764928e-09,0.4082605257,53.58422749,-666.4157725,2.37986578,0.2423599569,0.3285396599,77.8067508,61.09796198,48.17602631,-1.487691746e-12,3.452827678e-09,0.7885046366,1.849349648e-09,
2232628000,0.7149881949,-104.8357702,-464.8357702,6.017253195,-0.1830722289,-0.6911531508,39.04917825,13.01811624,-36.81530893,1.936311904e-12,-2.624413202e-09,2.828005854,1.00245534e-09,0.4022800927,45.16158706,-674.8384129,2.346048836,0.2836516239,0.2852560766,85.27048017,70.49066749,47.98041878,-1.485729445e-12,3.420328339e-09,0.6806634195,1.863144736e-09,
2244626000,0.7207797516,-108.9575803,-468.9575803,6.162804316,-0.2341583041,-0.681684193,36.35995816,12.08539257,-34.29270831,2.067637294e-12,-2.431520458e-09,2.837533667,9.237625389e-10,0.3881582493,37.09894691,-682.9010531,2.268819099,0.3095930849,0.2341344662,91.2420156,79.90254799,44.0532432,-1.609526961e-12,3.123590039e-09,0.5513371514,1.766835172e-09,
2256624000,0.7239709464,-112.7782466,-472.7782466,6.245614091,-0.2802966146,-0.6675086061,33.9922901,11.41314983,-32.0189912,2.202689513e-12,-2.258232086e-09,2.805447373,8.696476405e-10,0.3677662015,29.6422967,-690.3577033,2.163386717,0.3196366595,0.1818911347,94.57570915,87.17593021,36.67317757,-1.923146583e-12,2.586482058e-09,0.4206800831,1.599880551e-09,
2268622000,0.7283024574,-116.2870504,-476.2870504,6.361126571,-0.3225422619,-0.6529861857,31.89661473,10.79231417,-30.01532918,2.337302274e-12,-2.105722332e-09,2.781176374,8.352094252e-10,0.3441142637,23.18659356,-696.8134064,2.049311624,0.3163192913,0.1354870194,94.92959522,90.739898,27.89084005,-2.515338263e-12,1.956679015e-09,0.307371296,1.387626418e-09,
2280620000,0.732633113,-119.9522934,-479.9522934,6.48035788,-0.3657881393,-0.6347836761,29.78943463,10.21123956,-27.98465655,2.493717321e-12,-1.952932282e-09,2.740573892,8.191845359e-10,0.318924837,17.5661034,-702.4338966,1.936533453,0.3040531758,0.09625340489,93.05819015,90.99217536,19.50001993,-3.578756484e-12,1.360824934e-09,0.2143043602,1.15150434e-09,
2292618000,0.7384728133,-123.4080738,-483.4080738,6.647388499,-0.4066019318,-0.6164551606,27.85764346,9.638521187,-26.13708493,2.656019656e-12,-1.814452414e-09,2.711731854,8.168409173e-10,0.2952219628,13.1693084,-706.8306916,1.83777288,0.2874579452,0.06726021928,90.06542726,89.1031337,13.13060361,-5.286932223e-12,9.115345295e-10,0.1473641056,9.152586724e-10,
2304616000,0.7427947751,-126.9091719,-486.9091719,6.775891802,-0.4460840879,-0.5939301848,25.97524126,9.170867765,-24.30243491,2.84165775e-12,-1.678306775e-09,2.649960237,8.088470794e-10,0.2738085284,9.782590959,-710.217409,1.754094585,0.2698272347,0.04652282895,86.83614729,86.40016201,8.690712264,-7.946322514e-12,6.001736584e-10,0.1005867589,6.756508952e-10,
2316614000,0.745539931,-130.4494344,-490.4494344,6.859779366,-0.4836889431,-0.5673401052,24.14621101,8.801697453,-22.48487554,3.055455529e-12,-1.544745515e-09,2.554606729,8.059760141e-10,0.2547739242,7.312057385,-712.6879426,1.683749355,0.2527020214,0.03242592856,83.76468621,83.56395934,5.795459814,-1.185437213e-11,3.981569985e-10,0.06935358089,4.564942843e-10,
2328612000,0.748074204,-133.8997982,-493.8997982,6.93884561,-0.5187141222,-0.5390275262,22.42039939,8.47858394,-20.75543118,3.292996284e-12,-1.41858303e-09,2.447983215,8.005704852e-10,0.2396227319,5.903101911,-714.0968981,1.630273265,0.2383520726,0.02464433256,81.26782471,81.15694402,4.243791953,-1.610530358e-11,2.900528155e-10,0.05229117489,2.553965705e-10,
2340610000,0.7503218778,-137.318941,-497.318941,7.010313369,-0.5515906819,-0.5086557185,20.76403583,8.195614244,-19.07818365,3.564134219e-12,-1.297263206e-09,2.32785281,7.977449513e-10,0.2285146769,5.25041976,-714.7495802,1.592401877,0.2275558881,0.02091112994,79.44162775,79.36439821,3.502073093,-1.941627298e-11,2.381311897e-10,0.04412649969,8.244614196e-11,
2352608000,0.7551521165,-140.763859,-500.763859,7.168336892,-0.584899797,-0.4776473035,19.11469386,7.841911727,-17.4320378,3.880810202e-12,-1.179284855e-09,2.222932163,8.122125706e-10,0.221917278,5.297763277,-714.7022367,1.570420784,0.2209693147,0.02049000311,78.34858668,78.27590826,3.373902734,-2.005109081e-11,2.282459711e-10,0.04310269671,-2.89312393e-11,
2364606000,0.7553484515,-144.245823,-504.245823,7.174892055,-0.6129889766,-0.4413567693,17.55097115,7.678244719,-15.78230485,4.264723865e-12,-1.062262309e-09,2.05545739,8.284839806e-10,0.2201670109,5.834186842,-714.1658132,1.564651698,0.2190265973,0.02237995411,78.02645431,77.94026995,3.666318674,-1.835824382e-11,2.467695421e-10,0.04704010746,-6.773510826e-11,
2376604000,0.7550275796,-147.9772247,-507.9772247,7.164184346,-0.6401406082,-0.4003581492,15.94260714,7.541769897,-14.04593995,4.767739304e-12,-9.406197977e-10,1.862419584,8.258923046e-10,0.2237520462,6.236028987,-713.763971,1.576496325,0.2224280729,0.02430494984,78.58262191,78.47993708,4.015960861,-1.667530693e-11,2.689383769e-10,0.0511718155,-2.749182137e-11,
2388602000,0.7550072607,-151.6045296,-511.6045296,7.163507237,-0.6641694462,-0.359047226,14.43871093,7.417329668,-12.38788093,5.378724718e-12,-8.254169108e-10,1.670126782,8.239208413e-10,0.2338334703,6.244121397,-713.7558786,1.610398552,0.2324462539,0.02543287006,80.25708263,80.14115076,4.312223077,-1.545165919e-11,2.873277417e-10,0.05380785073,1.1859451e-10,
2400600000,0.7550541558,-154.9208063,-514.9208063,7.165070145,-0.6838697508,-0.3200452187,13.12277292,7.316468952,-10.89387219,6.085805303e-12,-7.222417762e-10,1.488952151,8.194011786e-10,0.2509848228,5.686520371,-714.3134796,1.670172863,0.2497497036,0.02486899338,83.25961092,83.14255891,4.413355693,-1.502212596e-11,2.925965901e-10,0.05308178808,3.577683134e-10,
2412598000,0.7565304488,-158.5677563,-518.5677563,7.214579564,-0.7042166186,-0.276436745,11.72470348,7.173674196,-9.27399969,7.113250304e-12,-6.117898187e-10,1.292782392,8.307418995e-10,0.2721820257,3.547726674,-716.4522733,1.747939829,0.2716604159,0.01684261073,87.28291526,87.22521162,3.173287396,-2.078862482e-11,2.09336315e-10,0.03638039206,6.659308332e-10,
2424596000,0.7594594498,-162.191727,-522.191727,7.314606408,-0.7230701348,-0.2322675959,10.39422607,7.000209972,-7.683553599,8.543161613e-12,-5.043625973e-10,1.09761759,8.581349388e-10,0.2979930115,-0.1422812545,-720.1422813,1.848974487,0.2979920927,-0.0007399982387,92.44850158,92.44837964,-0.1501572118,4.371540958e-10,-9.856595699e-12,0.001624227622,1.003161956e-09,
2436594000,0.7625088086,-165.9101036,-525.9101036,7.421364971,-0.7395687002,-0.1856281792,9.140500326,6.838302723,-6.06517618,1.07694504e-11,-3.96168902e-10,0.8869417494,8.780980947e-10,0.3259447232,-5.223186436,-725.2231864,1.967115708,0.3245912833,-0.02967256918,97.98858082,97.77328246,-6.492088181,1.006126415e-11,-4.240542023e-10,0.0663994091,1.311218641e-09,
2448592000,0.7635071522,-169.7822581,-529.7822581,7.456915372,-0.7513984827,-0.1354381468,8.058084434,6.757808663,-4.389162429,1.480887449e-11,-2.852892179e-10,0.6494949248,8.970570553e-10,0.3525407315,-11.59270993,-731.5927099,2.088997405,0.3453491918,-0.07084421725,102.2982983,100.9850241,-16.33911655,3.978094859e-12,-1.062018974e-09,0.1617974218,1.562203265e-09,
2460590000,0.7612456325,-173.7362485,-533.7362485,7.376810112,-0.7567011335,-0.08305605097,7.309098805,6.797915717,-2.685380281,2.408657676e-11,-1.736947422e-10,0.3950299463,9.047906832e-10,0.3750711452,-19.04466124,-739.0446612,2.200364305,0.3545414433,-0.1223876177,103.5116903,99.55174243,-28.35702042,2.280973716e-12,-1.83417797e-09,0.2848470527,1.737909002e-09,
2472588000,0.7536585544,-177.6518575,-537.6518575,7.118812468,-0.7530257238,-0.03087840564,7.097970637,7.026535173,-1.004485252,6.408034037e-11,-6.46564624e-11,0.1429559843,8.939152221e-10,0.3909026364,-26.96951045,-746.9695104,2.283547294,0.3483911874,-0.1772807144,100.6964782,92.8896201,-38.87543176,1.655743844e-12,-2.502324338e-09,0.4185121193,1.818506623e-09,
2484586000,0.744821831,178.4844746,-541.5155254,6.837661066,-0.7445612887,0.01969891612,7.342270694,7.313693829,0.6471642211,-9.89809457e-11,4.145535102e-11,0.08848664385,8.733823295e-10,0.4008126296,-35.06736415,-755.0673641,2.337854065,0.3280559625,-0.2302825428,94.87937249,83.17984376,-45.64218351,1.403458855e-12,-2.923698e-09,0.54871687,1.805188597e-09,
2496584000,0.733405258,174.8020297,-545.1979703,6.502023427,-0.7303892085,0.06644453703,8.017650709,7.705382858,2.21580638,-2.877015093e-11,1.41255627e-10,0.2875660329,8.580560564e-10,0.4045982871,-42.85455491,-762.8545549,2.359076665,0.2966039615,-0.2751833278,87.74446989,73.29642175,-48.23615401,1.321603791e-12,-3.075010633e-09,0.6580969829,1.718540896e-09,
2508582000,0.7224646152,171.1748938,-548.8251062,6.206288314,-0.7139115375,0.1108396899,8.931904506,8.103064842,3.757560148,-1.688440997e-11,2.383953451e-10,0.4637208539,8.622068623e-10,0.4049261121,-50.08771404,-770.087714,2.360927173,0.2598063113,-0.310589499,80.82111293,64.87402469,-48.2017968,1.316220354e-12,-3.058123764e-09,0.7430061111,1.592569746e-09,
2520580000,0.7117853652,167.4720111,-552.5279889,5.939272884,-0.6948378697,0.1543979954,10.04779585,8.517059426,5.330844226,-1.184468877e-11,3.366011829e-10,0.6259019645,8.983934305e-10,0.4053347641,-56.57363211,-776.5736321,2.363236791,0.2232846879,-0.3382901404,74.90659464,58.21878312,-47.13354657,1.339644379e-12,-2.976115387e-09,0.8095934688,1.455263874e-09,
2532578000,0.6965533604,163.5289197,-556.4710803,5.590944632,-0.6679688776,0.1974947152,11.50043735,9.124259589,7.000567557,-8.976851703e-12,4.399370646e-10,0.7672477409,9.495690413e-10,0.4039298858,-62.6015988,-782.6015988,2.355309975,0.1858784395,-0.3586203541,69.63276523,52.87073741,-45.3145354,1.386818959e-12,-2.847703922e-09,0.8570815846,1.328488279e-09,
2544576000,0.6778907352,159.2229529,-560.7770471,5.20907319,-0.633806049,0.2404698343,13.26416808,9.908962799,8.81763069,-7.093373036e-12,5.515140875e-10,0.8898641431,1.003452013e-09,0.4055833507,-68.02607327,-788.0260733,2.364643306,0.1517630545,-0.3761194353,65.28931725,48.52088063,-43.68545627,1.4317521e-12,-2.73238304e-09,0.9003434337,1.224196761e-09,
2556574000,0.6523857949,154.7921501,-565.2078499,4.753504806,-0.5902582534,0.2778532339,15.33331018,11.02005955,10.66155188,-5.839038503e-12,6.637158491e-10,0.9674677193,1.041661366e-09,0.4082821634,-73.05205774,-793.0520577,2.379989374,0.1190153554,-0.3905504707,61.49452493,44.86585144,-42.05510636,1.480277125e-12,-2.61806545e-09,0.9373522403,1.153203674e-09,
2568572000,0.6191888154,150.1694448,-569.8305552,4.251946583,-0.5371464829,0.3080072159,17.73198826,12.5444172,12.5323982,-4.944179189e-12,7.765377501e-10,0.9990418841,1.035739705e-09,0.4170160558,-77.78664557,-797.7866456,2.430626212,0.08822083319,-0.4075775697,58.17606213,41.41003195,-40.86151562,1.516400491e-12,-2.531878489e-09,0.9867540232,1.143351403e-09,
2580570000,0.5764092261,145.5595382,-574.4404618,3.721538153,-0.4753729413,0.3259879792,20.43929516,14.62449215,14.27897111,-4.319242349e-12,8.806460721e-10,0.9763738094,9.652668934e-10,0.4308943682,-82.62636046,-802.6263605,2.51428608,0.05530069796,-0.4273310068,54.90348159,37.87340051,-39.74918646,1.551587396e-12,-2.45150471e-09,1.049527793,1.217168812e-09,
2592568000,0.524000686,141.4710099,-578.5289901,3.201686728,-0.409922111,0.3264055481,23.2978591,17.3179915,15.58452466,-3.939094636e-12,9.567170991e-10,0.8999037022,7.682014235e-10,0.4516958801,-87.93119614,-807.9311961,2.647610747,0.0163060377,-0.4514014635,51.3731374,33.97469769,-38.53464887,1.593083609e-12,-2.365600381e-09,1.134216093,1.372363611e-09,
2604566000,0.4633515428,138.2950776,-581.7049224,2.726834529,-0.3459294713,0.3082652317,26.18352516,20.59489306,16.16871577,-3.779281469e-12,9.880076136e-10,0.785083745,3.889073148e-10,0.4775041286,-94.26624698,-814.266247,2.827781442,-0.03552213896,-0.476181027,47.186374,29.71352721,-36.65597076,1.66701704e-12,-2.239904437e-09,1.233645892,1.591349919e-09,
2616564000,0.3973234921,137.2112899,-582.7887101,2.318529881,-0.2915813004,0.2699005421,28.72691066,24.18495776,15.50236157,-3.923655852e-12,9.429455855e-10,0.6409918811,-2.221948021e-10,0.5049553284,-101.6048158,-821.6048158,3.040039445,-0.1015769427,-0.494633206,42.46618731,25.5470428,-33.92234762,1.793093224e-12,-2.063358399e-09,1.327838525,1.812621561e-09,
2628562000,0.3373931344,139.2904002,-580.7095998,2.01838104,-0.2557524535,0.2200563783,30.43792115,27.26095461,13.53910622,-4.472104168e-12,8.197697752e-10,0.49664828,-1.054060324e-09,0.5292338461,-110.15698,-830.15698,3.24839378,-0.1823705134,-0.4968193431,37.29946025,21.88407796,-30.20491461,2.004584159e-12,-1.828856031e-09,1.380223314,1.984077761e-09,
2640560000,0.2876690052,145.7719564,-574.2280436,1.807683527,-0.2378462759,0.1618104002,31.20615464,29.42824257,10.38280437,-5.80509619e-12,6.258046165e-10,0.3528176833,-1.885423769e-09,0.545079621,-119.1319299,-839.1319299,3.396373723,-0.2653568833,-0.4761276276,32.37649417,19.22744222,-26.04885488,2.313851351e-12,-1.570047269e-09,1.354774836,2.059618422e-09,
2652558000,0.2630930237,156.7786527,-563.2213473,1.714046772,-0.2417794634,0.1037334575,30.70703568,29.97153298,6.680512815,-8.981429008e-12,4.008344537e-10,0.222895266,-2.345212931e-09,0.5507270575,-128.3516269,-848.3516269,3.45163688,-0.3417183794,-0.4318898482,27.92851553,17.53376744,-21.73865173,2.760086151e-12,-1.304331094e-09,1.23981636,2.028890175e-09,
2664556000,0.2692581683,169.1855295,-550.8144705,1.736944723,-0.2644761149,0.05052074669,29.12942146,28.95809329,3.154683417,-1.893387461e-11,1.884304401e-10,0.1089396109,-2.208713602e-09,0.5499530409,-136.9878356,-856.9878356,3.443980699,-0.4021305534,-0.375152456,24.31442381,16.5554783,-17.80750807,3.354224523e-12,-1.063649228e-09,1.075626312,1.932845598e-09,
2676554000,0.3021541168,178.2317702,-541.7682298,1.865962311,-0.3020102382,0.009323428596,26.80601547,26.80037348,0.5499517418,-1.081233617e-10,3.270157754e-11,0.02052030141,-1.573532619e-09,0.544685565,-145.0457509,-865.0457509,3.392568841,-0.4464296195,-0.3120624289,21.47281569,16.06084201,-14.25240919,4.172110854e-12,-8.474857501e-10,0.8874011206,1.815601796e-09,
2688552000,0.348661912,-177.2543399,-537.2543399,2.070601945,-0.3482616543,-0.0167017668,24.17565967,24.15819971,-0.9186443552,6.443981429e-11,-5.438123945e-11,0.03802619262,-7.769310858e-10,0.540705633,-152.5273745,-872.5273745,3.354505833,-0.4797309856,-0.2494409008,19.22472008,15.71253448,-11.07727955,5.344026153e-12,-6.55744727e-10,0.7049963564,1.739384452e-09,
2700550000,0.3992840264,-176.0187727,-536.0187727,2.329360443,-0.3983204949,-0.02772213925,21.53295608,21.48626621,-1.417237488,4.158390571e-11,-8.352385693e-11,0.06596015682,-1.294807774e-10,0.5384626161,-159.7923201,-879.7923201,3.333343451,-0.5053184816,-0.1859979061,17.42171113,15.43215916,-8.084830384,7.289487508e-12,-4.764735775e-10,0.5238949585,1.713672423e-09,
2712548000,0.4489611544,-176.9102846,-536.9102846,2.629508184,-0.4483085271,-0.02419881563,19.06171434,19.02679166,-1.153322357,5.08735435e-11,-6.766956904e-11,0.06061570325,2.99967399e-10,0.5385743886,-167.1789934,-887.1789934,3.33439313,-0.5251466851,-0.1195128911,16.00389095,15.1673016,-5.106612166,1.148973002e-11,-2.996232946e-10,0.3366856083,1.748350622e-09,
2724546000,0.4945438501,-179.1439388,-539.1439388,2.956821973,-0.4944886512,-0.007388747383,16.91411859,16.91088331,-0.3308072053,1.765838684e-10,-1.932417435e-11,0.01956179338,5.668251719e-10,0.5379751123,-174.7290966,-894.7290966,3.32877114,-0.5357002729,-0.04942103815,15.19440256,15.04950506,-2.093386403,2.790465053e-11,-1.222856189e-10,0.1391000166,1.804727037e-09,
2736544000,0.5334751965,177.8300272,-542.1699728,3.287017507,-0.53309264,0.02019956687,15.2405512,15.21630885,0.8592704429,-6.768428149e-11,4.99743978e-11,0.05647036027,7.125915692e-10,0.5367709762,177.1829343,-902.8170657,3.317518759,-0.5361223116,0.02638082481,15.12115015,15.07978858,1.117657421,-5.203660929e-11,6.500195254e-11,0.07411625267,1.850045194e-09,
2748542000,0.5643092736,174.3696883,-545.6303117,3.59041214,-0.5615868399,0.0553640447,14.14002806,13.95703313,2.267514012,-2.55368764e-11,1.313009092e-10,0.1624638984,7.642830219e-10,0.5306799599,169.0511091,-910.9488909,3.261484338,-0.5210199919,0.1007937892,16.0549886,15.45790709,4.337714511,-1.334924761e-11,2.51176335e-10,0.2806146061,1.861607952e-09,
2760540000,0.5849838819,170.9434893,-549.0565107,3.81908994,-0.5776912209,0.09208146047,13.67494344,13.16857913,3.686814596,-1.563776884e-11,2.125579659e-10,0.2799705694,7.577854396e-10,0.5195990068,160.9765877,-919.0234123,3.163188728,-0.4912213473,0.1693656276,17.86463786,16.20512571,7.519254393,-7.667456292e-12,4.335117423e-10,0.4640046938,1.824266003e-09,
2772538000,0.6002908017,167.7935683,-552.2064317,4.003637666,-0.5867195268,0.1269221945,13.58004218,12.62242398,5.009187408,-1.14597553e-11,2.875477042e-10,0.3968482929,7.132603902e-10,0.5055088195,153.1700468,-926.8299532,3.044561519,-0.4510907878,0.2281584269,20.23389998,17.25109322,10.574048,-5.428768808e-12,6.069933062e-10,0.6129494439,1.744389573e-09,
2784536000,0.6132566989,164.7526498,-555.2473502,4.171388862,-0.5916697486,0.1612782916,13.72112427,12.18860958,6.301352851,-9.070547365e-12,3.601646574e-10,0.5169870122,6.822653938e-10,0.4892741678,145.7258872,-934.2741128,2.915995382,-0.4043130887,0.2755360914,22.93097971,18.5694598,13.45380962,-4.248366903e-12,7.689756226e-10,0.7245127087,1.633093056e-09,
2796534000,0.6215520179,162.0612514,-557.9387486,4.284742144,-0.5913360893,0.1914380852,14.07781593,11.94381679,7.451854925,-7.637225897e-12,4.240962372e-10,0.6239090115,6.785751072e-10,0.4710481812,139.0039243,-940.9960757,2.781062715,-0.3555257409,0.3090110623,25.70403714,20.12774499,15.98660086,-3.55994998e-12,9.098214254e-10,0.7942569258,1.499672659e-09,
2808532000,0.6280950732,159.0751714,-560.9248286,4.377718487,-0.5866720761,0.2243196294,14.67364327,11.78996342,8.73570658,-6.486982358e-12,4.950382917e-10,0.740944333,6.900164363e-10,0.4544838688,132.790718,-947.209282,2.66625272,-0.3087410864,0.3335184081,28.41435509,21.74967072,18.28462192,-3.099236873e-12,1.036159802e-09,0.8406849998,1.361857938e-09,
2820530000,0.6308940298,155.977528,-564.022472,4.418498104,-0.5762496865,0.2568337509,15.51334674,11.80094949,10.06983208,-5.603600683e-12,5.682136167e-10,0.853306939,7.155761433e-10,0.4405571766,127.2501007,-952.7498993,2.574985533,-0.2666672269,0.3506839261,30.92366845,23.32689804,20.30096299,-2.77953898e-12,1.145528893e-09,0.870281293,1.244612676e-09,
2832528000,0.6280524398,152.8926405,-567.1073595,4.377102081,-0.5590635695,0.2861779033,16.58130156,12.05037958,11.38981622,-4.933205461e-12,6.399744509e-10,0.9451831904,7.172204294e-10,0.4313380014,122.1915702,-957.8084298,2.517027698,-0.2297960846,0.3650290824,33.22063412,24.73035516,22.1815253,-2.533112705e-12,1.246342277e-09,0.8969351698,1.172907335e-09,
2844526000,0.6187440346,149.6986482,-570.3013518,4.245819559,-0.5342134812,0.3121860613,17.90719193,12.58848539,12.73568051,-4.393271752e-12,7.125779506e-10,1.011692838,6.972931859e-10,0.4270880773,117.424345,-962.575655,2.490937997,-0.1967069355,0.3790918191,35.37959112,25.94194647,24.05682609,-2.325797478e-12,1.346010825e-09,0.9273331175,1.167567045e-09,
2856524000,0.6006764486,146.725232,-573.274768,4.008469931,-0.5021949803,0.3295639508,19.40967511,13.51232922,13.93385973,-3.998626318e-12,7.763430842e-10,1.031195992,6.286719302e-10,0.42921232,112.3730199,-967.6269801,2.503929868,-0.1633732201,0.3969035231,37.66633079,26.99514121,26.26813329,-2.121060436e-12,1.463563148e-09,0.9730689343,1.243011349e-09,
2868522000,0.5744034616,144.0022096,-575.9977904,3.699286342,-0.4647151825,0.3376079619,21.05147248,14.82848652,14.94257277,-3.713099327e-12,8.290626042e-10,1.007693722,4.798331177e-10,0.4372693243,106.9441309,-973.0558691,2.554098055,-0.1274373669,0.4182871974,40.2335516,27.96511907,28.92560785,-1.918136248e-12,1.604886932e-09,1.034345957,1.396357984e-09,
2880520000,0.5412040221,142.1638093,-577.8361907,3.359236123,-0.4274254633,0.3319778108,22.58084229,16.4613505,15.45698477,-3.574575363e-12,8.540317481e-10,0.9389864315,2.437693681e-10,0.4496672259,100.587107,-979.412893,2.634164808,-0.08261743146,0.442012414,43.5410391,29.17137223,32.32418797,-1.709313069e-12,1.785981107e-09,1.108079103,1.603155829e-09,
2892518000,0.50435418,141.6166916,-578.3833084,3.035139447,-0.3953503199,0.3131633176,23.80790513,18.22982791,15.3130572,-3.593206334e-12,8.425699504e-10,0.8400000963,-1.046468258e-10,0.4632885545,93.16099596,-986.839004,2.726397148,-0.02554656693,0.4625836763,47.93920352,31.02415508,36.5468061,-1.50554809e-12,2.010913967e-09,1.178011327,1.828736306e-09,
2904516000,0.467423428,142.6534502,-577.3465498,2.755328539,-0.3715926906,0.2835551681,24.61164276,19.91964301,14.45478403,-3.79083386e-12,7.920597891e-10,0.7256547734,-5.11401229e-10,0.4719959378,84.64219286,-995.3578071,2.787849646,0.04407269234,0.4699337859,53.74412199,34.2497801,41.41718497,-1.323018085e-12,2.269483011e-09,1.209268639,2.025751507e-09,
2916514000,0.4385895204,146.0173839,-573.9826161,2.562455766,-0.3636815867,0.2451458155,24.60798009,21.03529615,12.76984728,-4.27336868e-12,6.968539556e-10,0.6070676253,-8.947711717e-10,0.4741849139,75.42246723,-1004.577533,2.803618521,0.1193475412,0.4589199244,60.91165345,39.30151369,46.53622834,-1.172640486e-12,2.539494332e-09,1.184082341,2.139797247e-09,
2928512000,0.4263639405,151.0078887,-568.9921113,2.486531167,-0.3729347611,0.206653995,23.77699764,21.22302693,10.72048248,-5.069426051e-12,5.826227719e-10,0.5051344709,-1.111087808e-09,0.4665806228,65.70743149,-1014.292569,2.749395102,0.1919494684,0.4252680086,69.29724721,46.9119628,51.00368828,-1.065544375e-12,2.771881797e-09,1.087221366,2.156890939e-09,
2940510000,0.4350315706,156.7633086,-563.2366914,2.540020815,-0.3997430606,0.1716331929,22.1351935,20.38346159,8.630254064,-6.271535573e-12,4.671120297e-10,0.4233949188,-1.063438436e-09,0.4508937356,56.41645937,-1023.583541,2.64228225,0.2494128857,0.3756306341,77.71991922,56.54493596,53.32031564,-1.015090491e-12,2.885959171e-09,0.9429724296,2.088503301e-09,
2952508000,0.4625931855,161.2759846,-558.7240154,2.721575436,-0.4381108161,0.1484970306,20.09951996,18.80208227,7.104393348,-7.58755845e-12,3.829623219e-10,0.3778514127,-7.839203477e-10,0.4303272733,47.56411731,-1032.435883,2.510787697,0.2903696657,0.3175956854,85.46301835,67.40250735,52.54359627,-1.02590998e-12,2.832362545e-09,0.7795495796,1.989430539e-09,
2964506000,0.5068402444,163.8497777,-556.1502223,3.055480962,-0.4868381523,0.1409810158,17.81630239,16.65751772,6.320421993,-8.494185133e-12,3.393234497e-10,0.3794336046,-3.761432016e-10,0.4076150129,39.38997164,-1040.610028,2.376182792,0.3150230849,0.2586705524,91.52135317,77.76945028,48.25008487,-1.112678551e-12,2.590394323e-09,0.6204246616,1.88072416e-09,
2976504000,0.5531299617,164.3945115,-555.6054885,3.475574168,-0.5327398223,0.1487986432,15.9220099,14.63350264,6.274631452,-8.521684261e-12,3.355072299e-10,0.4287853432,1.825097565e-11,0.3845407346,31.25613766,-1048.743862,2.249605802,0.3287270671,0.1995246649,95.93229492,86.87786667,40.68465917,-1.314265111e-12,2.175426142e-09,0.4682971708,1.793852113e-09,
2988502000,0.6007927928,163.3273842,-556.6726158,4.00992959,-0.5755353002,0.1723690754,14.45257361,12.71979052,6.861764569,-7.761233824e-12,3.654284821e-10,0.5394557841,3.199667881e-10,0.3606561535,23.95357794,-1056.046422,2.128207162,0.3295945352,0.1464250779,97.46531592,92.37174395,31.09579917,-1.712635169e-12,1.656030395e-09,0.3366375672,1.692661578e-09,
3000500000,0.641196969,161.143026,-558.856974,4.574088921,-0.6067828611,0.207239264,13.71792248,11.21778888,7.895733653,-6.717907361e-12,4.188118781e-10,0.7038582858,5.00351126e-10,0.3341194264,16.54156638,-1063.458434,2.003541595,0.320291372,0.09512743093,96.43378891,94.29555911,20.19463233,-2.626579497e-12,1.07117999e-09,0.2141631326,1.541331203e-09,
3012498000,0.6696960291,158.5653897,-561.4346103,5.055028629,-0.6233766622,0.2447331372,13.6793734,10.2311108,9.080177785,-5.818338881e-12,4.797198799e-10,0.8875065442,5.476964651e-10,0.3082011972,10.19186076,-1069.808139,1.891013965,0.3033380147,0.05453463838,93.33794507,92.667405,11.1679918,-4.730622335e-12,5.900223336e-10,0.1205169369,1.339322467e-09,
3024496000,0.6869171309,155.9697257,-564.0302743,5.388085064,-0.6273823088,0.2797259075,14.10841259,9.684974462,10.25907284,-5.129310668e-12,5.398526412e-10,1.059277222,4.791265826e-10,0.2818585361,4.849791047,-1075.150209,1.784966613,0.2808494165,0.02382938651,89.01948972,88.90042896,4.602529824,-1.143327122e-11,2.421941944e-10,0.05177173921,1.110559688e-09,
3036494000,0.6935555593,154.0857624,-565.9142376,5.526468535,-0.6238179993,0.3031013322,14.62280092,9.509824927,11.10808429,-4.718549741e-12,5.822196664e-10,1.168064016,3.298304508e-10,0.2596953283,0.8749218838,-1079.125078,1.701590408,0.2596650509,0.003965463035,85.07319724,85.0701209,0.723477356,-7.244739291e-11,3.792037706e-11,0.008504482518,9.770114439e-10,
3048492000,0.6947875124,153.0354304,-566.9645696,5.552811831,-0.6192551407,0.3150440573,14.97878783,9.504312715,11.57722439,-4.509523154e-12,6.044209691e-10,1.218102217,1.631507267e-10,0.2458948252,-2.784055432,-1082.784055,1.652149948,0.2456045938,-0.01194355794,82.54993065,82.52326347,-2.098103014,2.488331654e-11,-1.095372617e-10,0.02542438249,9.653134083e-10,
3060490000,0.7033345561,152.909387,-567.090613,5.74160082,-0.626169912,0.3202978912,14.85085326,9.197614634,11.65983394,-4.460019952e-12,6.063474174e-10,1.267701943,7.269530564e-11,0.2349313115,-7.091145945,-1087.091146,1.614144364,0.2331343281,-0.02900183057,80.36571629,80.21469449,-4.924544996,1.055997906e-11,-2.560915666e-10,0.06139205574,1.036275253e-09,
3072488000,0.7235478962,153.034445,-566.965555,6.234526243,-0.6448832571,0.3280962401,14.4126353,8.468354995,11.66237625,-4.441635214e-12,6.041113355e-10,1.377171394,8.958657605e-11,0.2234063015,-12.01446953,-1092.01447,1.575349251,0.2185126006,-0.04650396674,77.88010398,77.50959431,-7.587712787,6.826829442e-12,-3.930436821e-10,0.09789385243,1.064449378e-09,
3084486000,0.7515514615,152.5162982,-567.4837018,7.049956792,-0.6667329756,0.3468382022,14.12687918,7.507350322,11.96697149,-4.311745035e-12,6.174781361e-10,1.594033977,1.909552476e-10,0.2095616859,-16.88968594,-1096.889686,1.530241721,0.200522431,-0.06088394585,74.96111941,74.36045066,-9.470628367,5.44826889e-12,-4.886705009e-10,0.1273610943,9.852884031e-10,
3096484000,0.7811258217,151.2972272,-568.7027728,8.137669941,-0.6851433639,0.3751481311,14.18463655,6.540005691,12.58698691,-4.08347133e-12,6.469535078e-10,1.924614061,3.072445174e-10,0.1944527841,-20.87305998,-1100.87306,1.482784324,0.1816912575,-0.06928327505,72.06940946,71.33349741,-10.27287335,5.00333241e-12,-5.280113101e-10,0.144011912,8.034418628e-10,
3108482000,0.807494951,149.65405,-570.34595,9.389337892,-0.6968605946,0.4079625075,14.56150705,5.712052877,13.39439955,-3.822509074e-12,6.857961212e-10,2.344936198,3.86351815e-10,0.1804253688,-23.94053319,-1103.940533,1.440290272,0.1649028536,-0.073214497,69.61712798,68.83315414,-10.41832037,4.914440335e-12,-5.334202305e-10,0.1513561378,5.810796964e-10,
3120480000,0.8296961746,147.8301936,-572.1698064,10.74371741,-0.7023161257,0.441755364,15.14454876,5.037203973,14.2822944,-3.571089603e-12,7.284449036e-10,2.835361538,4.261959353e-10,0.1698540118,-25.84049775,-1105.840498,1.409214799,0.1528704649,-0.07403381853,67.92695259,67.15094148,-10.23825895,4.981643197e-12,-5.221855356e-10,0.15246635,3.980424206e-10,
3132478000,0.8477501316,145.9060067,-574.0939933,12.13630036,-0.7020380806,0.475208185,15.87022754,4.504349268,15.21758719,-3.338768469e-12,7.731751742e-10,3.378420785,4.420065426e-10,0.1621431946,-26.95519661,-1106.955197,1.387042735,0.1445281618,-0.0734984762,66.78630638,66.03801933,-9.969489609,5.096349188e-12,-5.065298308e-10,0.1509659089,2.885346065e-10,
3144476000,0.8626630374,143.966951,-576.033049,13.56272195,-0.6976164621,0.5074630902,16.6697744,4.074199184,16.16422839,-3.131243697e-12,8.181384912e-10,3.967461497,4.473686817e-10,0.1575699835,-27.9620116,-1107.962012,1.374084447,0.1391750539,-0.07388236643,66.063774,65.31816407,-9.897458122,5.11385223e-12,-5.00951314e-10,0.1515268878,2.729854696e-10,
3156474000,0.8741911337,142.0399212,-577.9600788,14.89713077,-0.6892468451,0.5377256965,17.51670259,3.751385346,17.11028865,-2.946867296e-12,8.627306978e-10,4.561058669,4.417209713e-10,0.1565641859,-29.11108504,-1109.111085,1.37125335,0.1367867029,-0.07616916853,65.7384384,64.9511968,-10.14319069,4.970994984e-12,-5.114374259e-10,0.1561663402,3.439361343e-10,
3168472000,0.8824572619,140.1016834,-579.8983166,16.01508772,-0.6770070896,0.5660319952,18.41014122,3.531554293,18.06824352,-2.780060984e-12,9.075826675e-10,5.116229859,4.333908808e-10,0.1586387893,-30.65805693,-1110.658057,1.377100316,0.1364651765,-0.08089203346,65.68201717,64.79574548,-10.75354581,4.671093586e-12,-5.401594117e-10,0.1659606774,4.822063261e-10,
3180470000,0.888863442,138.2990577,-581.7009423,16.99587854,-0.6636496601,0.5913098572,19.26469233,3.366961155,18.96818239,-2.638172028e-12,9.491930401e-10,5.633620797,4.338900906e-10,0.1627557521,-33.03495627,-1113.034956,1.38878918,0.1364443523,-0.08872639728,65.65489741,64.59060655,-11.77366127,4.250277553e-12,-5.891696475e-10,0.1822813238,6.833041126e-10,
3192468000,0.8964426627,136.4776999,-583.5223001,18.31297243,-0.6500163136,0.6173234481,20.14035191,3.16387244,19.89029125,-2.506411857e-12,9.915958976e-10,6.286691903,4.253062372e-10,0.1689850095,-36.41399669,-1116.413997,1.406695454,0.135990485,-0.1003121201,65.55493054,64.20011985,-13.25871525,3.760037145e-12,-6.609902029e-10,0.2065216589,9.109327755e-10,
3204466000,0.9012978234,134.481449,-585.518551,19.26297767,-0.631519821,0.6430555825,21.13123367,3.051043962,20.90981031,-2.375277586e-12,1.038519264e-09,6.853329736,4.199002906e-10,0.1758825419,-40.9900241,-1120.990024,1.426838529,0.132760328,-0.1153662162,65.07296237,63.30334405,-15.07239406,3.295203373e-12,-7.485946238e-10,0.2380979124,1.149427561e-09,
3216464000,0.9060544603,132.8254041,-587.1745959,20.2889298,-0.615905526,0.6645261982,21.96483323,2.932856687,21.76814761,-2.273107437e-12,1.077117075e-09,7.422165462,4.137514067e-10,0.1830107768,-46.35339161,-1126.353392,1.448012707,0.1263155768,-0.1324285448,64.16886474,61.88720379,-16.95928093,2.917655438e-12,-8.39167916e-10,0.27403534,1.378479426e-09,
3228462000,0.9071549096,131.056871,-588.943129,20.5412575,-0.5958264384,0.6840474291,22.88054812,2.936890035,22.69127936,-2.172528438e-12,1.118622203e-09,7.726295193,4.035367814e-10,0.188766454,-52.88875619,-1132.888756,1.465381282,0.1138949762,-0.150534742,62.52891769,59.68780064,-18.63416223,2.645541511e-12,-9.186166757e-10,0.3121938157,1.56828855e-09,
3240460000,0.9104220027,129.254448,-590.745552,21.32691131,-0.5760835837,0.704979381,23.8223645,2.870341249,23.64880951,-2.07684547e-12,1.161509456e-09,8.239023677,4.039615494e-10,0.1923696508,-60.23482372,-1140.234824,1.476380441,0.09550123049,-0.1669898127,60.23994788,56.91429049,-19.73866404,2.488259732e-12,-9.694629628e-10,0.3468138472,1.710120343e-09,
3252458000,0.9114189862,127.5519853,-592.4480147,21.57820174,-0.555492554,0.7225735885,24.73139655,2.877879746,24.56338298,-1.992141832e-12,1.201978264e-09,8.535236058,3.956358346e-10,0.1929741584,-67.91869489,-1147.918695,1.478235388,0.07254321775,-0.1788197622,57.55975743,53.95719211,-20.04362977,2.441361336e-12,-9.808098232e-10,0.37147281,1.786219228e-09,
3264456000,0.9105269832,125.8537318,-594.1462682,21.35310792,-0.5333120712,0.7379956788,25.65641302,2.951645286,25.48606128,-1.912963085e-12,1.24254474e-09,8.634527122,3.825625245e-10,0.1914428645,-75.77086524,-1155.770865,1.473541958,0.04705671634,-0.1855694905,54.76546301,51.10407832,-19.688299,2.476287789e-12,-9.598812503e-10,0.3852588609,1.796403766e-09,
3276454000,0.9086757303,124.2129194,-595.7870806,20.89998351,-0.5109209743,0.7514328586,26.56580559,3.060691213,26.3889029,-1.840749629e-12,1.281850543e-09,8.621876911,3.672584289e-10,0.1873404145,-83.69664037,-1163.69664,1.461055079,0.02056858997,-0.1862078517,52.02822261,48.53838667,-18.73395227,2.592905251e-12,-9.10008536e-10,0.3859615772,1.777654652e-09,
3288452000,0.9070677813,122.6620077,-597.3379923,20.52106156,-0.4895283387,0.7636320877,27.43766677,3.162720907,27.25477488,-1.775767181e-12,1.319080268e-09,8.617508686,3.482049835e-10,0.1829537804,-91.14170528,-1171.141705,1.447841936,-0.003645390229,-0.1829174593,49.64850313,46.43362795,-17.57532529,2.753754708e-12,-8.506129622e-10,0.3785042451,1.759966718e-09,
3300450000,0.9028550806,121.2163874,-598.7836126,19.58779824,-0.4679241779,0.772136167,28.26788575,3.359741831,28.0675168,-1.718078419e-12,1.353477265e-09,8.354069513,3.260437064e-10,0.1773372159,-98.62421581,-1178.624216,1.431129788,-0.02659228718,-0.1753320803,47.48501743,44.64881006,-16.16510564,2.983104222e-12,-7.795168743e-10,0.3620500885,1.763046207e-09,
3312448000,0.895372117,119.8320237,-600.1679763,18.11536336,-0.4454108227,0.776724164,29.08166115,3.682596544,28.84755619,-1.66556672e-12,1.386053808e-09,7.833482665,3.000544987e-10,0.1721987013,-106.3160227,-1186.316023,1.416038732,-0.04837666059,-0.1652637028,45.50298762,43.07273992,-14.67177419,3.274827497e-12,-7.049425034e-10,0.3406278359,1.832231592e-09,
3324446000,0.8889226758,118.5865411,-601.4134589,17.00547515,-0.4253367037,0.78055891,29.82279188,3.972507445,29.55703131,-1.619720344e-12,1.415017009e-09,7.440396706,2.666747827e-10,0.1672732907,-114.1849327,-1194.184933,1.40174835,-0.06852904973,-0.1525913599,43.72398917,41.71620445,-13.09753849,3.655200169e-12,-6.27033194e-10,0.3139676456,1.988396443e-09,
3336444000,0.8787409742,117.4968338,-602.5031662,15.49361758,-0.4057143531,0.7794751846,30.49038673,4.408829348,30.16995039,-1.581108581e-12,1.439165992e-09,6.843075113,2.216424812e-10,0.1623916648,-122.9309532,-1202.930953,1.387750833,-0.08828064987,-0.1362995952,42.02524532,40.4689817,-11.33061181,4.210008095e-12,-5.404924759e-10,0.2799826271,2.199737975e-09,
3348442000,0.8704798397,116.624767,-603.375233,14.44161153,-0.3901016738,0.7781746818,31.03093813,4.772866811,30.66168397,-1.55017721e-12,1.457381841e-09,6.42416501,1.938784467e-10,0.1554638437,-133.2589555,-1213.258956,1.368163855,-0.1065388791,-0.1132186995,40.48337381,39.43558476,-9.150858403,5.194162299e-12,-4.349498508e-10,0.2320457135,2.402716999e-09,
3360440000,0.866438616,116.026231,-603.973769,13.9743881,-0.3801781754,0.7785758988,31.40052023,4.963698817,31.00571504,-1.527503573e-12,1.468472227e-09,6.246494032,2.002731018e-10,0.1440241236,-144.2854326,-1224.285433,1.336514445,-0.1169382462,-0.08407374578,39.59720334,39.02605922,-6.701135265,7.06765923e-12,-3.173747491e-10,0.1717092476,2.472501864e-09,
3372438000,0.8675644395,115.134766,-604.865234,14.10168411,-0.3684969777,0.7854158351,31.93574098,4.967179122,31.54708677,-1.495949377e-12,1.488796769e-09,6.351107136,2.583226306e-10,0.1281090109,-155.3977305,-1235.39773,1.293864744,-0.1164792261,-0.05333393446,39.59414839,39.3633507,-4.268864998,1.105512702e-11,-2.014598833e-10,0.1084477038,2.327313684e-09,
3384436000,0.8678344375,113.9166563,-606.0833437,14.132535,-0.3518264599,0.7933188218,32.67938501,5.024105362,32.2908744,-1.456310632e-12,1.518495926e-09,6.427188938,3.444760546e-10,0.1097417242,-165.258705,-1245.258705,1.246539071,-0.1061295325,-0.0279243328,40.41216101,40.3477452,-2.280836403,2.061767501e-11,-1.07257572e-10,0.05652946384,2.02511508e-09,
3396434000,0.8650101339,112.1007155,-607.8992845,13.81592699,-0.3254478087,0.801452591,33.81538602,5.246831416,33.40585415,-1.402730924e-12,1.565379105e-09,6.366862493,4.267816883e-10,0.09224487072,-173.0339166,-1253.033917,1.203237344,-0.09156393006,-0.01118762198,41.61264485,41.60205262,-0.9388448165,4.991178928e-11,-4.399372793e-11,0.0225672715,1.677593778e-09,
3408432000,0.8553051034,110.1038136,-609.8961864,12.82218756,-0.2939873518,0.8031925403,35.10771625,5.786822356,34.62750969,-1.348479157e-12,1.616913388e-09,5.983855657,4.871767901e-10,0.07799671061,-179.2025348,-1259.202535,1.169189658,-0.07798915591,-0.001085553851,42.7653196,42.76521758,-0.09341618943,4.998542048e-10,-4.362019929e-12,0.002184396449,1.44354182e-09,
3420430000,0.8331164268,107.8242393,-612.1757607,10.98440303,-0.2550153398,0.7931268228,36.64700221,6.939683396,35.98393482,-1.293096015e-12,1.674357054e-09,5.185241569,4.854580741e-10,0.06721804992,175.3441982,-1264.655802,1.144123822,-0.06699625039,0.005456067238,43.72121759,43.7185911,0.4792284268,-9.709499711e-11,2.229882588e-11,0.01096166218,1.455814287e-09,
3432428000,0.7997926575,105.5336296,-614.4663704,8.989643613,-0.2141876171,0.770578977,38.26615102,8.711898465,37.26125519,-1.244403474e-12,1.727731201e-09,4.277053428,3.939503479e-10,0.05940334611,169.3769311,-1270.623069,1.126309924,-0.05838524436,0.0109508342,44.48418169,44.47344073,0.977491883,-4.743572425e-11,4.532437826e-11,0.02197922776,1.759651065e-09,
3444426000,0.7494330399,103.9016608,-616.0983392,6.981898328,-0.1800559187,0.7274817849,39.53566048,11.40490297,37.85494205,-1.220620578e-12,1.749145183e-09,3.319181421,1.46049048e-10,0.05326971102,161.2360028,-1278.763997,1.11253408,-0.05043850975,0.01713530992,45.19968292,45.17301231,1.552512638,-2.976241229e-11,7.173620818e-11,0.03436814503,2.372156414e-09,
3456424000,0.6875766528,103.5571936,-616.4428064,5.401570233,-0.1611788882,0.6684182967,40.02658135,14.68532783,37.23531068,-1.23662533e-12,1.714541894e-09,2.535545076,-3.096699486e-10,0.04781802948,149.8494346,-1290.150565,1.100438847,-0.0413486558,0.02401775608,46.03151893,45.97826099,2.21365097,-2.080098849e-11,1.019300566e-10,0.04814560016,3.277792072e-09,
3468422000,0.6230623477,105.6583236,-614.3416764,4.305917273,-0.168164604,0.5999394595,39.04958869,17.73791174,34.78845877,-1.319024951e-12,1.596332619e-09,1.961248836,-8.819492937e-10,0.04217750057,133.8779076,-1306.122092,1.088069555,-0.02923423551,0.03040231946,47.16216368,47.07491132,2.867474054,-1.600253193e-11,1.315793378e-10,0.0609129996,4.457778243e-09,
3480420000,0.5772916506,111.3430542,-608.6569458,3.731394596,-0.2101060099,0.5376998368,36.08012457,19.01177191,30.66476672,-1.491244349e-12,1.402258693e-09,1.612935757,-1.338512235e-09,0.036255142,112.26747,-1327.73253,1.07523805,-0.01373819014,0.03355141507,48.64630248,48.53686238,3.261247531,-1.402183049e-11,1.491324797e-10,0.06719114856,5.77549403e-09,
3492418000,0.5682384326,119.0556602,-600.9443398,3.63218626,-0.2759701336,0.4967246739,32.06290533,18.05772288,26.49431152,-1.720050807e-12,1.207387157e-09,1.467201136,-1.430713018e-09,0.03088275296,83.75502308,-1356.244977,1.063733781,0.003359417412,0.03069949095,50.33675566,50.24196223,3.087750255,-1.475882379e-11,1.407136019e-10,0.06145759675,6.85198624e-09,
3504416000,0.6063875698,125.765571,-594.234429,4.081140346,-0.3544154649,0.4920320752,28.16447671,15.22472683,23.69483998,-1.916684793e-12,1.07611394e-09,1.556339252,-1.120256771e-09,0.02821599003,50.18099764,-1389.819002,1.058070497,0.01806851745,0.02167188894,51.83921961,51.79051597,2.246585222,-2.021536464e-11,1.020298798e-10,0.04337831319,7.253405207e-09,
3516414000,0.6656810466,129.3453159,-590.6546841,4.982311143,-0.4220369332,0.5147971278,25.58890262,12.17356368,22.5076939,-2.010893781e-12,1.018711318e-09,1.848899344,-6.063866977e-10,0.02843006306,16.94290816,-1423.057092,1.058523966,0.02719607358,0.008285050848,52.79544033,52.78818212,0.875413115,-5.170196895e-11,3.96217068e-11,0.01658350562,6.771429525e-09,
3528412000,0.7292849997,130.3917397,-589.6082603,6.387843296,-0.4725840483,0.5554466024,24.33372681,9.44971174,22.42394275,-2.01154089e-12,1.01146956e-09,2.37297638,-1.431139166e-10,0.0304502574,-10.97391277,-1450.973913,1.062813193,0.02989344273,-0.005796572901,53.08135289,53.07777953,-0.6159095195,7.323588341e-11,-2.778163223e-11,0.01160390515,5.658063537e-09,
3540410000,0.7880263241,129.8383455,-590.1616545,8.435133825,-0.5048283658,0.6050899177,24.10330097,7.203839995,23.00160445,-1.954377446e-12,1.034009916e-09,3.192964372,1.50189155e-10,0.0327915294,-31.90602231,-1471.906022,1.067806539,0.02783725854,-0.01733122723,52.86255093,52.83075443,-1.833214847,2.452184861e-11,-8.241000469e-11,0.03469976658,4.37945379e-09,
3552408000,0.8378259476,128.6098016,-591.3901984,11.33242908,-0.5228145193,0.6546887023,24.43732296,5.42381904,23.82781862,-1.880238784e-12,1.067533661e-09,4.393180976,2.852430321e-10,0.03439021325,-47.5883405,-1487.58834,1.071230043,0.02319457035,-0.02539091715,52.3729663,52.30540766,-2.659309675,1.68472251e-11,-1.19142362e-10,0.05084196441,3.230600186e-09,
3564406000,0.8764168616,126.9927399,-593.0072601,15.18343752,-0.5273521386,0.7000044551,25.13601075,4.107492528,24.79813585,-1.800586256e-12,1.107266091e-09,6.03729299,3.39538319e-10,0.03484256668,-59.3303138,-1499.330314,1.072200794,0.01777277235,-0.02996886744,51.8077824,51.71474668,-3.103432357,1.438767708e-11,-1.385719248e-10,0.060010588,2.336526102e-09,
3576404000,0.9087401735,125.6543199,-594.3456801,20.91544818,-0.5296988104,0.7383954721,25.76988346,3.01869741,25.59246685,-1.738847159e-12,1.138900305e-09,8.477983506,3.550844376e-10,0.03478596972,-67.03110088,-1507.031101,1.072079287,0.01357457798,-0.03202802713,51.37470846,51.26937794,-3.288092857,1.353410327e-11,-1.46324697e-10,0.06413366007,1.641609987e-09,
3588402000,0.9368741495,123.983281,-596.016719,30.68274144,-0.5236667097,0.7768567108,26.64070608,2.089983667,26.55859915,-1.669990027e-12,1.17794281e-09,12.70756301,3.484278401e-10,0.03456742299,-72.64519443,-1512.645194,1.071610227,0.01031104756,-0.0329937726,51.04070247,50.92967506,-3.364744791,1.318156307e-11,-1.492351653e-10,0.0660664885,1.066526493e-09,
3600400000,0.9594125615,122.4459855,-597.5540145,48.27632965,-0.5147289438,0.8096459581,27.47935454,1.347956179,27.4462737,-1.610593673e-12,1.213256896e-09,20.36139908,3.384543478e-10,0.03376368948,-76.3837661,-1516.383766,1.069887023,0.00794856317,-0.03281473862,50.80035611,50.69105565,-3.33062435,1.32722247e-11,-1.472295659e-10,0.06570437936,6.091011792e-10,
3612398000,0.9773283329,121.0721201,-598.9278799,87.21583313,-0.5044153873,0.8370996281,28.25233671,0.756229889,28.2422139,-1.560004318e-12,1.244294772e-09,37.34606938,3.217811306e-10,0.03333552912,-77.68711395,-1517.687114,1.068970217,0.007108805663,-0.03256873322,50.71520615,50.60771981,-3.300125941,1.335039221e-11,-1.453968683e-10,0.06520993147,1.772108535e-10,
3624396000,0.9941438765,119.8005048,-600.1994952,340.522855,-0.4940712212,0.8626793585,28.98402187,0.1961715444,28.98335799,-1.515080777e-12,1.272720942e-09,147.7449651,3.081235606e-10,0.0330445519,-77.66453382,-1517.664534,1.06834762,0.007059477412,-0.03228166955,50.71022137,50.60463002,-3.270775386,1.3425602e-11,-1.436267093e-10,0.06463391561,-1.739899659e-10,
3636394000,1.006387693,118.3567073,-601.6432927,nan,-0.4779933054,0.8856289224,29.83196141,-0.2158477528,29.83118053,-1.467164327e-12,1.305628554e-09,-138.2047306,3.006360703e-10,0.03335485925,-75.83192704,-1515.831927,1.06901159,0.008164173565,-0.03234026756,50.82227045,50.71605809,-3.283995374,1.332743774e-11,-1.437314265e-10,0.06475257537,-4.260394537e-10,
3648392000,1.019242457,117.1493322,-602.8506678,nan,-0.4650917691,0.9069425741,30.55368129,-0.6543395008,30.5466738,-1.428087145e-12,1.332547086e-09,-46.68321836,2.848608652e-10,0.03466325458,-73.55380266,-1513.553803,1.071815881,0.009813682319,-0.0332450426,50.9899894,50.87738057,-3.386910882,1.287997047e-11,-1.477482707e-10,0.06657007189,-6.019372413e-10,
3660390000,1.032460753,115.9050496,-604.0949504,nan,-0.4510625544,0.9287183526,31.30972409,-1.111404593,31.28999205,-1.389592043e-12,1.360498991e-09,-28.15355653,2.658584483e-10,0.03726302332,-70.54156107,-1510.541561,1.0774106,0.01241317014,-0.03513468535,51.25534999,51.12892321,-3.597792912,1.208527701e-11,-1.564332014e-10,0.0703670777,-6.44037702e-10,
3672388000,1.039845256,114.8743645,-605.1256355,nan,-0.4373900455,0.943381208,31.94308267,-1.374772564,31.9134851,-1.357992397e-12,1.383075237e-09,-23.21364707,2.528340941e-10,0.04090560301,-67.31003937,-1507.310039,1.085300473,0.01577910685,-0.03773974224,51.60089061,51.45403769,-3.890233644,1.114027436e-11,-1.685959965e-10,0.0756059936,-5.989576662e-10,
3684386000,1.050167176,113.7526057,-606.2473943,nan,-0.4229950693,0.9612108352,32.6428393,-1.74392397,32.59622197,-1.325219268e-12,1.40806361e-09,-18.6913091,2.326454635e-10,0.04639792129,-65.04491286,-1505.044913,1.097310864,0.01957564016,-0.04206615519,51.99305109,51.80922598,-4.36823367,9.888926437e-12,-1.886952076e-10,0.08431381839,-4.27253777e-10,
3696384000,1.059956683,112.7652479,-607.2347521,nan,-0.4101569897,0.9773839638,33.26739445,-2.097751878,33.20118929,-1.296848993e-12,1.429541247e-09,-15.82703352,2.286333403e-10,0.0534909517,-63.36679742,-1503.366797,1.113027872,0.02397877244,-0.04781527356,52.45104321,52.21147847,-5.007339662,8.598763377e-12,-2.156006678e-10,0.09590495825,-1.431134395e-10,
3708382000,1.066633024,111.9353034,-608.0646966,nan,-0.3984508007,0.9894154679,33.79696477,-2.346242273,33.71542637,-1.272937296e-12,1.446985981e-09,-14.36996799,2.261101224e-10,0.06309673059,-63.28603858,-1503.286039,1.134692092,0.02836429451,-0.05636190387,52.90971075,52.57408603,-5.950039448,7.212998173e-12,-2.553615538e-10,0.1131743773,1.95783884e-10,
3720380000,1.072122813,110.8453586,-609.1546414,nan,-0.3815115929,1.001946222,34.49747366,-2.565645313,34.40193531,-1.243511929e-12,1.471687854e-09,-13.40868714,2.343229521e-10,0.07493568994,-65.09874143,-1505.098741,1.16201185,0.0315521022,-0.06796927595,53.24252392,52.75187667,-7.211508927,5.93207571e-12,-3.085027048e-10,0.1367062061,5.987923151e-10,
3732378000,1.076315487,109.8293857,-610.1706143,nan,-0.3651082052,1.012497421,35.15776966,-2.742697318,35.05062594,-1.216574566e-12,1.494618277e-09,-12.7796187,2.365883419e-10,0.08931571115,-68.40716793,-1508.407168,1.196150768,0.03286891686,-0.08304776073,53.3745094,52.64175102,-8.813869938,4.838022382e-12,-3.75838398e-10,0.1674311695,1.036620353e-09,
3744376000,1.07824904,108.7576745,-611.2423255,nan,-0.3467285535,1.020980069,35.86080933,-2.8469283,35.74762433,-1.189031865e-12,1.519455075e-09,-12.55655941,2.334041775e-10,0.1067159495,-73.7379911,-1513.737991,1.238929486,0.02988369181,-0.1024463705,53.0474257,51.94356784,-10.76546022,3.948281221e-12,-4.575865802e-10,0.2072529991,1.477775741e-09,
3756374000,1.084360185,107.869689,-612.130311,nan,-0.3327393445,1.032047257,36.45442524,-3.094288531,36.32286467,-1.166463659e-12,1.53897441e-09,-11.73868058,2.42197568e-10,0.126600664,-81.35368154,-1521.353682,1.289903275,0.01903246204,-0.1251618693,51.90966531,50.30724419,-12.79822389,3.310561059e-12,-5.422518086e-10,0.254401212,1.894871592e-09,
3768372000,1.083633634,106.784517,-613.215483,nan,-0.3129242339,1.037468205,37.18141312,-3.111696189,37.05097608,-1.139899885e-12,1.564825869e-09,-11.90700307,2.443870356e-10,0.1462595961,-90.54012064,-1530.540121,1.34263248,-0.001378751747,-0.1462530974,49.86519419,47.77663085,-14.28044592,2.957498919e-12,-6.031261133e-10,0.2989002294,2.223553048e-09,
3780370000,1.086088732,105.5853689,-614.4146311,nan,-0.2918036499,1.04615456,37.99951672,-3.249656031,37.86030912,-1.111992013e-12,1.593932696e-09,-11.65055894,2.475857294e-10,0.1650806181,-100.928508,-1540.928508,1.395440857,-0.03129664418,-0.1620867994,47.04076915,44.62783606,-14.87246484,2.830758843e-12,-6.261361443e-10,0.3332553437,2.409873419e-09,
3792368000,1.088864623,104.6219544,-615.3780456,nan,-0.2748731406,1.053599034,38.66673273,-3.393069341,38.51757132,-1.089559026e-12,1.616473367e-09,-11.35183736,2.321822713e-10,0.1796519069,-111.9713189,-1551.971319,1.437989454,-0.06721539874,-0.166604015,43.86213902,41.47255263,-14.27986754,2.938904537e-12,-5.99285593e-10,0.3443209215,2.456408986e-09,
3804366000,1.082221671,103.6040099,-616.3959901,nan,-0.2545495058,1.051859446,39.37379456,-3.193738933,39.24405343,-1.066016634e-12,1.641767667e-09,-12.28780882,2.113841882e-10,0.1902277958,-122.6826727,-1562.682673,1.469830391,-0.10272031,-0.160109813,40.8986071,38.81250987,-12.89515956,3.244226142e-12,-5.394665988e-10,0.3322423519,2.360173731e-09,
3816364000,1.080456019,102.7608954,-617.2391046,nan,-0.2386542608,1.053769117,39.97012598,-3.164548073,39.84465593,-1.046647066e-12,1.661653329e-09,-12.59094664,1.924966506e-10,0.1951698184,-132.7126293,-1572.712629,1.484996271,-0.1323879124,-0.1434039702,38.52106515,36.91507579,-11.00679971,3.788866276e-12,-4.590197845e-10,0.2981654371,2.183324402e-09,
3828362000,1.07629173,101.9507609,-618.0492391,nan,-0.2228688156,1.052964092,40.5484338,-3.041384004,40.43421159,-1.028153967e-12,1.680955104e-09,-13.2946749,1.515806986e-10,0.1975155421,-141.5291088,-1581.529109,1.492260106,-0.1546397216,-0.122877768,36.78409111,35.63722584,-9.113588393,4.561605511e-12,-3.788755196e-10,0.2557322625,1.995176883e-09,
3840360000,1.064775588,101.2913441,-618.7086559,nan,-0.2084809278,1.044166057,41.02017746,-2.62176236,40.9363081,-1.012370593e-12,1.69651173e-09,-15.61404219,1.036109332e-10,0.1987900318,-149.700048,-1589.700048,1.49622456,-0.171634513,-0.1002949186,35.47926052,34.72996451,-7.253102228,5.713791589e-12,-3.00588245e-10,0.2088427769,1.876419575e-09,
3852358000,1.054320527,101.0651881,-618.9348119,nan,-0.2023512203,1.034720135,41.18053429,-2.217383267,41.12079299,-1.004689842e-12,1.698849761e-09,-18.54473857,3.822202123e-11,0.201588282,-157.2776014,-1597.277601,1.504973255,-0.1859424423,-0.07786683238,34.40369897,33.95917641,-5.512607428,7.494392361e-12,-2.277458952e-10,0.1623304217,1.879885561e-09,
3864356000,1.043917085,100.9660586,-619.0339414,nan,-0.1985816926,1.024855205,41.2492117,-1.804695251,41.20971415,-9.994093335e-13,1.697237447e-09,-22.83472189,-3.017668537e-11,0.2050824606,-165.3622907,-1605.362291,1.515984239,-0.1984261117,-0.05182560988,33.48130908,33.28701908,-3.601724392,1.143490408e-11,-1.483383624e-10,0.1082020707,1.992655557e-09,
3876354000,1.038036351,101.2879456,-618.7120544,nan,-0.203185059,1.017956432,41.01205141,-1.560445087,40.9823544,-1.001843295e-12,1.682649284e-09,-26.26324677,-9.12438134e-11,0.2080645916,-174.296748,-1614.296748,1.525458489,-0.2070346575,-0.02067667424,32.85400741,32.82335872,-1.418775838,2.893895981e-11,-5.825195216e-11,0.04322457826,2.146992247e-09,
3888352000,1.036612919,101.8316731,-618.1683269,nan,-0.2125441469,1.014589242,40.61657234,-1.491532932,40.58917686,-1.00842665e-12,1.661364026e-09,-27.21306113,-1.408708569e-10,0.2059590223,175.7753388,-1624.224661,1.518761696,-0.2053994032,0.01517247666,32.96345122,32.94691266,1.04406066,-3.920385972e-11,4.273466365e-11,0.03168918042,2.183822786e-09,
3900350000,1.043625828,102.6029187,-617.3970813,nan,-0.2277118036,1.01848034,40.06382308,-1.751859271,40.02550323,-1.019482441e-12,1.633252577e-09,-22.84744208,-1.397159379e-10,0.1961968012,165.7862805,-1634.21372,1.488171238,-0.1901905467,0.04817406706,34.05242001,33.88273471,3.395231544,-1.201841383e-11,1.385434341e-10,0.1002053575,2.022543995e-09,
3912348000,1.068642424,103.3508755,-616.6491245,nan,-0.2467642564,1.039761526,39.54364498,-2.693896316,39.45177792,-1.031136295e-12,1.604904643e-09,-14.64487616,-9.420591801e-11,0.1815977319,157.4334847,-1642.566515,1.443785994,-0.1676936377,0.06968916777,35.70008832,35.33495287,5.092878521,-7.987655694e-12,2.071791137e-10,0.144131465,1.646991805e-09,
3924346000,1.094542279,103.5457057,-616.4542943,nan,-0.2563647481,1.064095821,39.42419505,-3.652543263,39.25463136,-1.033146568e-12,1.592002494e-09,-10.74720504,-1.929472544e-11,0.1640193064,151.19451,-1648.80549,1.392399747,-0.1437236419,0.07903067526,37.50338275,37.01822007,6.012911196,-6.744784072e-12,2.438583497e-10,0.1624311268,1.115092025e-09,
3936344000,1.122894971,103.3947883,-616.6052117,nan,-0.2601291948,1.092348808,39.55592112,-4.690379431,39.27685369,-1.029414772e-12,1.588048558e-09,-8.373918202,5.021121004e-11,0.1484726543,147.5021302,-1652.49787,1.348720813,-0.1252235325,0.07976964329,38.93479522,38.42682274,6.268777628,-6.44976992e-12,2.534603039e-10,0.1631354658,5.908466013e-10,
3948342000,1.142744304,102.9976589,-617.0023411,nan,-0.2570160403,1.113466344,39.85677095,-5.423329027,39.4860696,-1.020848891e-12,1.591656235e-09,-7.280780754,9.447327304e-11,0.1361494782,146.6699843,-1653.330016,1.315215364,-0.1137555615,0.07480877392,39.83803512,39.38305244,6.003684106,-6.71409582e-12,2.420043659e-10,0.1524433413,1.734038325e-10,
3960340000,1.164924368,102.5405175,-617.4594825,nan,-0.2529399828,1.137132423,40.20571109,-6.23572596,39.71920097,-1.011782483e-12,1.596203147e-09,-6.369619387,1.348450592e-10,0.1293042039,146.935588,-1653.064412,1.297013502,-0.1083643906,0.07054598484,40.26725397,39.85900245,5.719411304,-7.026455983e-12,2.298470789e-10,0.1434910799,-6.479545409e-11,
3972338000,1.181149031,101.9325585,-618.0674415,nan,-0.2442146022,1.155626351,40.65801646,-6.851174726,40.07662295,-9.997302152e-13,1.605702396e-09,-5.849598726,1.692133703e-10,0.1262241526,147.7328826,-1652.267117,1.288916552,-0.1067311502,0.06738692957,40.3960386,40.02243354,5.481308977,-7.309533372e-12,2.196130889e-10,0.1369559143,-1.072754574e-10,
3984336000,1.194663912,101.0151706,-618.9848294,nan,-0.2282631214,1.172654173,41.33339885,-7.407406037,40.66423732,-9.823167397e-13,1.624339508e-09,-5.489673053,1.911374059e-10,0.126816099,148.3700296,-1651.62997,1.290468248,-0.1079779137,0.06650633887,40.29370962,39.93048741,5.398074633,-7.399890468e-12,2.156269604e-10,0.1351867954,-3.875730096e-11,
3996334000,1.210487055,100.1059327,-619.8940673,nan,-0.2124025488,1.191706368,42.01267008,-8.04957415,41.23431585,-9.658274858e-13,1.642166343e-09,-5.122546246,2.021751599e-10,0.1312213905,148.2695271,-1651.730473,1.302082462,-0.1116079282,0.06901248935,40.00314531,39.61436988,5.563572002,-7.15821339e-12,2.215705658e-10,0.140443279,1.198674884e-10,
4008332000,1.221003415,99.32595056,-620.6740494,nan,-0.1978645482,1.204864706,42.59737129,-8.502269204,41.74023789,-9.512650172e-13,1.657339059e-09,-4.909305609,2.003703287e-10,0.1384418351,147.5042839,-1652.495716,1.321375482,-0.1167662207,0.07437601363,39.59649671,39.14883722,5.937263332,-6.687597618e-12,2.357451448e-10,0.1516587402,3.506903519e-10,
4020330000,1.236760179,98.41091296,-621.589087,nan,-0.1809027043,1.223458194,43.29362647,-9.157833467,42.31397145,-9.355664521e-13,1.675105705e-09,-4.620522048,1.898454868e-10,0.1492630553,145.5770493,-1654.422951,1.350902958,-0.1231251726,0.08437802758,39.10737574,38.53754703,6.651639343,-5.95154519e-12,2.633219863e-10,0.1726015239,6.287201393e-10,
4032328000,1.249993156,97.53540275,-622.4645972,nan,-0.163922572,1.239198241,43.96428372,-9.73043341,42.87396539,-9.20599272e-13,1.692224323e-09,-4.406172221,1.770790737e-10,0.1622273257,142.1426195,-1657.857381,1.387282447,-0.1280850929,0.0995585967,38.74630815,37.9606818,7.762926839,-5.084389193e-12,3.064007142e-10,0.2044991415,9.621069272e-10,
4044326000,1.263179235,96.90122755,-623.0987725,nan,-0.1517812275,1.254027208,44.45749868,-10.2722306,43.25448494,-9.097935034e-13,1.70217858e-09,-4.210817165,1.627011724e-10,0.1773916867,137.3722677,-1662.627732,1.431290771,-0.1305193713,0.1201353579,38.60290229,37.46720615,9.294758128,-4.233854055e-12,3.657733578e-10,0.2480771609,1.311029355e-09,
4056324000,1.278279204,96.25652275,-623.7434772,nan,-0.1393069201,1.270665694,44.96344403,-10.88366419,43.62633554,-8.993707504e-13,1.711733814e-09,-4.008423523,1.680352704e-10,0.19360736,130.8286286,-1669.171371,1.480181367,-0.1265802528,0.146496585,38.97752668,37.28820476,11.35065512,-3.456738816e-12,4.453571434e-10,0.304403368,1.66073332e-09,
4068322000,1.29029301,95.53659336,-624.4634066,nan,-0.1244893627,1.28427351,45.5276236,-11.40860931,44.07502858,-8.875896101e-13,1.724238805e-09,-3.863312994,1.819034645e-10,0.2074709277,122.9205303,-1677.07947,1.523566731,-0.1127553183,0.1741563207,40.13915041,37.71834678,13.72871851,-2.849540357e-12,5.370748463e-10,0.363979858,1.972877514e-09,
4080320000,1.301381465,94.58876293,-625.4112371,nan,-0.1041149819,1.297210001,46.27319363,-11.95099691,44.70326746,-8.725426002e-13,1.743673533e-09,-3.740547152,1.918126578e-10,0.2174320588,113.5026271,-1686.497373,1.555688643,-0.0867099736,0.1993942844,42.30446935,39.02375344,16.33446646,-2.387926494e-12,6.371341169e-10,0.4185775334,2.161046326e-09,
4092318000,1.312453821,93.80664748,-626.1933525,nan,-0.08713336986,1.309558249,46.89571814,-12.47125433,45.20703701,-8.602896829e-13,1.758153546e-09,-3.624898973,2.05960414e-10,0.2190267075,103.4282165,-1696.571783,1.560907036,-0.05086390198,0.2130388745,45.36066558,41.40327413,18.52994533,-2.098826891e-12,7.206508375e-10,0.447547826,2.199091151e-09,
4104316000,1.327016691,92.97903281,-627.0209672,nan,-0.06896573124,1.325223387,47.56151054,-13.12518625,45.71462316,-8.482506417e-13,1.7726969e-09,-3.482969482,2.116337497e-10,0.2134957538,93.90396462,-1706.096035,1.542897905,-0.0145357145,0.2130003519,48.62859496,44.40598827,19.82040497,-1.956441278e-12,7.6858493e-10,0.4463453183,2.062525988e-09,
4116314000,1.33662986,91.89345493,-628.1065451,nan,-0.04416359795,1.335900056,48.43947248,-13.68008596,46.46759884,-8.320729509e-13,1.796643319e-09,-3.396732956,2.200371145e-10,0.2021456856,85.22740943,-1714.772591,1.5067233,0.01681874882,0.2014448011,51.64282125,47.61283524,19.99997269,-1.933224244e-12,7.732875859e-10,0.4200542268,1.753127008e-09,
4128312000,1.345031418,90.97483209,-629.0251679,nan,-0.02288330041,1.344836745,49.19191861,-14.17065896,47.10665857,-8.183994339e-13,1.816058855e-09,-3.324239099,2.352961118e-10,0.186898595,78.0598944,-1721.940106,1.459717801,0.03866727584,0.1828549332,53.88687288,50.39016338,19.09519582,-2.018940422e-12,7.361591867e-10,0.3789468924,1.379557009e-09,
4140310000,1.354799448,90.0567383,-629.9432617,nan,-0.00134161716,1.354798784,49.95270705,-14.71869342,47.73502912,-8.052858727e-13,1.834950968e-09,-3.243156696,2.45546977e-10,0.1726818271,73.48901952,-1726.51098,1.417449617,0.04907601863,0.1655613415,55.01595173,52.06694084,17.7704422,-2.163161961e-12,6.831019215e-10,0.3412999095,9.809126647e-10,
4152308000,1.364619281,88.81584218,-631.1841578,nan,0.02820119684,1.364327847,50.99520522,-15.36443949,48.62555865,-7.882536086e-13,1.863782268e-09,-3.164811751,2.53669666e-10,0.1597591053,69.97969458,-1730.020305,1.380269769,0.05469403225,0.1501050784,55.65077264,53.18414464,16.38460419,-2.339346842e-12,6.280099521e-10,0.3080730978,6.207328078e-10,
4164306000,1.378951261,87.67001916,-632.3299808,nan,0.05606075315,1.377811225,51.9709428,-16.15959352,49.39480168,-7.737421411e-13,1.887812003e-09,-3.0566859,2.639196334e-10,0.1503105613,68.08332707,-1731.916673,1.353801176,0.05610458415,0.1394472677,55.82359512,53.68100887,15.31741034,-2.495124095e-12,5.854136489e-10,0.2853413276,3.576124687e-10,
4176304000,1.374376414,86.68984009,-633.3101599,nan,0.07935794538,1.372083396,52.82677088,-16.27925197,50.25588201,-7.583001259e-13,1.915203501e-09,-3.087112486,2.620365983e-10,0.143573158,67.35714662,-1732.642853,1.335284115,0.05527361477,0.1325069025,55.7436839,53.80855479,14.56014171,-2.61735376e-12,5.54873047e-10,0.2705915773,1.474780536e-10,
4188302000,1.375969167,85.42002537,-634.5799746,nan,0.1098718763,1.371575488,53.95330527,-16.70610273,51.30170836,-7.407135937e-13,1.94945839e-09,-3.0708364,2.557479466e-10,0.14141042,67.07715158,-1732.922848,1.329401668,0.05507812401,0.1302432614,55.72575804,53.85575395,14.31495285,-2.65455801e-12,5.43966387e-10,0.2658017352,5.267707182e-11,
4200300000,1.364409767,84.28179188,-635.7182081,nan,0.1359442839,1.357620405,54.99942774,-16.63523858,52.42333344,-7.227950812e-13,1.986389698e-09,-3.151342446,2.440567764e-10,0.1435720727,67.29778728,-1732.702213,1.335281156,0.05541044547,0.1324485658,55.7588125,53.82477572,14.55811424,-2.602763443e-12,5.516262751e-10,0.2704723623,8.217333392e-11,
4212298000,1.342847996,83.35080831,-636.6491917,nan,0.1554883361,1.333815623,55.89171561,-16.11467963,53.5182303,-7.059912195e-13,2.022100739e-09,-3.32108559,1.762689863e-10,0.1492199814,66.97537162,-1733.024628,1.350783935,0.05836392907,0.1373326423,56.0760342,53.9862818,15.1658494,-2.491347479e-12,5.730173646e-10,0.2809204282,1.904187157e-10,
4224296000,1.311963632,82.45370086,-637.5462991,nan,0.172296653,1.300600797,56.78868137,-15.17360513,54.72399875,-6.884746681e-13,2.061786131e-09,-3.606525824,8.479147091e-11,0.1584152736,65.63338841,-1734.366612,1.376468984,0.0653579708,0.1443043123,56.83980407,54.50173263,16.13457366,-2.335115119e-12,6.078875988e-10,0.2960378116,3.804678728e-10,
4236294000,1.264684791,82.52729535,-637.4727047,nan,0.1644771378,1.253943735,56.78395753,-13.20049894,55.22829583,-6.802560243e-13,2.074892885e-09,-4.183803663,-6.530023699e-11,0.1699604355,63.79699227,-1736.203008,1.409523697,0.07504653229,0.1524944839,57.91349008,55.25265417,17.35270988,-2.165044031e-12,6.519305679e-10,0.3140611096,6.131911286e-10,
4248292000,1.213633796,82.86235784,-637.1376422,nan,0.1507981157,1.204228765,56.51993177,-10.88989653,55.46091273,-6.754897439e-13,2.077747577e-09,-5.09287784,-2.651250071e-10,0.1814407275,60.67024059,-1739.329759,1.443317262,0.08887608014,0.1581827424,59.49186,56.54319441,18.4972585,-2.025342173e-12,6.929679327e-10,0.3271350106,8.482970735e-10,
4260290000,1.173275664,84.55672985,-635.4432701,nan,0.1112970953,1.167984906,54.92453024,-8.741388164,54.22446085,-6.889468619e-13,2.025705053e-09,-6.203186478,-4.804354222e-10,0.1957666182,56.21422464,-1743.785775,1.486840319,0.1088637202,0.1627060516,61.85984382,58.59607583,19.82776273,-1.884114343e-12,7.407210422e-10,0.3383803855,1.069632353e-09,
4272288000,1.140996931,87.16472931,-632.8352707,nan,0.05643897425,1.13960021,52.51504934,-6.895261357,52.06040509,-7.155699054e-13,1.939398938e-09,-7.550171399,-7.122701809e-10,0.2095174796,51.1046093,-1748.895391,1.530100221,0.1315561193,0.1630661269,64.69096125,61.22697123,20.88488595,-1.78372337e-12,7.780217145e-10,0.3411059788,1.2355964e-09,
4284286000,1.124803542,90.75178517,-629.2482148,nan,-0.014758266,1.124706718,49.35266366,-5.778164066,49.01324546,-7.579284622e-13,1.820770203e-09,-8.482494594,-8.938267275e-10,0.2240240844,45.47959976,-1754.5204,1.577399581,0.157077438,0.1597293613,68.07431073,64.52255609,21.70141786,-1.71180215e-12,8.061758541e-10,0.3363384711,1.365946751e-09,
4296284000,1.132188099,95.14730192,-624.8526981,nan,-0.1015760354,1.127622366,45.73011744,-5.67101948,45.37712176,-8.163759538e-13,1.680985994e-09,-8.001581007,-9.984432438e-10,0.2406269989,39.35311893,-1760.646881,1.633751789,0.1860654693,0.1525811054,72.20271928,68.68907058,22.24958999,-1.66496511e-12,8.242314123e-10,0.3239174705,1.474654775e-09,
4308282000,1.171065708,99.86888309,-620.1311169,nan,-0.2007137173,1.153736927,42.14426744,-6.697055374,41.60875782,-8.878329494e-13,1.537095177e-09,-6.212992949,-1.007007357e-09,0.2574540437,32.59043742,-1767.409563,1.693435986,0.2169159235,0.1386725162,77.00498616,73.81740267,21.92621622,-1.684815374e-12,8.099900828e-10,0.2970331578,1.625182943e-09,
4320280000,1.244547364,104.16896,-615.83104,nan,-0.3046429834,1.206685873,39.18399688,-8.690090941,38.2082181,-9.641652012e-13,1.407553857e-09,-4.396756992,-8.949574784e-10,0.2730664533,25.70195608,-1774.298044,1.751283125,0.2460498634,0.1184261484,82.00171792,79.44115274,20.33187133,-1.811886063e-12,7.490065053e-10,0.2559362576,1.799386577e-09,
4332278000,1.35790805,107.9886898,-612.0113102,nan,-0.419361724,1.291530106,36.89507181,-11.45801374,35.07078906,-1.04751024e-12,1.288395952e-09,-3.060808782,-6.875012533e-10,0.2940545067,17.20708028,-1782.79292,1.833079918,0.2808931601,0.08698899657,88.62049073,87.05581785,16.57938349,-2.215824894e-12,6.090769881e-10,0.1904454395,2.00263793e-09,
4344276000,1.498047906,110.4152582,-609.5847418,nan,-0.5225515263,1.403954212,35.80109429,-14.50308748,32.73192335,-1.119260551e-12,1.199152033e-09,-2.256893465,-4.532396462e-10,0.3116424814,8.184525238,-1791.815475,1.905466921,0.3084683144,0.0443659236,94.46668858,94.01377367,9.239351159,-3.965164863e-12,3.384887166e-10,0.09827656946,2.228976003e-09,
4356274000,1.66765964,111.593286,-608.406714,nan,-0.6137247602,1.550622647,35.70214205,-17.78052404,30.95958514,-1.180075546e-12,1.131097587e-09,-1.741207688,-2.331701959e-10,0.3279374967,-1.900616949,-1801.900617,1.975913684,0.3277570848,-0.01087635543,98.74614132,98.71682234,-2.406119843,1.518405222e-11,-8.790674478e-11,0.02437395964,2.416422467e-09,
4368272000,1.864554638,112.1550066,-607.8449934,nan,-0.7031489117,1.726888996,36.12132681,-21.04897304,29.35457349,-1.241179758e-12,1.069513408e-09,-1.394584592,-5.972095713e-11,0.3398034856,-12.88205265,-1812.882053,2.029401029,0.331250998,-0.07575741012,99.06037834,97.63830954,-16.72480397,2.17845916e-12,-6.093565658e-10,0.171293461,2.56298645e-09,
4380270000,2.081335201,112.1544524,-607.8455476,nan,-0.7848811665,1.927671594,36.91577314,-24.13859819,27.930313,-1.300898604e-12,1.014834103e-09,-1.157080986,5.808062176e-11,0.3407181901,-24.44565695,-1824.445657,2.033604098,0.3101742298,-0.1409994051,93.5777062,89.15059873,-28.44218422,1.277486459e-12,-1.033432691e-09,0.3190352575,2.573300119e-09,
4392268000,2.350576497,111.4244327,-608.5755673,nan,-0.8586039683,2.188151981,38.18783246,-27.45074306,26.54745286,-1.364923911e-12,9.619536763e-10,-0.967094144,1.608868795e-10,0.3341419156,-35.89423534,-1835.894235,2.003643039,0.2706885772,-0.1959043489,85.12721935,77.88797153,-34.35269079,1.054801017e-12,-1.244778449e-09,0.4410525799,2.438592739e-09,
4404266000,2.63572873,110.7042406,-609.2957594,nan,-0.9318462834,2.465507745,39.3723147,-30.30889984,25.1306537,-1.437946756e-12,9.081349218e-10,-0.8291509699,2.486346876e-10,0.3178988649,-45.96854429,-1845.968544,1.93211651,0.2209566193,-0.228556034,76.49942991,68.18972567,-34.67454525,1.042163399e-12,-1.253018159e-09,0.5085010228,2.168005891e-09,
4416264000,2.986385019,109.4055351,-610.5944649,nan,-0.992233145,2.816730174,40.82153976,-33.26271072,23.66411173,-1.52291231e-12,8.528159448e-10,-0.7114306446,3.191629682e-10,0.3002612311,-54.78543321,-1854.785433,1.858209505,0.1731426505,-0.2453129216,69.48084738,61.15593794,-32.97786239,1.092804823e-12,-1.18846831e-09,0.5392421979,1.839911904e-09,
4428262000,3.461593001,107.7942871,-612.2057129,nan,-1.057864093,3.295989937,42.41876225,-36.3702755,21.83012713,-1.646381808e-12,7.845905779e-10,-0.6002189104,4.791745978e-10,0.288917324,-61.82118044,-1861.82118,1.812612468,0.1364339667,-0.2546742877,64.67698373,56.53348152,-31.4177926,1.143960832e-12,-1.129178218e-09,0.5557377991,1.610752288e-09,
4440260000,4.069121611,105.9866384,-614.0133616,nan,-1.120689714,3.911752197,43.97692834,-39.28897532,19.75719223,-1.814205608e-12,7.081690725e-10,-0.5028686056,6.859418429e-10,0.28403707,-67.7033907,-1867.703391,1.793440716,0.1077640637,-0.2628002353,61.20141228,53.13090679,-30.37630011,1.179986003e-12,-1.088796223e-09,0.5717256104,1.493988248e-09,
4452258000,4.942332844,102.0652427,-617.9347573,nan,-1.033072964,4.833157786,46.08946432,-42.60507124,17.579722,-2.033423347e-12,6.284226238e-10,-0.4126204109,1.177178956e-09,0.2946206246,-74.29601627,-1874.296016,1.835353669,0.07974419274,-0.2836232998,57.96506803,49.23897106,-30.58550049,1.168756979e-12,-1.093340411e-09,0.6211644928,1.765523415e-09,
4464256000,6.240836649,97.45618287,-622.5438171,nan,-0.8098605376,6.188066579,48.01219646,-45.64599969,14.88669611,-2.394819125e-12,5.307247774e-10,-0.3261336417,2.140651128e-09,0.3228239823,-80.8127831,-1880.812783,1.953441864,0.05154238256,-0.3186827676,54.90757477,44.73865416,-31.83228849,1.119961719e-12,-1.134851152e-09,0.7115164524,2.607281184e-09,
4476254000,8.230751355,86.63668723,-633.3633128,nan,0.4828749343,8.216574691,50.70741577,-49.23704818,12.12250387,-2.933006856e-12,4.31020316e-10,-0.2462069583,4.012744487e-09,0.372867837,-93.39543412,-1893.395434,2.189120441,-0.02208377777,-0.3722132865,48.09735104,36.38315781,-31.45824224,1.130240739e-12,-1.118509976e-09,0.8646374897,4.466132914e-09,
4488252000,10.75471187,67.47055809,-652.5294419,nan,4.120755233,9.933941998,53.66623916,-52.87833292,9.162266854,-3.870258401e-12,3.248971002e-10,-0.1732707207,5.818293779e-09,0.4312471258,-114.4615691,-1914.461569,2.516465746,-0.1785720162,-0.3925380472,36.64402442,26.37600804,-25.43797803,1.393992094e-12,-9.020393564e-10,0.9644362404,6.288482748e-09,
4500250000,13.33143105,30.39722007,-689.6027799,nan,11.49886882,6.745596332,56.90683782,-56.74174206,4.331616224,-8.164573806e-12,1.531910746e-10,-0.07633914764,6.351060266e-09,0.4742013099,-153.9240161,-1953.924016,2.803737129,-0.4259332605,-0.2084412146,21.190161,18.66231642,-10.0369751,3.523551668e-12,-3.549656577e-10,0.5378204334,6.879861134e-09,
4512248000,10.52551151,-0.07828332135,-720.0782833,nan,10.52550169,-0.01438101987,60.49811287,-60.49811079,-0.01584940561,2.225431293e-09,-5.590364822e-13,-0.0002619818273,5.377894372e-09,0.3351331326,173.6429191,-1986.357081,2.008121021,-0.3330724457,0.03710744524,25.04366678,24.95659809,2.08649415,-1.690479853e-11,7.359432763e-11,0.08360491051,5.985139995e-09,
4524246000,7.204554292,-16.74893,-736.74893,nan,6.898913632,-2.076196823,65.2999023,-65.08373613,-5.30891059,6.62626056e-12,-1.867580505e-10,-0.08157046453,3.395680447e-09,0.2042155634,153.9720888,-2006.027911,1.513243421,-0.1835041007,0.08961161405,34.60292955,34.01319323,6.361243567,-5.530086136e-12,2.237772566e-10,0.1870228274,4.142477919e-09,
4536244000,5.225327373,-25.09952489,-745.0995249,nan,4.731911814,-2.216541617,70.7926607,-69.80821515,-11.76494393,2.982180068e-12,-4.127751906e-10,-0.1685323698,1.811604573e-09,0.1318471064,142.332901,-2017.667099,1.303741673,-0.1043668153,0.08056815331,40.60544733,40.07024241,6.570998873,-5.339398463e-12,2.305446867e-10,0.1639870008,2.703731215e-09,
4548242000,3.945471836,-30.42663236,-750.4266324,nan,3.402094985,-1.99812355,77.36174573,-74.60518007,-20.46721302,1.709691914e-12,-7.162015838e-10,-0.2743403743,9.478241344e-10,0.08741646083,132.2683828,-2027.731617,1.191580183,-0.05879668432,0.06468838795,44.4687751,44.09560478,5.748878021,-6.08686225e-12,2.011683534e-10,0.1303730394,2.023436336e-09,
4560240000,3.204487809,-32.36356913,-752.3635691,nan,2.706729764,-1.715329736,84.39617374,-79.14854642,-29.29542186,1.191331639e-12,-1.022426714e-09,-0.3701321525,4.63724319e-10,0.06235722519,126.1039113,-2033.896089,1.133008491,-0.03674408929,0.05038149894,46.46448657,46.22856922,4.676312706,-7.463265423e-12,1.632059459e-10,0.1011563366,1.762983752e-09,
4572238000,2.636730089,-33.58649701,-753.586497,nan,2.196532315,-1.458626529,93.1197138,-83.61724847,-40.98093285,8.493945359e-13,-1.42650449e-09,-0.4901014276,1.525542844e-10,0.04367768656,118.3876432,-2041.612357,1.091345116,-0.02076587848,0.03842549406,47.96859672,47.82703081,3.682579983,-9.45233521e-12,1.281868546e-10,0.07699788008,1.805882338e-09,
4584236000,2.223584147,-33.53436844,-753.5343684,nan,1.853478787,-1.228390347,103.8469524,-88.14653869,-54.90334453,6.323453994e-13,-1.90612758e-09,-0.6228644408,-1.845584511e-11,0.03086493922,111.1991685,-2048.800831,1.063695847,-0.01116110277,0.02877627943,48.89711255,48.81617854,2.812174992,-1.234556079e-11,9.763274639e-11,0.05760743827,2.324619209e-09,
4596234000,1.907143734,-33.13585605,-753.1358561,nan,1.596997914,-1.042494548,116.4717229,-91.36622354,-72.23486295,4.793703267e-13,-2.501294647e-09,-0.7906079528,-1.563422094e-10,0.02148658811,100.7201968,-2059.279803,1.043916798,-0.003996784196,0.02111158888,49.60208929,49.55789236,2.093458192,-1.654069328e-11,7.249069987e-11,0.04224268007,3.376079409e-09,
4608232000,1.659631602,-32.1903098,-752.1903098,nan,1.404518471,-0.8841407797,131.7470383,-92.79078672,-93.52621017,3.692771708e-13,-3.230123539e-09,-1.007925609,-2.547816433e-10,0.01454569442,84.73422817,-2075.265772,1.029520789,0.001334941736,0.01448430726,50.13364454,50.11261329,1.452000187,-2.378587454e-11,5.014786738e-11,0.02897474492,5.265971636e-09,
4620230000,1.468826104,-30.88209745,-750.8820974,nan,1.260583759,-0.7539089533,149.3710014,-90.95409134,-118.4864943,2.907285524e-13,-4.08155249e-09,-1.302706592,-3.394484859e-10,0.01002083644,58.708952,-2101.291048,1.02024454,0.005204678177,0.008563205471,50.52315229,50.51574286,0.8652402563,-3.981253382e-11,2.980528323e-11,0.0171281309,6.854149654e-09,
4632228000,1.309770021,-29.15888147,-749.1588815,nan,1.143785443,-0.6381632787,170.9635671,-83.60049005,-149.1291365,2.303921625e-13,-5.123806347e-09,-1.783830889,-4.091976042e-10,0.009048589076,18.47876108,-2141.521239,1.018262427,0.008582054785,0.00286797837,50.86562722,50.86479033,0.2917821272,-1.177528746e-10,1.002510409e-11,0.005736426422,7.299239674e-09,
4644226000,1.185298344,-27.32070494,-747.3207049,nan,1.053080012,-0.5440171438,194.2856865,-67.76605142,-182.0842944,1.882063614e-13,-6.23992362e-09,-2.686954464,-4.683060093e-10,0.01161692808,-14.17702723,-2174.177027,1.023506935,0.0112631186,-0.002845202536,51.13913283,51.13830466,-0.2910369445,1.177493895e-10,-9.973668022e-12,0.005691173113,6.459831041e-09,
4656224000,1.079809982,-25.13381091,-745.1338109,nan,0.977571755,-0.4586317275,221.0525616,-39.36274073,-217.5196764,1.571403507e-13,-7.435065778e-09,-5.526029752,-5.173979843e-10,0.01575578572,-36.46008191,-2196.460082,1.032016009,0.0126719228,-0.00936307409,51.28334217,51.27434834,-0.9604094614,3.559015151e-11,-3.282786936e-11,0.018730798,4.901223101e-09,
4668222000,0.9919989266,-22.78090882,-742.7809088,248.9664605,0.9146152947,-0.3841103138,248.136532,5.146934629,-248.0831465,1.374267795e-13,-8.457965165e-09,48.20017435,-5.628616336e-10,0.02059084966,-53.3307216,-2213.330722,1.042047493,0.01229675565,-0.01651583756,51.24464106,51.21668393,-1.692490452,2.01438465e-11,-5.770253033e-11,0.03304568594,3.795855509e-09,
4680220000,0.9192512868,-20.2548457,-740.2548457,23.76819654,0.8624066811,-0.3182414878,272.4737318,64.46120594,-264.7389043,1.284505879e-13,-9.002676209e-09,4.106949295,-5.947411423e-10,0.02476024663,-67.79316632,-2227.793166,1.050777763,0.009358165245,-0.02292366804,50.9441559,50.8906329,-2.334631242,1.456584119e-11,-7.939116162e-11,0.04587546094,3.163929944e-09,
4692218000,0.8597020903,-17.60440256,-737.6044026,13.25537989,0.819440033,-0.260010993,290.3002328,130.1858684,-259.4722814,1.307226912e-13,-8.801018234e-09,1.99309099,-6.200608615e-10,0.02771501966,-80.48729894,-2240.487299,1.057010075,0.004580357007,-0.02733391016,50.4597982,50.38445,-2.756525408,1.230495276e-11,-9.349835076e-11,0.05470984416,2.745903639e-09,
4704216000,0.8080395546,-14.87779644,-734.8777964,9.418813084,0.7809505556,-0.2074708452,297.142164,190.6427763,-227.9227884,1.484380114e-13,-7.711176192e-09,1.195549041,-6.281311899e-10,0.0297796797,-91.21128989,-2251.21129,1.061387458,-0.0006295252153,-0.02977302506,49.93714277,49.84868924,-2.970927253,1.138782696e-11,-1.005136154e-10,0.05959890417,2.385978713e-09,
4716214000,0.7658344913,-12.07835107,-732.0783511,7.540967501,0.7488807309,-0.1602501759,294.7702145,232.9799659,-180.5818784,1.868755407e-13,-6.093976776e-09,0.7750961665,-6.241229357e-10,0.03119089603,-100.9232932,-2260.923293,1.064390179,-0.005910507465,-0.03062577177,49.41296952,49.32035733,-3.023889872,1.115990912e-11,-1.020452042e-10,0.06131119148,2.040520412e-09,
4728212000,0.7296900174,-9.452499014,-729.452499,6.398912835,0.7197823557,-0.1198368971,282.8314028,251.6894558,-129.0194568,2.60896337e-13,-4.342885706e-09,0.5126136747,-6.206687463e-10,0.03158733531,-109.1037199,-2269.10372,1.065235279,-0.01033787935,-0.02984774702,48.97769143,48.89048322,-2.921456462,1.152189126e-11,-9.833828029e-11,0.0597551153,1.742409308e-09,
4740210000,0.7008041994,-6.838242704,-726.8382427,5.684585799,0.6958188583,-0.08344244879,269.1457034,255.7440773,-83.8711906,4.003222615e-13,-2.816017553e-09,0.327949689,-6.172637402e-10,0.03136688621,-115.608979,-2275.608979,1.064765257,-0.01355761738,-0.02828555393,48.66342854,48.58559367,-2.751247762,1.220373721e-11,-9.237453215e-11,0.05662682195,1.449281438e-09,
4752208000,0.6774165271,-4.093640104,-724.0936401,5.199945651,0.6756882432,-0.04835854858,255.6266378,251.6385946,-44.97772383,7.446071756e-13,-1.50633707e-09,0.1787393698,-6.127239569e-10,0.03100838991,-121.4982154,-2281.498215,1.064001359,-0.0162010157,-0.0264395033,48.40682351,48.33915799,-2.558586788,1.308954461e-11,-8.56889544e-11,0.05292989978,1.186736909e-09,
4764206000,0.6575749586,-1.427105881,-721.4271059,4.840694337,0.6573709916,-0.01637698394,241.5968513,241.1955887,-13.91856895,2.400131377e-12,-4.649691995e-10,0.05770656515,-5.998005468e-10,0.03040374186,-126.0253071,-2286.025307,1.062714231,-0.01788173369,-0.02458924804,48.24428378,48.18594178,-2.371904708,1.408420581e-11,-7.92367834e-11,0.04922399813,9.880215024e-10,
4776204000,0.6428994569,1.074564237,-718.9254358,4.600663563,0.6427863941,0.01205666931,229.8198689,229.625995,9.437933204,-3.530696315e-12,3.144953025e-10,0.04110132742,-5.726556228e-10,0.02963393417,-129.5248008,-2289.524801,1.061077845,-0.01885939613,-0.02285811085,48.1499188,48.09959331,-2.200864405,1.514063107e-11,-7.333825127e-11,0.04575640361,7.686373109e-10,
4788202000,0.6309165439,3.531187654,-716.4688123,4.418828634,0.6297186985,0.03885931236,218.9252275,217.1229791,28.03332288,-1.185695274e-12,9.317990152e-10,0.1291126485,-5.468686602e-10,0.02895591097,-132.9333938,-2292.933394,1.059638715,-0.01972325224,-0.02119995522,48.06667547,48.0234553,-2.037898869,1.631041606e-11,-6.773767659e-11,0.04243549025,5.255731202e-10,
4800200000,0.6217985281,5.794513021,-714.205487,4.288186717,0.6186213752,0.06277741433,209.5462771,205.2894718,42.02231562,-7.890069318e-13,1.393287624e-09,0.2046978603,-5.176582003e-10,0.02781212429,-134.6439708,-2294.643971,1.057215534,-0.01954355972,-0.01978796429,48.08384314,48.04617337,-1.90294388,1.742347668e-11,-6.309381379e-11,0.03960656483,2.375398326e-10,
4812198000,0.6136360993,8.023314062,-711.9766859,4.176467046,0.6076294341,0.08564889463,200.4320538,193.2696429,53.10229111,-6.22821196e-13,1.756264418e-09,0.2747575372,-4.840013148e-10,0.0268599262,-134.8162094,-2294.816209,1.05520259,-0.01893181406,-0.01905366243,48.14265602,48.10768805,-1.834578864,1.802769731e-11,-6.067545324e-11,0.03813483746,-1.066245834e-10,
4824196000,0.6076739785,10.00805459,-709.9919454,4.097801039,0.5984272053,0.1056056064,192.8960511,182.9129498,61.2514434,-5.386155159e-13,2.020745009e-09,0.3348666317,-4.514673799e-10,0.0264111269,-133.7133983,-2293.713398,1.054255195,-0.01825144763,-0.01909010957,48.20821118,48.17306333,-1.84054198,1.792459946e-11,-6.072127959e-11,0.03820687025,-4.221889143e-10,
4836194000,0.6039484072,11.87710286,-708.1228971,4.049847132,0.5910186645,0.1243005102,186.6714724,173.8340117,68.0292215,-4.837499316e-13,2.238782579e-09,0.3913458639,-4.164397407e-10,0.02640542685,-131.095973,-2291.095973,1.054243168,-0.01735687538,-0.01989938302,48.2945886,48.2563328,-1.921882525,1.712338336e-11,-6.324748425e-11,0.03982653495,-7.302751128e-10,
4848192000,0.6008849068,13.61768874,-706.3823113,4.01108586,0.5839930464,0.1414736478,180.9605089,165.4621534,73.27333481,-4.480168658e-13,2.405394306e-09,0.4428404521,-3.790806588e-10,0.02687130409,-127.3863284,-2287.386328,1.055226619,-0.01631588672,-0.02135085066,48.39532473,48.35119849,-2.06617035,1.588818163e-11,-6.782759934e-11,0.0427325571,-9.684911968e-10,
4860190000,0.6010012398,15.2120962,-704.7879038,4.012546904,0.5799428295,0.1576984616,176.9391664,158.6547696,78.33347098,-4.180416117e-13,2.565158794e-09,0.4937353676,-3.420033086e-10,0.02838479825,-122.2084309,-2282.208431,1.058428065,-0.01512911975,-0.02401679636,48.51048247,48.45452683,-2.329321734,1.405844885e-11,-7.627748463e-11,0.04807232443,-1.026894126e-09,
4872188000,0.5989548084,16.52733546,-703.4726645,3.986969154,0.5742084657,0.1703863271,172.6278328,152.4398201,81.00907281,-4.032389103e-13,2.646243202e-09,0.5314167435,-3.157316533e-10,0.0315795988,-117.241246,-2277.241246,1.065218781,-0.01445518493,-0.02807701353,48.57618566,48.49962702,-2.726168097,1.198239033e-11,-8.905303495e-11,0.05621008375,-9.449699989e-10,
4884186000,0.5990566515,17.80831976,-702.1916802,3.988235888,0.5703528482,0.183211627,169.2436293,146.9384389,83.97917143,-3.880220017e-13,2.736525646e-09,0.5715262259,-2.889604953e-10,0.03604404699,-113.9912978,-2273.991298,1.074783597,-0.01465543338,-0.03293010167,48.55716694,48.45192594,-3.19520482,1.019833408e-11,-1.041181972e-10,0.06594587847,-6.70275549e-10,
4896184000,0.6012305634,19.13824404,-700.861756,4.01542951,0.5680007238,0.1971125773,166.406431,141.5937187,87.4203587,-3.718346153e-13,2.841678788e-09,0.6174028023,-2.587294263e-10,0.04224489222,-111.0869448,-2271.086945,1.08821648,-0.01519904559,-0.03941598574,48.50513889,48.35458624,-3.818702338,8.512293592e-12,-1.241304153e-10,0.07897290897,-2.279904347e-10,
4908182000,0.6035035953,20.14714835,-699.8528516,4.04418193,0.5665758975,0.2078661635,164.3782751,137.5768671,89.9601187,-3.604536714e-13,2.917087747e-09,0.6538898626,-2.208178968e-10,0.05080612146,-110.8100426,-2270.810043,1.107051094,-0.01804993193,-0.04749170385,48.23092977,48.01371245,-4.572308351,7.091922194e-12,-1.482637513e-10,0.09522921927,3.065576856e-10,
4920180000,0.605782021,20.94554535,-699.0544547,4.073335328,0.5657523099,0.2165552603,162.8704862,134.4195802,91.96831923,-3.517230988e-13,2.974934375e-09,0.684188413,-1.780059944e-10,0.06169663592,-113.908101,-2273.908101,1.131506799,-0.02500384797,-0.05640285871,47.56816171,47.26609077,-5.352258517,6.043688309e-12,-1.73131552e-10,0.1132367503,9.123388654e-10,
4932178000,0.6077779612,21.67354073,-698.3264593,4.099152526,0.5648100176,0.2244631242,161.4184968,131.5000606,93.61444955,-3.446977924e-13,3.020816035e-09,0.7118966266,-1.42186327e-10,0.07428516616,-119.2012622,-2279.201262,1.160492548,-0.03624216429,-0.0648443632,46.51669196,46.12612719,-6.015232461,5.364496601e-12,-1.941036962e-10,0.130408357,1.493669379e-09,
4944176000,0.6097832478,22.21933651,-697.7806635,4.125356584,0.5645025831,0.2305915068,160.4580311,129.3421827,94.95988388,-3.389893347e-13,3.056795493e-09,0.7341756721,-1.071880103e-10,0.08753397647,-126.5945701,-2286.59457,1.191862435,-0.05218327414,-0.07027875167,45.06371137,44.61835214,-6.319868256,5.093521978e-12,-2.034390104e-10,0.1416427984,2.021104692e-09,
4956174000,0.6128153307,22.58096556,-697.4190344,4.165493777,0.5658355802,0.2353141,160.3190723,128.0300178,96.49103313,-3.328025384e-13,3.098564515e-09,0.7536594525,-8.315101258e-11,0.1010750994,-136.7246894,-2296.724689,1.224879963,-0.07358956741,-0.06928745398,43.17614494,42.75910811,-5.986498593,5.364147383e-12,-1.922412012e-10,0.140005226,2.452304565e-09,
4968172000,0.6144059151,22.80670808,-697.1932919,4.186801557,0.566370294,0.2381581796,160.1261561,127.1695802,97.30510647,-3.292212629e-13,3.117160332e-09,0.7651602397,-6.739585491e-11,0.1119345206,-148.7949727,-2308.794973,1.252086188,-0.0957397003,-0.05799350566,41.289533,41.00762031,-4.816701395,6.650798423e-12,-1.543025959e-10,0.1174586908,2.718502094e-09,
4980170000,0.6131563972,23.17561748,-696.8243825,4.170048013,0.5636764542,0.2413081483,158.6610096,125.5067388,97.06376509,-3.292447285e-13,3.101937887e-09,0.7733749282,-6.705145958e-11,0.116828577,-161.0620112,-2321.062011,1.264566026,-0.110504691,-0.0379160873,40.06217091,39.9442941,-3.070978209,1.040636918e-11,-9.814150163e-11,0.0768815241,2.718771523e-09,
4992168000,0.6131408753,23.37751839,-696.6224816,4.169840576,0.5628083782,0.2432867904,158.0604606,124.6496206,97.18838038,-3.280322892e-13,3.098455651e-09,0.7796925487,-7.406325662e-11,0.1171175872,-173.1357679,-2333.135768,1.265307329,-0.1162781055,-0.01399755082,39.58526379,39.56932696,-1.123153092,2.838520155e-11,-3.580716164e-11,0.02838443761,2.528994228e-09,
5004166000,0.6111387171,23.74363055,-696.2563695,4.143222244,0.5594096419,0.2460719085,156.4159584,123.003573,96.62335682,-3.291594307e-13,3.0730565e-09,0.7855329277,-7.084048484e-11,0.1144307789,176.7300308,-2343.269969,1.258434408,-0.1142444685,0.00652721758,39.74730897,39.74383213,0.5257172329,-6.049733037e-11,1.672016801e-11,0.01322764325,2.227984341e-09,
5016164000,0.6103757771,24.12220126,-695.8777987,4.133151079,0.5570752537,0.2494508991,155.1063041,121.4051445,96.53370637,-3.286770827e-13,3.062861689e-09,0.7951368681,-7.941251948e-11,0.1102066442,167.6918353,-2352.308165,1.247712895,-0.1076735674,0.02349270776,40.28420288,40.23871362,1.913877689,-1.657807977e-11,6.072430939e-11,0.04756309327,1.903522152e-09,
5028162000,0.6083016568,24.33317549,-695.6668245,4.105970027,0.5542630868,0.2506458384,153.932276,120.450802,95.84753453,-3.302401889e-13,3.033834014e-09,0.7957401106,-8.514722823e-11,0.1054383181,160.4077462,-2359.592254,1.235731801,-0.09933373433,0.03535602004,40.9745525,40.87019595,2.922505121,-1.083067663e-11,9.250520096e-11,0.07150700048,1.598508185e-09,
5040160000,0.6086585731,24.79777046,-695.2022295,4.11062684,0.5525364789,0.2552816054,152.7076037,118.60456,96.19028309,-3.282801366e-13,3.037435127e-09,0.8110167354,-9.374044256e-11,0.1014847276,153.9161486,-2366.083851,1.225894274,-0.09114866393,0.04462141861,41.66188247,41.493534,3.741535334,-8.439679556e-12,1.181478055e-10,0.09017152731,1.337872321e-09,
5052158000,0.6072083408,25.24471955,-694.7552805,4.091757814,0.5492165771,0.2589654814,151.066617,116.7907646,95.81774409,-3.287738488e-13,3.018485884e-09,0.8204222688,-1.080327358e-10,0.09767520024,149.095852,-2370.904148,1.216496765,-0.08380802986,0.05016631213,42.28530283,42.07000308,4.261651866,-7.392055828e-12,1.342521275e-10,0.1012990624,1.167680266e-09,
5064156000,0.6077313438,25.69088532,-694.3091147,4.09854654,0.5476546676,0.2634611,149.9511608,115.0726379,96.14384334,-3.268824295e-13,3.021583047e-09,0.8355056864,-1.107932902e-10,0.09487856962,144.4545566,-2375.545443,1.209648267,-0.07719839275,0.055157512,42.85371398,42.59064553,4.741066898,-6.628831394e-12,1.49000985e-10,0.1113170941,1.044008495e-09,
5076154000,0.6087964765,26.21973624,-693.7802638,4.112428391,0.5461551145,0.2689753533,148.738272,113.064143,96.6414669,-3.244306144e-13,3.030043447e-09,0.8547490332,-1.025390776e-10,0.09298710298,139.9208521,-2380.079148,1.20504031,-0.0711496185,0.05986930021,43.37990435,43.06690053,5.201747834,-6.02748374e-12,1.630927431e-10,0.1207829625,1.026002603e-09,
5088152000,0.6091132634,26.70299833,-693.2970017,4.116571663,0.5441500388,0.2737146377,147.4687596,111.2378859,96.8151218,-3.230850473e-13,3.028330364e-09,0.8703430583,-9.024765411e-11,0.09194151945,135.9568235,-2384.043176,1.202501318,-0.06608904641,0.06391776704,43.8245639,43.46482189,5.603718312,-5.581921941e-12,1.752816089e-10,0.1289253716,1.02370949e-09,
5100150000,0.6104314607,26.95313798,-693.046862,4.133884793,0.5441248958,0.2766851386,147.0848148,110.3067275,97.29526509,-3.207343516e-13,3.036189598e-09,0.8820428936,-6.805790602e-11,0.09175911465,131.186756,-2388.813244,1.202058983,-0.06042480111,0.06905489507,44.32743239,43.90362122,6.115006649,-5.103172499e-12,1.908244925e-10,0.139282512,1.023232807e-09,
5112148000,0.6123421929,27.27320889,-692.7267911,4.159189273,0.5442690892,0.2805960081,146.6361643,109.1101532,97.96498938,-3.177940908e-13,3.049914109e-09,0.8978540174,-5.522420359e-11,0.09129948415,126.7131651,-2393.286835,1.200945158,-0.05457968606,0.07318916366,44.8507411,44.3699718,6.549395367,-4.753521964e-12,2.039003266e-10,0.1476087341,9.757435095e-10,
5124146000,0.612933405,27.40443672,-692.5955633,4.167069506,0.5441498631,0.2821139583,146.4047544,108.6185642,98.16496123,-3.16404125e-13,3.048983932e-09,0.9037585972,-4.346697792e-11,0.08937799073,122.4445363,-2397.555464,1.196300968,-0.04794976671,0.07542708465,45.44918393,44.93262052,6.832856909,-4.545653316e-12,2.122271599e-10,0.1520689608,7.909098578e-10,
5136144000,0.6141836973,27.66999295,-692.3300071,4.183814126,0.5439437778,0.2852135702,145.9446917,107.6227233,98.57587168,-3.143491672e-13,3.054594506e-09,0.9159392059,-1.874038914e-11,0.08782612986,119.2553862,-2400.744614,1.19256445,-0.04292091598,0.07662391309,45.90762807,45.36974976,7.006862462,-4.422413504e-12,2.17123351e-10,0.1544390811,6.130159457e-10,
5148142000,0.6159642233,27.69347619,-692.3065238,4.207848126,0.5454033951,0.2862639708,146.2802459,107.5150789,99.18880053,-3.116785938e-13,3.066424334e-09,0.9225571103,-1.828873947e-11,0.08715931301,117.8348397,-2402.16516,1.190962814,-0.04069681338,0.07707473791,46.11169683,45.56529053,7.077632627,-4.367989623e-12,2.188051957e-10,0.1553294744,4.768545382e-10,
5160140000,0.6176555972,27.53341409,-692.4665859,4.230886043,0.5477007872,0.2855210754,147.1186376,108.093035,99.79874403,-3.090534324e-13,3.078107072e-09,0.9232671098,-6.442331498e-12,0.08882383705,115.7790758,-2404.220924,1.194965234,-0.03862968906,0.07998388058,46.30350854,45.71309001,7.370773667,-4.184519263e-12,2.273378365e-10,0.1612398913,4.634880084e-10,
5172138000,0.6211357176,27.86769708,-692.1323029,4.27893521,0.5491021767,0.2903383876,146.9429083,106.7766445,100.9503169,-3.048192154e-13,3.10640241e-09,0.9454344385,8.996229694e-13,0.0929554842,113.8843502,-2406.11565,1.204963445,-0.03763691812,0.08499520244,46.39793734,45.73050848,7.841503907,-3.924195763e-12,2.412955934e-10,0.1714720472,6.212745504e-10,
5184136000,0.6213024106,27.72201367,-692.2779863,4.281258862,0.5499861904,0.2890188157,147.4018584,107.3231147,101.0398777,-3.03844188e-13,3.101962601e-09,0.9414549509,1.721218261e-11,0.1007885833,111.2209586,-2408.779041,1.224171049,-0.03648199864,0.09395425647,46.50997192,45.69389942,8.674390082,-3.539197489e-12,2.663070683e-10,0.1898369409,8.624774892e-10,
5196134000,0.6235250535,27.57974778,-692.4202522,4.312438499,0.5526722082,0.2886813512,148.3199272,107.8214967,101.8495246,-3.007327898e-13,3.119599165e-09,0.9446124167,4.808698614e-11,0.1111742725,106.6966047,-2413.303395,1.250159889,-0.03194078641,0.1064871121,46.93846073,45.88377573,9.894352955,-3.095653835e-12,3.030590015e-10,0.2156394673,1.207905879e-09,
5208132000,0.6255684139,27.30566756,-692.6943324,4.341429714,0.555862489,0.2869716603,149.5989984,108.8412936,102.632515,-2.977509649e-13,3.136339877e-09,0.9429556703,6.30353386e-11,0.1239676526,100.7465397,-2419.25346,1.283020719,-0.02311559147,0.1217934659,47.77297227,46.37494341,11.47264149,-2.663635083e-12,3.505916522e-10,0.2473887975,1.61959267e-09,
5220130000,0.6247512571,27.03736435,-692.9626357,4.329798001,0.556472363,0.2839940886,150.2081877,109.9050312,102.3883966,-2.977748887e-13,3.121688432e-09,0.9316079118,7.66726697e-11,0.1390626084,93.03514107,-2426.964859,1.323049294,-0.007363147229,0.138867538,49.28279755,47.41780604,13.42928905,-2.270313289e-12,4.094414766e-10,0.2832119445,2.036684623e-09,
5232128000,0.6256636783,26.631869,-693.368131,4.342789048,0.5592839194,0.2804577256,151.6412173,111.5011922,102.7742327,-2.959767031e-13,3.126266628e-09,0.9217321422,9.022464707e-11,0.1542760013,83.07431923,-2436.925681,1.364837705,0.01860287709,0.1531503103,51.8512903,49.47311655,15.52311323,-1.959579765e-12,4.721941441e-10,0.3137686548,2.4562233e-09,
5244126000,0.6250158304,26.26079342,-693.7392066,4.333558486,0.5605075759,0.2765430267,152.6042436,112.9985598,102.564032,-2.959047442e-13,3.112734644e-09,0.9076578695,1.049182202e-10,0.1678235212,71.54765913,-2448.452341,1.403336373,0.05311878313,0.1591952548,55.46324138,52.70672671,17.26766065,-1.757573552e-12,5.240594043e-10,0.3276177772,2.816730475e-09,
5256124000,0.6220903738,25.74542546,-694.2545745,4.292270589,0.5603372807,0.2702194756,153.4270255,115.0869741,101.4634937,-2.984315378e-13,3.0723051e-09,0.8816244806,1.093323861e-10,0.1759964939,58.44469983,-2461.5553,1.427174139,0.09210270765,0.1499728546,59.8973734,57.21896013,17.71118127,-1.709649176e-12,5.362929123e-10,0.3095334349,3.039217763e-09,
5268122000,0.6175213148,25.21473027,-694.7852697,4.229049558,0.558682376,0.2630714292,153.8336469,117.1861443,99.66041586,-3.031388598e-13,3.010835325e-09,0.8504453872,8.952819723e-11,0.1773514577,44.51871273,-2475.481287,1.431171876,0.1264554015,0.1243485865,64.22038364,62.2025237,15.97196669,-1.891498112e-12,4.825282043e-10,0.256773612,3.104425035e-09,
5280120000,0.6128123395,24.79371463,-695.2062854,4.165453871,0.556325435,0.2569843844,153.8247796,118.7693646,97.75428814,-3.083475637e-13,2.946538747e-09,0.8230597886,4.863284275e-11,0.1710527078,30.95262992,-2489.04737,1.412698634,0.1466935745,0.08797740647,67.03332181,65.95855866,11.95553314,-2.521200539e-12,3.603672258e-10,0.1812582534,2.997554969e-09,
5292118000,0.6053685623,24.80316207,-695.1968379,4.068019952,0.5495259326,0.253953432,151.8197291,118.452383,94.96453602,-3.166862167e-13,2.855959623e-09,0.8017106418,2.016707658e-12,0.1590200399,18.24928925,-2501.750711,1.378177953,0.1510218107,0.04979744759,67.73564599,67.38479417,6.885292472,-4.36785507e-12,2.070680078e-10,0.1021787268,2.759323805e-09,
5304116000,0.603371892,24.90091523,-695.0990848,4.042506972,0.547280805,0.2540499175,151.0217356,117.9873335,94.26851942,-3.183027803e-13,2.828614767e-09,0.7989715216,-2.797971449e-11,0.1443163158,6.843015433,-2513.156985,1.3373123,0.1432882547,0.01719520454,66.71948403,66.67837122,2.341871078,-1.28128026e-11,7.02700239e-11,0.03512189987,2.45384236e-09,
5316114000,0.5970982799,25.11757635,-694.8824237,3.963989728,0.5406358467,0.2534546058,148.7995181,116.8869653,92.08004087,-3.251324696e-13,2.7567117e-09,0.7877699673,-3.628677691e-11,0.1270849652,-3.017940647,-2523.017941,1.291173734,0.1269087108,-0.006690851586,64.53480284,64.52883428,-0.8776807672,3.41105926e-11,-2.627619207e-11,0.01360137335,2.096475193e-09,
5328112000,0.5934594554,25.2407686,-694.7592314,3.91955852,0.5367982384,0.2530647673,147.5393738,116.2619065,90.83521299,-3.288459878e-13,2.713320057e-09,0.7812981547,-5.157347004e-11,0.110618455,-11.40791627,-2531.407916,1.248753655,0.1084330608,-0.02187953146,62.15547304,62.09456975,-2.750860937,1.085870788e-11,-8.217040405e-11,0.04430115142,1.712954012e-09,
5340110000,0.589737115,25.41689914,-694.5831009,3.874923063,0.5326557172,0.2531160836,146.1386649,115.4442366,89.60545525,-3.326101345e-13,2.670572541e-09,0.7761795467,-6.884374569e-11,0.0951272919,-17.90156175,-2537.901562,1.210255633,0.09052180163,-0.02924047012,59.94373263,59.83961946,-3.531433867,8.439541458e-12,-1.052497338e-10,0.05901497869,1.329833435e-09,
5352108000,0.5860095834,25.86505513,-694.1349449,3.831029705,0.5273054982,0.2556484763,144.0789319,113.677515,88.52209443,-3.359259719e-13,2.632370068e-09,0.778712434,-9.714746935e-11,0.08162837367,-22.70881404,-2542.708814,1.17776763,0.07530043709,-0.03151246677,58.13444734,58.01778613,-3.681094955,8.078267737e-12,-1.094642444e-10,0.0634476977,9.299287785e-10,
5364106000,0.5832046006,26.29221015,-693.7077898,3.798517457,0.5228701376,0.2583300706,142.3421894,112.075542,87.7517622,-3.38116943e-13,2.603626162e-09,0.7829697774,-1.152551567e-10,0.07000859713,-26.08710655,-2546.087107,1.150557515,0.06287658009,-0.03078537556,56.7027248,56.5944953,-3.501728269,8.473061099e-12,-1.038975299e-10,0.06187400824,5.767630387e-10,
5376104000,0.5821746957,26.9011487,-693.0988513,3.786689508,0.5191766746,0.263406448,140.6159269,109.9683546,87.63446748,-3.378139021e-13,2.594343168e-09,0.7969062357,-1.292894683e-10,0.06091022148,-27.39825774,-2547.398258,1.129721828,0.05407788408,-0.02802922642,55.71219073,55.62420724,-3.129818798,9.45873973e-12,-9.265559832e-11,0.05626720728,3.112292773e-10,
5388102000,0.5809698619,27.38794882,-692.6120512,3.77292638,0.5158502054,0.2672537111,139.1670394,108.3091286,87.38762796,-3.380137537e-13,2.581274993e-09,0.8068352969,-1.184756377e-10,0.05464896397,-28.01284519,-2548.012845,1.115616235,0.04824641811,-0.02566695157,55.0656986,54.99285436,-2.831454023,1.043217369e-11,-8.363611228e-11,0.05148767155,1.680182621e-10,
5400100000,0.5817780992,28.10937287,-691.8906271,3.782150328,0.5131572576,0.2741083467,137.6204165,105.9637373,87.81267224,-3.356302806e-13,2.588067046e-09,0.8287049369,-9.612851962e-11,0.05013925087,-28.46737669,-2548.467377,1.105571792,0.0440768467,-0.02389929,54.60816067,54.54557186,-2.613771757,1.127588579e-11,-7.703462811e-11,0.04791904582,2.534062593e-10,
5412098000,0.5866464563,28.24674533,-691.7532547,3.838473096,0.5167872022,0.27764195,138.3453696,105.5841736,89.39476258,-3.289594784e-13,2.628854531e-09,0.8466682037,-7.729793714e-11,0.04808100807,-29.18113667,-2549.181137,1.101019117,0.04197869378,-0.02344296495,54.37929549,54.31934672,-2.552714405,1.151999394e-11,-7.506832208e-11,0.04699457116,4.754701963e-10,
5424096000,0.5909125671,28.5477804,-691.4522196,3.888930431,0.5190687626,0.2823920707,138.5213348,104.6203145,90.78959189,-3.231890964e-13,2.663966923e-09,0.8678007934,-5.04234136e-11,0.04594000474,-32.28677494,-2552.286775,1.096304226,0.03883699781,-0.02453918573,54.03809185,53.97285419,-2.654502071,1.105375147e-11,-7.788894703e-11,0.04918216964,8.149735647e-10,
5436094000,0.5967627595,28.83810222,-691.1618978,3.959859356,0.5227558917,0.287840353,139.0315039,103.6453915,92.66818169,-3.159384857e-13,2.713087592e-09,0.8940887804,-2.138686261e-11,0.04414050092,-36.37159061,-2556.371591,1.092357718,0.03554139891,-0.02617618738,53.68249449,53.60879332,-2.812026545,1.041151089e-11,-8.23289525e-11,0.0524545764,1.251043329e-09,
5448092000,0.6032024039,28.90265863,-691.0973414,4.040353116,0.5280687797,0.291541599,140.2174644,103.3660464,94.74385352,-3.083362982e-13,2.767749263e-09,0.9165858306,2.63504603e-11,0.04161546701,-42.47264481,-2562.472645,1.086845031,0.03069556037,-0.02810034997,53.16418147,53.08012962,-2.988315744,9.775730403e-12,-8.72975754e-11,0.05629819982,1.633462518e-09,
5460090000,0.6094350608,28.53118545,-691.4688145,4.12078735,0.5354236035,0.2910887463,142.5270849,104.568269,96.84754537,-3.009758935e-13,2.822987455e-09,0.9261657125,6.492097489e-11,0.03751446327,-51.10623389,-2571.106234,1.077953303,0.02355452041,-0.02919793696,52.4101665,52.32078225,-3.059623719,9.526915456e-12,-8.918428798e-11,0.0584781723,1.928818081e-09,
5472088000,0.6160651885,28.1321637,-691.8678363,4.20921766,0.5432846756,0.2904790488,145.0662948,105.8931137,99.15078599,-2.933397364e-13,2.883787267e-09,0.9363289313,9.483500747e-11,0.03072400487,-60.19636322,-2580.196363,1.063395782,0.01527072265,-0.02666026078,51.54963462,51.47637273,-2.747340434,1.058655312e-11,-7.99060268e-11,0.05337090179,2.037832606e-09,
5484086000,0.6198438755,27.82129034,-692.1787097,4.260996394,0.5481946412,0.2892906243,146.7877002,106.9765258,100.5119489,-2.887341686e-13,2.91698079e-09,0.9395701366,1.133495622e-10,0.02236677109,-69.16525821,-2589.165258,1.045756978,0.007955273054,-0.02090421201,50.80155359,50.75716823,-2.12313936,1.366901983e-11,-6.161612417e-11,0.04182935009,-1.650418336e-09,
5496084000,0.6234178986,27.20951143,-692.7904886,4.310926868,0.5544307733,0.2850550718,149.385673,109.2522558,101.8824023,-2.842284804e-13,2.950298421e-09,0.9325427796,1.29571887e-10,0.01251801581,-77.45298075,-2597.452981,1.025353406,0.002719422882,-0.0122190613,50.27264301,50.25763307,-1.228394689,2.357375903e-11,-3.557170647e-11,0.02444195267,-7.635897823e-09,
5508082000,0.625767877,26.5445691,-693.4554309,4.344276659,0.55980381,0.2796518016,151.9299218,111.8500349,102.8215484,-2.810189423e-13,2.971008364e-09,0.9192804319,1.443360176e-10,0.0004349466837,-6.834830577,-2526.834831,1.000870272,0.0004318556681,-5.176195152e-05,50.04320422,50.04320396,-0.005180668775,5.57742717e-09,-1.496944025e-13,0.0001035239226,-9.426321104e-09,
5520080000,0.625661286,25.97223802,-694.027762,4.342754904,0.562473468,0.2739993479,153.6409505,114.1719117,102.8120433,-2.804340664e-13,2.964276768e-09,0.9005020741,1.412661096e-10,0.01459181029,73.54632671,-2446.453673,1.029615768,0.004132984269,0.01399426198,50.41493207,50.39518881,1.410787336,-2.04368147e-11,4.067581959e-11,0.02799448458,-7.246675688e-09,
5532078000,0.6265646807,25.32278868,-694.6772113,4.355679811,0.5663596482,0.2679926269,155.8668128,116.8720358,103.1280301,-2.789684663e-13,2.9669386e-09,0.8824012461,1.388330706e-10,0.02795860711,58.90968914,-2461.090311,1.057525548,0.01443750376,0.02394247683,51.46404815,51.40505466,2.463454303,-1.167850702e-11,7.087227067e-11,0.04792241384,-1.231264713e-09,
5544076000,0.6260450619,24.76956224,-695.2304378,4.348237973,0.5684490288,0.2622939596,157.4455946,119.2128731,102.8465174,-2.791266904e-13,2.952436372e-09,0.8627131852,1.435364482e-10,0.03984875158,46.17686622,-2473.823134,1.083005155,0.02759265181,0.02875010555,52.83514924,52.7477448,3.037830302,-9.449905091e-12,8.720762645e-11,0.05759166222,3.068359855e-09,
5556074000,0.6258774577,24.14761247,-695.8523875,4.345842001,0.571109764,0.2560395078,159.3420528,121.8977831,102.6197849,-2.791393161e-13,2.939565966e-09,0.8418511175,1.271064365e-10,0.05042240632,33.44078491,-2486.559215,1.106199655,0.04207526953,0.02778652107,54.38879201,54.30457317,3.025562581,-9.467732304e-12,8.666789542e-11,0.05571469223,2.95002513e-09,
5568072000,0.6256062965,23.45995558,-696.5400444,4.34197018,0.5738927659,0.2490588914,161.4281207,124.9225149,102.2418869,-2.795673393e-13,2.922430186e-09,0.8184424321,1.205426499e-10,0.05819120688,20.01525205,-2499.984748,1.123573293,0.05467654773,0.01991712044,55.78146499,55.73696097,2.227783285,-1.283046357e-11,6.367782636e-11,0.03996958655,2.81814428e-09,
5580070000,0.6253463321,23.23255056,-696.7674494,4.338263498,0.5746378653,0.2466766281,162.0701889,125.9277361,102.0242687,-2.795612631e-13,2.909939603e-09,0.8101810757,1.090399824e-10,0.06220248969,8.280573511,-2511.719426,1.132656547,0.06155400864,0.008958445351,56.55857936,56.54943285,1.017125418,-2.804180578e-11,2.901048518e-11,0.0179864831,2.560728158e-09,
5592068000,0.6234032102,22.62380591,-697.3761941,4.310719725,0.5754326237,0.2398100459,163.4062549,128.5649814,100.8595544,-2.821828678e-13,2.870547467e-09,0.7845025393,1.025035648e-10,0.06349875598,-2.104799211,-2522.104799,1.135608482,0.0634559147,-0.002332145122,56.77550002,56.77487743,-0.2658865861,1.070412717e-10,-7.567355132e-12,0.00468317323,2.177763692e-09,
5604066000,0.6238952347,22.21081623,-697.7891838,4.317667269,0.5776017341,0.2358421095,164.8618413,130.4798432,100.7692275,-2.818311293e-13,2.861836508e-09,0.7722972761,1.172462612e-10,0.06232278147,-10.80169906,-2530.801699,1.132930139,0.06121852734,-0.01167994011,56.52011153,56.50457638,-1.325086945,2.143248433e-11,-3.763234362e-11,0.02345096681,1.767877533e-09,
5616064000,0.6240783896,21.75711476,-698.2428852,4.32025812,0.579621249,0.2313288656,166.3598563,132.5897178,100.4767063,-2.820477849e-13,2.847432734e-09,0.7578016453,1.148947683e-10,0.05973757054,-17.47546745,-2537.475467,1.12706574,0.05698041986,-0.01793903803,56.0402689,56.00397684,-2.016511017,1.405359663e-11,-5.714637442e-11,0.03600656829,1.294104993e-09,
5628062000,0.6235796113,21.13379898,-698.866201,4.313208477,0.5816382759,0.2248298193,168.1805522,135.4645956,99.6696617,-2.837254375e-13,2.81854026e-09,0.735761704,1.226725001e-10,0.05639196162,-22.21388273,-2542.213883,1.119524123,0.05220649423,-0.02131983337,55.50556644,55.45485508,-2.372120008,1.192132703e-11,-6.708075087e-11,0.04277569574,8.017819305e-10,
5640060000,0.6236509901,20.68100116,-699.3189988,4.314216186,0.5834636618,0.2202514763,169.648402,137.6177969,99.20646281,-2.844437806e-13,2.799473577e-09,0.720883963,1.318595097e-10,0.05372323372,-24.34671645,-2544.346716,1.113546556,0.04894548918,-0.02214779742,55.14378477,55.08945273,-2.447283393,1.153060631e-11,-6.905906127e-11,0.04442381021,3.993755315e-10,
5652058000,0.6228023088,20.09958865,-699.9004114,4.302259389,0.584871605,0.2140278521,171.2069358,140.304087,98.11512651,-2.869971299e-13,2.762800271e-09,0.6993034102,1.342902201e-10,0.05137318353,-24.68167784,-2544.681678,1.108310629,0.04667981976,-0.02145223561,54.89418441,54.84346262,-2.359256322,1.193543891e-11,-6.643373186e-11,0.0430180045,9.633849468e-11,
5664056000,0.6205467147,19.42652921,-700.5734708,4.270741031,0.5852182201,0.2063924902,172.5250085,143.2437247,96.15671535,-2.922220435e-13,2.7019183e-09,0.6712804738,1.440953272e-10,0.05083634903,-24.86664362,-2544.866644,1.107118196,0.04612325918,-0.02137707521,54.8330276,54.78272176,-2.348257409,1.196594196e-11,-6.59839476e-11,0.04286492773,-7.568442344e-11,
5676054000,0.6174264984,18.86084965,-701.1391504,4.227753599,0.5842746911,0.1995960075,173.1294456,145.4826423,93.85417271,-2.987583328e-13,2.631644364e-09,0.6451228218,1.461406398e-10,0.05065285172,-24.03448381,-2544.034484,1.106710916,0.04626127456,-0.02063021723,54.84835042,54.8014825,-2.266949315,1.236892064e-11,-6.356461535e-11,0.04136656915,-1.510785378e-10,
5688052000,0.6135055355,18.18843033,-701.8115697,4.174718356,0.5828517937,0.1915015108,173.6794412,147.9957311,90.89450959,-3.078356566e-13,2.543280283e-09,0.6141698068,1.429866307e-10,0.0523721847,-23.03580239,-2543.035802,1.110533236,0.04819605381,-0.02049356308,55.06141494,55.01496895,-2.261107341,1.237472036e-11,-6.32670746e-11,0.04109985672,-1.251030928e-10,
5700050000,0.6127086572,17.56252637,-702.4374736,4.164071021,0.5841492194,0.1848826334,175.226453,150.7840441,89.26635358,-3.127905845e-13,2.492466105e-09,0.5920145869,1.436543744e-10,0.05610561856,-22.33434593,-2542.334346,1.118881137,0.05189669217,-0.02132073582,55.47110788,55.420427,-2.370671061,1.177796253e-11,-6.619310669e-11,0.04277612406,6.428339256e-12,
5712048000,0.6037683508,16.98769438,-703.0123056,4.047552371,0.577424445,0.1764007705,173.3130189,151.5265071,84.12562133,-3.312073749e-13,2.343994391e-09,0.5551874913,1.337982101e-10,0.06040196937,-23.01493613,-2543.014936,1.128569808,0.05559415167,-0.023615423,55.88319526,55.82051277,-2.646104083,1.052983002e-11,-7.37284674e-11,0.0474037939,1.755933734e-10,
5724046000,0.5987075299,16.35880029,-703.6411997,3.983896158,0.5744699032,0.1686269155,172.9727469,153.1064241,80.48598691,-3.454591839e-13,2.237882551e-09,0.5256865439,1.190805229e-10,0.06562686866,-24.18374592,-2544.183746,1.140472508,0.0598672164,-0.02688498263,56.36304359,56.28103784,-3.039319451,9.148305665e-12,-8.45071326e-11,0.05400254807,3.644042989e-10,
5736044000,0.5936663654,15.90073371,-704.0992663,3.922063618,0.5709513849,0.162647685,172.1011813,153.7877659,77.25373579,-3.591601693e-13,2.143518063e-09,0.5023399316,8.554385164e-11,0.07208012881,-25.90328712,-2545.903287,1.15535852,0.06483843416,-0.03148844907,56.9260194,56.81229205,-3.596547956,7.714749022e-12,-9.979149136e-11,0.0633058063,5.694042623e-10,
5748042000,0.5909012971,15.5342961,-704.4657039,3.88879575,0.5693158601,0.1582523124,171.8769712,154.568838,75.16759653,-3.683575153e-13,2.081281686e-09,0.4863049856,6.898046076e-11,0.07928161566,-28.75999144,-2548.759991,1.172216862,0.06950166276,-0.03814568723,57.45757615,57.28898675,-4.398301392,6.295282342e-12,-1.21782584e-10,0.07677394281,7.625837443e-10,
5760040000,0.5842645954,15.55250723,-704.4474928,3.81075217,0.5628718319,0.1566538167,169.1290343,152.7294412,72.65224033,-3.803168973e-13,2.007444944e-09,0.4756924385,7.496785962e-11,0.08678414819,-33.02389559,-2553.023896,1.190062728,0.07276359191,-0.04729638538,57.82837522,57.56749162,-5.48679225,5.035888615e-12,-1.516048688e-10,0.09531060145,9.48083941e-10,
5772038000,0.5818706156,15.04318391,-704.9568161,3.783208439,0.5619301888,0.1510227675,169.3257778,154.0257172,70.33702772,-3.920188388e-13,1.939433809e-09,0.4566576868,8.182122245e-11,0.09583631519,-37.09250526,-2557.092505,1.211988862,0.07644506604,-0.05779923172,58.24725513,57.85482907,-6.749924697,4.084999637e-12,-1.861186432e-10,0.1166700309,1.108073348e-09,
5784036000,0.575309148,14.52725392,-705.4727461,3.709307936,0.5569156127,0.1443108315,167.7696572,154.0458813,66.45693606,-4.140462253e-13,1.828645236e-09,0.4314100157,7.173383447e-11,0.1044631607,-42.21223023,-2562.21223,1.233297294,0.07737180945,-0.07018657305,58.34121984,57.76240003,-8.197748171,3.35656121e-12,-2.25571235e-10,0.1419218759,1.26872977e-09,
5796034000,0.5684382413,14.27987891,-705.7201211,3.634330915,0.5508748711,0.1402102372,165.4827627,152.8822689,63.3368503,-4.335435654e-13,1.739184554e-09,0.4142851276,3.615625677e-11,0.1147765952,-48.09621936,-2568.096219,1.259316675,0.07665718373,-0.08542448702,58.23665905,57.38301219,-9.934705258,2.763975698e-12,-2.727998921e-10,0.1731297274,1.464606547e-09,
5808032000,0.5623778522,14.38496715,-705.6150328,3.570152608,0.5447463939,0.1397147628,162.8537256,150.7502928,61.60913208,-4.44780809e-13,1.688247914e-09,0.4086833327,4.652796711e-12,0.1240569645,-54.92203414,-2574.922034,1.283253498,0.07129436829,-0.1015245955,57.59205902,56.40514993,-11.63203866,2.355783059e-12,-3.187476327e-10,0.2062229898,1.662047934e-09,
5820030000,0.5571828953,14.33348231,-705.6665177,3.516537367,0.5398384746,0.1379391175,160.9109433,149.3976259,59.77190842,-4.575070449e-13,1.634526744e-09,0.400086066,-1.724844699e-11,0.1334843543,-62.36783215,-2582.367832,1.308094505,0.0619091769,-0.1182595732,56.50218229,54.93189238,-13.22814434,2.067264198e-12,-3.617377503e-10,0.240809915,1.870537226e-09,
5832028000,0.5540764303,14.39996856,-705.6000314,3.485073532,0.5366691759,0.1377929105,159.5860975,148.2907586,58.97095408,-4.62766995e-13,1.609306204e-09,0.3976711335,-3.170631017e-11,0.1417506601,-70.97067584,-2590.970676,1.330325125,0.04621809063,-0.1340042452,54.75603969,52.81621753,-14.44545077,1.889163006e-12,-3.942136245e-10,0.273504076,2.045521188e-09,
5844026000,0.5527023094,14.64488256,-705.3551174,3.471295162,0.5347457937,0.1397382516,158.6185605,147.1514241,59.21407035,-4.599208273e-13,1.612623215e-09,0.4024022921,-4.018810186e-11,0.1479191386,-80.46876867,-2600.468769,1.347195074,0.02449321947,-0.1458771873,52.45718631,50.26859544,-14.99415583,1.816293264e-12,-4.083476044e-10,0.2982807794,2.20284952e-09,
5856024000,0.5538993923,14.91400918,-705.0859908,3.483293601,0.5352402831,0.1425565718,158.5830445,146.6621142,60.32251886,-4.50544628e-13,1.639444623e-09,0.4113026681,-1.38837833e-11,0.1518448166,-90.04745966,-2610.04746,1.358059043,-0.0001257771953,-0.1518447645,49.98770726,47.73454166,-14.83861211,1.831572025e-12,-4.032836043e-10,0.3108569097,2.271594645e-09,
5868022000,0.5563516024,14.94438032,-705.0556197,3.508074436,0.5375339101,0.143472649,159.4570017,147.2479312,61.19299084,-4.432275203e-13,1.659701851e-09,0.4155779326,4.295123884e-12,0.1515529257,-100.4030596,-2620.40306,1.357247801,-0.02736616459,-0.1490616729,47.39270992,45.32945857,-13.8314547,1.960922996e-12,-3.751424902e-10,0.3051316988,2.282093552e-09,
5880020000,0.5576748329,14.55005942,-705.4499406,3.521560492,0.539789372,0.1401022952,160.7011093,148.8616825,60.53962352,-4.470968525e-13,1.638630538e-09,0.4066837247,2.2126391e-11,0.1475213161,-110.061797,-2630.061797,1.346099718,-0.05060474738,-0.1385701925,45.26994253,43.55573568,-12.33959425,2.193514194e-12,-3.339967246e-10,0.2833058392,2.211257804e-09,
5892018000,0.5601830876,14.73409823,-705.2659018,3.547346733,0.5417623425,0.1424733512,161.3263843,148.9911623,61.86950654,-4.365956602e-13,1.671216516e-09,0.4152562178,3.438364938e-11,0.1412961232,-119.7466052,-2639.746605,1.329091616,-0.07010619967,-0.1226772807,43.53996337,42.23646094,-10.57401425,2.554560398e-12,-2.856248295e-10,0.2503527526,2.004388744e-09,
5904016000,0.5649084314,14.54129984,-705.4587002,3.596733526,0.546812669,0.1418359646,163.552156,150.9733802,62.89949277,-4.285736469e-13,1.695585715e-09,0.4166263794,5.487869456e-11,0.1312037468,-128.1308949,-2648.130895,1.302035711,-0.08101308058,-0.1032051547,42.57941215,41.67027449,-8.75183199,3.080162534e-12,-2.359237039e-10,0.2100257821,1.722626804e-09,
5916014000,0.5698296782,14.20619707,-705.7938029,3.649321207,0.5524036096,0.1398431771,166.1951519,153.5466816,63.59437935,-4.230310112e-13,1.710841088e-09,0.414169676,1.119085766e-10,0.1201150033,-134.6560917,-2654.656092,1.273024324,-0.08442280358,-0.08544240317,42.26738238,41.64601921,-7.220851587,3.725654e-12,-1.942581987e-10,0.1733863578,1.367213053e-09,
5928012000,0.5752565422,13.62882776,-706.3711722,3.708724674,0.5590587954,0.1355483405,169.6209052,157.2067798,63.69678056,-4.214961143e-13,1.710127693e-09,0.4051783303,1.616188899e-10,0.109724741,-139.8095912,-2659.809591,1.246496215,-0.08381917586,-0.07080864745,42.30217529,41.87416353,-6.002371429,4.472889727e-12,-1.61151341e-10,0.1433430766,1.026750471e-09,
5940010000,0.5804077205,12.77351188,-707.2264881,3.766531935,0.5660436005,0.1283267875,173.6109093,161.9073407,62.66387202,-4.275783716e-13,1.678998013e-09,0.3870353978,1.994746449e-10,0.100213626,-143.434137,-2663.434137,1.222749819,-0.08048883512,-0.05970191173,42.57535339,42.26899866,-5.098280921,5.255441348e-12,-1.366018929e-10,0.1206151336,7.429661939e-10,
5952008000,0.5843398006,11.76725624,-708.2327438,3.811622578,0.5720593713,0.1191682774,177.4524134,166.8607867,60.38904617,-4.427906638e-13,1.614785331e-09,0.36191275,2.413267549e-10,0.09280920944,-145.9159861,-2665.915986,1.204607918,-0.07686613963,-0.05201101744,42.88004423,42.64593317,-4.474659448,5.975808026e-12,-1.196510774e-10,0.1049258186,5.558170012e-10,
5964006000,0.5879491339,10.82904861,-709.1709514,3.853769678,0.5774790082,0.1104634741,181.0467117,171.5327855,57.91731439,-4.607588063e-13,1.545576392e-09,0.3376457406,2.671048042e-10,0.08813420455,-147.6482894,-2667.648289,1.19330521,-0.07445394501,-0.04716193469,43.08492639,42.89156025,-4.077369456,6.544884619e-12,-1.088083251e-10,0.09506227875,4.52707145e-10,
5976004000,0.58413079,9.389270267,-710.6107297,3.809204317,0.5763050322,0.09529580086,181.816415,174.6542172,50.52834037,-5.270771856e-13,1.34568771e-09,0.2893050118,2.770463055e-10,0.08464337131,-149.7061613,-2669.706161,1.184940751,-0.07308530204,-0.04269706,43.20084933,43.04193534,-3.70205154,7.19393967e-12,-9.859427842e-11,0.08601034111,4.430763758e-10,
5988002000,0.5858201292,8.194002674,-711.8059973,3.828819895,0.5798395823,0.08349420723,184.6560152,178.9626944,45.49942796,-5.841605956e-13,1.209328064e-09,0.2542397347,2.770463055e-10,0.08226189415,-151.315894,-2671.315894,1.179270957,-0.07216666064,-0.0394840768,43.27890577,43.14276288,-3.430115987,7.748709676e-12,-9.116895997e-11,0.07950617341,4.430763758e-10,
6000000000,0.5807459102,7.101576373,-712.8984236,3.77037684,0.5762907394,0.07179690757,183.5867493,179.4234994,38.87547267,-6.823280086e-13,1.03120394e-09,0.2166687909,2.770463055e-10,0.07997500337,-153.6510384,-2673.651038,1.173853979,-0.0716661988,-0.03549587459,43.32053147,43.21037907,-3.08732694,8.591841539e-12,-8.189389057e-11,0.07144873538,4.430763758e-10,
