Frequency,S11_Magnitude,S11_Magnitude (linear),S11_Phase,S11_Unwrapped Phase,S11_VSWR,S11_Real,S11_Imaginary,S11_Impedance (absolute),S11_Resistance,S11_Reactance,S11_Capacitance,S11_Inductance,S11_Quality Factor,S11_Group delay,S21_Magnitude,S21_Magnitude (linear),S21_Phase,S21_Unwrapped Phase,S21_VSWR,S21_Real,S21_Imaginary,S21_Impedance (absolute),S21_Resistance,S21_Reactance,S21_Capacitance,S21_Inductance,S21_Quality Factor,S21_Group delay,
1000000,-34.60845423,0.01860275595,-91.34334196,-91.34334196,1.037910756,-0.0004361154244,-0.01859764319,49.95642253,49.92187738,-1.857501337,8.568227645e-08,-2.956305197e-07,0.03720816273,2.515204415e-09,0.01954155017,1.002252337,-0.7495074468,-0.7495074468,nan,1.002166584,-0.01311046245,7533.743723,-1276.982032,-7424.729717,2.143578947e-11,-0.001181682436,-5.814278925,2.400661397e-09,
12998000,-13.86011416,0.2027656069,-105.6076132,-105.6076132,1.508672503,-0.05455364033,-0.1952889953,45.00790748,41.68268382,-16.97838642,7.211858305e-10,-2.0789307e-07,0.4073246937,2.515204415e-09,-0.2547462061,0.9710971727,-12.98761218,-12.98761218,68.19738263,0.9462552235,-0.2182447499,435.6670658,56.38470142,-432.0029602,2.834372177e-11,-5.289691226e-06,7.661705203,2.400661397e-09,
24996000,-8.712722659,0.3667447175,-116.9944233,-116.9944233,2.158283958,-0.1664668114,-0.3267881401,36.95393792,29.49016921,-22.26933874,2.859185247e-10,-1.417937006e-07,0.7551444884,2.515204415e-09,-0.7431096332,0.9180038833,-23.89851995,-23.89851995,23.39139901,0.8392982883,-0.3718998696,231.5918211,47.90851994,-226.5823146,2.810111852e-11,-1.442698647e-06,4.729478491,2.400661397e-09,
36994000,-5.995084305,0.501470956,-126.6307843,-126.6307843,3.011802369,-0.2992057209,-0.4024289456,29.70809406,20.23171867,-21.75427343,1.977626426e-10,-9.35908566e-08,1.075255829,2.124637798e-09,-1.40723875,0.8504290022,-33.75809642,-33.75809642,12.37157623,0.7070391009,-0.4725729547,159.2806549,44.76295667,-152.8613906,2.814433771e-11,-6.576376148e-07,3.414908263,2.113213679e-09,
48992000,-4.344133937,0.6064476299,-135.1511171,-135.1511171,4.081915781,-0.4299527559,-0.4276907241,23.87376107,14.19010066,-19.19889347,1.692071707e-10,-6.23693419e-08,1.352977962,1.832708084e-09,-2.139980399,0.7816295685,-42.20990913,-42.20990913,8.158749131,0.5789439647,-0.5251368088,123.6066997,42.93668833,-115.9096934,2.802690915e-11,-3.765431223e-07,2.699548984,1.846584463e-09,
60990000,-3.280364811,0.6854594363,-142.4137941,-142.4137941,5.35848037,-0.5431830863,-0.4180989998,19.36631424,10.36970982,-16.35613785,1.595440954e-10,-4.268175421e-08,1.577299474,1.586850707e-09,-2.909543915,0.7153569555,-49.4697255,-49.4697255,6.026344184,0.4648745375,-0.5437161375,102.4095714,41.94808876,-93.42418401,2.793200975e-11,-2.437927642e-07,2.227138036,1.606731482e-09,
72988000,-2.567271647,0.7441087606,-148.6828152,-148.6828152,6.81582052,-0.6356943257,-0.386769404,15.80580582,7.898911282,-13.69053316,1.592752541e-10,-2.98530721e-08,1.73321774,1.370446343e-09,-3.678542906,0.6547460012,-55.92228211,-55.92228211,4.792836598,0.3668652646,-0.5423119063,88.19822603,41.1035309,-78.03477957,2.794347803e-11,-1.701597646e-07,1.898493337,1.409366396e-09,
84986000,-2.059660881,0.7888909173,-154.1351978,-154.1351978,8.473775239,-0.7098645144,-0.3441529466,12.90404395,6.207124405,-11.31308786,1.655356668e-10,-2.118624073e-08,1.822597248,1.197508549e-09,-4.437161343,0.5999871275,-61.60152571,-61.60152571,3.999839098,0.2853543489,-0.5277854192,78.20098705,40.5444714,-66.86957616,2.800555426e-11,-1.252279621e-07,1.649289628,1.241792431e-09,
96984000,-1.688452912,0.8233364725,-158.8871226,-158.8871226,10.32095588,-0.7680680367,-0.2965711348,10.50031983,5.011125494,-9.22742314,1.778441578e-10,-1.514260089e-08,1.841387359,1.058875716e-09,-5.161378804,0.5519898091,-66.58124947,-66.58124947,3.464184165,0.2193873628,-0.5065194314,70.94773572,40.14856093,-58.49507893,2.805438213e-11,-9.599295716e-08,1.456965768,1.089080156e-09,
108982000,-1.400311018,0.8511075619,-163.173514,-163.173514,12.43251561,-0.8146680599,-0.2463737689,8.41740058,4.109107224,-7.346282758,1.987914574e-10,-1.07283516e-08,1.787805077,9.497834333e-10,-5.850471447,0.5098899214,-70.95848786,-70.95848786,3.080715919,0.1663531774,-0.4819899919,65.52852905,39.90225008,-51.97882798,2.809563649e-11,-7.590875015e-08,1.302654058,9.518051692e-10,
120980000,-1.178712463,0.8731007813,-167.0315606,-167.0315606,14.76053832,-0.8508313228,-0.1959363016,6.615627243,3.430964891,-5.656412621,2.325763063e-10,-7.441279788e-09,1.648636113,8.653510822e-10,-6.50229745,0.4730261253,-74.76401171,-74.76401171,2.795254558,0.1243090271,-0.456400023,61.4392953,39.80196376,-46.80374651,2.810774034e-11,-6.157255425e-08,1.17591551,8.307526025e-10,
132978000,-1.007101783,0.8905225287,-170.5748817,-170.5748817,17.26859879,-0.8785008889,-0.1458305949,5.037064741,2.915038752,-4.107866876,2.913560052e-10,-4.916507384e-09,1.409198033,7.934798533e-10,-7.120302115,0.4405395403,-78.06570974,-78.06570974,2.574872835,0.09109906775,-0.4310174549,58.31207322,39.82326668,-42.59583682,2.809785586e-11,-5.098089898e-08,1.069621866,7.371802073e-10,
144976000,-0.8727683851,0.9044021388,-173.8749069,-173.8749069,19.92097015,-0.8992391871,-0.09649929099,3.66822578,2.517084445,-2.668363968,4.114138908e-10,-2.929335307e-09,1.060101092,7.357578631e-10,-7.697680172,0.4122075968,-80.96890404,-80.96890404,2.402561839,0.06470442723,-0.4070975804,55.87356485,39.88851092,-39.12495298,2.805887084e-11,-4.295145172e-08,0.9808576974,6.675449802e-10,
156974000,-0.765322558,0.9156592186,-176.8881492,-176.8881492,22.71332072,-0.9143090457,-0.04970687633,2.58659406,2.202972417,-1.355500409,7.479847674e-10,-1.374333268e-09,0.6153052114,6.857160524e-10,-8.245157802,0.3870277542,-83.77648033,-83.77648033,2.262790467,0.04195668856,-0.3847468243,53.79252113,39.88309314,-36.09673407,2.808823801e-11,-3.659824976e-08,0.9050635553,6.132087309e-10,
168972000,-0.6778242116,0.924929837,-179.764648,-179.764648,25.64174313,-0.9249220338,-0.003799293146,1.952647636,1.949953649,-0.1025356349,9.18608717e-09,-9.657844575e-11,0.05258362675,6.447789876e-10,-8.761351807,0.3646971838,-86.32519483,-86.32519483,2.148105044,0.02337471379,-0.3639473294,52.10744981,39.90758509,-33.50479037,2.811243615e-11,-3.155820494e-08,0.8395594547,5.631657905e-10,
180970000,-0.6114453355,0.932025368,177.5609907,-182.4390093,28.42274114,-0.931181035,0.03966316684,2.056094931,1.759950941,1.06306117,-8.272852673e-10,9.349142949e-10,0.6040288652,6.103720305e-10,-9.235580223,0.3453194089,-88.63066538,-88.63066538,2.05492484,0.008252140224,-0.3452207936,50.74281202,39.93477775,-31.30569433,2.809248805e-11,-2.753194452e-08,0.7839205848,5.106240705e-10,
192968000,-0.5513591986,0.9384951662,174.9756182,-185.0243818,31.51776934,-0.9348890167,0.08219308532,2.707215973,1.589457341,2.191493482,-3.763523677e-10,1.807486321e-09,1.378768354,5.798912125e-10,-9.673195103,0.3283524377,-90.70416519,-90.70416519,1.977752191,-0.004035350189,-0.3283276401,49.63705526,39.97651452,-29.42304439,2.80315575e-11,-2.426735498e-08,0.7360082475,4.64665725e-10,
204966000,-0.5086521684,0.9431209488,172.5598792,-187.4401208,34.16233053,-0.9351805601,0.1221247066,3.565200653,1.469782326,3.248137252,-2.390583587e-10,2.522160259e-09,2.209944421,5.528683105e-10,-10.0718944,0.3136211046,-92.61463683,-92.61463683,1.913842505,-0.0143068254,-0.3132946089,48.71396853,40.00285386,-27.79968368,2.793176963e-11,-2.15862976e-08,0.6949425104,4.295876028e-10,
216964000,-0.4718493713,0.9471255042,170.2123452,-189.7876548,36.82541976,-0.9333396659,0.1610086605,4.491224117,1.36770421,4.277905943,-1.714751617e-10,3.138077639e-09,3.127800522,5.290817928e-10,-10.43354484,0.3008311182,-94.36831597,-94.36831597,1.860539209,-0.02291360101,-0.2999572112,47.94114864,40.01933368,-26.39709576,2.778921665e-11,-1.936371137e-08,0.6596085776,4.073861807e-10,
228962000,-0.4415248532,0.9504379247,168.002662,-191.997338,39.3534353,-0.9296777558,0.197563962,5.405456985,1.284557177,5.250607401,-1.323875592e-10,3.649776479e-09,4.087484384,5.099659649e-10,-10.74561129,0.2902147192,-96.0761357,-96.0761357,1.817753557,-0.03071920183,-0.2885843271,47.24262149,39.96705084,-25.18928607,2.759566493e-11,-1.750945306e-08,0.630251308,4.001397737e-10,
240960000,-0.4128875458,0.9535766822,165.8279648,-194.1720352,42.08179796,-0.9245545409,0.233468177,6.327958115,1.20651191,6.211874348,-1.063291923e-10,4.102965257e-09,5.148622485,4.938395541e-10,-11.0182383,0.2812471207,-97.77149066,-97.77149066,1.782597548,-0.03803096059,-0.2786639354,46.5915631,39.86021725,-24.12336696,2.73802402e-11,-1.593357028e-08,0.6051990839,4.064847632e-10,
252958000,-0.3879356927,0.9563199491,163.7386404,-196.2613596,44.7874924,-0.9180617536,0.2677880908,7.23004381,1.139158126,7.139737548,-8.812303886e-11,4.492147009e-09,6.267556174,4.831368513e-10,-11.25439014,0.2737035894,-99.55462809,-99.55462809,1.75369666,-0.04543148262,-0.2699067158,45.93789267,39.67682698,-23.15252435,2.717523843e-11,-1.456699806e-08,0.5835276182,4.208827214e-10,
264956000,-0.3692261686,0.9583820954,161.6791994,-198.3208006,47.05623969,-0.9098030715,0.301255061,8.132438939,1.090175588,8.059037181,-7.453550762e-11,4.840938133e-09,7.392421249,4.724185937e-10,-11.46527931,0.2671382242,-101.4076773,-101.4076773,1.729027582,-0.05283691928,-0.2618608233,45.28909562,39.44809849,-22.24746519,2.700012887e-11,-1.336370589e-08,0.5639679997,4.407591954e-10,
276954000,-0.3448629397,0.9610740544,159.643028,-200.356972,50.37961253,-0.9010487289,0.3343269752,9.031676425,1.024443947,8.973388081,-6.40406954e-11,5.156665256e-09,8.759276787,4.62546115e-10,-11.65701156,0.2613060242,-103.347594,-103.347594,1.70748113,-0.06032459914,-0.2542474799,44.63870955,39.18309459,-21.38456192,2.687275123e-11,-1.22888954e-08,0.5457599035,4.590687561e-10,
288952000,-0.326535285,0.963104109,157.67323,-202.32677,53.20657819,-0.8909024345,0.3658720772,9.911646057,0.9763165903,9.863444301,-5.584262569e-11,5.432791316e-09,10.10271094,4.518996128e-10,-11.83881746,0.255893425,-105.3938196,-105.3938196,1.687787028,-0.06792745235,-0.2467130037,43.98371945,38.89495874,-20.53654697,2.682050829e-11,-1.131154297e-08,0.528000225,4.767975851e-10,
300950000,-0.3041065636,0.965594252,155.7522942,-204.2477058,57.12982179,-0.8804080676,0.3965525111,10.77636733,0.9155739335,10.73740272,-4.925230291e-11,5.678387502e-09,11.72751028,4.398685296e-10,-12.02445742,0.2504823498,-107.4757894,-107.4757894,1.668382792,-0.07522054486,-0.2389210689,43.35865975,38.62809571,-19.69374513,2.685328808e-11,-1.041487584e-08,0.5098295622,4.81851041e-10,
312948000,-0.2860245019,0.9676064951,153.8651616,-206.1348384,60.74077193,-0.8686783168,0.4262162729,11.63446882,0.8675051951,11.60208169,-4.383409378e-11,5.900432821e-09,13.37407747,4.306081262e-10,-12.21366507,0.2450850082,-109.640691,-109.640691,1.649304917,-0.08237810187,-0.2308257125,42.74843208,38.3701744,-18.84564039,2.6985909e-11,-9.584265833e-09,0.4911533681,4.786572798e-10,
324946000,-0.2672447992,0.9697008137,152.0474855,-207.9525145,65.0083733,-0.8565720043,0.4545372038,12.46804917,0.8167637233,12.4412679,-3.936808542e-11,6.09359489e-09,15.2323953,4.232278788e-10,-12.41233849,0.2395427745,-111.6304061,-111.6304061,1.629996709,-0.08829975955,-0.2226744109,42.24253004,38.19426006,-18.04521662,2.714231189e-11,-8.838346753e-09,0.4724588613,4.700261285e-10,
336944000,-0.2479568946,0.971856526,150.226049,-209.773951,70.06443208,-0.8435630177,0.4826039185,13.3108489,0.7640491391,13.28890241,-3.554457225e-11,6.276991154e-09,17.39273266,4.17901414e-10,-12.60979639,0.2341586364,-113.6537853,-113.6537853,1.611506893,-0.09394656975,-0.2144861511,41.76154587,38.0281617,-17.25936359,2.736765753e-11,-8.152431946e-09,0.4538574261,4.58777739e-10,
348942000,-0.2237279624,0.9745712644,148.4316519,-211.5683481,77.65117748,-0.830350573,0.5102029745,14.14822468,0.6953467061,14.13112715,-3.227677104e-11,6.445308212e-09,20.32241906,4.113674914e-10,-12.80545393,0.2289429652,-115.6201145,-115.6201145,1.593841843,-0.09899547012,-0.2064334716,41.3315046,37.89110313,-16.50931786,2.762725629e-11,-7.53001801e-09,0.4357043342,4.413111906e-10,
360940000,-0.2086753947,0.9762616518,146.6479123,-213.3520877,83.25186039,-0.8154790685,0.5367314986,14.98987371,0.6544726408,14.97557944,-2.944431684e-11,6.603417447e-09,22.88190293,4.069644546e-10,-13.01404228,0.2235104773,-117.5537843,-117.5537843,1.575694767,-0.1033917132,-0.1981592468,40.95488391,37.79790547,-15.76771568,2.796509747e-11,-6.952706522e-09,0.4171584506,4.152494079e-10,
372938000,-0.1860170005,0.9788116955,144.952497,-215.047503,93.39169634,-0.8013298591,0.5620878866,15.79671482,0.5887506281,15.78573951,-2.703451372e-11,6.736718901e-09,26.8122678,4.038356158e-10,-13.2208822,0.2182508229,-119.2111396,-119.2111396,1.558365341,-0.1065128108,-0.1904952567,40.68294675,37.77256759,-15.11076748,2.824209902e-11,-6.448667977e-09,0.4000460769,3.87940719e-10,
384936000,-0.1740974811,0.9801558266,143.1766593,-216.8233407,99.7852511,-0.7846022708,0.5874561439,16.65154643,0.5565943007,16.64224148,-2.484390061e-11,6.880871094e-09,29.90012916,4.009221373e-10,-13.42380226,0.2132111374,-120.8261651,-120.8261651,1.541978026,-0.1092568641,-0.1830899417,40.44264355,37.75955754,-14.48527639,2.854334167e-11,-5.989056207e-09,0.3836188065,3.609162348e-10,
396934000,-0.1607676133,0.9816611851,141.4458829,-218.5541171,108.0583014,-0.7676785122,0.611823818,17.49330773,0.5193077234,17.48559793,-2.293091282e-11,7.011037964e-09,33.67097607,3.975677055e-10,-13.60715203,0.2087576497,-122.3620471,-122.3620471,1.527670567,-0.1117411627,-0.1763339697,40.22571598,37.74164887,-13.91675848,2.881135878e-11,-5.580073525e-09,0.3687374267,3.317519525e-10,
408932000,-0.1502147944,0.9828545676,139.7427445,-220.2572555,115.6491431,-0.7500660958,0.6351408922,18.33074202,0.4904150608,18.32418064,-2.12395089e-11,7.13170876e-09,37.36463682,3.920472676e-10,-13.79646517,0.2042569025,-123.772822,-123.772822,1.513373985,-0.1135466937,-0.1697881932,40.06364964,37.76278139,-13.38164279,2.908436608e-11,-5.208089846e-09,0.3543606243,2.95405623e-10,
420930000,-0.1381556535,0.9842200711,138.0834232,-221.9165768,125.7432836,-0.7323761644,0.6575061233,19.15548821,0.4559689134,19.15006059,-1.974422538e-11,7.240697512e-09,41.99861006,3.896057959e-10,-13.97173214,0.2001766389,-124.9024591,-124.9024591,1.500552118,-0.114537284,-0.1641703302,39.96904091,37.81794518,-12.93550361,2.922987181e-11,-4.890954175e-09,0.3420467069,2.565132496e-10,
432928000,-0.1323048099,0.9848832683,136.3910795,-223.6089205,131.3037309,-0.7131189962,0.6793057849,20.00661971,0.4417386468,20.0017424,-1.837962418e-11,7.353130713e-09,45.27958454,3.907083255e-10,-14.1311175,0.1965369105,-125.9356571,-125.9356571,1.489224491,-0.1153428665,-0.1591313304,39.89105826,37.86984096,-12.53681278,2.9323602e-11,-4.608839631e-09,0.3310500508,2.231288524e-10,
444926000,-0.1207963939,0.9861890595,134.7076328,-225.2923672,143.8127307,-0.6937735369,0.7008902486,20.86310258,0.4081873863,20.8591091,-1.714891276e-11,7.461533651e-09,51.10179735,3.910426301e-10,-14.24650993,0.1939431761,-126.8203923,-126.8203923,1.48121465,-0.1162318037,-0.1552550268,39.81010975,37.88690047,-12.2240587,2.926287012e-11,-4.372680775e-09,0.3226460478,1.987467023e-10,
456924000,-0.1133849823,0.9870309045,132.9927465,-227.0072535,153.2127589,-0.6730620656,0.7219539198,21.74674334,0.3880609195,21.74328068,-1.601957867e-11,7.573580288e-09,56.0305859,3.896080175e-10,-14.31914245,0.1923281604,-127.6326353,-127.6326353,1.476253228,-0.1174348724,-0.1523127442,39.70728081,37.85833268,-11.97559167,2.908567735e-11,-4.171316479e-09,0.3163264418,1.841606796e-10,
468922000,-0.1128345359,0.9870934571,131.3374767,-228.6625233,153.9601633,-0.6519682422,0.7411416222,22.61095123,0.3911567796,22.60756758,-1.50129378e-11,7.673144215e-09,57.79669115,3.881164634e-10,-14.36507846,0.1913137027,-128.3461832,-128.3461832,1.473146889,-0.1186932019,-0.1500428494,39.6021837,37.81038631,-11.77742079,2.881836457e-11,-3.997327349e-09,0.3114863913,1.804845236e-10,
480920000,-0.1161802894,0.9867133077,129.662027,-230.337973,149.5265536,-0.6297774199,0.7595943344,23.49742862,0.4082208242,23.49388234,-1.408615632e-11,7.775030165e-09,57.55189581,3.863461245e-10,-14.36605235,0.1912922532,-129.1499693,-129.1499693,1.473081293,-0.1207728194,-0.1483463928,39.43460494,37.68791002,-11.60644237,2.851334532e-11,-3.841018621e-09,0.3079619529,1.956804017e-10,
492918000,-0.1138237935,0.9869810409,127.9910741,-232.0089259,152.622113,-0.6075250335,0.7778463273,24.3935261,0.4055652473,24.39015442,-1.323825993e-11,7.875171203e-09,60.13866962,3.85712802e-10,-14.31388298,0.192444654,-129.9595412,-129.9595412,1.476610439,-0.1235969085,-0.1475084712,39.21197168,37.49195952,-11.48615228,2.811064977e-11,-3.708685647e-09,0.3063630822,2.304517282e-10,
504916000,-0.1131192348,0.9870611035,126.3222623,-233.6777377,153.5726867,-0.5846622297,0.7952733487,25.30136398,0.4089302529,25.29805912,-1.245987816e-11,7.974219789e-09,61.863995,3.85636046e-10,-14.22203975,0.1944903297,-131.0519485,-131.0519485,1.482900049,-0.1277301692,-0.1466679658,38.8890741,37.19876719,-11.34071443,2.779460995e-11,-3.574714924e-09,0.3048680182,2.802659266e-10,
516914000,-0.1133577684,0.987033997,124.6773511,-235.3226489,153.2495399,-0.5615774212,0.8117061729,26.20942588,0.4158966239,26.2061259,-1.174894887e-11,8.068720283e-09,63.01115324,3.868874226e-10,-14.10821113,0.1970559005,-132.3721213,-132.3721213,1.490833423,-0.1328044436,-0.1455816187,38.49551245,36.84220948,-11.16046948,2.758794634e-11,-3.436246427e-09,0.3029261719,3.411833186e-10,
528912000,-0.1127183502,0.9871066609,122.9905382,-237.0094618,154.118855,-0.5374800997,0.8279460746,27.15490026,0.4200981531,27.15165052,-1.108256982e-11,8.17020486e-09,64.63168266,3.871399389e-10,-13.97477794,0.2001064572,-133.9964143,-133.9964143,1.500332723,-0.1389966169,-0.1439532379,38.01875999,36.4162106,-10.92180007,2.755132496e-11,-3.286479543e-09,0.299915886,4.002460707e-10,
540910000,-0.1101953478,0.9873934288,121.3015606,-238.6984394,157.64742,-0.5129927377,0.8436730612,28.1168073,0.4174406985,28.11370833,-1.046590977e-11,8.272052004e-09,67.3477896,3.897423277e-10,-13.84853849,0.2030360125,-135.8556398,-135.8556398,1.509523682,-0.1456960608,-0.1414082043,37.50588132,35.9734748,-10.61132625,2.772844108e-11,-3.122229253e-09,0.2949764044,4.516822934e-10,
552908000,-0.1098576318,0.9874318204,119.6493286,-240.3506714,158.1320348,-0.4884729152,0.8581467305,29.07341046,0.4230805512,29.07033193,-9.90187107e-12,8.367914778e-09,68.71110443,3.91695905e-10,-13.72436534,0.2059594545,-137.9540636,-137.9540636,1.518763067,-0.1529471626,-0.1379364431,36.95458089,35.51031034,-10.23029367,2.813708854e-11,-2.944796977e-09,0.2880936148,4.897253765e-10,
564906000,-0.108850452,0.9875463255,117.9309247,-242.0690753,159.5951722,-0.4625733624,0.8725099595,30.08548454,0.4267049748,30.08245839,-9.365492481e-12,8.475342717e-09,70.49943208,3.945129533e-10,-13.62759415,0.2082669191,-140.1480082,-140.1480082,1.52610387,-0.159887004,-0.133458816,36.42905712,35.08878369,-9.79047811,2.877663733e-11,-2.758340302e-09,0.279020162,5.103557865e-10,
576904000,-0.1062551033,0.987841449,116.2166347,-243.7833653,163.4932852,-0.4363950973,0.8862223465,31.1134672,0.4242275881,31.11057492,-8.867650022e-12,8.582713556e-09,73.33463404,3.970818975e-10,-13.54864267,0.210168617,-142.4265352,-142.4265352,1.532186038,-0.1665737891,-0.1281562342,35.9248309,34.69891691,-9.304764371,2.964907862e-11,-2.566976904e-09,0.2681571991,5.166467753e-10,
588902000,-0.1100788585,0.9874066711,114.497848,-245.502152,157.8142436,-0.409437127,0.8985172081,32.16370149,0.4479141681,32.16058249,-8.403364395e-12,8.691625562e-09,71.80077074,3.944069905e-10,-13.49057704,0.211578312,-144.6412516,-144.6412516,1.536713577,-0.1725515612,-0.1224391313,35.47540578,34.36420837,-8.809403975,3.067824959e-11,-2.380803917e-09,0.2563540495,5.116456668e-10,
600900000,-0.1175891132,0.9865532789,112.7903274,-247.2096726,147.7351442,-0.3821512319,0.9095316422,33.22739194,0.4878858681,33.22380987,-7.972022116e-12,8.799689748e-09,68.09750403,3.939321382e-10,-13.44567639,0.2126748722,-146.8651523,-146.8651523,1.540246627,-0.1780910495,-0.1162505026,35.05999715,34.06453355,-8.295236841,3.192928088e-11,-2.197084286e-09,0.2435153509,4.998967679e-10,
612898000,-0.1187200646,0.9864248325,111.1263072,-248.8736928,146.3278324,-0.355532302,0.9201253895,34.28429144,0.5023297254,34.2806112,-7.575012799e-12,8.901854345e-09,68.24324635,3.936395239e-10,-13.41055304,0.2135366121,-148.9784041,-148.9784041,1.543030014,-0.1829951351,-0.1100484678,34.69326071,33.80596926,-7.796074754,3.330856576e-11,-2.024454043e-09,0.2306123719,4.816936007e-10,
624896000,-0.1124132257,0.9871413373,109.3948891,-250.6051109,154.5371699,-0.327806927,0.9311233208,35.40642811,0.4857676616,35.40309564,-7.194011845e-12,9.016824676e-09,72.88071735,3.99614948e-10,-13.37491429,0.2144145661,-151.0539295,-151.0539295,1.545872051,-0.1876289649,-0.103773685,34.34842399,33.56336986,-7.301673397,3.488108486e-11,-1.859665311e-09,0.2175488763,4.622453535e-10,
636894000,-0.1209063559,0.9861765746,107.6943706,-252.3056294,143.68194,-0.2997379738,0.9395218909,36.53245741,0.5337392727,36.52855824,-6.841013428e-12,9.128207532e-09,68.43895533,4.06807214e-10,-13.35581509,0.2148865559,-152.9497107,-152.9497107,1.547402563,-0.1913796229,-0.09772446919,34.06881189,33.3753267,-6.838970039,3.653947247e-11,-1.709006345e-09,0.2049109541,4.412663705e-10,
648892000,-0.1262375756,0.9855714655,105.8760515,-254.1239485,137.6142165,-0.2696101759,0.9479775666,37.76374417,0.5705650431,37.75943365,-6.495644375e-12,9.26132625e-09,66.17901693,4.114984326e-10,-13.3241827,0.2156705595,-154.8623345,-154.8623345,1.549948908,-0.1952443448,-0.09161569754,33.78325364,33.17622005,-6.375472473,3.847116489e-11,-1.563723946e-09,0.1921699477,4.149859071e-10,
660890000,-0.1358029202,0.9844867014,104.1001547,-255.8998453,127.9216465,-0.2398383177,0.9548254535,38.99518758,0.6285689839,38.99012125,-6.176413525e-12,9.389566386e-09,62.02997961,4.168483763e-10,-13.27664914,0.2168540527,-156.6039667,-156.6039667,1.5538024,-0.199024772,-0.08610935103,33.50727736,32.97317344,-5.958814434,4.041393048e-11,-1.434996402e-09,0.180717044,3.887361551e-10,
672888000,-0.1510899725,0.9827555415,102.3051123,-257.6948877,114.9792869,-0.2094424661,0.9601782687,40.27060482,0.7168960553,40.26422324,-5.874325712e-12,9.523501917e-09,56.16466005,4.172519625e-10,-13.22631554,0.218114342,-158.1890032,-158.1890032,1.557918769,-0.2025005249,-0.08103951864,33.25537954,32.7840624,-5.579025064,4.239542915e-11,-1.319579806e-09,0.1701749159,3.570431997e-10,
684886000,-0.1728402251,0.9802977114,100.4774159,-259.5225841,100.51105,-0.1782651238,0.9639528768,41.60278295,0.8417726817,41.59426605,-5.586867576e-12,9.665744439e-09,49.41270601,4.21332581e-10,-13.16243978,0.2197242603,-159.6816779,-159.6816779,1.563196442,-0.2060525649,-0.07629607517,33.00078856,32.58462594,-5.224384917,4.448019433e-11,-1.21405122e-09,0.1603328185,3.246451121e-10,
696884000,-0.1970244295,0.9775720556,98.6762806,-261.3237194,88.17446739,-0.147468298,0.9663851328,42.95061505,0.9853638369,42.93931056,-5.318688688e-12,9.806515185e-09,43.57711228,4.298708145e-10,-13.08145122,0.221782584,-161.0343267,-161.0343267,1.569975895,-0.2097427746,-0.07207969963,32.73972023,32.36978021,-4.907811099,4.653415152e-11,-1.12084995e-09,0.1516170659,2.975998278e-10,
708882000,-0.227768939,0.9741179655,96.81530359,-263.1846964,76.27367806,-0.1155977834,0.9672346991,44.38197378,1.17183058,44.36650099,-5.060471739e-12,9.960963799e-09,37.86084928,4.385811504e-10,-12.95385926,0.2250645202,-162.1924706,-162.1924706,1.580860023,-0.2142815017,-0.06882932703,32.42507766,32.08947487,-4.653091811,4.825080474e-11,-1.044690883e-09,0.1450036758,2.790936161e-10,
720880000,-0.2585515477,0.9706718222,94.85250635,-265.1474937,67.1938038,-0.08211010281,0.9671926993,45.93682565,1.371903608,45.91633512,-4.808282082e-12,1.013734838e-08,33.46906797,4.476918562e-10,-12.77103113,0.2298520829,-163.3606917,-163.3606917,1.596903732,-0.2202273372,-0.06581717069,32.01901416,31.71420628,-4.407537594,5.009116467e-11,-9.730903826e-10,0.1389767587,2.753000737e-10,
732878000,-0.298327973,0.9662368609,92.91752905,-267.0824709,58.23619827,-0.04917999296,0.9649844557,47.51809485,1.633543042,47.49000816,-4.572842068e-12,1.031313472e-08,29.07178259,4.487444162e-10,-12.54846792,0.2358178112,-164.5459127,-164.5459127,1.617176937,-0.2272916507,-0.06283745391,31.54282784,31.26718725,-4.160888026,5.219181718e-11,-9.035963652e-10,0.1330752265,2.821071052e-10,
744876000,-0.3320198138,0.9624961684,90.95663547,-269.0433645,52.32788453,-0.01606951159,0.9623620135,49.17267016,1.878981404,49.13675731,-4.348401707e-12,1.049887205e-08,26.15074167,4.485581763e-10,-12.28401336,0.2431080456,-165.8030962,-165.8030962,1.64238507,-0.2356831866,-0.0596234633,30.98480194,30.7389159,-3.895767006,5.484577466e-11,-8.323943531e-10,0.1267372935,3.031468901e-10,
756874000,-0.3897523071,0.95611996,89.07197512,-270.9280249,44.57880988,0.01548568355,0.9559945458,50.81565656,2.278963866,50.76452773,-4.142248933e-12,1.06747299e-08,22.27526662,4.531328206e-10,-11.95794236,0.2524078642,-167.0637663,-167.0637663,1.675255536,-0.2460017063,-0.05650566721,30.31040502,30.0919959,-3.632139221,5.789406684e-11,-7.637637321e-10,0.1207011736,3.447809379e-10,
768872000,-0.4410063632,0.9504946612,87.08804152,-272.9119585,39.39968313,0.04828644676,0.9492673596,52.60454821,2.672025332,52.53664219,-3.940068517e-12,1.087497828e-08,19.66173058,4.625658677e-10,-11.57587937,0.2637582372,-168.6486464,-168.6486464,1.716498983,-0.2585987675,-0.05191420952,29.50047127,29.31848886,-3.271699255,6.32692536e-11,-6.772351038e-10,0.1115916741,4.09491199e-10,
780870000,-0.4953651733,0.9445647655,85.06578838,-274.9342116,35.07813728,0.08124374498,0.9410643177,54.49490225,3.116045046,54.40574083,-3.746249217e-12,1.108884012e-08,17.45986981,4.73830363e-10,-11.17067281,0.2763543847,-170.5691646,-170.5691646,1.76378376,-0.272619212,-0.0452825702,28.61531619,28.47873895,-2.792444882,7.298889417e-11,-5.691490342e-10,0.0980536704,5.010367308e-10,
792868000,-0.5496537853,0.9386794512,82.96997133,-277.0300287,31.61549412,0.1148845267,0.9316225939,56.53052825,3.599505972,56.41581499,-3.558101846e-12,1.132452795e-08,15.67321055,4.822215016e-10,-10.70981813,0.2914131152,-172.8939327,-172.8939327,1.822519077,-0.2891747255,-0.03604971344,27.59364963,27.5083966,-2.167398593,9.261481304e-11,-4.350688888e-10,0.07879043715,5.988034592e-10,
804866000,-0.6186273831,0.9312550286,80.89798016,-279.1020198,28.09303703,0.1473179115,0.91952888,58.62404992,4.221164406,58.47188214,-3.381812121e-12,1.156228375e-08,13.8520741,4.912672805e-10,-10.25706862,0.3070057921,-175.7617128,-175.7617128,1.886027007,-0.3061662276,-0.02268914764,26.57012279,26.53683929,-1.329505855,1.487326431e-10,-2.628977104e-10,0.05010038461,6.919237892e-10,
816864000,-0.6874318654,0.9239073173,78.75769719,-281.2423028,25.28373623,0.1801236405,0.9061789035,60.87828524,4.901548152,60.68064303,-3.210851355e-12,1.182280562e-08,12.37989328,5.106366108e-10,-9.816176527,0.3229915597,-178.9843714,-178.9843714,1.954172919,-0.3229408169,-0.005725068942,25.58984646,25.58775571,-0.3271084444,5.956328193e-10,-6.373267257e-11,0.012783788,7.781106461e-10,
828862000,-0.7674619924,0.915433709,76.56232076,-283.4376792,22.65008534,0.2127354214,0.8903721222,63.29328768,5.73365014,63.03305102,-3.046278275e-12,1.210336781e-08,10.99352934,5.356363143e-10,-9.365206825,0.3402041905,177.5329918,-182.4670082,2.031240834,-0.33988888,0.0146437876,24.63764375,24.62414114,0.8155751486,-2.35436568e-10,1.566036522e-10,0.03312095817,8.643211841e-10,
840860000,-0.8630916013,0.9054102775,74.10988853,-285.8901115,20.14394615,0.2478952044,0.8708132625,66.12376494,6.806469457,65.77251906,-2.877742712e-12,1.24491848e-08,9.66323576,5.622187659e-10,-8.902769859,0.3588074956,173.6543262,-186.3456738,2.119188054,-0.356609141,0.03965777961,23.74805873,23.65026006,2.153019387,-8.791206827e-11,4.075157316e-10,0.09103575953,9.65642992e-10,
852858000,-0.9944111503,0.8918245893,71.65406839,-288.3459316,17.48849,0.2807048835,0.8464962294,69.10039145,8.29248915,68.60101109,-2.720275483e-12,1.280188498e-08,8.272668176,5.834323139e-10,-8.439270092,0.378474388,169.2527124,-190.7472876,2.217888308,-0.3718356546,0.0705769678,23.00865394,22.70259958,3.740338001,-4.989218849e-11,6.979981213e-10,0.1647537317,1.097311841e-09,
864856000,-1.176809251,0.8732921121,69.06992201,-290.930078,14.78433697,0.3119647177,0.8156697419,72.38531272,10.42236189,71.63105382,-2.569064385e-12,1.318188958e-08,6.872823507,5.729272455e-10,-7.976333543,0.3991933729,164.301356,-195.698644,2.328858088,-0.3843027217,0.1080128096,22.50973314,21.80139384,5.602438081,-3.284726873e-11,1.030987487e-09,0.256976142,1.302760534e-09,
876854000,-1.470472677,0.8442602969,66.48226639,-293.5177336,11.8419405,0.3368876253,0.7741331778,75.77876472,13.82216055,74.5075101,-2.436086998e-12,1.352361799e-08,5.39043877,4.73183943e-10,-7.495241581,0.4219275861,158.5114915,-201.4885085,2.45977416,-0.3925998452,0.1545582397,22.36576706,20.93438414,7.872680427,-2.305527047e-11,1.428944848e-09,0.3760645823,1.684261282e-09,
888852000,-1.895875452,0.8039077721,64.32262357,-295.6773764,9.199282354,0.3483358546,0.7245204196,78.53822759,18.62540992,76.29775421,-2.346815364e-12,1.366162728e-08,4.096433557,5.771895665e-11,-7.034690032,0.4449031682,150.8899991,-209.1100009,2.602974986,-0.3887062568,0.2164400031,23.06983123,20.30173452,10.9570383,-1.634170996e-11,1.961931577e-09,0.5397094659,2.350807407e-09,
900850000,-2.568386895,0.7440132249,63.80864791,-296.1913521,6.812903613,0.3283854299,0.6676216655,78.49718804,24.89138485,74.44613818,-2.373151558e-12,1.31525458e-08,2.990839546,-3.44512143e-10,-6.766669021,0.4588455762,139.5844105,-220.4155895,2.695802736,-0.349347555,0.297482014,25.88864113,20.67479898,15.58122032,-1.133877612e-11,2.752764869e-09,0.7536334613,2.455237184e-09,
912848000,-2.922184138,0.7143166827,69.16020958,-290.8397904,6.000758808,0.2541225091,0.6675852556,70.96579754,24.43862582,66.62505526,-2.616881645e-12,1.161607067e-08,2.726219377,-2.329256372e-10,-7.732349387,0.4105655738,122.9959194,-237.0040806,2.393083117,-0.2235855143,0.3443451875,33.40957126,25.7293383,21.3119826,-8.180838331e-12,3.715741699e-09,0.8283144461,8.63175498e-10,
924846000,-1.793812965,0.8134097087,71.50369543,-288.4963046,9.718671297,0.2580489358,0.7713923132,68.93943042,14.76881599,67.33889768,-2.555551906e-12,1.158821947e-08,4.559532579,2.927652568e-10,-11.49935256,0.2660923396,119.434247,-240.565753,1.725138472,-0.130764271,0.231745202,38.96834765,34.87095178,17.39393114,-9.893568447e-12,2.993287661e-09,0.4988086143,-9.34979609e-10,
936844000,-1.168181196,0.8741600203,65.50545504,-294.494545,14.89320028,0.3624325181,0.7954862733,77.37768704,11.3464047,76.54126699,-2.219510506e-12,1.300314779e-08,6.745860825,9.842660349e-10,-12.29032198,0.2429315387,142.3235975,-217.6764025,1.641769011,-0.1922743187,0.1484800284,34.1768719,32.59239031,10.28565345,-1.651661191e-11,1.747369455e-09,0.3155845077,-1.933065248e-09,
948842000,-1.191627179,0.8718035659,59.31334959,-300.6866504,14.60105797,0.4449184666,0.7497259603,87.2513806,13.7874796,86.15514392,-1.94690616e-12,1.445131753e-08,6.24879575,1.305097932e-09,-10.43418644,0.3008088975,150.1127651,-209.8872349,1.860448299,-0.2608036564,0.1498914461,29.70193518,28.20909944,9.297938625,-1.804012557e-11,1.559598851e-09,0.3296077794,-1.413460166e-09,
960840000,-1.464560328,0.8448351673,53.99877951,-306.0012205,11.88951862,0.4965962112,0.6834754296,96.91164189,19.86343322,94.85415306,-1.746275281e-12,1.571178066e-08,4.775315124,1.219663388e-09,-8.989161234,0.3552564227,149.4039107,-210.5960893,2.102008411,-0.3057964758,0.1808193608,27.2088991,25.1407767,10.40507266,-1.5919299e-11,1.723511456e-09,0.413872363,7.290201044e-11,
972838000,-1.871215183,0.8061934045,49.07161621,-310.9283838,9.319566241,0.5281495341,0.6091025161,106.7551748,29.48310782,102.6031857,-1.59447884e-12,1.67857384e-08,3.480066834,1.13070449e-09,-7.910433958,0.4022335594,146.4197415,-213.5802585,2.345788362,-0.3351055507,0.2224772037,25.90027341,22.87682368,12.1439327,-1.347163333e-11,1.986730491e-09,0.5308399831,7.045667327e-10,
984836000,-2.417214787,0.7570756196,44.28598333,-315.7140167,7.233014722,0.5419628562,0.5286206166,116.5233811,43.62260258,108.0498352,-1.495657342e-12,1.746145082e-08,2.476923173,1.068899588e-09,-7.003944027,0.4464808113,142.5956883,-217.4043117,2.613244203,-0.354670476,0.2712083486,25.33393416,20.97398045,14.20916479,-1.137333064e-11,2.296279598e-09,0.6774662932,9.368648831e-10,
996834000,-3.108546481,0.6991537252,39.75060122,-320.2493988,5.647913461,0.5375339397,0.4470718008,124.466132,61.77480065,108.0541162,-1.477596908e-12,1.725196644e-08,1.749161714,9.888634943e-10,-6.183840898,0.4906908448,138.3007713,-221.6992287,2.926887981,-0.3663729144,0.326417513,25.36846955,19.23520441,16.5398355,-9.653084398e-12,2.640757215e-09,0.8598731339,1.098520103e-09,
1008832000,-3.991479122,0.6315766188,35.57490394,-324.4250961,4.428537118,0.5136964164,0.3674302888,127.7801655,80.9040559,98.90553287,-1.595073482e-12,1.560349439e-08,1.222504011,8.567991619e-10,-5.380595927,0.5382328538,133.2304871,-226.7695129,3.331187302,-0.3686544621,0.3921587593,26.10140936,17.52106952,19.34672307,-8.154434845e-12,3.052169845e-09,1.104197609,1.270197241e-09,
1020830000,-5.089784327,0.5565584536,32.07126434,-327.9287357,3.510177308,0.4716211375,0.2955178758,123.9665919,94.16294252,80.62912725,-1.933636112e-12,1.257067696e-08,0.8562723837,6.156950005e-10,-4.619420234,0.5875285676,127.3782626,-232.6217374,3.848820652,-0.3566735546,0.4668766359,27.70098183,15.90474705,22.68002239,-6.874216852e-12,3.535983144e-09,1.425990764,1.476891089e-09,
1032828000,-6.45423492,0.4756508246,29.62187435,-330.3781256,2.814252208,0.4134862533,0.2351017339,113.3844125,96.89608122,58.88271773,-2.61700337e-12,9.073607212e-09,0.6076893615,1.324094553e-10,-3.913694863,0.6372579422,120.6252549,-239.3747451,4.513559724,-0.3246324289,0.5483716541,30.34071186,14.44762913,26.68004513,-5.77571252e-12,4.111295458e-09,1.846672896,1.685175853e-09,
1044826000,-8.228712691,0.3877612132,29.43032051,-330.5696795,2.266699273,0.3377221434,0.1905321818,98.03683137,89.45202687,40.11926213,-3.796848106e-12,6.11123659e-09,0.448500314,-8.262295007e-10,-3.306865118,0.6833713136,112.7078566,-247.2921434,5.316547065,-0.2638035643,0.6303998982,34.31345941,13.36114303,31.60527415,-4.819662179e-12,4.814328518e-09,2.365461853,1.877899655e-09,
1056824000,-10.33325019,0.3043249017,34.03580829,-325.9641917,1.874905261,0.252190373,0.1703339707,82.38479102,77.12815404,28.95689289,-5.200744334e-12,4.360832683e-09,0.3754386871,-2.314993791e-09,-2.866612341,0.7189014887,104.1719583,-255.8280417,6.114943408,-0.176010729,0.697021932,39.47381832,12.92728218,37.2970201,-4.037786295e-12,5.616834129e-09,2.885140093,2.024037003e-09,
1068822000,-12.43073393,0.2390359949,47.70788016,-312.2921198,1.628245208,0.1608498983,0.1768205787,68.46261329,64.10202268,24.04288058,-6.193387423e-12,3.580150194e-09,0.375072105,-3.53441752e-09,-2.597867024,0.7414923057,95.04903881,-264.9509612,6.736713622,-0.06525750886,0.738615121,45.95256005,13.39588862,43.95665983,-3.387583924e-12,6.545448815e-09,3.281354531,2.061762028e-09,
1080820000,-12.8931811,0.2266422875,70.47862643,-289.5213736,1.586125369,0.07573444186,0.2136141868,57.80648169,52.70783129,23.73760405,-6.203401315e-12,3.495454397e-09,0.4503619949,-3.794060145e-09,-2.548076521,0.7457550002,85.7427511,-274.2572489,6.866428059,0.05536086809,0.7436973139,53.69363596,15.35355752,51.45167455,-2.861984288e-12,7.576458925e-09,3.351123964,1.988606314e-09,
1092818000,-11.30566392,0.272092646,87.53960596,-272.460394,1.74760241,0.01168060549,0.2718418133,51.0996339,44.06534756,25.87310822,-5.628901991e-12,3.768086787e-09,0.5871531634,-2.943632627e-09,-2.713819169,0.7316595431,77.39582274,-282.6041773,6.453218286,0.1596586423,0.7140271738,61.74927679,19.10654203,58.71893421,-2.480242401e-12,8.5516606e-09,3.073237121,1.864673795e-09,
1104816000,-9.339280674,0.3412211688,96.05798592,-263.9420141,2.035920259,-0.03601074556,0.3393156528,46.87211199,37.17302382,28.55102769,-5.045549036e-12,4.112935718e-09,0.7680577139,-1.49247837e-09,-2.866443483,0.7189154646,70.0518289,-289.9481711,6.115297173,0.2452723688,0.6757817032,69.92769428,23.53907465,65.84674929,-2.187740652e-12,9.485593652e-09,2.797338055,1.753742146e-09,
1116814000,-7.408091851,0.4261822987,98.49006808,-261.5099319,2.485427507,-0.06292068868,0.4215119674,44.93062415,31.29582094,32.23868139,-4.420404496e-12,4.594270399e-09,1.030127359,-3.371032494e-10,-3.009617028,0.7071623797,62.62425878,-297.3757412,5.829723579,0.3251701255,0.6279673724,79.5406104,29.41619329,73.90126031,-1.928356994e-12,1.05315217e-08,2.512264575,1.709879411e-09,
1128812000,-5.876250691,0.5083788396,97.23555525,-262.7644448,3.06817314,-0.06402974154,0.5043304836,45.14636631,26.74166587,36.374135,-3.876196988e-12,5.128509784e-09,1.360204528,3.588525115e-10,-3.197873642,0.692000356,55.25401619,-304.7459838,5.493514,0.3943981066,0.5686076206,90.63856255,37.75970601,82.3987477,-1.711109895e-12,1.161767239e-08,2.182187215,1.714220079e-09,
1140810000,-4.712608677,0.5812588337,94.23103791,-265.7689621,3.776220159,-0.04288437303,0.5796747038,46.89101777,23.25526645,40.71805656,-3.426255699e-12,5.680595344e-09,1.750917653,7.105503047e-10,-3.458991857,0.671506788,47.86748939,-312.1325106,5.088405869,0.450478664,0.4979862846,103.3975664,49.9195034,90.54888136,-1.540720009e-12,1.26325173e-08,1.813897879,1.697828491e-09,
1152808000,-3.855661404,0.6415299403,90.43757862,-269.5624214,4.579266513,-0.004899436946,0.6415112313,49.6541028,20.69987642,45.13363537,-3.058882776e-12,6.231081992e-09,2.180381876,8.364213498e-10,-3.778058167,0.6472873082,40.40923108,-319.5907689,4.670337492,0.4928664849,0.4195991987,117.7967957,67.0538916,96.8496809,-1.425492563e-12,1.337092166e-08,1.444355855,1.650493216e-09,
1164806000,-3.255497351,0.6874246994,86.54372779,-273.4562722,5.398458216,0.04144260194,0.6861743424,52.89819987,18.97746322,49.3768715,-2.767215381e-12,6.746679853e-09,2.601868907,8.252660068e-10,-4.201117867,0.6165156517,33.37966812,-326.6203319,4.215336711,0.5148171738,0.3391973265,131.1101556,88.44281831,96.78708996,-1.411721732e-12,1.322464324e-08,1.094346515,1.551062173e-09,
1176804000,-2.842325342,0.7209144538,83.01552027,-276.9844797,6.166261482,0.08766354238,0.7155646393,56.14328998,17.86245615,53.22594921,-2.540929296e-12,7.198456938e-09,2.979766543,7.599320182e-10,-4.718324323,0.5808764691,26.85321515,-333.1467849,3.771862834,0.5182386237,0.2623855963,140.4302313,110.0854045,87.18860913,-1.551158747e-12,1.179168164e-08,0.7920088,1.409984859e-09,
1188802000,-2.458299458,0.7535030718,80.1192923,-279.8807077,7.113691373,0.1292991607,0.7423264822,59.05627266,16.50792475,56.70213189,-2.361082796e-12,7.591192288e-09,3.434843127,7.041126176e-10,-5.270590912,0.5450928111,21.14813824,-338.8518618,3.396501196,0.5083812173,0.1966588686,143.6416243,125.3503453,70.14418837,-1.908617538e-12,9.39079368e-09,0.559585123,1.26938172e-09,
1200800000,-2.099655518,0.7852667777,77.23800053,-282.7619995,8.313882492,0.1734667632,0.7658676088,62.17870677,15.09620195,60.31829128,-2.197355992e-12,7.994632092e-09,3.995593825,6.767158202e-10,-5.814566738,0.5120020067,16.07439901,-343.925601,3.098377508,0.4919842481,0.141765844,142.07737,132.6228378,50.96235822,-2.600757959e-12,6.754589625e-09,0.3842653276,1.140542658e-09,
1212798000,-1.805350096,0.8123300053,74.22618992,-285.7738101,9.657004618,0.2208241041,0.7817395683,65.67085173,13.95957462,64.1700167,-2.045029171e-12,8.421002801e-09,4.59684614,6.736966695e-10,-6.380319947,0.4797157779,11.35500082,-348.6449992,2.84405276,0.4703258736,0.09444998763,136.9215844,132.9771992,32.62797509,-4.021995102e-12,4.281754686e-09,0.245365185,1.029686812e-09,
1224796000,-1.585031062,0.8331984376,71.34744591,-288.6525541,10.99029536,0.266480613,0.7894350634,69.24418552,13.16590523,67.98099857,-1.911475926e-12,8.833725747e-09,5.163412419,6.645732683e-10,-6.943612567,0.4495928249,7.118168389,-352.8818316,2.633673561,0.4461276755,0.05571180617,129.9879403,128.7386281,17.97860511,-7.227704339e-12,2.336212621e-09,0.1396519862,9.125575971e-10,
1236794000,-1.400826479,0.8510570547,68.51514685,-291.4848531,12.42796059,0.3117041113,0.7919208656,73.01632134,12.5217741,71.93461166,-1.788895034e-12,9.256795413e-09,5.744761971,6.523209852e-10,-7.511408747,0.4211429769,3.38872528,-356.6112747,2.455084624,0.4204065995,0.02489373518,122.4406797,122.2170515,7.39678138,-1.739722495e-11,9.518434918e-10,0.06052168082,7.879593575e-10,
1248792000,-1.274705501,0.8635047382,65.74113194,-294.2588681,13.65252327,0.3547795286,0.7872559425,76.96910976,12.2750767,75.98398745,-1.677289172e-12,9.683940318e-09,6.190102864,6.389194054e-10,-8.063227326,0.3952197451,0.3495778899,-359.6504221,2.306986271,0.3952123889,0.002411333409,115.3465578,115.3446739,0.6592415733,-1.933238505e-10,8.401843948e-11,0.005715405409,6.632189904e-10,
1260790000,-1.169543317,0.8740229454,62.94156199,-297.058438,14.87590698,0.3975921926,0.7783550331,81.26656693,12.18520489,80.3478418,-1.571097582e-12,1.014265357e-08,6.593885168,6.20783369e-10,-8.606401153,0.3712615234,-2.277789397,-362.2777894,2.180972812,0.3709681811,-0.01475558641,108.9508101,108.8870408,-3.727111079,3.38692079e-11,-4.704892581e-10,0.03422915207,5.436181824e-10,
1272788000,-1.091708366,0.8818903324,60.3358793,-299.6641207,15.93341485,0.4364604222,0.7663112019,85.57909411,12.28266221,84.69307857,-1.476441147e-12,1.059039062e-08,6.895335644,5.952233014e-10,-9.119197973,0.3499774813,-4.371716877,-364.3717169,2.076816483,0.3489592225,-0.02667767748,103.5335815,103.3427302,-6.283520235,1.990036498e-11,-7.857186786e-10,0.06080273112,4.339575661e-10,
1284786000,-1.041570427,0.8869956269,57.81108722,-302.1889128,16.69843012,0.4725136761,0.7506610874,90.07538799,12.66663731,89.18033315,-1.38905757e-12,1.104735796e-08,7.040568937,5.767626418e-10,-9.581432756,0.3318397154,-5.990823051,-365.9908231,1.993293744,0.3300274141,-0.03463383612,99.16107957,98.86203278,-7.69533464,1.609762573e-11,-9.53272021e-10,0.07783913018,3.249033667e-10,
1296784000,-0.9822164628,0.8930775594,55.45168881,-304.5483112,17.70514729,0.5064651143,0.7355818208,94.62876272,12.89814505,93.74561637,-1.309186503e-12,1.150544596e-08,7.268147166,5.673201158e-10,-9.978302174,0.3170187077,-7.165826464,-367.1658265,1.928337895,0.3145425629,-0.03954538079,95.77210788,95.40402153,-8.388642516,1.4630555e-11,-1.029542254e-09,0.08792755673,2.276494508e-10,
1308782000,-0.9592489486,0.8954421893,52.92766051,-307.0723395,18.12817403,0.5397930307,0.7144509769,99.8697657,13.72022115,98.92282665,-1.229295525e-12,1.202954873e-08,7.210002343,5.654762384e-10,-10.31334435,0.3050231365,-7.897477671,-367.8974777,1.877793643,0.3021301485,-0.04191046591,93.17363665,92.77825216,-8.574525833,1.418217059e-11,-1.042708542e-09,0.09241956637,1.499053599e-10,
1320780000,-0.9426298964,0.8971571139,50.52552051,-309.4744795,18.44713997,0.5703536957,0.6925225981,105.296206,14.68789229,104.266758,-1.155696446e-12,1.256421958e-08,7.098823706,5.650293489e-10,-10.5408898,0.2971361624,-8.334798167,-368.3347982,1.845501352,0.2939977903,-0.0430720129,91.52320299,91.11737507,-8.609334809,1.399651939e-11,-1.037431057e-09,0.09448620313,1.050674462e-10,
1332778000,-0.9299032693,0.8984725984,48.06192034,-311.9380797,18.69911539,0.6004735761,0.6683445926,111.3723766,15.89519444,110.2322506,-1.08331222e-12,1.316348827e-08,6.934941944,5.53977908e-10,-10.67006031,0.2927500544,-8.643753314,-368.6437533,1.827854583,0.2894249705,-0.04399750904,90.61036825,90.19360948,-8.680532447,1.375675338e-11,-1.036593977e-09,0.09624332031,1.025067215e-10,
1344776000,-0.9144073172,0.9000769378,45.68195907,-314.3180409,19.01539941,0.6288302951,0.643980554,117.8218953,17.18272394,116.562228,-1.015341978e-12,1.379520066e-08,6.783687409,5.446797987e-10,-10.66931283,0.2927752486,-9.061767238,-369.0617672,1.827955323,0.289121157,-0.04611185078,90.5386597,90.08154054,-9.086526006,1.302483733e-11,-1.075395106e-09,0.1008700112,1.574153185e-10,
1356774000,-0.9055805512,0.900992078,43.38551274,-316.6144873,19.20040376,0.6547945314,0.6188948588,124.6538481,18.73896373,123.2373039,-9.518541998e-13,1.445622196e-08,6.57652716,5.34724309e-10,-10.55939894,0.296503656,-9.747769297,-369.7477693,1.842942991,0.2922229295,-0.05020136993,91.12735159,90.58019269,-9.971103264,1.176438978e-11,-1.169649752e-09,0.1100803936,2.64818741e-10,
1368772000,-0.9049193322,0.9010606692,41.1006015,-318.8993985,19.214408,0.6790001161,0.5923421072,132.1321759,20.71882422,130.4976714,-8.910175475e-13,1.517371005e-08,6.298507577,5.329146291e-10,-10.35779808,0.3034660388,-11.18239436,-371.1823944,1.871360352,0.2977046731,-0.05885205432,92.16216833,91.39729569,-11.84903417,9.813096443e-12,-1.377754922e-09,0.1296431594,4.216768555e-10,
1380770000,-0.9062277221,0.9009249491,38.80447906,-321.1955209,19.18671685,0.702080883,0.5645778933,140.4592813,23.10826852,138.5453631,-8.319683289e-13,1.596948034e-08,5.995488711,5.342816744e-10,-10.09042209,0.3129528388,-13.30257121,-373.3025712,1.911008317,0.3045558598,-0.07200838568,93.43623868,92.26772648,-14.73082988,7.824769898e-12,-1.697954323e-09,0.1596531142,6.030055671e-10,
1392768000,-0.8823133214,0.9034088359,36.46343842,-323.5365616,19.70582769,0.7265541482,0.536904642,150.0436704,25.32129599,147.8916326,-7.726765792e-13,1.689993192e-08,5.840602814,5.387981962e-10,-9.837607037,0.3221956318,-16.39106832,-376.3910683,1.950703911,0.3091009493,-0.09092100031,94.15537307,92.27501825,-18.72312166,6.103277161e-12,-2.139536062e-09,0.2029056402,7.803631337e-10,
1404766000,-0.8810149033,0.9035438929,34.16553353,-325.8344665,19.73481981,0.7476089757,0.5074173685,160.5534475,28.58398465,157.9884974,-7.171180858e-13,1.78995294e-08,5.527168427,5.400741683e-10,-9.61289776,0.3306397866,-20.16618174,-380.1661817,1.987927815,0.310370466,-0.1139861497,94.08760733,91.14926583,-23.33000625,4.856252829e-12,-2.643205927e-09,0.2559538581,9.320066324e-10,
1416764000,-0.8718301541,0.9044998357,31.7839729,-328.2160271,19.94237234,0.7688610971,0.4764163789,172.9750631,32.43250734,169.9073421,-6.611659396e-13,1.908687217e-08,5.238797615,5.366805556e-10,-9.463807402,0.3363640941,-24.60362347,-384.6036235,2.013700709,0.3058255243,-0.1400412527,92.72723666,88.42246398,-27.92504758,4.022802367e-12,-3.137014604e-09,0.3158139496,1.035020994e-09,
1428762000,-0.8687554166,0.9048200783,29.48055405,-330.519446,20.0128351,0.787666483,0.445287419,186.7229398,37.24849034,182.9699599,-6.088081362e-13,2.038168257e-08,4.912144309,5.28417485e-10,-9.414247878,0.3382887896,-29.32428167,-389.3242817,2.022466551,0.2949410717,-0.1656776067,90.12584482,84.41031402,-31.58428076,3.526868353e-12,-3.518286746e-09,0.3741756103,1.084429804e-09,
1440760000,-0.8675943246,0.9049410388,27.21556021,-332.7844398,20.03957348,0.8047570102,0.4138652415,202.3135795,43.23735189,197.6393581,-5.589269549e-13,2.183242232e-08,4.571032901,5.150089707e-10,-9.461089556,0.3364693601,-34.16474576,-394.1647458,2.014178818,0.2784035873,-0.1889525678,86.62343181,79.68918658,-33.95957129,3.252866876e-12,-3.751376798e-09,0.4261503065,1.073333046e-09,
1452758000,-0.8729445191,0.9043837994,25.0378245,-334.9621755,19.91695745,0.8193975813,0.3827501279,219.6520834,50.83048632,213.6897269,-5.126762653e-13,2.341048979e-08,4.203967783,5.058983297e-10,-9.567613986,0.3323680742,-38.80540042,-398.8054004,1.995662614,0.2590074275,-0.2082875158,82.89617082,75.07181496,-35.15675946,3.116147586e-12,-3.85155136e-09,0.4683083722,1.016953802e-09,
1464756000,-0.8858923213,0.9030366652,22.88299794,-337.1170021,19.62635329,0.8319684331,0.3511463298,239.5861218,60.88385495,231.7210952,-4.689097613e-13,2.5177953e-08,3.805953079,5.01832869e-10,-9.747182024,0.3255673907,-43.0431939,-403.0431939,1.965455662,0.2379374608,-0.2222158649,79.22165493,70.93942448,-35.26568678,3.081076631e-12,-3.831838458e-09,0.4971239482,9.335130881e-10,
1476754000,-0.902684271,0.9012925608,20.72125249,-339.2787475,19.26189734,0.8429905169,0.3188969561,263.0971943,74.26822711,252.3972347,-4.269995165e-13,2.720173267e-08,3.398455094,5.055843338e-10,-9.969016378,0.3173578031,-46.84759869,-406.8475987,1.929792517,0.2170541009,-0.2315242805,75.86896043,67.45226059,-34.73171028,3.103028799e-12,-3.74315788e-09,0.5149080249,8.285770926e-10,
1488752000,-0.9226073999,0.8992276037,18.53606284,-341.4639372,18.84670478,0.8525790486,0.2858657887,291.3981119,92.50153336,276.3264843,-3.86879094e-13,2.95406662e-08,2.987263824,5.151572995e-10,-10.21203968,0.3086014881,-50.30416868,-410.3041687,1.892687742,0.1971074232,-0.2374521892,72.88156914,64.53204475,-33.87238286,3.156109221e-12,-3.621125054e-09,0.5248924468,7.320729951e-10,
1500750000,-0.9591750305,0.8954498097,16.29249055,-343.7075095,18.12956823,0.8594903982,0.2512103044,325.9464485,119.5960642,303.2125801,-3.497555089e-13,3.215577607e-08,2.535305675,5.304062845e-10,-10.47810452,0.2992917695,-53.06919535,-413.0691954,1.854255042,0.1798294845,-0.2392423871,70.45352429,62.36496361,-32.77667462,3.235540868e-12,-3.475975201e-09,0.5255623145,6.278790321e-10,
1512748000,-0.956009193,0.8957762431,13.97183581,-346.0281642,18.1894829,0.8692742799,0.2162806143,372.3009276,154.6858419,338.6447563,-3.106770617e-13,3.562852961e-08,2.189242092,5.449960554e-10,-10.7527397,0.2899766411,-55.74253679,-415.7425368,1.816808736,0.1632315028,-0.239670459,68.22404423,60.44648905,-31.6345092,3.325771776e-12,-3.328240071e-09,0.523347339,5.174124907e-10,
1524746000,-0.9959066741,0.8916710494,11.54849973,-348.4515003,17.46228538,0.8736196975,0.1785101807,430.2568549,214.1846606,373.1566593,-2.797250967e-13,3.89505707e-08,1.742219346,5.599745784e-10,-10.99843114,0.2818892037,-57.68834136,-417.6883414,1.785085547,0.1506766388,-0.2382395301,66.60666857,59.15234043,-30.61778762,3.409171293e-12,-3.195923941e-09,0.5176090649,4.072237694e-10,
1536744000,-1.028455297,0.8883359444,9.138105439,-350.8618946,16.91086656,0.8770615425,0.1410808305,502.9538744,301.0755423,402.8847448,-2.570619409e-13,4.172529623e-08,1.338151687,5.748568406e-10,-11.21570615,0.2749252903,-59.16884279,-419.1688428,1.758336449,0.1409019298,-0.2360732121,65.38405928,58.22872961,-29.7403809,3.482347278e-12,-3.080102235e-09,0.5107509832,2.82159733e-10,
1548742000,-1.06075641,0.885038533,6.615920746,-353.3840793,16.3971336,0.8791448753,0.1019680985,595.0708932,433.3537133,407.8160456,-2.519861937e-13,4.190881343e-08,0.9410696922,5.859407222e-10,-11.37329845,0.2699821661,-60.15060977,-420.1506098,1.739659098,0.1343760122,-0.2341654487,64.5837123,57.64615225,-29.12004507,3.528978502e-12,-2.992492692e-09,0.5051515832,1.641743713e-10,
1560740000,-1.115100087,0.8795185339,4.023287024,-355.976713,15.6000636,0.8773510628,0.061708703,684.0470075,600.6324391,327.3545198,-3.115094522e-13,3.338165868e-08,0.5450163836,5.982864277e-10,-11.46796684,0.2670555807,-60.60503705,-420.605037,1.728719869,0.1310781324,-0.2326740346,64.18663126,57.38534661,-28.75492353,3.546315365e-12,-2.932255352e-09,0.5010847756,6.00476122e-11,
1572738000,-1.194246402,0.8715407139,1.451698721,-358.5483013,14.56913525,0.8712609819,0.02207979689,716.3564,704.5695736,129.4148671,-7.819510744e-13,1.309627911e-08,0.1836793299,6.051115351e-10,-11.47263119,0.2669122096,-60.51581962,-420.5158196,1.728186209,0.131369714,-0.2323448426,64.22500986,57.43690608,-28.7376706,3.52137429e-12,-2.908140026e-09,0.5003345855,-1.555197356e-11,
1584736000,-1.27396466,0.8635783918,-1.200616555,-361.2006166,13.66043412,0.8633888001,-0.01809471214,676.1312943,669.3834789,-95.28528395,1.053992148e-12,-9.569495452e-09,0.1423478275,6.062621443e-10,-11.30645232,0.27206795,-60.28305012,-420.2830501,1.747509194,0.1348683312,-0.2362869075,64.62873847,57.56540458,-29.37853013,3.418480796e-12,-2.95048405e-09,0.51035045,-3.295225643e-11,
1596734000,-1.370894794,0.853994867,-3.84035822,-363.8403582,12.69814854,0.8520772544,-0.05719777433,584.1758476,538.098312,-227.4019076,4.383221878e-13,-2.266635373e-08,0.4226029009,6.013213062e-10,-10.98211884,0.2824190955,-59.97573659,-419.9757366,1.787142171,0.1413131098,-0.2445222904,65.36638339,57.72173049,-30.67516759,3.249380833e-12,-3.057556583e-09,0.5314318772,2.840560191e-11,
1608732000,-1.467615526,0.8445380549,-6.423764279,-366.4237643,11.86488471,0.8392357074,-0.09448784883,493.8078222,412.3235781,-271.7267601,3.640860342e-13,-2.688244968e-08,0.6590133927,5.908173187e-10,-10.5015131,0.2984862605,-60.16342845,-420.1634285,1.850977661,0.1485051973,-0.258921328,66.14278188,57.50061555,-32.68863421,3.026492874e-12,-3.233949295e-09,0.5684919004,1.759467166e-10,
1620730000,-1.573306905,0.8343238427,-8.923102875,-368.9231029,11.07174305,0.8242263575,-0.1294109201,418.9253915,318.9347392,-271.6231135,3.615286651e-13,-2.667326524e-08,0.8516573458,5.864118172e-10,-9.859970494,0.3213671455,-61.1890892,-421.1890892,1.947101642,0.1548734283,-0.281586689,66.72107824,56.50215959,-35.48532433,2.767328282e-12,-3.484642583e-09,0.6280348323,4.127935362e-10,
1632728000,-1.661611039,0.8258847522,-11.41877137,-371.4187714,10.48664477,0.8095374909,-0.1635074148,361.9064962,252.270383,-259.4917453,3.756494385e-13,-2.529471777e-08,1.028625486,5.956491944e-10,-9.139757439,0.3491500657,-63.47618948,-423.4761895,2.072904973,0.1559198345,-0.3124016222,66.51901352,54.19892478,-38.56495445,2.527629808e-12,-3.759231869e-09,0.7115446405,6.965315977e-10,
1644726000,-1.729571786,0.819448021,-14.00723884,-374.0072388,10.0771425,0.79508186,-0.1983428721,316.636011,201.9547108,-243.8701668,3.9679656e-13,-2.359854621e-08,1.207548791,6.250514473e-10,-8.388800487,0.3806799255,-67.2342104,-427.2342104,2.229347929,0.1473098407,-0.3510228148,65.05728662,50.28138798,-41.28235174,2.344024485e-12,-3.994762861e-09,0.8210264951,9.960454864e-10,
1656724000,-1.793221277,0.8134651205,-16.74557456,-376.7455746,9.721855375,0.7789690077,-0.2343774462,278.485604,162.964972,-225.8243776,4.254016264e-13,-2.169405765e-08,1.385723416,6.657238862e-10,-7.686491641,0.4127389148,-72.18344285,-432.1834428,2.405640269,0.1262859055,-0.392944375,62.25745592,45.19847573,-42.81458407,2.243769492e-12,-4.113028296e-09,0.9472572553,1.261766739e-09,
1668722000,-1.868685643,0.8064282216,-19.75856236,-379.7585624,9.332084648,0.7589501681,-0.2726189995,244.5632945,132.0258683,-205.8649439,4.632908701e-13,-1.963444086e-08,1.559277333,7.019244871e-10,-7.081221837,0.4425261182,-78.34645926,-438.3464593,2.587612021,0.08938727082,-0.4334042929,58.12816447,39.53428154,-42.61366082,2.238140238e-12,-4.064292772e-09,1.077891368,1.466112481e-09,
1680720000,-1.987451682,0.795476613,-22.92034895,-382.9203489,8.778832774,0.7326714654,-0.3097992342,215.0749295,109.6562097,-185.0209203,5.118042957e-13,-1.752046388e-08,1.687281741,7.170440451e-10,-6.622932009,0.4665018814,-85.16968427,-445.1696843,2.748841711,0.03928183071,-0.4648450743,53.33724513,34.3430442,-40.80952135,2.320402168e-12,-3.864437294e-09,1.188290739,1.598158606e-09,
1692718000,-2.174421335,0.7785364191,-26.07889364,-386.0788936,8.030830226,0.6992732975,-0.3422510941,190.2318847,94.87800837,-164.8827871,5.702433105e-13,-1.55028248e-08,1.737839884,6.997451503e-10,-6.310591225,0.483582347,-92.40384127,-452.4038413,2.872834301,-0.02028271917,-0.4831568044,48.38230169,30.05876093,-37.91197711,2.480042285e-12,-3.564609438e-09,1.261262139,1.645535488e-09,
1704716000,-2.404798211,0.7581586416,-29.07097893,-389.0709789,7.26988408,0.6626446379,-0.3683837804,170.4619608,85.204306,-147.6397857,6.32360433e-13,-1.378388054e-08,1.73277376,6.574822056e-10,-6.128591955,0.4938219639,-99.66922435,-459.6692244,2.951178947,-0.08294228674,-0.4868066444,43.72242337,26.81832622,-34.53154621,2.703659959e-12,-3.223918982e-09,1.287610044,1.633871059e-09,
1716714000,-2.671264427,0.735252955,-31.79522353,-391.7952235,6.554380825,0.6249184113,-0.3873937108,154.8953809,79.00037097,-133.2348318,6.958320119e-13,-1.235207616e-08,1.686508939,6.08524169e-10,-6.058208019,0.4978397834,-106.6343318,-466.6343318,2.982792611,-0.1425128841,-0.4770057943,39.62685131,24.53422153,-31.11847231,2.979229191e-12,-2.88496435e-09,1.268370071,1.594342612e-09,
1728712000,-2.963978869,0.7108877926,-34.26143271,-394.2614327,5.917729341,0.5875327169,-0.400208396,142.4361797,74.87806643,-121.1665815,7.598268389e-13,-1.115527652e-08,1.618185234,5.56339635e-10,-6.033915482,0.4992340815,-113.3401719,-473.3401719,2.993882024,-0.19779123,-0.4583811705,36.02066103,22.82215205,-27.86821481,3.303606679e-12,-2.565704491e-09,1.221103722,1.548289223e-09,
1740710000,-3.284478664,0.6851348625,-36.62559812,-396.6255981,5.351925831,0.549855682,-0.4087401483,131.8070078,71.75987201,-110.5604273,8.269780813e-13,-1.010865596e-08,1.540699895,5.065140944e-10,-6.044920434,0.4986019565,-120.0004283,-480.0004283,2.988846837,-0.2493042059,-0.4318000972,32.75868733,21.50271261,-24.7136591,3.699616057e-12,-2.259595801e-09,1.149327508,1.52742914e-09,
1752708000,-3.621874838,0.6590316288,-38.67072493,-398.6707249,4.865646696,0.5145387932,-0.4117918382,123.2760216,69.7944664,-101.6155006,8.936153122e-13,-9.227212524e-09,1.455924886,4.323411468e-10,-6.037878598,0.4990063476,-126.4236495,-486.4236495,2.992066547,-0.2962855505,-0.4015248529,29.85184421,20.38991798,-21.80329901,4.164744391e-12,-1.979852213e-09,1.069317642,1.546814484e-09,
1764706000,-4.005950662,0.6305252266,-40.52945841,-400.5294584,4.413089456,0.479244541,-0.4097398337,115.8227855,68.60339474,-93.31930064,9.664431094e-13,-8.416261962e-09,1.360272345,2.999247758e-10,-6.010721032,0.5005689977,-133.0795637,-493.0795637,3.004557167,-0.3418952808,-0.3656185695,27.06500734,19.37154211,-18.90126924,4.771520575e-12,-1.704663797e-09,0.9757235191,1.640068466e-09,
1776704000,-4.420340163,0.6011501943,-41.64651491,-401.6465149,4.01441889,0.4492147989,-0.3994841931,110.4684132,68.97243142,-86.29063686,1.038105226e-12,-7.729808341e-09,1.251088806,1.100949002e-10,-5.953832582,0.5038582464,-140.2062285,-500.2062285,3.031106001,-0.3871410477,-0.3224824673,24.31391745,18.39422489,-15.90028529,5.633783259e-12,-1.424327857e-09,0.8644172495,1.849816889e-09,
1788702000,-4.809608051,0.5748037562,-41.61499856,-401.6149986,3.703710414,0.4297372364,-0.381739788,107.8210932,71.09420873,-81.06171492,1.097656243e-12,-7.212700955e-09,1.14020138,-1.105175654e-10,-5.902334592,0.5068544577,-148.5287134,-508.5287134,3.055597848,-0.432297132,-0.2646141171,21.50116801,17.51355322,-12.47299801,7.133641597e-12,-1.109821137e-09,0.712191173,2.167761152e-09,
1800700000,-5.064664523,0.5581703639,-40.50560836,-400.5056084,3.526631616,0.4244005891,-0.3625441974,108.0333861,74.38589046,-78.34508161,1.128150473e-12,-6.92453324e-09,1.053225029,-2.211893345e-10,-6.005347842,0.5008787511,-158.6484601,-518.6484601,3.007042386,-0.4665004829,-0.1823645325,19.0759505,17.15113259,-8.350481327,1.058442471e-11,-7.380576334e-10,0.4868763787,2.475829686e-09,
1812698000,-4.906893931,0.5684016153,-38.71313013,-398.7131301,3.633937639,0.4435164502,-0.3554905831,112.5668141,77.61993934,-81.52565637,1.076961981e-12,-7.157955269e-09,1.050318476,-1.010740712e-10,-6.522197552,0.4719436232,-170.6742849,-530.6742849,2.787474383,-0.4657059854,-0.07647691591,18.38726053,18.04126525,-3.550225061,2.473083561e-11,-3.117098753e-10,0.1967835964,2.567247998e-09,
1824696000,-4.420347111,0.6011497135,-38.32055577,-398.3205558,4.014412845,0.4716343909,-0.3727492177,117.3886353,76.36933673,-89.15052494,9.783758111e-13,-7.775951021e-09,1.16736021,2.467305502e-10,-7.686150822,0.4127551103,177.397549,-542.602451,2.405734192,-0.4123294063,0.01874144396,20.81375622,20.79254576,0.9394086984,-9.284853046e-11,8.193777919e-11,0.04518007123,2.241259327e-09,
1836694000,-3.826031247,0.643722127,-40.52468878,-400.5246888,4.61359588,0.4893099561,-0.4182749618,117.1705218,67.19572189,-95.98784367,9.027491514e-13,-8.317629282e-09,1.428481471,7.06533419e-10,-9.529560314,0.3338274033,168.0049674,-551.9950326,2.002224964,-0.3265384898,0.0693783101,25.48367909,25.17853058,3.93185682,-2.203868258e-11,3.407069705e-10,0.1561591058,1.358523533e-09,
1848692000,-3.350401984,0.6799545759,-44.92832069,-404.9283207,5.249112936,0.4814016157,-0.4801986148,110.16803,53.81622723,-96.12912423,8.955721589e-13,-8.275810842e-09,1.786247925,1.107058443e-09,-11.89774449,0.2541632618,163.6087808,-556.3912192,1.681552004,-0.2438333637,0.07172345797,30.48241546,30.1301846,4.620565821,-1.863204003e-11,3.977871329e-10,0.1533533857,-9.224906253e-11,
1860690000,-3.053306702,0.7036143123,-50.667826,-410.667826,5.747964166,0.4459615281,-0.5442347066,99.4679534,41.85748675,-90.23205948,9.479495792e-13,-7.718039164e-09,2.155697021,1.370944406e-09,-14.49760181,0.1884169239,166.8808816,-553.1191184,1.4643195,-0.1834992958,0.04276617443,34.51994619,34.38500488,3.049282624,-2.805100523e-11,2.608217395e-10,0.08868059302,-1.848626215e-09,
1872688000,-2.937415082,0.7130652066,-57.15746412,-417.1574641,5.970224754,0.3867181439,-0.5990918677,88.09816895,33.43679075,-81.50624759,1.042710639e-12,-6.927006633e-09,2.437621726,1.513470424e-09,-16.58266693,0.148206296,179.9518395,-540.0481605,1.347986362,-0.1482062436,0.0001245760753,37.09236756,37.09236636,0.009449195431,-8.994144751e-09,8.030628493e-13,0.0002547477112,-3.189622533e-09,
1884686000,-2.974698685,0.7100109813,-64.01758084,-424.0175808,5.896812884,0.3110525001,-0.6382491173,77.63137239,28.11102327,-72.36297638,1.166983473e-12,-6.110792667e-09,2.574185069,1.590616499e-09,-16.99522128,0.1413314894,-160.2428908,-520.2428908,1.329187545,-0.1330118812,-0.04777477746,38.28435277,38.10368063,-3.714995231,2.273122635e-11,-3.13717964e-10,0.09749701787,-3.450140414e-09,
1896684000,-3.160858188,0.6949556508,-70.93895594,-430.9389559,5.556423697,0.2269553805,-0.6568520471,68.59649348,25.12197363,-63.83075559,1.314604655e-12,-5.356179666e-09,2.540833635,1.644593248e-09,-15.45774584,0.1686990775,-143.9449689,-503.9449689,1.405867654,-0.1363851183,-0.0992898699,38.10347862,37.33163655,-7.630464964,1.099699806e-11,-6.402891663e-10,0.2043967442,-2.538888e-09,
1908682000,-3.477476426,0.6700792641,-78.12867025,-438.1286702,5.062062132,0.1378450364,-0.655747639,60.62039969,23.48019249,-55.88840147,1.491986405e-12,-4.660239556e-09,2.380236086,1.701394343e-09,-13.0605591,0.2223166784,-136.6601017,-496.6601017,1.571740893,-0.1616898103,-0.1525814889,36.36197632,34.62166008,-11.11458392,7.502281307e-12,-9.267866366e-10,0.32102978,-9.728976804e-10,
1920680000,-3.959601121,0.6338988209,-85.61921305,-445.619213,4.46297066,0.04842015933,-0.6320468363,53.58207991,22.91869969,-48.43317553,1.710890335e-12,-4.013359484e-09,2.113260184,1.747386899e-09,-10.65877133,0.2931307866,-137.0087142,-497.0087142,1.829377715,-0.2144126886,-0.1998821078,32.93177972,30.17242836,-13.19570696,6.279606856e-12,-1.093447108e-09,0.4373432195,4.936429069e-10,
1932678000,-4.650777271,0.5854113475,-93.42144508,-453.4214451,3.824058709,-0.03493734801,-0.5843678871,47.46230242,23.26569196,-41.3688014,1.990616917e-12,-3.406697459e-09,1.778103203,1.74176843e-09,-8.591493806,0.3718992561,-142.6999307,-502.6999307,2.184202566,-0.2958357232,-0.2253669932,28.10600729,24.9046432,-13.02714064,6.321374596e-12,-1.072777683e-09,0.5230807982,1.518836552e-09,
1944676000,-5.656934339,0.5213786978,-101.0298349,-461.0298349,3.178669004,-0.09975023525,-0.5117476303,42.6853983,24.74499863,-34.78114821,2.353038116e-12,-2.846536731e-09,1.405582952,1.634299456e-09,-6.972447145,0.4481027846,-151.5859641,-511.5859641,2.623863184,-0.3941207526,-0.2132250876,22.77137335,20.09021574,-10.72001285,7.634446765e-12,-8.773405111e-10,0.5335937151,2.122858715e-09,
1956674000,-7.0243293,0.4454341757,-108.039287,-468.039287,2.606424905,-0.1379371779,-0.4235385931,39.55224095,27.18564839,-28.72838814,2.831329394e-12,-2.336753583e-09,1.056748315,1.387980123e-09,-5.852276923,0.5097839451,-162.1728785,-522.1728785,3.079833739,-0.4853064559,-0.1560683007,18.00606764,16.59096146,-6.99703294,1.162486021e-11,-5.691353692e-10,0.4217376406,2.404854162e-09,
1968672000,-8.788477945,0.3635600067,-113.6052769,-473.6052769,2.142480078,-0.1455815792,-0.3331394337,38.43413456,30.48550272,-23.40548703,3.454053695e-12,-1.892188722e-09,0.7677579487,9.132628879e-10,-5.111207037,0.55518746,-173.1183462,-533.1183462,3.496276116,-0.5511877557,-0.06652197836,14.61134207,14.34838647,-2.759551161,2.929599933e-11,-2.230926269e-10,0.192324842,2.482912948e-09,
1980670000,-11.06885831,0.2796128233,-117.1090981,-477.1090981,1.776284843,-0.1274157215,-0.2488946863,39.29572138,34.57638606,-18.67156247,4.303554883e-12,-1.500336484e-09,0.5400090813,-2.466974978e-10,-4.641501302,0.5860368629,176.130068,-543.869932,3.831348062,-0.5847006021,0.03955263104,13.15859721,13.06411647,1.574020813,-5.105021051e-11,1.264790162e-10,0.1204842912,2.449611269e-09,
1992668000,-14.19558371,0.195083624,-116.2181201,-476.2181201,1.484730165,-0.08618591481,-0.1750131664,42.28442294,39.73558226,-14.45876639,5.52400349e-12,-1.154825662e-09,0.3638745317,-2.742290502e-09,-4.379557082,0.6039794272,165.6405815,-554.3594185,4.050242683,-0.5851105424,0.149789191,13.8521755,12.52871373,5.90881531,-1.351713868e-11,4.719387095e-10,0.471621863,2.384744055e-09,
2004666000,-18.11467634,0.124241356,-101.4050876,-461.4050876,1.283734239,-0.02456803027,-0.121788039,47.63634662,46.24225081,-11.44009441,6.939824673e-12,-9.082548287e-10,0.2473948436,-4.963381023e-09,-4.277336639,0.6111293872,155.5448729,-564.4551271,4.143098847,-0.5563023854,0.2529956204,16.19674743,12.6005577,10.17647154,-7.801549791e-12,8.079329669e-10,0.8076207249,2.315828455e-09,
2016664000,-19.51156055,0.1057844841,-62.23367948,-422.2336795,1.236597291,0.04928145662,-0.09360392684,55.13615274,54.17378414,-10.25653211,7.694599889e-12,-8.094445998e-10,0.1893264846,-5.395102514e-09,-4.328462036,0.6075428277,145.6723648,-574.3276352,4.096097462,-0.5017249036,0.3426082436,19.62905544,13.29560094,14.44045751,-5.465194631e-12,1.139639619e-09,1.086107922,2.244900293e-09,
2028662000,-16.08439692,0.1569568066,-36.91015643,-396.9101564,1.372357687,0.1254992431,-0.09426228908,64.20434678,63.03761455,-12.1843054,6.438870064e-12,-9.558972531e-10,0.1932862703,-3.857664752e-09,-4.534474045,0.5933026631,136.1006186,-583.8993814,3.917661904,-0.4275093354,0.4113925355,23.72683241,14.68020174,18.64012481,-4.208832296e-12,1.462376682e-09,1.269745822,2.168977662e-09,
2040660000,-12.89798567,0.2265169558,-31.9507937,-391.9507937,1.585706325,0.1922002904,-0.1198706789,73.36181056,71.1258635,-17.97405881,4.339136593e-12,-1.401830931e-09,0.2527077764,-1.269166827e-09,-4.871335457,0.5707333191,126.8809439,-593.1190561,3.659108403,-0.342528012,0.4565206266,28.22325652,16.76611245,22.70351696,-3.435234128e-12,1.77069034e-09,1.354131259,2.050845141e-09,
2052658000,-10.64136846,0.2937186861,-33.23485941,-393.2348594,1.831732853,0.2456754187,-0.1609790521,81.42207964,76.79432494,-27.05894882,2.865448545e-12,-2.098043347e-09,0.3523560998,3.023161614e-10,-5.350176491,0.5401211398,118.0984741,-601.9015259,3.348971377,-0.2543907854,0.4764621432,32.97150393,19.66854402,26.46258581,-2.930024529e-12,2.051803729e-09,1.345426778,1.888135632e-09,
2064656000,-8.984656063,0.3554407338,-36.66189353,-396.6618935,2.102895428,0.2851249375,-0.2122307359,87.33460152,78.55424927,-38.16493868,2.019797638e-12,-2.941961588e-09,0.4858418104,8.367721647e-10,-5.92762488,0.5053808203,110.3825651,-609.6174349,3.043514854,-0.1760174783,0.4737379242,37.4831404,23.16067895,29.47149071,-2.615593958e-12,2.271823212e-09,1.272479566,1.67911989e-09,
2076654000,-7.722517259,0.411030583,-41.08354726,-401.0835473,2.395762059,0.3098151772,-0.2701123768,90.22205691,75.64445456,-49.17251313,1.558596095e-12,-3.768585681e-09,0.6500478245,1.059124555e-09,-6.571593908,0.4692673133,103.5728757,-616.4271243,2.768375399,-0.1101285692,0.4561617143,41.65893958,27.06716409,31.66758397,-2.420143166e-12,2.427006389e-09,1.169963128,1.433876736e-09,
2088652000,-6.745210106,0.4599805781,-46.09771615,-406.0977162,2.703570499,0.318964585,-0.331426803,89.77881707,68.71906184,-57.77479152,1.31891151e-12,-4.402429728e-09,0.8407389446,1.183412534e-09,-7.245452943,0.4342375272,97.88079834,-622.1192017,2.535052422,-0.05953943058,0.4301363577,45.21814502,31.02677698,32.89406861,-2.31652212e-12,2.506522684e-09,1.060183229,1.177646673e-09,
2100650000,-5.978112028,0.502451791,-51.39022563,-411.3902256,3.019710982,0.3135364047,-0.392622879,86.68041429,59.76656031,-62.78098828,1.206808291e-12,-4.756577544e-09,1.050436698,1.252798852e-09,-7.87502639,0.4038765897,93.38278196,-626.617218,2.355009995,-0.02383129893,0.4031728772,47.99139315,34.5597244,33.2986376,-2.275306819e-12,2.52285853e-09,0.9635099287,9.109268309e-10,
2112648000,-5.394955616,0.5373437715,-57.0660048,-417.0660048,3.322864098,0.2921390447,-0.4509912497,81.52908222,50.48274065,-64.01940443,1.176742284e-12,-4.822859591e-09,1.268144392,1.275279205e-09,-8.480283673,0.3766914964,90.04468331,-629.9553167,2.208683964,-0.0002937706845,0.3766913818,49.97428006,37.55428951,32.97126031,-2.284848667e-12,2.48386814e-09,0.8779625641,6.765835108e-10,
2124646000,-4.954807614,0.5652747925,-62.65534805,-422.6553481,3.600607385,0.2596544173,-0.5021107196,75.79419834,42.5169743,-62.74605484,1.193842751e-12,-4.700239375e-09,1.475788338,1.257172868e-09,-8.937661201,0.3573690519,87.818193,-632.181807,2.112206167,0.01360522331,0.357109979,51.22135695,39.63133225,32.44972899,-2.308460658e-12,2.430774242e-09,0.8187897592,5.085760898e-10,
2136644000,-4.619292629,0.5875371991,-68.00659476,-428.0065948,3.848922123,0.2200326058,-0.5447803344,70.22063486,36.17141208,-60.18776046,1.237598517e-12,-4.483282938e-09,1.663959381,1.202380573e-09,-9.216440593,0.34608117,86.05132469,-633.9486753,2.058483574,0.02383213334,0.3452596207,52.17559104,41.05126993,32.20381247,-2.313026855e-12,2.398806699e-09,0.7844778621,4.460005324e-10,
2148642000,-4.361125107,0.6052624683,-73.07033879,-433.0703388,4.066657816,0.1762509076,-0.5790321866,65.10336014,31.25033631,-57.11273048,1.296949742e-12,-4.230473652e-09,1.827587707,1.135110714e-09,-9.275428236,0.3437388251,84.39604861,-635.6039514,2.047567152,0.03356662397,0.3420959831,53.09774886,41.95167515,32.54885384,-2.275728093e-12,2.410969804e-09,0.7758654149,5.041382793e-10,
2160640000,-4.124849552,0.6219529362,-77.82560125,-437.8256012,4.290346603,0.131162436,-0.6079653528,60.55085564,27.26430535,-54.06536573,1.36244373e-12,-3.982509907e-09,1.983009104,1.071006318e-09,-9.132385529,0.349446523,82.1237496,-637.8762504,2.074305296,0.04788604063,0.3461499668,54.46623329,42.76781821,33.72661106,-2.184062265e-12,2.484336523e-09,0.7885978867,6.645660303e-10,
2172638000,-3.896148384,0.6385465765,-82.26014983,-442.2601498,4.53321637,0.08599651447,-0.6327292706,56.53234622,23.96354004,-51.20209876,1.430688207e-12,-3.750770775e-09,2.136666731,1.033789205e-09,-8.882369383,0.3596512142,78.8944086,-641.1055914,2.123297872,0.06927519985,0.3529163393,56.56134269,43.93683073,35.61938225,-2.056583643e-12,2.609270737e-09,0.8106953019,9.139252925e-10,
2184636000,-3.663096926,0.6559113615,-86.54157007,-446.5415701,4.812455793,0.03956742141,-0.6547168345,52.84748498,21.08602864,-48.45860155,1.503384848e-12,-3.530302518e-09,2.298137899,1.032116702e-09,-8.543170121,0.3739740727,74.44991087,-645.5500891,2.19475586,0.1002552308,0.3602852977,59.72677292,45.78415514,38.35490244,-1.899416311e-12,2.794228565e-09,0.837733105,1.202289555e-09,
2196634000,-3.409776632,0.6753224205,-91.03847955,-451.0384796,5.15995722,-0.01223947267,-0.6752114979,49.1663603,18.36964484,-45.60577961,1.58870238e-12,-3.304321639e-09,2.482670733,1.059655573e-09,-8.20196422,0.3889571766,68.49547179,-651.5045282,2.27309302,0.1425818831,0.3618813229,64.39104368,48.9948549,41.78170293,-1.734108605e-12,3.027251946e-09,0.8527773582,1.482572007e-09,
2208632000,-3.196662538,0.6920968508,-95.72644153,-455.7264415,5.495549023,-0.0690566964,-0.6886430306,45.52979973,16.10903043,-42.58476021,1.692164444e-12,-3.068675582e-09,2.643533414,1.077473992e-09,-7.985961866,0.3987511116,61.35809187,-658.6419081,2.326409476,0.1911349323,0.3499569782,70.43263408,54.13687851,45.05501447,-1.599387281e-12,3.246683134e-09,0.8322425619,1.708690804e-09,
2220630000,-3.040634958,0.7046415562,-100.5524597,-460.5524597,5.771433294,-0.1290450331,-0.6927244056,42.00639405,14.34735747,-39.48025424,1.815365126e-12,-2.829592331e-09,2.751743958,1.054379716e-09,-7.917544991,0.4019043904,53.42210001,-666.5779,2.343946968,0.2395009229,0.3227482718,77.51800429,61.42430686,47.28737162,-1.515649406e-12,3.389136839e-09,0.7698478671,1.833905368e-09,
2232628000,-2.950881648,0.7119605298,-105.0541393,-465.0541393,5.943492844,-0.1849186771,-0.6875266387,38.91880824,13.13757115,-36.63438083,1.945874867e-12,-2.611515575e-09,2.78852007,9.978050771e-10,-8.039506576,0.3963005465,45.08502667,-674.9149733,2.312906759,0.2798106401,0.2806423504,84.75582388,70.54733321,46.97471083,-1.51753826e-12,3.348635522e-09,0.6658609006,1.849116053e-09,
2244626000,-2.884043396,0.7174602263,-109.1454368,-469.1454368,6.078649402,-0.2353033931,-0.677776873,36.26024013,12.22075116,-34.13880864,2.07695832e-12,-2.42060822e-09,2.793511479,9.228869336e-10,-8.354686049,0.3821780125,37.02625049,-682.9737495,2.237178411,0.3051155235,0.2301402845,90.52221044,79.6840026,42.95032378,-1.650857931e-12,3.045387667e-09,0.5390081118,1.760262816e-09,
2256624000,-2.847044147,0.7205229072,-112.9789506,-472.9789506,6.156221571,-0.2812870455,-0.6633482176,33.89366555,11.54922473,-31.86527848,2.213314915e-12,-2.247391051e-09,2.759083767,8.674957602e-10,-8.824190986,0.3620682565,29.62176671,-690.3782333,2.135131651,0.3147485487,0.1789602565,93.6746353,86.61412919,35.67814349,-1.97678156e-12,2.516304399e-09,0.4119205934,1.594773964e-09,
2268622000,-2.787912095,0.7254448388,-116.5210895,-476.5210895,6.284510666,-0.3239308459,-0.6491063251,31.78156872,10.89468823,-29.85588516,2.349784532e-12,-2.094536553e-09,2.740407483,8.335366667e-10,-9.398945362,0.338885301,23.13839012,-696.8616099,2.025193666,0.3116248291,0.133166111,94.01635129,90.02932224,27.088659,-2.589825401e-12,1.900402086e-09,0.3008870701,1.378276567e-09,
2280620000,-2.733438786,0.7300087417,-120.1010984,-480.1010984,6.407647242,-0.3661193296,-0.6315610813,29.72687629,10.31028726,-27.88162748,2.502932184e-12,-1.945742313e-09,2.704253215,8.163505507e-10,-10.04901137,0.3144484306,17.58758042,-702.4124196,1.91735894,0.2997499122,0.09501476531,92.20881422,90.2244593,19.02662252,-3.667798774e-12,1.327788507e-09,0.2108809814,1.139616352e-09,
2292618000,-2.683366089,0.7342292733,-123.5857541,-483.5857541,6.525283257,-0.4061642069,-0.6116561638,27.79723323,9.800613469,-26.01219235,2.668772027e-12,-1.805782295e-09,2.654139196,8.115552488e-10,-10.72842666,0.2907894641,13.27753159,-706.7224684,1.820037068,0.2830163743,0.06678506069,89.2081648,88.27348141,12.87979602,-5.389884375e-12,8.941233134e-10,0.1459078742,8.969718168e-10,
2304616000,-2.638984203,0.7379905316,-127.0768513,-487.0768513,6.633311926,-0.4449239364,-0.5887891945,25.93077536,9.352518167,-24.18544014,2.855404001e-12,-1.670227209e-09,2.585981626,8.038661072e-10,-11.38073057,0.2697512536,9.940585382,-710.0594146,1.738792788,0.2657015571,0.04656631131,86.06982297,85.63892474,8.601685672,-8.028566163e-12,5.940255529e-10,0.1004413086,6.603944682e-10,
2316614000,-2.615297635,0.7400057908,-130.5598848,-490.5598848,6.692479021,-0.4811831856,-0.5622021988,24.14366121,9.011871436,-22.39871759,3.067208513e-12,-1.538826332e-09,2.485467946,7.970587631e-10,-12.01106867,0.2508687503,7.590525501,-712.4094745,1.669759139,0.2486704869,0.03313787534,83.04591532,82.83898094,5.858949388,-1.172591411e-11,4.025188298e-10,0.07072696117,4.47973788e-10,
2328612000,-2.580365965,0.7429878327,-133.9746471,-493.9746471,6.781732754,-0.5158861719,-0.5346890473,22.43623122,8.668792372,-20.69387615,3.302791475e-12,-1.414375895e-09,2.387169431,7.99119632e-10,-12.52295055,0.2365116143,6.168940373,-713.8310596,1.619555238,0.2351420616,0.0254156369,80.71577553,80.59902843,4.339704563,-1.57493573e-11,2.966082082e-10,0.05384313742,2.53336581e-10,
2340610000,-2.551196417,0.7454871796,-137.3504561,-497.3504561,6.858150317,-0.5483144045,-0.5050766761,20.80253889,8.374532955,-19.04239539,3.57083265e-12,-1.294829704e-09,2.273845657,7.972121559e-10,-12.92342832,0.2258544147,5.488732975,-714.511267,1.583493387,0.2248188783,0.02160297687,78.98373184,78.90199888,3.592279046,-1.892870969e-11,2.442649425e-10,0.04552836553,8.652908752e-11,
2352608000,-2.492276735,0.7505612921,-140.9396728,-500.9396728,7.018001764,-0.5827980197,-0.4729574204,19.08869214,8.000506057,-17.3311878,3.903392595e-12,-1.172462309e-09,2.166261443,8.141939104e-10,-13.16405345,0.2196834434,5.520323508,-714.4796765,1.563062366,0.2186645819,0.02113328926,77.96921685,77.89244365,3.459190436,-1.955672327e-11,2.340157209e-10,0.04440983328,-2.474700527e-11,
2364606000,-2.502475504,0.7496805177,-144.2942845,-504.2942845,6.989789615,-0.6087595564,-0.437530206,17.60269917,7.878626009,-15.74110131,4.275887107e-12,-1.059489016e-09,1.99795006,8.237131575e-10,-13.23653097,0.2178579695,6.046117147,-713.9538829,1.557080328,0.2166461212,0.02294674379,77.63673514,77.54678134,3.736221127,-1.801477211e-11,2.514744786e-10,0.04818022183,-6.553328635e-11,
2376604000,-2.503831977,0.7495634494,-148.0863902,-508.0863902,6.986054734,-0.6362640414,-0.3962492075,15.97455089,7.729303202,-13.98013405,4.790181533e-12,-9.362129489e-10,1.808718546,8.211753974e-10,-13.09039943,0.2215542211,6.424694511,-713.5753055,1.569221973,0.2201628127,0.02479130504,78.20853101,78.10243081,4.072422411,-1.644411439e-11,2.72719459e-10,0.05214206995,-1.642382313e-11,
2388602000,-2.506678616,0.7493178342,-151.5663362,-511.5663362,6.978230098,-0.658926853,-0.3567809119,14.54399821,7.615011874,-12.39110479,5.377325305e-12,-8.256317202e-10,1.627194415,8.220091769e-10,-12.69338827,0.2319159329,6.451830539,-713.5481695,1.60388164,0.2304471342,0.02605989764,79.91770696,79.79674414,4.395396362,-1.515927026e-11,2.92869661e-10,0.05508240229,1.28853965e-10,
2400600000,-2.494249272,0.7503908615,-155.0380793,-515.0380793,7.012527153,-0.6802956978,-0.3166768205,13.15868381,7.471985267,-10.831454,6.120875841e-12,-7.181035764e-10,1.449608587,8.165662394e-10,-12.08229261,0.2488200481,5.672162267,-714.3278377,1.662477872,0.2476017525,0.024592448,82.8801827,82.76649795,4.339527913,-1.527769528e-11,2.87701957e-10,0.05243097172,3.686722504e-10,
2412598000,-2.497758714,0.7500877352,-158.5708789,-518.5708789,7.002808513,-0.6982343531,-0.2740445196,11.84833152,7.390225789,-9.261075676,7.123176986e-12,-6.109372436e-10,1.253151925,8.281869389e-10,-11.39635863,0.2692663407,3.639601499,-716.3603985,1.736975332,0.2687232549,0.0170931127,86.73131779,86.67246294,3.194628884,-2.064974791e-11,2.107441763e-10,0.0368586374,6.70656201e-10,
2424596000,-2.455080098,0.7537824038,-162.21901,-522.21901,7.122896294,-0.7177747958,-0.230189606,10.50687397,7.187913179,-7.663439489,8.565584716e-12,-5.0304227e-10,1.066156379,8.489744681e-10,-10.60403957,0.294983702,-0.1311843586,-720.1311844,1.836813852,0.2949829288,-0.0006753937943,91.84050738,91.84040686,-0.1358805829,4.830847703e-10,-8.919451502e-12,0.001479529409,9.968036192e-10,
2436594000,-2.423852786,0.7564972623,-165.8617273,-525.8617273,7.213460016,-0.7335822551,-0.1847841522,9.298704002,7.03600197,-6.079520738,1.074404001e-11,-3.971058687e-10,0.8640589876,8.751655896e-10,-9.826279362,0.3226160963,-5.130255728,-725.1302557,1.952535466,0.3213236913,-0.02884841391,97.28100011,97.07989818,-6.251907907,1.04477889e-11,-4.083659596e-10,0.06439961335,1.306880473e-09,
2448592000,-2.410826918,0.757632601,-169.7274473,-529.7274473,7.251934905,-0.7454881895,-0.1351092793,8.22953862,6.949349594,-4.408156772,1.474506441e-11,-2.865238227e-10,0.634326524,8.943559271e-10,-9.156119779,0.3484929615,-11.4702788,-731.4702788,2.069805669,0.3415328571,-0.06930116694,101.4434114,100.2040911,-15.80841034,4.111644001e-12,-1.027523837e-09,0.157762125,1.55182945e-09,
2460590000,-2.436769428,0.7553731239,-173.7170864,-533.7170864,7.175716552,-0.7508360776,-0.08266644313,7.488628141,6.988525454,-2.690736591,2.403862886e-11,-1.74041197e-10,0.3850220777,9.049550549e-10,-8.616962878,0.3708103572,-18.91476473,-738.9147647,2.178691867,0.3507872862,-0.120202333,102.6983465,98.92736111,-27.57403833,2.345743394e-12,-1.783533421e-09,0.2787301513,1.725538859e-09,
2472588000,-2.515095669,0.7485920602,-177.6061988,-537.6061988,6.95519824,-0.7479388049,-0.03126686305,7.264339295,7.191940842,-1.023040725,6.291807868e-11,-6.585083659e-11,0.1422482119,8.928402181e-10,-8.24700449,0.3869454778,-26.75285938,-746.7528594,2.262352577,0.3455254718,-0.1741808002,100.1654025,92.68780774,-37.97470408,1.69501668e-12,-2.444346517e-09,0.4097054942,1.803758562e-09,
2484586000,-2.622546251,0.7393884931,178.5338771,-541.4661229,6.674258223,-0.7391464378,0.01891790519,7.51872233,7.492668127,0.625387731,-1.024275397e-10,4.0060416e-11,0.08346662637,8.733416024e-10,-8.023798562,0.3970178854,-34.75439286,-754.7543929,2.316847966,0.3261911786,-0.2263239191,94.63694943,83.3638856,-44.79525393,1.429993604e-12,-2.869446294e-09,0.5373460415,1.794668851e-09,
2496584000,-2.746997766,0.7288700612,174.8649364,-545.1350636,6.376536907,-0.7259447251,0.06523666361,8.155296063,7.856625471,2.18684478,-2.915117001e-11,1.394093516e-10,0.2783440281,8.619498493e-10,-7.920431385,0.4017708564,-42.50515614,-762.5051561,2.343200547,0.2961921192,-0.2714591122,87.77904016,73.68433578,-47.70512081,1.336315324e-12,-3.041157753e-09,0.6474255391,1.718243284e-09,
2508582000,-2.886111637,0.7172894086,171.1863114,-548.8136886,6.074372382,-0.7088195141,0.1099044681,9.087847158,8.278857542,3.748264101,-1.69262849e-11,2.378055649e-10,0.4527513708,8.696289654e-10,-7.902800384,0.4025872168,-49.79700272,-769.7970027,2.347769007,0.2598690995,-0.3074809234,80.90533748,65.22447551,-47.86900278,1.325370957e-12,-3.037009918e-09,0.7339116551,1.602382787e-09,
2520580000,-3.028350518,0.7056388347,167.4525703,-552.5474297,5.794374517,-0.6887857118,0.1532984291,10.22928086,8.730207893,5.331196578,-1.184390592e-11,3.366234311e-10,0.6106608965,9.055455209e-10,-7.887968315,0.4032752641,-56.33942371,-776.3394237,2.351629117,0.2235241269,-0.3356603988,74.99110583,58.50959499,-46.90728352,1.346106318e-12,-2.961828642e-09,0.8017024136,1.470605841e-09,
2532578000,-3.199788243,0.6918478375,163.4592051,-556.5407949,5.490300065,-0.6632172864,0.1969676657,11.64745357,9.292873684,7.021799868,-8.949707764e-12,4.412713679e-10,0.7556112465,9.530830477e-10,-7.893050431,0.4030393766,-62.44295869,-782.4429587,2.35030473,0.1864586935,-0.3573148398,69.72561609,53.04208283,-45.25703246,1.388581031e-12,-2.844090262e-09,0.8532287959,1.34246631e-09,
2544576000,-3.443365717,0.6727159334,159.1719663,-560.8280337,5.110899381,-0.6287551698,0.2391937782,13.41339174,10.1004012,8.826152819,-7.086524e-12,5.520471189e-10,0.8738418053,1.002434095e-09,-7.856619966,0.4047333593,-67.94197015,-787.9419701,2.359838874,0.1519957772,-0.3751084854,65.32815486,48.62606723,-43.62652179,1.433686235e-12,-2.72869688e-09,0.8971838414,1.239307225e-09,
2556574000,-3.77852763,0.6472523241,154.7434507,-565.2565493,4.66977513,-0.5853791312,0.276164523,15.47842718,11.2187862,10.6639835,-5.837707079e-12,6.638672249e-10,0.9505469936,1.04185605e-09,-7.784856116,0.4080911665,-72.98816892,-792.9881689,2.37889872,0.1193948927,-0.3902348777,61.53804929,44.91850413,-42.06256646,1.480014588e-12,-2.618529865e-09,0.9364195731,1.17368465e-09,
2568572000,-4.250286108,0.6130355988,150.1614798,-569.8385202,4.168434083,-0.5317661683,0.3050203069,17.88980852,12.79415907,12.504189,-4.955333156e-12,7.7478984e-10,0.977335746,1.035281449e-09,-7.619501472,0.4159344825,-77.83139315,-797.8313931,2.424273373,0.08767450725,-0.4065890732,58.1275158,41.44722353,-40.75457955,1.520379379e-12,-2.52525247e-09,0.9832885311,1.171775901e-09,
2580570000,-4.882248643,0.5700166846,145.4641084,-574.5358916,3.65134327,-0.4695633367,0.323155216,20.63973965,14.90873133,14.27335221,-4.320942679e-12,8.8029953e-10,0.95738208,9.444880729e-10,-7.314823184,0.4307832821,-82.84561036,-802.8456104,2.513600246,0.05365122328,-0.4274292718,54.75003918,37.76532836,-39.64021649,1.555852671e-12,-2.444784059e-09,1.049645752,1.242976891e-09,
2592568000,-5.729778179,0.5170244616,141.4532852,-578.5467148,3.140996471,-0.4043650089,0.3221850919,23.49964354,17.64619623,15.51918185,-3.955680017e-12,9.527057742e-10,0.879463293,7.146010706e-10,-6.912460133,0.4512082101,-88.31939049,-808.3193905,2.644369389,0.01323301788,-0.4510141196,51.11182181,33.82871958,-38.31495869,1.602218027e-12,-2.352113839e-09,1.132616285,1.340287534e-09,
2604566000,-6.797867801,0.4572004087,138.7000058,-581.2999942,2.684601153,-0.3434782995,0.3017529975,26.2372808,20.8589782,15.91533639,-3.839449346e-12,9.725245808e-10,0.7629969329,3.248846401e-10,-6.439202928,0.4764747091,-94.58799637,-814.5879964,2.82025479,-0.03811325705,-0.4749479214,46.98460668,29.65544163,-36.44321675,1.676749018e-12,-2.226903863e-09,1.228888013,1.575665796e-09,
2616564000,-8.130051498,0.3921908211,138.1107206,-581.8892794,2.290506411,-0.2919611585,0.2618631743,28.63347995,24.34738018,15.06921539,-4.036436544e-12,9.165990657e-10,0.6189255386,-2.823896101e-10,-5.96286852,0.5033343549,-100.9055858,-820.9055858,3.02685392,-0.09522641775,-0.4942442738,42.90040966,25.85730025,-34.23222419,1.776861805e-12,-2.08220693e-09,1.323890114,1.818533445e-09,
2628562000,-9.534333553,0.3336440024,140.119052,-579.880948,2.001398663,-0.2560312022,0.2139306986,30.37847559,27.37132658,13.17809774,-4.594615592e-12,7.97911328e-10,0.4814563044,-1.105052077e-09,-5.57547183,0.5262915638,-110.5812215,-830.5812215,3.222006295,-0.1850098201,-0.4927008997,37.10374166,21.94948738,-29.91500708,2.024010664e-12,-1.811302625e-09,1.362902311,2.012529899e-09,
2640560000,-10.9178091,0.2845178675,146.842361,-573.157639,1.795317883,-0.2381895158,0.1556154603,31.15326363,29.5072306,9.992456025,-6.031868234e-12,6.022770814e-10,0.3386443195,-1.928601017e-09,-5.33338299,0.5411664327,-119.5965536,-839.5965536,3.358878998,-0.2672764541,-0.470557547,32.20878962,19.34807564,-25.74991452,2.340713715e-12,-1.552029183e-09,1.330877292,2.106094845e-09,
2652558000,-11.67078879,0.2608918789,158.1993323,-561.8006677,1.705964044,-0.2422332827,0.09688967544,30.65538288,30.01342146,6.240755697,-9.614308665e-12,3.744487841e-10,0.2079321648,-2.376052779e-09,-5.257917333,0.5458887364,-128.7059132,-848.7059132,3.404206987,-0.3413568899,-0.4259929415,27.86739684,17.72107206,-21.50710143,2.78980186e-12,-1.290437949e-09,1.213645617,2.023392726e-09,
2664556000,-11.37357413,0.2699735974,170.7214194,-549.2785806,1.739626941,-0.2664412795,0.04352916161,28.9952411,28.86824504,2.710799655,-2.203422895e-11,1.619170942e-10,0.09390247489,-2.199110951e-09,-5.264497586,0.5454753388,-137.3273067,-857.3273067,3.400201289,-0.4010540427,-0.3697282787,24.28789402,16.72793504,-17.60903135,3.392031002e-12,-1.051794139e-09,1.05267215,1.926294237e-09,
2676554000,-10.31662103,0.3049080907,179.493709,-540.506291,1.877317335,-0.3048961868,0.002694268275,26.63459209,26.63412209,0.1582293565,-3.75800246e-10,9.408733852e-12,0.005940851213,-1.526000616e-09,-5.359526863,0.5395400115,-145.4138436,-865.4138436,3.343482713,-0.4441890179,-0.3062671062,21.49304358,16.26296413,-14.05229234,4.231525339e-12,-8.355862752e-10,0.8640671052,1.810833531e-09,
2688552000,-9.045186176,0.3529723539,-176.3119476,-536.3119476,2.091058028,-0.3522413669,-0.02270466998,23.96262586,23.93045254,-1.241321681,4.768890496e-11,-7.348285673e-11,0.05187205209,-7.175646116e-10,-5.428450622,0.535275627,-152.8436093,-872.8436093,3.303626227,-0.4762689961,-0.24431095,19.31073781,15.93259323,-10.91132749,5.425304271e-12,-6.459208177e-10,0.68484316,1.732776802e-09,
2700550000,-7.863394738,0.4044178007,-175.3278645,-535.3278645,2.358058724,-0.403073968,-0.03294136953,21.2985769,21.23281523,-1.672403981,3.523925485e-11,-9.856190789e-11,0.0787650607,-7.86162004e-11,-5.46682008,0.5329162902,-160.0552472,-880.0552472,3.281887718,-0.5009530237,-0.181785149,17.56457114,15.66119263,-7.952433886,7.41084691e-12,-4.686708865e-10,0.5077795844,1.704142256e-09,
2712548000,-6.866960326,0.4535780021,-176.3709814,-536.3709814,2.660174751,-0.452668487,-0.02870966509,18.86104642,18.81195328,-1.359958002,4.314368167e-11,-7.979362517e-11,0.07229222725,3.412387236e-10,-5.477961186,0.5322331742,-167.4283458,-887.4283458,3.275634546,-0.5194726518,-0.1158460862,16.21825625,15.43197099,-4.988597686,1.176154078e-11,-2.926989609e-10,0.3232638065,1.737132664e-09,
2724546000,-6.033405852,0.4992633741,-178.7789472,-538.7789472,2.994115662,-0.4991500018,-0.0106391923,16.70781344,16.7011064,-0.4733655048,1.234040406e-10,-2.765174821e-11,0.02834336202,6.023675279e-10,-5.502262746,0.5307461624,-174.9248132,-894.9248132,3.262085549,-0.528665356,-0.04695136154,15.48553806,15.3548887,-2.007307221,2.910128324e-11,-1.172572849e-10,0.1307275657,1.797068728e-09,
2736544000,-5.39529135,0.5373230021,178.0440657,-541.9559343,3.322670046,-0.5370099428,0.01833929765,15.07212599,15.0521265,0.7761890651,-7.492904133e-11,4.514245943e-11,0.05156673809,7.405622354e-10,-5.531330043,0.528972991,177.0753619,-902.9246381,3.246041017,-0.5282840085,0.02698947229,15.45569426,15.41246369,1.155183112,-5.034621954e-11,6.718441303e-11,0.07495123003,1.831015622e-09,
2748542000,-4.931161496,0.5668157706,174.4556419,-545.5443581,3.616973251,-0.5641640345,0.05476367381,14.03286635,13.85364169,2.235609519,-2.590131441e-11,1.294534723e-10,0.1613734185,7.850217283e-10,-5.625809598,0.5232503411,168.8826839,-911.1173161,3.195073793,-0.5134312526,0.10089236,16.380605,15.78267011,4.385378473,-1.320415682e-11,2.539363274e-10,0.2778603648,1.836562937e-09,
2760540000,-4.621369445,0.5873967344,171.0182458,-548.9817542,3.847271378,-0.5801941385,0.09170433588,13.5737601,13.07094698,3.660233363,-1.575133296e-11,2.110254634e-10,0.28002817,7.7238076e-10,-5.811223288,0.512199129,161.1245599,-918.8754401,3.100033679,-0.4846551697,0.1657024871,18.1183163,16.52699377,7.425083313,-7.764701348e-12,4.280824448e-10,0.4492700497,1.793278277e-09,
2772538000,-4.428073481,0.6006152098,167.7803195,-552.2196805,4.007701968,-0.5870072205,0.1271265248,13.57070677,12.60993382,5.015341584,-1.144569337e-11,2.87900979e-10,0.3977294135,7.290258919e-10,-6.04801448,0.4984243785,153.38744,-926.61256,2.987434624,-0.4456193365,0.2232717359,20.42892919,17.56286501,10.43488958,-5.501166207e-12,5.990050479e-10,0.5941450654,1.712452633e-09,
2784536000,-4.255092443,0.6126964695,164.701083,-555.298917,4.163908518,-0.5909839809,0.1616629149,13.75100524,12.21184802,6.321464462,-9.041689603e-12,3.613141711e-10,0.5176501091,7.057064227e-10,-6.316261836,0.4832667418,146.0946288,-933.9053712,2.870468889,-0.4010920628,0.2695772632,23.01606505,18.82501434,13.242284,-4.31622819e-12,7.568855121e-10,0.7034408451,1.61293736e-09,
2796534000,-4.142464516,0.6206928952,161.8698885,-558.1301115,4.272772311,-0.5898769365,0.1931446863,14.15263192,11.98317903,7.529967504,-7.558000666e-12,4.285417411e-10,0.6283781196,6.965016247e-10,-6.626713073,0.4662988521,139.4148374,-940.5851626,2.747415586,-0.3541259103,0.3033635758,25.71071061,20.31912788,15.75352921,-3.61261903e-12,8.965569683e-10,0.7753053824,1.484213273e-09,
2808532000,-4.065590663,0.6262106752,158.7327432,-561.2672568,4.350607594,-0.5835648921,0.2271383419,14.82562191,11.87565764,8.875123687,-6.385079969e-12,5.029388326e-10,0.7473374488,7.011091216e-10,-6.930406527,0.4502769064,133.2772208,-946.7227792,2.638195345,-0.3086778577,0.3278220136,28.35605164,21.90122834,18.01115937,-3.146292436e-12,1.020663124e-09,0.8223812422,1.358512118e-09,
2820530000,-4.043874387,0.6277782725,155.7225618,-564.2774382,4.37314147,-0.5722608586,0.2581144497,15.67757064,11.93350529,10.16748115,-5.549783387e-12,5.737236913e-10,0.8520112826,7.136484284e-10,-7.167900124,0.4381320199,127.7424805,-952.2575195,2.559555039,-0.2681865262,0.3464616198,30.7943731,23.37629567,20.04600248,-2.814891298e-12,1.131142156e-09,0.8575354611,1.251177229e-09,
2832528000,-4.105633683,0.6233304112,152.6333134,-567.3666866,4.309693321,-0.5535690218,0.2865347092,16.78957992,12.25035825,11.48123324,-4.893925798e-12,6.451110185e-10,0.9372161212,7.049182863e-10,-7.328514959,0.4301047631,122.5918361,-957.4081639,2.509416943,-0.2316762495,0.362375803,33.08307285,24.72210236,21.98425264,-2.555843242e-12,1.235257861e-09,0.8892549801,1.189881867e-09,
2844526000,-4.251406083,0.6129565579,149.5073665,-570.4926335,4.1673786,-0.5281812377,0.3110310628,18.1182779,12.83437872,12.78869489,-4.375059841e-12,7.155441743e-10,0.9964405116,6.816301151e-10,-7.41553359,0.4258173183,117.7366058,-962.2633942,2.483211988,-0.1981786253,0.3768894016,35.26837911,25.94571892,23.88887262,-2.342149265e-12,1.336613609e-09,0.9207250218,1.19081442e-09,
2856524000,-4.509096674,0.5950386371,146.6166436,-573.3833564,3.938742762,-0.4968618642,0.3274129923,19.5884716,13.75607965,13.94555457,-3.995273041e-12,7.769946776e-10,1.013773904,6.079026645e-10,-7.361820768,0.4284586959,112.5829934,-967.4170066,2.499309649,-0.1645372556,0.3956063013,37.5800377,26.9864942,26.1531712,-2.130384029e-12,1.457157887e-09,0.9691207391,1.266855159e-09,
2868522000,-4.906191913,0.568447557,144.0101401,-575.9898599,3.634430953,-0.4599428594,0.3340436963,21.20015878,15.08831564,14.89259761,-3.725559393e-12,8.262898194e-10,0.9870285042,4.571242606e-10,-7.19377759,0.4368286561,107.0295973,-972.9704027,2.551317058,-0.1279321148,0.4176752911,40.1956082,27.96675025,28.87122787,-1.921749126e-12,1.601869753e-09,1.032341177,1.415576065e-09,
2880520000,-5.394351952,0.5373811178,142.2534174,-577.7465826,3.323213075,-0.4249212693,0.3289686622,22.65184886,16.62804052,15.38227959,-3.591935553e-12,8.499041256e-10,0.9250807136,2.186082922e-10,-6.960585549,0.4487151393,100.5858296,-979.4141704,2.627888488,-0.08243267095,0.4410783728,43.55034759,29.22882875,32.28480053,-1.71139843e-12,1.783804865e-09,1.104553344,1.617175335e-09,
2892518000,-6.023473168,0.4998346295,141.8167411,-578.1832589,2.998677474,-0.3928887882,0.308987147,23.87306497,18.42603741,15.17907694,-3.624922277e-12,8.351979576e-10,0.8237841159,-1.222557924e-10,-6.709687816,0.4618655917,93.16384075,-986.8361592,2.716543617,-0.0254909994,0.4611616135,47.94141054,31.11124893,36.47559506,-1.508487361e-12,2.006995723e-09,1.172424647,1.840095641e-09,
2904516000,-6.674792399,0.4637248614,142.9921909,-577.0078091,2.729428899,-0.3703091012,0.2791270619,24.62669342,20.06891982,14.27278831,-3.839171686e-12,7.820872086e-10,0.7111886657,-5.267621011e-10,-6.551096918,0.4703759994,84.59070627,-995.4092937,2.776263911,0.04434225067,0.4682812677,53.77284789,34.37964329,41.34681726,-1.325269716e-12,2.265627164e-09,1.20265405,2.026750496e-09,
2916514000,-7.17207427,0.437921519,146.2810383,-573.7189617,2.55822197,-0.3642501809,0.243098874,24.55882608,21.04449839,12.65958239,-4.310589698e-12,6.90836771e-10,0.601562563,-8.966387422e-10,-6.502886442,0.4729940504,75.28771751,-1004.712282,2.795023569,0.1201240721,0.4574861517,61.00347926,39.46599805,46.51730302,-1.173117569e-12,2.538461572e-09,1.178667849,2.142444209e-09,
2928512000,-7.431260341,0.4250470271,151.3974339,-568.6025661,2.478545367,-0.3731749405,0.2034832647,23.73722435,21.25917769,10.5595068,-5.146707532e-12,5.738742759e-10,0.4967034451,-1.112749144e-09,-6.666502877,0.4641676361,65.75337681,-1014.246623,2.732510641,0.190617456,0.4232216675,69.17360293,47.02305901,50.73282235,-1.071233388e-12,2.75716113e-09,1.078892429,2.149252902e-09,
2940510000,-7.282489504,0.432389884,156.9782886,-563.0217114,2.523545377,-0.3979529377,0.1690989981,22.20456254,20.50160284,8.528005544,-6.346729618e-12,4.615778341e-10,0.4159677469,-1.063658168e-09,-6.969519339,0.4482538548,56.31342336,-1023.686577,2.624855411,0.2486237767,0.3729849005,77.67350788,56.77751103,53.00460421,-1.021136676e-12,2.868871307e-09,0.9335492742,2.081234179e-09,
2952508000,-6.709261066,0.4618882844,161.6749414,-558.3250586,2.716700347,-0.4384650337,0.1452212156,20.05873934,18.81715977,6.947483159,-7.758924858e-12,3.745040781e-10,0.3692099787,-7.771309648e-10,-7.35841954,0.428626505,47.66172796,-1032.338272,2.500337376,0.2886827016,0.3168327297,85.2112068,67.31031702,52.25199505,-1.031635246e-12,2.816643782e-09,0.7762850833,1.994805307e-09,
2964506000,-5.943903927,0.5044345254,164.1134718,-555.8865282,3.035793659,-0.485168001,0.1380804157,17.86796084,16.75541838,6.20644662,-8.650172606e-12,3.332044727e-10,0.370414303,-3.746328931e-10,-7.81924704,0.4064785643,39.3863761,-1040.613624,2.369718227,0.3141609734,0.2579296533,91.38575246,77.73986818,48.04028151,-1.117537884e-12,2.579130645e-09,0.6179619626,1.885084391e-09,
2976504000,-5.168203937,0.5515562411,164.6130734,-555.3869266,3.459868066,-0.5317862438,0.1463477978,15.93985044,14.6927443,6.180784493,-8.651074658e-12,3.304891928e-10,0.420669166,2.126741018e-11,-8.331620842,0.3831942273,31.1362871,-1048.863713,2.242511806,0.3279911815,0.198140356,95.82291971,86.90564394,40.36633491,-1.324629254e-12,2.158405208e-09,0.464484619,1.804184582e-09,
2988502000,-4.467012721,0.5979286509,163.5999444,-556.4000556,3.974241523,-0.5736011467,0.1688206032,14.48861513,12.82540725,6.740096226,-7.901335157e-12,3.589489421e-10,0.5255268776,3.133707722e-10,-8.898152036,0.3589983051,23.86510725,-1056.134893,2.120116555,0.3283041346,0.1452452349,97.21932538,92.22663144,30.75460421,-1.731635332e-12,1.637859798e-09,0.3334677168,1.691841672e-09,
3000500000,-3.905091331,0.6378894706,161.4724056,-558.5275944,4.523175488,-0.6048281233,0.2026966156,13.72807446,11.33352951,7.746685564,-6.847161511e-12,4.10905949e-10,0.6835192477,4.887238455e-10,-9.554850812,0.3328568197,16.45847049,-1063.54153,1.99785722,0.3192181263,0.09430509137,96.21839009,94.1243134,19.96477443,-2.656819761e-12,1.058987681e-09,0.2121107045,1.530687857e-09,
3012498000,-3.527401224,0.6662388269,158.9161252,-561.0838748,4.992308756,-0.6216373451,0.2396689084,13.66120622,10.34787899,8.919078195,-5.923431806e-12,4.712087386e-10,0.8619233182,5.361865703e-10,-10.27474466,0.3063816613,10.18759492,-1069.812405,1.883430106,0.3015512252,0.05419022952,92.97572385,92.31771649,11.04194037,-4.784625681e-12,5.833628407e-10,0.1196080318,1.336187868e-09,
3024496000,-3.322152647,0.6821696093,156.4003074,-563.5996926,5.292664448,-0.6251162703,0.2731025897,14.0728263,9.843994019,10.0568495,-5.232450956e-12,5.292112502e-10,1.021622878,4.591360948e-10,-11.03291174,0.2807723991,4.917696038,-1075.082304,1.780760913,0.2797388387,0.02406911408,88.80466938,88.68365945,4.634420123,-1.135459677e-11,2.438723248e-10,0.05225788101,1.120566893e-09,
3036494000,-3.248739798,0.6879597185,154.5562939,-565.4437061,5.409428905,-0.6212330136,0.295564066,14.57685578,9.697331001,10.88331272,-4.816001305e-12,5.704384783e-10,1.122299808,3.105094395e-10,-11.70919247,0.2597409214,0.7786468003,-1079.221353,1.701756801,0.2597169364,0.003529757579,85.08283006,85.08039217,0.644079355,-8.137824613e-11,3.37588064e-11,0.007570244312,1.00104445e-09,
3048492000,-3.209891093,0.6910435939,153.7366345,-566.2633655,5.473405182,-0.6197068485,0.3057853342,14.80245022,9.614784965,11.25470758,-4.638748815e-12,5.875830884e-10,1.170562589,1.598015566e-10,-12.197968,0.2455283244,-3.037266295,-1083.037266,1.650861609,0.2451834267,-0.01300943448,82.4747705,82.443175,-2.282688097,2.28711761e-11,-1.191740356e-10,0.0276880178,9.869447821e-10,
3060490000,-3.075951553,0.7017823192,153.5420755,-566.4579245,5.706510474,-0.6282788943,0.3126724396,14.64804164,9.230469247,11.37381033,-4.572178583e-12,5.914733054e-10,1.232202831,8.660460696e-11,-12.61943366,0.2338989742,-7.453880269,-1087.45388,1.610621749,0.2319224357,-0.0303432684,80.15698146,79.99230753,-5.135407751,1.012638033e-11,-2.670570818e-10,0.06419876998,1.036552008e-09,
3072488000,-2.820672915,0.7227138112,153.4562782,-566.5437218,6.212764577,-0.6465351589,0.3229667803,14.26760044,8.483469405,11.47149377,-4.515542797e-12,5.942236188e-10,1.352217262,1.170795778e-10,-13.09365718,0.2214711399,-12.28049472,-1092.280495,1.568947797,0.2164034461,-0.04710641469,77.53489605,77.15715978,-7.644135071,6.77643979e-12,-3.959663576e-10,0.09907227137,1.044480517e-09,
3084486000,-2.485255354,0.7511682659,152.8261243,-567.1738757,7.03756003,-0.668257841,0.3430527973,14.00977716,7.510873312,11.82626898,-4.363043828e-12,6.102180938e-10,1.574553117,2.151491822e-10,-13.65338251,0.2076494926,-16.98553078,-1096.985531,1.524135444,0.1985915227,-0.06066068665,74.66244211,74.06947244,-9.391140228,5.494383924e-12,-4.845690298e-10,0.1267882694,9.474974045e-10,
3096484000,-2.156520696,0.7801425494,151.5661128,-568.4338872,8.096803381,-0.6860317022,0.3714604972,14.08580385,6.565227412,12.46224936,-4.124343744e-12,6.405421722e-10,1.898220515,3.176313225e-10,-14.295815,0.192845385,-20.82846008,-1100.82846,1.477840011,0.1802427793,-0.0685702779,71.85777822,71.13974241,-10.13298278,5.072405756e-12,-5.208211306e-10,0.142437721,7.624338768e-10,
3108482000,-1.893731261,0.8041062485,149.8407105,-570.1592895,9.209616106,-0.6952559901,0.4039875829,14.51857623,5.81826868,13.30175949,-3.849130928e-12,6.8105293e-10,2.28620578,3.900109228e-10,-14.94874755,0.1788803444,-23.64243053,-1103.642431,1.435698606,0.1638662014,-0.07173594403,69.47493435,68.7241846,-10.18591938,5.026567748e-12,-5.215212502e-10,0.1482144814,5.574404365e-10,
3120480000,-1.658280087,0.8262015315,148.089292,-571.910708,10.50758126,-0.7013401009,0.4367276422,15.06072345,5.143618826,14.15516076,-3.603163108e-12,7.219606615e-10,2.751984787,4.230144053e-10,-15.4210324,0.1694136425,-25.41787182,-1105.417872,1.407937455,0.1530146483,-0.07271519552,67.9510608,67.20195609,-10.06199592,5.06891013e-12,-5.131955301e-10,0.1497277238,3.907508368e-10,
3132478000,-1.483110441,0.8430328113,146.1417028,-573.8582972,11.74151634,-0.7000696384,0.4696880053,15.79818524,4.649794661,15.09841271,-3.365121966e-12,7.671201574e-10,3.247113865,4.348052506e-10,-15.80292661,0.1621263739,-26.72953155,-1106.729532,1.386994814,0.1448014978,-0.07292110366,66.82507292,66.08788354,-9.898586781,5.132853952e-12,-5.029273999e-10,0.1497791464,3.003649818e-10,
3144476000,-1.329172481,0.858106864,144.2800283,-575.7199717,13.09511451,-0.6966798621,0.5009835925,16.5522641,4.212097175,16.00736344,-3.161928475e-12,8.101989068e-10,3.800330994,4.399672438e-10,-16.02807867,0.1579778018,-27.72372095,-1107.723721,1.375234292,0.1398421241,-0.0734926267,66.15427849,65.41518057,-9.861172024,5.132669642e-12,-4.991147245e-10,0.1507474555,2.994702398e-10,
3156474000,-1.219853625,0.8689750732,142.3551142,-577.6448858,14.26427107,-0.6880643776,0.5307401342,17.39500822,3.910301017,16.94980404,-2.974768909e-12,8.546387826e-10,4.334654535,4.367048936e-10,-16.05705038,0.1574517459,-28.97630826,-1108.976308,1.373751284,0.1377419522,-0.07627717154,65.86545035,65.07404544,-10.17969357,4.953169731e-12,-5.132779648e-10,0.1564324686,3.804219582e-10,
3168472000,-1.128069279,0.8782062752,140.4808777,-579.5191223,15.42120728,-0.67745908,0.5588340154,18.24660033,3.658696525,17.87602762,-2.809954199e-12,8.979275052e-10,4.88590062,4.33790521e-10,-15.91927313,0.1599691892,-30.76196255,-1110.761963,1.380865052,0.137461467,-0.08181984222,65.81178097,64.90291895,-10.89961589,4.608494407e-12,-5.474966313e-10,0.1679372217,5.338578082e-10,
3180470000,-1.047897239,0.8863497734,138.6100245,-581.3899755,16.59785317,-0.6649633203,0.5860372885,19.12218723,3.440557702,18.81011981,-2.660340748e-12,9.412833788e-10,5.467171732,4.310866134e-10,-15.68319748,0.1643766503,-33.42615553,-1113.426156,1.393422827,0.137188174,-0.09054881594,65.74763465,64.63754287,-12.03077364,4.159443915e-12,-6.02035892e-10,0.1861267168,7.400903783e-10,
3192468000,-0.9946379895,0.8918012988,136.7842595,-583.2157405,17.48451024,-0.6499274314,0.6106585712,20.00461123,3.306616639,19.72943884,-2.526846416e-12,9.835768804e-10,5.966654437,4.260164416e-10,-15.3721351,0.1703700478,-37.02820408,-1117.028204,1.410713348,0.1360130821,-0.1025982197,65.54951339,64.13304607,-13.55326926,3.678320033e-12,-6.75674681e-10,0.2113305088,9.754475578e-10,
3204466000,-0.9591099709,0.8954565168,134.8935044,-585.1064956,18.13079553,-0.6320053846,0.6343591785,20.94196791,3.231688167,20.69111431,-2.400383228e-12,1.027657376e-09,6.402571426,4.155585538e-10,-15.05170484,0.176772522,-41.82647534,-1121.826475,1.429462152,0.1317252139,-0.1178855062,64.92782981,63.08634259,-15.3537117,3.23482717e-12,-7.625667152e-10,0.2433761583,1.205707518e-09,
3216464000,-0.8904771414,0.9025601258,133.1387163,-586.8612837,19.52547807,-0.6171408369,0.6585984878,21.81410203,3.040201955,21.60120875,-2.290674508e-12,1.068856716e-09,7.105188757,4.129079484e-10,-14.73681242,0.1832986974,-47.62795828,-1127.627958,1.448875732,0.1235326848,-0.1354181977,63.80123449,61.43426499,-17.21710218,2.87396437e-12,-8.519252564e-10,0.2802524322,1.416572406e-09,
3228462000,-0.8728525618,0.9043933741,131.4582274,-588.5417726,19.91905223,-0.598775186,0.6777873205,22.6787851,3.018968138,22.47694652,-2.193244962e-12,1.108056141e-09,7.445241383,4.077954263e-10,-14.5266369,0.1877881377,-54.16522028,-1134.16522,1.462411709,0.1099405464,-0.152241456,62.03490666,59.15841206,-18.67115227,2.640300342e-12,-9.2044019e-10,0.3156128033,1.578526152e-09,
3240460000,-0.8398304943,0.9078382465,129.5845728,-590.4154272,20.700976,-0.5784895118,0.6996571779,23.65393038,2.949025697,23.46937728,-2.092723736e-12,1.152696656e-09,7.958349536,4.0878761e-10,-14.42339312,0.1900335773,-61.45169592,-1141.451696,1.469238161,0.09081694981,-0.1669282545,59.68948287,56.40205297,-19.53567983,2.514113834e-12,-9.594934087e-10,0.3463646941,1.685055873e-09,
3252458000,-0.8245722255,0.9094344231,127.863663,-592.136337,21.08344571,-0.5581968789,0.7179743828,24.56839474,2.937508107,24.39215174,-2.006126531e-12,1.193599278e-09,8.303688314,4.054428749e-10,-14.43276361,0.1898286764,-69.00508871,-1149.005089,1.468613664,0.06801277346,-0.1772263779,57.05865059,53.55305709,-19.69161454,2.485004094e-12,-9.635844006e-10,0.3677029028,1.735361142e-09,
3264456000,-0.8251428663,0.9093746776,126.1076578,-593.8923422,21.068887,-0.5358984466,0.7346939221,25.52025322,2.984685584,25.34511741,-1.923601047e-12,1.235673178e-09,8.491721053,3.942114575e-10,-14.53781321,0.1875466622,-76.59916471,-1156.599165,1.461679837,0.04346620549,-0.1824402354,54.3910616,50.87450891,-19.23985253,2.534005618e-12,-9.380177386e-10,0.3781825701,1.736866885e-09,
3276454000,-0.8358034725,0.9082592434,124.4405784,-595.5594216,20.80056142,-0.5136671312,0.7490533569,26.44036756,3.068874986,26.26166489,-1.849668077e-12,1.275669911e-09,8.55742414,3.841751597e-10,-14.72359817,0.1835777707,-84.06903925,-1164.069039,1.449712818,0.01896909588,-0.1825951021,51.87001229,48.52056083,-18.3372122,2.649004804e-12,-8.907367427e-10,0.3779266332,1.712607844e-09,
3288452000,-0.8653616881,0.9051736763,122.7825668,-597.2174332,20.0911899,-0.4901084853,0.7610079217,27.37398708,3.226593659,27.18316137,-1.780445405e-12,1.315614308e-09,8.424724103,3.709928396e-10,-14.94264557,0.1790060549,-91.42979264,-1171.429793,1.436071559,-0.00446655896,-0.1789503215,49.56906895,46.49274175,-17.19062422,2.815379718e-12,-8.319941478e-10,0.369748558,1.699235546e-09,
3300450000,-0.908442029,0.9006953042,121.229408,-598.770592,19.14003451,-0.4669798659,0.7701829885,28.26534153,3.437767015,28.05550373,-1.718814082e-12,1.352897968e-09,8.160967164,3.465861718e-10,-15.18325362,0.1741154537,-98.57593879,-1178.575939,1.42164599,-0.02596411469,-0.1721686846,47.54040496,44.79966772,-15.90848438,3.031224956e-12,-7.671420341e-10,0.3551027316,1.721274026e-09,
3312448000,-0.9809096684,0.8932119332,119.7011332,-600.2988668,17.7286844,-0.44256494,0.7758632815,29.16262313,3.767716168,28.91821058,-1.661497325e-12,1.389448577e-09,7.67526249,3.144087743e-10,-15.39268081,0.1699675286,-106.0430855,-1186.043085,1.409544288,-0.04697224847,-0.1633479986,45.62524809,43.24377015,-14.54783855,3.302726337e-12,-6.989877024e-10,0.3364146674,1.816588743e-09,
3324446000,-1.087345949,0.8823333658,118.4962816,-601.5037184,15.99717182,-0.4209627711,0.7754369824,29.89214361,4.226160972,29.59188762,-1.617812474e-12,1.416685725e-09,7.002072996,2.663141525e-10,-15.59185012,0.1661144811,-113.9357152,-1193.935715,1.398410759,-0.06739453969,-0.1518288406,43.82012917,41.82811928,-13.06185891,3.665184659e-12,-6.253250654e-10,0.3122745928,2.015706671e-09,
3336444000,-1.192498156,0.8717161502,117.3590324,-602.6409676,14.59042703,-0.4006101117,0.7742096518,30.59075898,4.687635868,30.22946584,-1.577995712e-12,1.442004995e-09,6.448765793,2.150619408e-10,-15.78376597,0.1624844114,-122.9816816,-1202.981682,1.388015253,-0.08845178038,-0.1362991801,42.01102462,40.45520556,-11.32707078,4.211324215e-12,-5.403235616e-10,0.2799904393,2.274191484e-09,
3348442000,-1.305295121,0.8604690303,116.6490315,-603.3509685,13.3337354,-0.3859411026,0.7690620374,31.04492059,5.166464362,30.61200321,-1.55269302e-12,1.455020463e-09,5.92513585,1.794228064e-10,-16.12384218,0.1562456341,-133.6386483,-1213.638648,1.370358105,-0.1078263417,-0.1130759842,40.37918493,39.33612357,-9.118550192,5.212565892e-12,-4.334142078e-10,0.231811103,2.503237163e-09,
3360440000,-1.349874579,0.8560640729,115.9801945,-604.0198055,12.89507151,-0.3750077992,0.7695549671,31.45813697,5.379968336,30.99468217,-1.528047304e-12,1.467949696e-09,5.761127246,1.86288582e-10,-16.82377171,0.1441489272,-145.3059679,-1225.305968,1.336855165,-0.1185197283,-0.08204868807,39.46816122,38.92537708,-6.52309507,7.260562662e-12,-3.089425268e-10,0.1675794959,2.575671693e-09,
3372438000,-1.326415937,0.8583792351,115.3108138,-604.6891862,13.12222284,-0.3669815775,0.7759764385,31.85455228,5.325955664,31.40615699,-1.502662194e-12,1.482145892e-09,5.896811573,2.516572351e-10,-17.87603173,0.1277022101,-156.8344831,-1236.834483,1.292794987,-0.11740587,-0.05023660166,39.51700327,39.3124746,-4.015331698,1.175316221e-11,-1.894949256e-10,0.1021388691,2.413152978e-09,
3384436000,-1.319924732,0.8590209654,114.0049785,-605.9950215,13.18650657,-0.3494634904,0.7847243388,32.64839471,5.377508388,32.20248563,-1.460307886e-12,1.514339396e-09,5.988365484,3.420806849e-10,-19.3133074,0.1082267533,-167.0090003,-1247.009,1.242722584,-0.1054567317,-0.02432915684,40.46550996,40.41655302,-1.989909181,2.363200501e-11,-9.357656118e-11,0.04923500477,2.075542023e-09,
3396434000,-1.339823189,0.8570552914,112.2017492,-607.7982508,12.99142381,-0.3238546713,0.7935123971,33.77207512,5.571537001,33.30932352,-1.406796047e-12,1.560855735e-09,5.978480177,4.36056878e-10,-20.871073,0.09045786849,-174.9025491,-1254.902549,1.198908583,-0.09010010936,-0.008037180123,41.73518779,41.72970766,-0.6763123651,6.928665964e-11,-3.169160831e-11,0.01620697587,1.714275803e-09,
3408432000,-1.445235629,0.8467168813,110.1470155,-609.8529845,12.04775122,-0.2916348451,0.7949079155,35.10174074,6.15317419,34.55822117,-1.35118283e-12,1.613677997e-09,5.616324209,4.90598965e-10,-22.37948797,0.07603710994,178.9038293,-1261.096171,1.164589099,-0.07602319461,0.001454637056,42.93481362,42.9346298,0.1256349835,-3.716677776e-10,5.866459604e-12,0.002926192308,1.493978118e-09,
3420430000,-1.694384542,0.8227744046,107.8225365,-612.1774635,10.28505166,-0.251826388,0.7832887023,36.6763751,7.407152256,35.92061505,-1.295375445e-12,1.671410742e-09,4.849450073,4.80332985e-10,-23.7156035,0.06519583092,173.1869161,-1266.813084,1.139485537,-0.06473544691,0.007734228071,43.92038698,43.9150885,0.6821983018,-6.820697529e-11,3.174315273e-11,0.01553448542,1.532455929e-09,
3432428000,-2.063260972,0.7885640089,105.5994133,-614.4005867,8.459127509,-0.2120527149,0.7595175062,38.2562822,9.241890229,37.12318134,-1.249031838e-12,1.721328987e-09,4.016838593,3.718482525e-10,-24.84605247,0.05723970366,166.6817181,-1273.318282,1.121430026,-0.05570026581,0.0131857523,44.72472753,44.70908129,1.182921448,-3.919789899e-11,5.484974359e-11,0.0264581918,1.892480041e-09,
3444426000,-2.636860462,0.7381709958,104.102087,-615.897913,6.638573146,-0.1798556139,0.7159248405,39.44212914,11.94743657,37.58909829,-1.22925325e-12,1.736861468e-09,3.146206141,1.006363897e-10,-25.86344304,0.0509129015,158.1129754,-1281.887025,1.107288154,-0.0472431351,0.0189791919,45.49036389,45.45745692,1.729975908,-2.670934376e-11,7.993616852e-11,0.03805703234,2.556766922e-09,
3456424000,-3.389153735,0.6769277427,103.9766567,-616.0233433,5.190565593,-0.1634960288,0.6568867615,39.80163805,15.17369994,36.79577723,-1.251397084e-12,1.694303081e-09,2.424970665,-3.766009923e-10,-26.93817217,0.04498745153,145.5700438,-1294.429956,1.09421332,-0.03710645984,0.02543582971,46.42435029,46.3641523,2.363404591,-1.948296475e-11,1.088256311e-10,0.05097482588,3.542126557e-09,
3468422000,-4.265136503,0.6119883782,106.4605311,-613.5394689,4.154484782,-0.1734098341,0.5869061292,38.63409972,18.16802008,34.09569925,-1.34582502e-12,1.56454407e-09,1.876687669,-9.55491064e-10,-28.18356107,0.03897821496,128.5257921,-1311.474208,1.081118275,-0.02427823876,0.03049374303,47.63187341,47.54326873,2.903956423,-1.580149232e-11,1.332533986e-10,0.06108028541,4.863644799e-09,
3480420000,-4.885719626,0.5697889448,112.553417,-607.446583,3.648880999,-0.2185394732,0.526212828,35.48976883,19.1668798,29.86895396,-1.530976282e-12,1.365867242e-09,1.558362878,-1.382304241e-09,-29.60504775,0.03309387425,104.9781277,-1335.021872,1.068453128,-0.008553121402,0.03196949526,49.15280001,49.05241483,3.13980061,-1.456419236e-11,1.435788748e-10,0.06400909356,6.267324363e-09,
3492418000,-4.917786148,0.5676892791,120.4488741,-599.5511259,3.626302109,-0.2876875078,0.4893945397,31.36840857,17.85709334,25.78955745,-1.767054824e-12,1.175270414e-09,1.444219222,-1.421750838e-09,-30.90191956,0.02850388271,73.37171486,-1366.628285,1.058680384,0.008156711739,0.02731189087,50.82176102,50.74598756,2.7741917,-1.642696931e-11,1.264242488e-10,0.05466819808,7.303222145e-09,
3504416000,-4.280110495,0.610934253,126.8352805,-593.1647195,4.140519348,-0.3662651919,0.488968783,27.58006433,14.88194407,23.22041535,-1.955845267e-12,1.054567689e-09,1.56030793,-1.071689447e-09,-31.32004624,0.02716424807,37.79543851,-1402.204561,1.055845497,0.02146529219,0.01664745038,52.19299444,52.16404652,1.738079275,-2.612972843e-11,7.893580787e-11,0.03331948709,7.439510233e-09,
3516414000,-3.470608415,0.6706093113,130.0242991,-589.9757009,5.071817051,-0.4312771847,0.5135336779,25.19589358,11.89919131,22.20905895,-2.03793334e-12,1.005194927e-09,1.866434313,-5.439277336e-10,-30.89626681,0.02852243898,4.393829988,-1435.60617,1.058719707,0.02843861176,0.002185151341,52.92708955,52.92658329,0.2314935158,-1.955155484e-10,1.047753118e-11,0.004373860948,6.653180054e-09,
3528412000,-2.674902464,0.7349450629,130.9103384,-589.0896616,6.545605532,-0.4812987566,0.5554239393,24.01903472,9.187039634,22.19261885,-2.032508108e-12,1.001035307e-09,2.415644183,-1.026767662e-10,-30.10442978,0.03124485482,-21.19956867,-1461.199569,1.064505164,0.02913040687,-0.01129868789,53.00005005,52.98649678,-1.198525829,3.763513197e-11,-5.406151837e-11,0.02261945783,5.336641795e-09,
3540410000,-2.022309423,0.7922906465,130.1582261,-589.8417739,8.628839368,-0.5109487433,0.6055211394,23.9085013,7.025068817,22.8531145,-1.96707617e-12,1.027334726e-09,3.253080518,1.618574192e-10,-29.51107351,0.03345386689,-40.81551926,-1480.815519,1.069223528,0.02531849,-0.02186630453,52.59634227,52.54600552,-2.300548602,1.954047696e-11,-1.034184408e-10,0.04378160774,3.981211058e-09,
3552408000,-1.496669559,0.8417178206,128.9857656,-591.0142344,11.63566125,-0.529547659,0.6542691849,24.21996856,5.266526483,23.64044365,-1.895141622e-12,1.059138889e-09,4.48881131,2.898617344e-10,-29.22902099,0.03455802789,-54.85213772,-1494.852138,1.071590067,0.01989465911,-0.02825703152,52.02819611,51.94511189,-2.939139417,1.52432336e-11,-1.31679291e-10,0.05658163607,2.904694097e-09,
3564406000,-1.111743901,0.8798584412,127.491048,-592.508952,15.64702889,-0.5355148126,0.6981223117,24.85594073,3.96897707,24.53701307,-1.819748086e-12,1.095606651e-09,6.182200764,3.418038623e-10,-29.15076366,0.03487079246,-64.75971197,-1504.759712,1.072261397,0.01486944373,-0.03154158858,51.50786502,51.40543424,-3.246766092,1.375250982e-11,-1.449719456e-10,0.06315997793,2.051517935e-09,
3576404000,-0.8070740839,0.9112683691,125.9839575,-594.0160425,21.53987648,-0.5354236661,0.7373815419,25.58342544,2.922697605,25.41592996,-1.750925044e-12,1.131044168e-09,8.696051868,3.538464729e-10,-29.19413024,0.0346971248,-71.9584079,-1511.958408,1.071888577,0.01074595294,-0.03299113464,51.0850743,50.97396609,-3.367431976,1.321523007e-11,-1.498553979e-10,0.06606180045,1.399660775e-09,
3588402000,-0.535305917,0.940231299,124.2773972,-595.7226028,32.46233005,-0.529538375,0.7769324327,26.47174638,1.970110522,26.39833368,-1.680128611e-12,1.170834621e-09,13.39941764,3.519128856e-10,-29.30355868,0.03426273804,-76.5677861,-1516.567786,1.070956645,0.007959055843,-0.03332549547,50.80139385,50.68866587,-3.382420552,1.311267922e-11,-1.500191312e-10,0.06672932684,8.757685664e-10,
3600400000,-0.3699521398,0.9583019966,122.950781,-597.049219,46.96392726,-0.5212380772,0.8041477374,27.19462394,1.378964516,27.15963969,-1.627591355e-12,1.200586299e-09,19.69567699,3.418151776e-10,-29.48377122,0.03355918762,-79.1757346,-1519.175735,1.069449028,0.00630232507,-0.03296209599,50.6335369,50.52362095,-3.334484247,1.325686118e-11,-1.474001918e-10,0.06599852078,4.292011997e-10,
3612398000,-0.1926263382,0.9780671735,121.4075848,-598.5924152,90.18751749,-0.509692928,0.8347625501,28.05927424,0.7289076927,28.04980507,-1.570705234e-12,1.235817629e-09,38.48197152,3.331918123e-10,-29.58991079,0.03315159747,-80.06449689,-1520.064497,1.068576619,0.005719959601,-0.03265440976,50.57467025,50.4669215,-3.29956138,1.335267648e-11,-1.453719949e-10,0.06538067474,6.173321659e-11,
3624396000,-0.04461447719,0.9948767374,120.0368863,-599.9631137,389.3762421,-0.4979929461,0.8612681047,28.84631199,0.1711500281,28.84580425,-1.522305572e-12,1.266680665e-09,168.5410431,3.221141796e-10,-29.59806265,0.03312049871,-79.4792533,-1519.479253,1.068510086,0.006047523145,-0.03256370523,50.60778338,50.50056078,-3.292582606,1.333668242e-11,-1.445843107e-10,0.06519893157,-2.418986003e-10,
3636394000,0.04687778363,1.005411594,118.5386008,-601.4613992,nan,-0.4803361143,0.8832495069,29.72434232,-0.1826078385,29.7237814,-1.472465542e-12,1.30092799e-09,-162.7738527,3.030804978e-10,-29.47621094,0.03358841056,-77.749242,-1517.749242,1.069511605,0.007127145009,-0.03282354533,50.71705246,50.60787541,-3.32601213,1.315907525e-11,-1.455703841e-10,0.06572123613,-4.684079728e-10,
3648392000,0.1587662112,1.018446712,117.4287663,-602.5712337,nan,-0.469142864,0.903957233,30.38625485,-0.6256673277,30.37981277,-1.435930909e-12,1.325268056e-09,-48.55585616,2.856074323e-10,-29.06020547,0.03523625355,-75.10922312,-1515.109223,1.073046388,0.009054914783,-0.0340529306,50.91269742,50.79473795,-3.463719904,1.259435329e-11,-1.510989346e-10,0.06819052611,-6.017075612e-10,
3660390000,0.2726263569,1.031885044,116.1661971,-603.8338029,nan,-0.455036972,0.926136112,31.15112088,-1.088903828,31.13208346,-1.396640351e-12,1.353633075e-09,-28.59029665,2.688756072e-10,-28.42411247,0.03791354348,-72.13358604,-1512.133586,1.078815252,0.01163182785,-0.03608514043,51.1753233,51.04218609,-3.689031655,1.178637866e-11,-1.604002915e-10,0.0722741704,-6.125963151e-10,
3672388000,0.3345836537,1.039271895,115.0549958,-604.9450042,nan,-0.4401191701,0.9414781926,31.83196278,-1.352657004,31.80321012,-1.362701122e-12,1.37829611e-09,-23.51165891,2.627284868e-10,-27.55087789,0.04192336224,-69.2923641,-1509.292364,1.087515676,0.01482408029,-0.03921498368,51.50236839,51.34414006,-4.034009276,1.07432252e-11,-1.748269836e-10,0.07856805609,-5.395085515e-10,
3684386000,0.4151866445,1.048960977,113.9187409,-606.0812591,nan,-0.4252913774,0.958877665,32.53882191,-1.699804602,32.4943933,-1.329372148e-12,1.403664903e-09,-19.11654626,2.483590881e-10,-26.50789843,0.04727211991,-67.42779645,-1507.427796,1.099235303,0.01814527993,-0.04365091222,51.84448098,51.64715812,-4.518989506,9.559026717e-12,-1.952074288e-10,0.08749735068,-3.717954594e-10,
3696384000,0.4819421154,1.057053834,112.8785049,-607.1214951,nan,-0.4109596257,0.9738968087,33.19392589,-1.996453651,33.13383299,-1.2994853e-12,1.426641091e-09,-16.59634471,2.4289272e-10,-25.23165241,0.05475419261,-65.81067543,-1505.810675,1.115851754,0.02243569902,-0.04994658164,52.28921638,52.02871697,-5.212941631,8.259622292e-12,-2.244532572e-10,0.1001935457,-1.01250567e-10,
3708382000,0.5381785934,1.063919894,111.8907804,-608.1092196,nan,-0.396670273,0.9872072908,33.82285722,-2.254932313,33.7476066,-1.271723479e-12,1.44836708e-09,-14.96612843,2.350683025e-10,-23.81721443,0.06443758844,-65.84498691,-1505.844987,1.137751555,0.0263682954,-0.05879554236,52.69865293,52.33505655,-6.179795834,6.944828732e-12,-2.65222152e-10,0.1180813826,2.483285367e-10,
3720380000,0.5527918401,1.065711352,110.8233678,-609.1766322,nan,-0.3788478064,0.9960999075,34.50601073,-2.34566571,34.42619103,-1.242635786e-12,1.472725494e-09,-14.67651204,2.36887799e-10,-22.32795158,0.07648960553,-67.89712112,-1507.897121,1.165649691,0.02878080636,-0.07086836346,52.94811106,52.41805457,-7.473287147,5.724283852e-12,-3.19701372e-10,0.1425708605,6.942577893e-10,
3732378000,0.6248095798,1.07458427,109.8696804,-610.1303196,nan,-0.3652317692,1.010612244,35.13000869,-2.681471429,35.02752092,-1.217377049e-12,1.49363304e-09,-13.06279848,2.251658403e-10,-20.7553684,0.09167091795,-71.74757601,-1511.747576,1.201845168,0.02871169679,-0.08705857606,52.93313597,52.1354956,-9.154615352,4.657945571e-12,-3.903683618e-10,0.1755927559,1.163185507e-09,
3744376000,0.6325030736,1.075536501,108.7731313,-611.2268687,nan,-0.3461310181,1.018318262,35.84823999,-2.751430659,35.74249487,-1.189202505e-12,1.519237047e-09,-12.99051268,2.262572411e-10,-19.23440044,0.1092144185,-77.8528498,-1517.85285,1.245209219,0.02298124036,-0.1067691519,52.32503782,51.1442907,-11.05310418,3.845531871e-12,-4.698129054e-10,0.2161160911,1.637111079e-09,
3756374000,0.6444529183,1.077017217,108.0531271,-611.9468729,nan,-0.3337662584,1.0239952,36.32589383,-2.82875623,36.21558644,-1.169918972e-12,1.534429106e-09,-12.80265371,2.320525969e-10,-17.82757088,0.1284166854,-85.98774205,-1525.987742,1.294674492,0.00898530169,-0.1281019494,50.89190677,49.24833338,-12.82917903,3.302573108e-12,-5.43563356e-10,0.26049976,2.049849242e-09,
3768372000,0.6465233365,1.077273972,106.8453025,-613.1546975,nan,-0.3121817576,1.031048864,37.13506311,-2.881974318,37.02306222,-1.140759322e-12,1.563646944e-09,-12.84642337,2.35666803e-10,-16.67740817,0.1465985219,-96.13274382,-1536.132744,1.34356285,-0.01566145809,-0.1457595464,48.48960645,46.47111615,-13.84475705,3.050570207e-12,-5.847250537e-10,0.2979217672,2.350942444e-09,
3780370000,0.6871362687,1.082322815,105.8220941,-614.1779059,nan,-0.295096692,1.041316772,37.8343067,-3.103665982,37.70679011,-1.116519365e-12,1.58746949e-09,-12.14911344,2.446656342e-10,-15.77010808,0.1627401066,-106.8769932,-1546.876993,1.388744541,-0.04724637685,-0.1557309288,45.5908439,43.42263821,-13.89242736,3.03045395e-12,-5.84876212e-10,0.319935129,2.48404699e-09,
3792368000,0.6829681796,1.081803567,104.7990932,-615.2009068,nan,-0.2763255793,1.045917363,38.53826398,-3.127103871,38.41118342,-1.09257679e-12,1.612008569e-09,-12.2833091,2.234370776e-10,-15.24826488,0.172817117,-118.1801176,-1558.180118,1.417845003,-0.08161200439,-0.1523326514,42.61409279,40.65638113,-12.76791201,3.286924868e-12,-5.358331022e-10,0.3140444786,2.424525495e-09,
3804366000,0.6425732235,1.076784167,103.7923348,-616.2076652,nan,-0.2567091516,1.045736369,39.2374737,-2.982999553,39.12391923,-1.069289953e-12,1.636741875e-09,-13.11563027,2.073410467e-10,-14.96210593,0.1786054487,-128.6105276,-1568.610528,1.434883451,-0.1114539406,-0.1395633384,40.14703918,38.57563299,-11.12228819,3.761349557e-12,-4.652988551e-10,0.2883241914,2.244061054e-09,
3816364000,0.6286736721,1.075062427,103.0347457,-616.9652543,nan,-0.2424716185,1.047361798,39.77173895,-2.949200522,39.66224193,-1.051460789e-12,1.654046065e-09,-13.44847244,1.837245407e-10,-14.888201,0.180131618,-137.626999,-1577.626999,1.43941594,-0.1330763767,-0.1214004851,38.40875016,37.2536765,-9.348565436,4.460929594e-12,-3.898659562e-10,0.250943432,1.977733556e-09,
3828362000,0.5907052664,1.07037329,102.2264477,-617.7735523,nan,-0.2266793183,1.046095343,40.34650356,-2.802919404,40.24902474,-1.032884531e-12,1.673256406e-09,-14.35967966,1.461249303e-10,-14.88351164,0.1802288942,-145.6171926,-1585.617193,1.439705408,-0.1487398406,-0.1017787508,37.17019631,36.37387561,-7.652755527,5.432369412e-12,-3.181449065e-10,0.2103915351,1.759830603e-09,
3840360000,0.5139738056,1.060959218,101.6142481,-618.3857519,nan,-0.2135939147,1.039236307,40.78361001,-2.460697358,40.70930869,-1.018015679e-12,1.687104258e-09,-16.54380965,9.177342195e-11,-14.84566835,0.181015841,-152.3887101,-1592.38871,1.442049676,-0.1604003579,-0.08389552937,36.26266234,35.72903829,-6.198104818,6.68635264e-12,-2.568662885e-10,0.1734752771,1.661896464e-09,
3852358000,0.4128079536,1.048673752,101.3468111,-618.6531889,nan,-0.2063236761,1.028176628,40.97275659,-1.984518119,40.92466824,-1.009504652e-12,1.690747133e-09,-20.62196755,2.886193789e-11,-14.69732181,0.1841339669,-159.2356777,-1599.235678,1.451382848,-0.172173843,-0.06528005493,35.3663968,35.0477989,-4.736434802,8.722519092e-12,-1.956793765e-10,0.1351421473,1.710022957e-09,
3864356000,0.3208805859,1.037633607,101.4925884,-618.5074116,nan,-0.2067393367,1.016829558,40.86288796,-1.539729082,40.83386887,-1.00860815e-12,1.681758119e-09,-26.52016471,-4.715436159e-11,-14.5025349,0.1883099444,-166.7087373,-1606.708737,1.463994706,-0.1832658635,-0.04329270667,34.53720297,34.39888087,-3.087941692,1.333748402e-11,-1.271780302e-10,0.08976866729,1.877082611e-09,
3876354000,0.2753328784,1.032206629,101.6639636,-618.3360364,nan,-0.2086826275,1.010891728,40.73686415,-1.318070511,40.71553501,-1.008408632e-12,1.671694241e-09,-30.89025562,-1.162475965e-10,-14.32768893,0.1921390121,-175.3875188,-1615.387519,1.475673451,-0.1915167477,-0.01545106211,33.9299848,33.91253188,-1.088140594,3.77321618e-11,-4.467676438e-11,0.03208668105,2.045809849e-09,
3888352000,0.2304905897,1.02689143,102.4740364,-617.5259636,nan,-0.2218056556,1.002650617,40.15107385,-1.090941743,40.13625017,-1.019806471e-12,1.64282519e-09,-36.79046149,-1.527712433e-10,-14.41627845,0.1901892989,175.1489836,-1624.851016,1.46971298,-0.1895080327,0.01608337546,34.07196158,34.05300239,1.136483285,-3.601567062e-11,4.65176333e-11,0.03337395251,2.079075727e-09,
3900350000,0.3574974887,1.042017168,103.3666167,-616.6333833,nan,-0.2408946529,1.013789695,39.51944563,-1.670823797,39.48410985,-1.033461256e-12,1.611160859e-09,-23.63152232,-1.546159826e-10,-14.81043789,0.1817515426,165.6533341,-1634.346666,1.444245366,-0.1760834818,0.04503588197,35.05457492,34.90347845,3.251217362,-1.255077505e-11,1.326668925e-10,0.09314880653,1.885706808e-09,
3912348000,0.5706061686,1.067899316,103.9405707,-616.0594293,nan,-0.2572733257,1.036445554,39.12760389,-2.644280558,39.03815014,-1.042061675e-12,1.588078198e-09,-14.76324062,-8.814573108e-11,-15.45415401,0.1687688533,157.8702853,-1642.129715,1.406069609,-0.1563362238,0.06357602516,36.52830186,36.21940803,4.740392233,-8.581602137e-12,1.928399151e-10,0.1308798926,1.512096958e-09,
3924346000,0.7597334583,1.091406844,104.269845,-615.730155,nan,-0.2690197623,1.057732134,38.91392829,-3.502277398,38.75600429,-1.046438827e-12,1.571780281e-09,-11.06594364,-1.51072073e-12,-16.26055371,0.1538056589,152.5273519,-1647.472648,1.363523251,-0.1364611734,0.07095441393,38.04640147,37.65077852,5.472434753,-7.410922103e-12,2.219389018e-10,0.1453471872,1.033672267e-09,
3936344000,0.9795559228,1.119380652,103.9260527,-616.0739473,nan,-0.2694006785,1.086478863,39.17950625,-4.53133712,38.91658636,-1.0389445e-12,1.573482167e-09,-8.588322902,6.389258374e-11,-17.0210193,0.1409123426,149.056124,-1650.943876,1.32805114,-0.1208564853,0.07245687173,39.26849452,38.84621097,5.743392305,-7.039772182e-12,2.322178335e-10,0.1478494855,5.926311079e-10,
3948342000,1.140012775,1.140251465,103.4065019,-616.5934981,nan,-0.2643767567,1.109179126,39.5657952,-5.305428726,39.20847582,-1.028076443e-12,1.580466621e-09,-7.390255877,1.150478274e-10,-17.6433343,0.1311696275,147.736815,-1652.263185,1.301945309,-0.1109176932,0.07001954374,40.06008042,39.65948834,5.651108542,-7.132991706e-12,2.277922881e-10,0.1424907072,2.40066662e-10,
3960340000,1.311721448,1.163017025,102.9923925,-617.0076075,nan,-0.2614714405,1.133243702,39.88368765,-6.131147425,39.40961268,-1.019730696e-12,1.583761663e-09,-6.427771174,1.474723497e-10,-18.00868628,0.1257667059,147.4668552,-1652.533145,1.287718866,-0.1060314554,0.06763575078,40.45327434,40.07649751,5.508334783,-7.295706119e-12,2.213645063e-10,0.1374455136,2.126400001e-11,
3972338000,1.430229434,1.178993665,102.2520562,-617.7479438,nan,-0.2501974799,1.152140306,40.42760047,-6.746872861,39.86063956,-1.005147216e-12,1.597048847e-09,-5.908017,1.781205492e-10,-18.2209088,0.1227310811,148.1374106,-1651.862589,1.279802643,-0.1042375376,0.06478776135,40.59636144,40.24955036,5.295116432,-7.566558999e-12,2.121531336e-10,0.1315571574,-4.365930573e-11,
3984336000,1.53886907,1.193832654,101.3184037,-618.6815963,nan,-0.234302924,1.170614601,41.11374079,-7.347263046,40.45191475,-9.874726886e-13,1.615858249e-09,-5.50571206,2.022529e-10,-18.16687757,0.1234969185,148.3966003,-1651.6034,1.281794602,-0.105181812,0.06471688591,40.51917931,40.17364427,5.280359652,-7.564856118e-12,2.109248166e-10,0.1314384032,6.318481575e-13,
3996334000,1.629396909,1.206340325,100.3967337,-619.6032663,nan,-0.2176998822,1.18653434,41.79574564,-7.874628847,41.04722371,-9.702297014e-13,1.634715355e-09,-5.21259154,2.10666814e-10,-17.87657265,0.1276942576,148.2148263,-1651.785174,1.292774085,-0.1085438251,0.06726114377,40.24869991,39.87754912,5.453340334,-7.302906689e-12,2.171805636e-10,0.1367521438,1.561917632e-10,
4008332000,1.726000029,1.219831942,99.55211925,-620.4478808,nan,-0.2024246634,1.202919042,42.42942499,-8.43444653,41.58264322,-9.548702305e-13,1.651081601e-09,-4.930097437,2.023195574e-10,-17.3883333,0.1350775998,147.4145017,-1652.585498,1.312346171,-0.1138148639,0.07274705991,39.83047741,39.4001606,5.83903039,-6.800106433e-12,2.318447048e-10,0.1481981368,3.873902829e-10,
4020330000,1.814540513,1.232330013,98.58555367,-621.4144463,nan,-0.1839696647,1.218520588,43.15868169,-8.9836047,42.21334685,-9.377965762e-13,1.671122225e-09,-4.698931916,1.824943249e-10,-16.7268375,0.1457666339,145.25528,-1654.74472,1.341280591,-0.1197763646,0.08307547186,39.37000877,38.81470459,6.589104508,-6.008029178e-12,2.608463865e-10,0.1697579455,6.980161401e-10,
4032328000,1.896946748,1.244077219,97.85461956,-622.1453804,nan,-0.17001557,1.232405303,43.7178951,-9.483618188,42.67687123,-9.248508661e-13,1.684445068e-09,-4.500062148,1.67742377e-10,-15.99569692,0.158567856,141.5101379,-1658.489862,1.376899925,-0.1241139615,0.09868885211,39.05524784,38.27854209,7.750199965,-5.092738446e-12,3.058983878e-10,0.2024685252,1.102073312e-09,
4044326000,2.008984725,1.260228324,97.30426306,-622.6957369,nan,-0.1602234248,1.250001553,44.14910235,-10.11089396,42.97572643,-9.15694804e-13,1.691208694e-09,-4.250437855,1.633801768e-10,-15.1816968,0.1741466643,136.0923724,-1663.907628,1.421737509,-0.1254654959,0.1207703193,38.99696475,37.84065737,9.425916896,-4.174941263e-12,3.709348028e-10,0.2490949564,1.534634793e-09,
4056324000,2.129474024,1.277831828,96.57013308,-623.4298669,nan,-0.1462086404,1.269439724,44.72345902,-10.81701628,43.39562127,-9.041522851e-13,1.702681451e-09,-4.011792175,1.795633423e-10,-14.4516736,0.1894158511,128.1951395,-1671.804861,1.467356416,-0.1171237246,0.1488636887,39.72225197,37.95378477,11.7203892,-3.347691742e-12,4.598641223e-10,0.3088068626,1.942029138e-09,
4068322000,2.174645764,1.284494616,95.69937326,-624.3006267,nan,-0.1275617026,1.278144918,45.39709989,-11.18614925,43.99734928,-8.891566895e-13,1.721199949e-09,-3.933198842,1.975371216e-10,-14.01196105,0.1992516596,118.7701924,-1681.229808,1.497663622,-0.09589936923,0.1746554747,41.4883112,38.98898926,14.18233699,-2.758398525e-12,5.54820645e-10,0.3637523633,2.236345257e-09,
4080320000,2.270363389,1.298727897,94.77914269,-625.2208573,nan,-0.1082036262,1.294212551,46.12247446,-11.82690605,44.58034257,-8.749485307e-13,1.738878785e-09,-3.769400246,2.028598375e-10,-13.86187907,0.2027244106,108.2303898,-1691.76961,1.508542876,-0.06342004962,0.1925489131,44.23789063,41.05112599,16.48623736,-2.365943446e-12,6.430540174e-10,0.4016025617,2.288997107e-09,
4092318000,2.346919026,1.31022521,93.93366756,-626.0663324,nan,-0.08988345133,1.307138503,46.79399466,-12.37184083,45.12887647,-8.617796537e-13,1.755113793e-09,-3.647709108,2.121952916e-10,-14.15899735,0.1959070805,97.77774053,-1702.222259,1.487274731,-0.02651223364,0.1941048316,47.50875085,44.05428102,17.78487366,-2.186754221e-12,6.916741452e-10,0.4037036411,2.130684873e-09,
4104316000,2.452968129,1.326320268,93.07194374,-626.9280563,nan,-0.07107730275,1.324414388,47.48698758,-13.08259525,45.64931205,-8.494642458e-13,1.770164301e-09,-3.489316239,2.229858995e-10,-14.72623985,0.1835219467,89.2572683,-1710.742732,1.449545327,0.002378949221,0.1835065272,50.23067572,46.95785071,17.83482661,-2.17425486e-12,6.915892477e-10,0.3798050026,1.785068121e-09,
4116314000,2.521044857,1.33675631,91.97031834,-628.0296817,nan,-0.0459600413,1.335965983,48.37718556,-13.66727765,46.40643926,-8.331695494e-13,1.794278619e-09,-3.395441319,2.353814362e-10,-15.47845564,0.1682973268,82.2416304,-1717.75837,1.404705509,0.02271941067,0.1667567647,52.26040761,49.42978288,16.96604751,-2.278929848e-12,6.559825918e-10,0.3432353234,1.332087751e-09,
4128312000,2.59329989,1.347922723,90.94512462,-629.0548754,nan,-0.02223370009,1.34773934,49.21683475,-14.27458954,47.10130483,-8.184924568e-13,1.815852457e-09,-3.299660889,2.662343959e-10,-16.2467944,0.1540494954,77.44739972,-1722.5526,1.364204512,0.03348047176,0.150367234,53.38475606,51.01897234,15.71612679,-2.453025686e-12,6.058891055e-10,0.3080447541,9.163889638e-10,
4140310000,2.64960835,1.356689355,89.91368547,-630.0863145,nan,0.002043814741,1.356687816,50.0720018,-14.81756673,47.82933284,-8.036981137e-13,1.838576036e-09,-3.227880374,2.808529495e-10,-16.88931931,0.1430652093,74.91437491,-1725.085625,1.333899874,0.03723447664,0.1381348901,53.79218958,51.77239382,14.60201689,-2.632536647e-12,5.61306561e-10,0.2820425291,5.678701083e-10,
4152308000,2.735186824,1.37012232,88.35055566,-631.6494443,nan,0.03943795466,1.369554606,51.39000313,-15.67409845,48.94134305,-7.831675572e-13,1.875886054e-09,-3.122434328,2.888063788e-10,-17.33248758,0.1359488759,73.13019343,-1726.869807,1.314677852,0.03945208328,0.1300985395,54.03602085,52.23185174,13.84648738,-2.768158526e-12,5.30725782e-10,0.2650966204,3.364214128e-10,
4164306000,2.779235127,1.377088198,87.20219018,-632.7978098,nan,0.0672178638,1.375446714,52.37721123,-16.22723784,49.80009044,-7.674451848e-13,1.903301669e-09,-3.068919733,2.600150151e-10,-17.60592709,0.1317357491,72.13628354,-1727.863716,1.303446212,0.04041046043,0.1253846174,54.14323412,52.46186128,13.38816311,-2.854673886e-12,5.116800585e-10,0.2551980197,2.214389173e-10,
4176304000,2.73212178,1.369638922,86.06369419,-633.9363058,nan,0.09402224075,1.366407916,53.38354167,-16.29379366,50.83615652,-7.496444314e-13,1.937317206e-09,-3.11997056,2.261293831e-10,-17.69253934,0.1304286601,71.57095401,-1728.429046,1.299983806,0.04123241589,0.12373974,54.23285219,52.59171402,13.24061455,-2.878192815e-12,5.045871312e-10,0.2517623697,1.712275677e-10,
4188302000,2.738809019,1.370693808,85.44172794,-634.5582721,nan,0.108933093,1.366358334,53.93865921,-16.51301905,51.348799,-7.400343046e-13,1.951247829e-09,-3.109594851,2.067342173e-10,-17.53763503,0.1327755927,70.91171118,-1729.088289,1.306208155,0.04342090444,0.1254750297,54.46555245,52.77093806,13.480523,-2.818872291e-12,5.122581588e-10,0.2554535412,2.057950832e-10,
4200300000,2.653013672,1.357221353,84.34720618,-635.6527938,nan,0.1336861494,1.350621269,54.94756175,-16.35252958,52.45788138,-7.223190596e-13,1.987698766e-09,-3.207936798,1.879691815e-10,-17.22490315,0.1376432259,70.04458056,-1729.955419,1.319225708,0.04697610324,0.1293789138,54.84389994,53.0303399,13.98700863,-2.709037261e-12,5.299863254e-10,0.2637548365,3.163888589e-10,
4212298000,2.51116815,1.335237151,83.59571934,-636.4042807,nan,0.1489365952,1.326904722,55.67177057,-15.75176975,53.39688931,-7.07595539e-13,2.017516064e-09,-3.38989778,1.556850893e-10,-16.76649741,0.1451025783,68.45503733,-1731.544963,1.339461963,0.05328620206,0.1349642134,55.52200026,53.52455613,14.75853665,-2.56010481e-12,5.576277037e-10,0.2757339382,4.460080935e-10,
4224296000,2.295250411,1.30245438,82.92724085,-637.0727591,nan,0.1603707727,1.292543472,56.34768655,-14.65680179,54.40808709,-6.924721837e-13,2.049883816e-09,-3.712139106,7.338401281e-11,-16.23533788,0.1542528177,65.96643058,-1734.033569,1.36477288,0.0628228253,0.1408801775,56.56386239,54.34548441,15.68562568,-2.40194989e-12,5.909729959e-10,0.2886279486,5.920934272e-10,
4236294000,1.975010157,1.255308611,82.78947314,-637.2105269,nan,0.1575607019,1.2453812,56.54168431,-12.73510935,55.08882876,-6.819782121e-13,2.069653194e-09,-4.325744463,-6.94894065e-11,-15.75740058,0.1629783704,63.31861698,-1736.681383,1.389424513,0.07318196479,0.1456239996,57.71850784,55.2965372,16.5444589,-2.27081352e-12,6.215650789e-10,0.299195207,7.334512185e-10,
4248292000,1.622454156,1.205376466,83.16549878,-636.8345012,nan,0.1434420543,1.196811096,56.23370205,-10.45527056,55.25320411,-6.780290544e-13,2.069966131e-09,-5.284722551,-2.727528653e-10,-15.25766942,0.1726301028,59.82570424,-1740.174296,1.417298486,0.08676944177,0.1492387897,59.27352886,56.65313555,17.42909797,-2.14946739e-12,6.529511379e-10,0.3076457782,8.507372194e-10,
4260290000,1.300449286,1.161508692,84.97731139,-635.0226886,nan,0.1016903415,1.157048624,54.53367198,-8.134848826,53.92351633,-6.927918408e-13,2.014462436e-09,-6.628705399,-5.148558503e-10,-14.69093113,0.1842694941,55.6854946,-1744.314505,1.451790126,0.1038791949,0.1521984209,61.29696339,58.46335203,18.42156863,-2.02793654e-12,6.881887633e-10,0.3150960044,9.802235336e-10,
4272288000,1.028153879,1.125661193,87.72380171,-632.2761983,nan,0.04470755415,1.124773024,52.01247263,-6.132923827,51.64963266,-7.21260873e-13,1.92409649e-09,-8.421698054,-7.595398793e-10,-14.12568722,0.1966598207,51.41013049,-1748.58987,1.48960534,0.1226648731,0.1537153668,63.60953137,60.58678786,19.37559336,-1.922669332e-12,7.217962502e-10,0.3197989866,1.090700212e-09,
4284286000,0.9118469826,1.110688689,91.62935456,-628.3706454,nan,-0.03158106562,1.110239614,48.60554706,-5.085994187,48.33872018,-7.685047022e-13,1.795712578e-09,-9.504281445,-9.412885514e-10,-13.55444366,0.2100282998,46.35710434,-1753.642896,1.531736263,0.1449534499,0.1519881051,66.49764687,63.37057762,20.15209495,-1.843408035e-12,7.486207795e-10,0.318003965,1.205580353e-09,
4296284000,1.02950147,1.125835849,96.24280425,-623.7571958,nan,-0.1224256767,1.119159646,44.86319236,-5.32381114,44.54619023,-8.316040242e-13,1.650204309e-09,-8.367349828,-1.001841391e-09,-12.89825249,0.2265099977,40.93470132,-1759.065299,1.585683065,0.1711185147,0.1484090058,70.09480605,66.89703103,20.93009973,-1.769929027e-12,7.753511713e-10,0.3128703831,1.354554965e-09,
4308282000,1.408218693,1.176009783,101.0462542,-618.9537458,nan,-0.2253251078,1.154221645,41.28950919,-6.758052597,40.73269318,-9.069281524e-13,1.504731925e-09,-6.027282652,-9.464211131e-10,-12.21425303,0.2450684187,34.88701364,-1765.112986,1.649246699,0.2010250985,0.1401693248,74.5322346,71.42321938,21.30205923,-1.73418099e-12,7.869327089e-10,0.2982511768,1.56518787e-09,
4320280000,2.025127011,1.262572572,104.6515193,-615.3484807,nan,-0.3193543521,1.221516393,38.88627821,-9.188471755,37.78511109,-9.749616511e-13,1.391967003e-09,-4.112230205,-7.905790249e-10,-11.56794482,0.2639992899,27.891665,-1772.108335,1.717388683,0.2333314671,0.1234991965,79.80789726,77.13548444,20.47968516,-1.798808624e-12,7.544518241e-10,0.2655027749,1.817691062e-09,
4332278000,2.722047284,1.36805124,107.864286,-612.135714,nan,-0.4196680539,1.302091748,37.00126617,-11.74329846,35.08829776,-1.046987543e-12,1.289039169e-09,-2.987942262,-5.92770683e-10,-10.92395139,0.2843167396,19.07619918,-1780.923801,1.794532317,0.268703417,0.09292191407,86.28203442,84.57072558,17.09917657,-2.148466653e-12,6.281726321e-10,0.2021878901,2.083620161e-09,
4344276000,3.589610237,1.511751861,109.9074492,-610.0925508,nan,-0.5147542259,1.421415413,36.15289086,-14.89481855,32.9420081,-1.112122566e-12,1.206848604e-09,-2.211642122,-4.000845983e-10,-10.33129215,0.3043935127,9.584525312,-1790.415475,1.875188827,0.3001444967,0.05068226217,92.71438902,92.1411938,10.29360663,-3.559058733e-12,3.771119462e-10,0.111715577,2.331796598e-09,
4356274000,4.465942362,1.672234265,111.220002,-608.779998,nan,-0.6052652312,1.558852603,35.93239848,-17.93892619,31.13410008,-1.173460908e-12,1.137473429e-09,-1.735560967,-2.004906092e-10,-9.990213935,0.3165842487,-0.9581109642,-1800.958111,1.926476301,0.3165399863,-0.005293735527,96.31222842,96.30556153,-1.133208869,3.223999597e-11,-4.140138866e-11,0.0117668061,2.476461805e-09,
4368272000,5.435702353,1.869756784,111.6140483,-608.3859517,nan,-0.6887296095,1.738287075,36.43329303,-21.2480789,29.59567509,-1.231068469e-12,1.078297777e-09,-1.392863573,-4.538355534e-11,-9.895748953,0.3200461096,-12.44959199,-1812.449592,1.94137592,0.3125205613,-0.06899573201,95.11289809,94.00841193,-14.45274613,2.520925926e-12,-5.265757232e-10,0.1537388605,2.477632095e-09,
4380270000,6.417688921,2.093555344,111.3408618,-608.6591382,nan,-0.7618774387,1.950004294,37.37519943,-24.49042121,28.23339869,-1.286933451e-12,1.025846571e-09,-1.152834345,7.397924315e-11,-10.1809321,0.3097086926,-23.3894019,-1823.389402,1.897327518,0.284259332,-0.1229475761,88.82463616,85.71095342,-23.31198089,1.55861938e-12,-8.47029291e-10,0.2719836843,2.309852493e-09,
4392268000,7.442534931,2.355736693,110.8271407,-609.1728593,nan,-0.8375815806,2.201806636,38.49183618,-27.65765503,26.77079697,-1.353536588e-12,9.700466066e-10,-0.967934445,1.770491346e-10,-10.62071396,0.2944179619,-32.707763,-1832.707763,1.834539277,0.2477343365,-0.1590900211,81.79407239,77.24099919,-26.90907511,1.346581146e-12,-9.750571501e-10,0.3483781333,2.029063467e-09,
4404266000,8.471202364,2.651918165,110.0157705,-609.9842295,nan,-0.907695308,2.491738185,39.72782956,-30.62872081,25.3018162,-1.428219289e-12,9.143201427e-10,-0.826081388,2.578067595e-10,-11.1827196,0.275971364,-40.71352383,-1840.713524,1.762321682,0.209180884,-0.180009865,75.36587403,70.22210529,-27.3655056,1.320514318e-12,-9.888947412e-10,0.3896993046,1.726195366e-09,
4416264000,9.552709773,3.003554306,108.45297,-611.54703,nan,-0.9507034486,2.849122922,41.26273917,-33.63880643,23.89653418,-1.508100162e-12,8.611920704e-10,-0.7103859119,3.653115223e-10,-11.68172661,0.2605635543,-47.60799728,-1847.607997,1.704762541,0.1756717681,-0.1924390701,70.36784535,65.04129898,-26.85634162,1.341894126e-12,-9.678586974e-10,0.4129121349,1.532232787e-09,
4428262000,10.85655305,3.490017886,106.9602493,-613.0397507,nan,-1.018066724,3.338227822,42.78947658,-36.73751837,21.93841495,-1.638255282e-12,7.884825203e-10,-0.5971664914,5.144603474e-10,-11.91629722,0.2536209581,-53.21889035,-1853.21889,1.679603643,0.1518579747,-0.2031323359,67.05620748,61.5084808,-26.70658629,1.345762569e-12,-9.598540512e-10,0.4341935606,1.471575485e-09,
4440260000,12.1616631,4.055861861,104.4654876,-615.5345124,nan,-1.013141273,3.927284073,44.49503439,-39.66363487,20.16442795,-1.777566368e-12,7.227658703e-10,-0.50838578,7.487901168e-10,-12.04072583,0.250013643,-59.54579191,-1859.545792,1.666715176,0.1267193075,-0.2155203907,63.7670576,57.93659734,-26.6380991,1.34557683e-12,-9.548056074e-10,0.4597801791,1.613466135e-09,
4452258000,13.84993845,4.926028524,100.8990202,-619.1009798,nan,-0.931406831,4.837172556,46.43995484,-42.88054334,17.83054704,-2.004818869e-12,6.373888708e-10,-0.4158190556,1.192958212e-09,-11.69216666,0.2602505567,-66.52535932,-1866.525359,1.703618121,0.1036690228,-0.2387113026,60.86792351,54.17700975,-27.744472,1.288437465e-12,-9.917821163e-10,0.5121078502,2.05362562e-09,
4464256000,15.78195411,6.15315288,95.31241366,-624.6875863,nan,-0.569697771,6.126723008,48.55489676,-46.07582286,15.31654488,-2.3276101e-12,5.46049292e-10,-0.3324204306,2.090705072e-09,-11.03607317,0.2806702242,-75.79982283,-1875.799823,1.780365929,0.06885132038,-0.2720942308,56.84738875,48.94541093,-28.91318655,1.233034086e-12,-1.03078241e-09,0.5907231342,3.021083179e-09,
4476254000,17.99995625,7.943242341,85.77318349,-634.2268165,nan,0.5854564266,7.921637436,50.92191628,-49.34120153,12.58917744,-2.824281977e-12,4.476130755e-10,-0.255145336,3.765292118e-09,-10.10413575,0.3124591253,-89.44279524,-1889.442795,1.908917962,0.003038635117,-0.3124443497,50.27760648,41.33417872,-28.62382544,1.242160557e-12,-1.01773119e-09,0.6924977423,4.879567644e-09,
4488252000,20.38098527,10.44838732,66.87670294,-653.1232971,nan,4.103197607,9.608983664,53.87413674,-53.04347243,9.424045956,-3.762751203e-12,3.341798762e-10,-0.1776664597,5.426040772e-09,-8.992342695,0.3551263235,-113.3315947,-1913.331595,2.101382601,-0.1406484563,-0.3260869782,38.73833625,31.04583205,-23.16926861,1.530490274e-12,-8.215901484e-10,0.7462924032,6.753475253e-09,
4500250000,21.41904232,11.77476142,33.80012091,-686.1998791,nan,9.784630046,6.550268799,57.57492053,-57.31590709,5.455113956,-6.483054369e-12,1.929244711e-10,-0.09517626489,6.05228723e-09,-9.32362812,0.3418366266,-153.140568,-1953.140568,2.038759191,-0.3049584882,-0.1544428689,27.09125466,25.57225633,-8.944036293,3.954120847e-12,-3.16313002e-10,0.3497554606,7.681571304e-09,
4512248000,20.14283026,10.16579887,4.11599803,-715.884002,nan,10.13957905,0.7296598232,60.87831573,-60.87212778,0.8679781412,-4.063669528e-11,3.061511949e-11,-0.0142590406,5.277050492e-09,-12.01650037,0.2507119191,170.1983106,-1989.801689,1.66920034,-0.247052247,0.04268083459,30.21987062,30.0952804,2.741291251,-1.286684267e-11,9.669017595e-11,0.09108708125,7.239180355e-09,
4524246000,17.13824924,7.193039782,-13.55407998,-733.55408,nan,6.992707469,-1.685782772,65.60765573,-65.46329316,-4.349912514,8.087110888e-12,-1.530222005e-10,-0.06644811626,3.550183257e-09,-16.53514254,0.1490194215,142.8979656,-2017.102034,1.3502299,-0.1188523039,0.08989392558,39.45454867,38.80404667,7.134940273,-4.930416165e-12,2.509945333e-10,0.1838710363,5.960288471e-09,
4536244000,14.35580569,5.221439914,-23.41148986,-743.4114899,nan,4.791584689,-2.074644774,71.16917676,-70.2972742,-11.10607762,3.159097432e-12,-3.896587467e-10,-0.1579873152,2.008945696e-09,-20.9756044,0.08937576665,122.3089038,-2037.691096,1.196295603,-0.04776989026,0.07553850177,45.46555367,44.94730287,6.845183348,-5.125528346e-12,2.401644987e-10,0.1522935285,4.890898185e-09,
4548242000,12.03157002,3.99556777,-29.10731284,-749.1073128,nan,3.490968089,-1.94363155,77.44058358,-74.95303523,-19.47014366,1.797245527e-12,-6.81311506e-10,-0.2597645793,1.084285294e-09,-25.00555557,0.0561981762,102.0833614,-2057.916639,1.119088933,-0.01176422317,0.05495305325,48.84071708,48.54654215,5.352465776,-6.537665081e-12,1.87296847e-10,0.1102543155,4.440850705e-09,
4560240000,10.2032184,3.237135809,-31.49338037,-751.4933804,nan,2.760307404,-1.691079915,84.45475668,-79.54312444,-28.38128399,1.229703453e-12,-9.90522788e-10,-0.3568037362,5.366313902e-10,-28.7559736,0.03649230701,84.97981914,-2075.020181,1.075748865,0.003193318426,0.03635232026,50.31993069,50.18710882,3.653701297,-9.552111706e-12,1.27516232e-10,0.07280158955,4.307165414e-09,
4572238000,8.502676573,2.661545094,-32.92979365,-752.9297936,nan,2.233934078,-1.446845127,93.15574812,-84.124716,-40.01281751,8.699457475e-13,-1.392805382e-09,-0.4756368807,2.072990521e-10,-32.24645889,0.02441614276,65.65611977,-2094.34388,1.050054421,0.0100646329,0.02224525099,51.01618794,50.96571185,2.26884267,-1.534217462e-11,7.897610013e-11,0.04451704073,4.213120321e-09,
4584236000,7.002635112,2.239400421,-33.08955561,-753.0895556,nan,1.876210544,-1.22259897,103.8877681,-88.72765498,-54.03768692,6.42475267e-13,-1.876073785e-09,-0.6090286837,1.470253439e-11,-35.0543132,0.01767194455,47.50325752,-2112.496742,1.035979721,0.0119382519,0.01302980298,51.20804197,51.1906522,1.334424962,-2.601710722e-11,4.632840215e-11,0.02606774685,4.053107511e-09,
4596234000,5.660958337,1.918880444,-32.78613847,-752.7861385,nan,1.613198249,-1.039083041,116.5414029,-92.12377997,-71.38002345,4.851112143e-13,-2.471693907e-09,-0.7748273407,-1.331840692e-10,-37.10151326,0.01396125106,29.83341053,-2130.166589,1.028317855,0.01211104336,0.006945441656,51.22589202,51.22094862,0.7116429315,-4.865817999e-11,2.464223759e-11,0.0138935914,3.632537538e-09,
4608232000,4.441738282,1.667580907,-31.88272977,-751.8827298,nan,1.41599453,-0.8807869053,131.9980103,-93.84256946,-92.82805003,3.720545059e-13,-3.206011117e-09,-0.9891891341,-2.35457024e-10,-38.13882506,0.01238964169,15.35864271,-2144.641357,1.025090141,0.0119471684,0.003281522285,51.20914973,51.20804655,0.3361322893,-1.027485172e-10,1.160903257e-11,0.006564052174,3.219030743e-09,
4620230000,3.39134756,1.477635709,-30.65691014,-750.6569101,nan,1.271115413,-0.7534407048,149.4146447,-92.2840558,-117.5091021,2.931467124e-13,-4.047883863e-09,-1.273341328,-3.250749688e-10,-38.27725609,0.01219374744,3.278693494,-2156.721307,1.024688541,0.01217378815,0.0006973942044,51.23238096,51.23233111,0.07146888811,-4.819916453e-10,2.461917874e-12,0.001394995827,2.864834508e-09,
4632228000,2.382714487,1.315635926,-29.06914571,-749.0691457,nan,1.149910521,-0.6392211543,170.8077932,-84.77582283,-148.2847331,2.317041243e-13,-5.094794182e-09,-1.749139415,-3.971258963e-10,-37.46960309,0.01338196364,-8.738859495,-2168.738859,1.027126939,0.01322661337,-0.002033137899,51.34038454,51.33995995,-0.2087998278,1.645508265e-10,-7.173982955e-12,0.004067004104,2.823588971e-09,
4644226000,1.503840837,1.189027891,-27.17248144,-747.1724814,nan,1.057801791,-0.5429941957,194.8713191,-69.38462167,-182.1005362,1.881895751e-13,-6.240480215e-09,-2.624508598,-4.601652631e-10,-36.19555354,0.01549609689,-19.98795034,-2179.98795,1.031480011,0.01456268219,-0.005296914773,51.4777467,51.47485691,-0.5454468375,6.282816246e-11,-1.869214814e-11,0.01059637404,3.000808564e-09,
4656224000,0.7016573356,1.084133755,-25.04845441,-745.0484544,nan,0.9821710402,-0.4590054985,221.4667602,-41.55041295,-217.5341101,1.571299242e-13,-7.435559139e-09,-5.235425947,-5.110091925e-10,-34.85475303,0.01808266133,-33.98739223,-2193.987392,1.036831331,0.01499343034,-0.01010839688,51.5220076,51.51147493,-1.041737495,3.281164249e-11,-3.560775248e-11,0.02022340646,3.211692023e-09,
4668222000,-0.05218993464,0.9940094272,-22.7293427,-742.7293427,332.8578904,0.9168149888,-0.3840638198,248.7361795,3.867662919,-248.706108,1.370825515e-13,-8.479203959e-09,64.30397716,-5.53680065e-10,-33.49811724,0.02113947211,-48.90370222,-2208.903702,1.043192,0.01389553632,-0.01593083022,51.40877167,51.38267401,-1.637869238,2.081562256e-11,-5.584031466e-11,0.03187590505,3.324587698e-09,
4680220000,-0.7164057437,0.9208305363,-20.25475616,-740.2547562,24.26226537,0.8638887713,-0.3187868683,272.7637377,63.28316063,-265.3211228,1.28168717e-13,-9.022475053e-09,4.192602268,-5.889965742e-10,-32.51078148,0.02368432031,-63.64196917,-2223.641969,1.048517751,0.01051533969,-0.02122203242,51.06222518,51.01624146,-2.166551981,1.569584677e-11,-7.367548048e-11,0.04246788707,3.192875417e-09,
4692218000,-1.300067552,0.8609870561,-17.61183442,-737.6118344,13.38714946,0.8206310371,-0.2605060686,290.7456785,129.3032722,-260.4106629,1.302516361e-13,-8.832847117e-09,2.013952612,-6.146356371e-10,-31.8132034,0.02566491497,-76.95978764,-2236.959788,1.052681907,0.005790899213,-0.02500306675,50.58209687,50.51888902,-2.527919418,1.341771999e-11,-8.574428366e-11,0.05003909364,2.999289375e-09,
4704216000,-1.841177088,0.8089862602,-14.88700294,-734.8870029,9.470450984,0.7818321371,-0.20783955,297.6744558,190.287545,-228.9120614,1.477965174e-13,-7.744645676e-09,1.20297974,-6.270530731e-10,-31.12378795,0.02778501288,-88.91396418,-2248.913964,1.057158166,0.0005266306297,-0.02778002162,50.05265016,49.97545547,-2.778783707,1.217525689e-11,-9.401293706e-11,0.05560296912,2.770498697e-09,
4716214000,-2.310496264,0.766434749,-12.13930223,-732.1393022,7.562917607,0.7492966688,-0.1611729711,294.708017,232.2317604,-181.44207,1.859895898e-13,-6.123005089e-09,0.7812973974,-6.240605694e-10,-30.63609127,0.02938971919,-101.0415578,-2261.041558,1.060559258,-0.005628746617,-0.02884567221,49.44073864,49.35852525,-2.850021403,1.184073079e-11,-9.617778035e-11,0.05774121873,2.506371819e-09,
4728212000,-2.743591375,0.7291559621,-9.448933258,-729.4489333,6.384323524,0.7192630029,-0.1197044268,282.3505935,251.4061941,-128.5176377,2.619150514e-13,-4.325994122e-09,0.5111951922,-6.216299136e-10,-30.41155668,0.03015936311,-111.4338822,-2271.433882,1.062194472,-0.01102105479,-0.02807353797,48.91075768,48.83370427,-2.744365942,1.226538457e-11,-9.237728879e-11,0.0561981931,2.24001677e-09,
4740210000,-3.088382764,0.7007786495,-6.853407572,-726.8534076,5.684015018,0.6957713814,-0.08362356418,269.0596362,255.6101204,-84.00329868,3.996926932e-13,-2.820453149e-09,0.328638391,-6.205412316e-10,-30.23373681,0.03078315716,-119.828437,-2279.828437,1.063521713,-0.01531168361,-0.02670496414,48.49298162,48.4238325,-2.588766543,1.296969199e-11,-8.69191432e-11,0.05346058767,1.928679596e-09,
4752208000,-3.385305333,0.6772277312,-4.104982002,-724.104982,5.196319181,0.6754903457,-0.04847878766,255.4307042,251.4300349,-45.03090266,7.437278385e-13,-1.508118069e-09,0.1790991386,-6.111194861e-10,-30.09935714,0.03126310741,-127.8968227,-2287.896823,1.064544063,-0.01920309617,-0.02467028542,48.11699635,48.05841861,-2.373549672,1.410997895e-11,-7.949192523e-11,0.0493888426,1.666034149e-09,
4764206000,-3.641603318,0.6575364523,-1.409821208,-721.4098212,4.840037614,0.6573374076,-0.01617772378,241.5747047,241.1832291,-13.74728947,2.430034964e-12,-4.592473695e-10,0.05699935904,-5.961591053e-10,-30.04447258,0.03146127878,-134.4626235,-2294.462624,1.064966486,-0.02203685866,-0.02245415158,47.84489303,47.79662479,-2.148592019,1.554803973e-11,-7.177671168e-11,0.04495279798,1.46811662e-09,
4776204000,-3.837480983,0.6428741319,1.027254431,-718.9727456,4.6002664,0.6427708093,0.01152545486,229.8184082,229.6412434,9.022198106,-3.693387753e-12,3.006419797e-10,0.03928823051,-5.67922199e-10,-30.07678733,0.03134444853,-140.0971288,-2300.097129,1.064717429,-0.02404536104,-0.02010708995,47.65285142,47.61429083,-1.916652719,1.738576616e-11,-6.386761421e-11,0.04025372816,1.175507508e-09,
4788202000,-4.001474495,0.6308502438,3.455364714,-716.5446353,4.4178554,0.6297033924,0.0380219381,218.9624183,217.2362803,27.43973641,-1.21134467e-12,9.120688072e-10,0.1263128625,-5.419250783e-10,-30.16847767,0.03101530931,-145.4343177,-2305.434318,1.064016098,-0.02554037325,-0.01759655495,47.5103214,47.48087005,-1.672608443,1.987254016e-11,-5.559579598e-11,0.03522699649,8.438347575e-10,
4800200000,-4.120624244,0.6222555628,5.727500017,-714.2725,4.294584918,0.6191491294,0.06209944435,209.9535645,205.7698718,41.70442592,-7.950210939e-13,1.382747705e-09,0.2026750834,-5.160317913e-10,-30.49051524,0.02988644357,-147.797706,-2307.797706,1.06161432,-0.02528906665,-0.01592678929,47.53408006,47.50994009,-1.514714552,2.188920564e-11,-5.022172166e-11,0.03188205561,4.249437682e-10,
4812198000,-4.245978715,0.6133396828,7.94368676,-712.0563132,4.172498731,0.6074543064,0.08476338928,200.4127964,193.3985046,52.55765768,-6.292752363e-13,1.73825163e-09,0.2717583458,-4.821672916e-10,-30.71558842,0.02912195852,-148.8361279,-2308.836128,1.059990972,-0.02491939001,-0.01507025115,47.56918777,47.54755872,-1.434323736,2.305841536e-11,-4.743772234e-11,0.0301660858,-3.565922714e-11,
4824196000,-4.32779442,0.6075895265,9.927522386,-710.0724776,4.096703924,0.5984918609,0.104749822,193.0269343,183.1891521,60.83692905,-5.422853899e-13,2.007069775e-09,0.3320989718,-4.484683879e-10,-30.81025367,0.02880628919,-147.5734793,-2307.573479,1.059321408,-0.02431480726,-0.01544643794,47.62678998,47.60404174,-1.471847095,2.241467738e-11,-4.855767482e-11,0.03091853215,-4.637073914e-10,
4836194000,-4.379918951,0.6039542649,11.76843123,-708.2315688,4.049921822,0.5912590939,0.12318051,186.9318679,174.2839937,67.59151413,-4.868825868e-13,2.22437801e-09,0.3878239917,-4.11523293e-10,-30.84992263,0.0286750292,-144.7763201,-2304.77632,1.059043122,-0.02342482043,-0.01653889619,47.71174615,47.68562297,-1.578633178,2.084659799e-11,-5.195144646e-11,0.03310501321,-9.038660297e-10,
4848192000,-4.430172151,0.6004701077,13.50043048,-706.4995695,4.005883261,0.5838780176,0.1401813496,181.0602759,165.8215959,72.70503329,-4.515188058e-13,2.38673828e-09,0.4384533445,-3.768003979e-10,-30.63360221,0.02939814242,-139.8131996,-2299.8132,1.06057714,-0.02245855527,-0.01897008363,47.80424845,47.76982007,-1.813962682,1.809722445e-11,-5.954820424e-11,0.03797298544,-1.247472688e-09,
4860190000,-4.430042547,0.6004790675,15.04465436,-704.9553456,4.005995525,0.5798969379,0.1558674179,177.1497352,159.2342258,77.63047083,-4.218272813e-13,2.542137893e-09,0.4875237747,-3.421622268e-10,-30.11012642,0.03122436959,-133.1960154,-2293.196015,1.064461509,-0.02137296886,-0.02276307225,47.90848914,47.85882125,-2.180953958,1.501482887e-11,-7.141893692e-11,0.04557057405,-1.375561137e-09,
4872188000,-4.453443673,0.5988634617,16.42694293,-703.5730571,3.985833523,0.5744185136,0.1693541171,172.8562509,152.8506374,80.72153443,-4.046752885e-13,2.63685047e-09,0.5281072804,-3.088379329e-10,-29.14757931,0.03488357885,-126.4227125,-2286.422713,1.072288852,-0.02071170307,-0.02806936817,47.97242247,47.89682331,-2.692143107,1.213383128e-11,-8.79415743e-11,0.05620713277,-1.265385292e-09,
4884186000,-4.44912903,0.5991610159,17.69464731,-702.3053527,3.98953465,0.5708146367,0.1821114318,169.589779,147.4494767,83.7815312,-3.889373438e-13,2.730085388e-09,0.5682050088,-2.743411089e-10,-27.92058561,0.04017637226,-121.7643951,-2281.764395,1.083716156,-0.02114994928,-0.03415875487,47.93117563,47.81935204,-3.272180809,9.958424703e-12,-1.066265188e-10,0.0684279621,-9.158839809e-10,
4896184000,-4.425793418,0.6007728932,18.84522153,-701.1547785,4.009679868,0.5685682293,0.1940573053,167.051327,142.7828169,86.71339595,-3.748661332e-13,2.818698317e-09,0.6073097438,-2.463214613e-10,-26.49239238,0.04735658547,-118.2012428,-2278.201243,1.09942143,-0.02237929596,-0.04173503684,47.81478219,47.64833686,-3.986149712,8.154715149e-12,-1.295734455e-10,0.08365768827,-4.070499597e-10,
4908182000,-4.410103508,0.6018590906,19.76029538,-700.2397046,4.023347144,0.5664187868,0.2034800307,164.8989426,139.0092754,88.70221311,-3.655653442e-13,2.876298328e-09,0.6381028376,-2.164506754e-10,-24.90184387,0.05687321854,-117.5269535,-2277.526953,1.12060567,-0.0262848586,-0.05043480143,47.44517059,47.20408203,-4.776908219,6.788167908e-12,-1.548981997e-10,0.1011969307,1.505897957e-10,
4920180000,-4.363420893,0.6051025113,20.7137757,-699.2862243,4.064605517,0.5659880904,0.2140246031,163.3085111,135.3382557,91.39598645,-3.539256316e-13,2.956420908e-09,0.6753152388,-1.830704534e-10,-23.35877681,0.06792992885,-119.7506196,-2279.75062,1.145761421,-0.03370858953,-0.05897631919,46.75001056,46.4251928,-5.501359867,5.87988843e-12,-1.779545904e-10,0.1184994512,7.398550878e-10,
4932178000,-4.341372179,0.6066404862,21.4349256,-698.5650744,4.084407342,0.5646811209,0.2216932818,161.7449611,132.4085819,92.89456326,-3.473690274e-13,2.997586245e-09,0.7015750937,-1.465847573e-10,-21.86781999,0.08065085957,-124.2419042,-2284.241904,1.17545208,-0.04538128105,-0.06667158675,45.67729607,45.27135726,-6.076149129,5.310714634e-12,-1.960693975e-10,0.1342161909,1.295012902e-09,
4944176000,-4.308015743,0.6089746477,21.96156917,-698.0384308,4.114757875,0.5647843484,0.2277471435,160.9586939,130.3767746,94.39066589,-3.410335922e-13,3.038472145e-09,0.7239837479,-1.058119304e-10,-20.62729024,0.09303267064,-130.8219739,-2290.821974,1.205151096,-0.06081646861,-0.07040195277,44.29377275,43.85364213,-6.228673739,5.168096646e-12,-2.005034235e-10,0.1420332141,1.808364817e-09,
4956174000,-4.272195258,0.6114912361,22.3021017,-697.6978983,4.14788902,0.5657491226,0.2320548688,160.7396756,129.1291931,95.72301077,-3.354727406e-13,3.073901427e-09,0.7412964368,-8.536986946e-11,-19.57230239,0.1050472966,-139.958893,-2299.958893,1.234754968,-0.08042243249,-0.0675808174,42.58792536,42.19566998,-5.7668728,5.568435767e-12,-1.851884765e-10,0.1366697768,2.203152097e-09,
4968172000,-4.243958362,0.6134823632,22.56534442,-697.4346556,4.174408125,0.5665156815,0.2354157866,160.5672985,128.1472322,96.74783839,-3.311175792e-13,3.0993083e-09,0.7549740775,-7.144017069e-11,-18.97266133,0.1125555549,-150.9462951,-2310.946295,1.253662199,-0.09839211516,-0.05466026544,41.06670482,40.81726453,-4.519420449,7.088278332e-12,-1.447792275e-10,0.1107232565,2.427205879e-09,
4980170000,-4.259176326,0.612408463,22.97671982,-697.0232802,4.160071387,0.5638221421,0.2390579797,159.0280329,126.3048252,96.62818632,-3.307288919e-13,3.088017778e-09,0.7650395476,-7.37690516e-11,-18.78788166,0.1149756616,-161.7598975,-2321.759898,1.259824858,-0.1091985036,-0.03598735293,40.16680786,40.06038687,-2.921961143,1.093708349e-11,-9.337925401e-11,0.07293891475,2.42376169e-09,
4992168000,-4.259837346,0.6123618589,23.16711061,-696.8328894,4.159451013,0.5629818078,0.2409118724,158.4537277,125.4928005,96.74265263,-3.295436505e-13,3.084245437e-09,0.7709020138,-7.575858774e-11,-18.88875827,0.1136480756,-172.3403806,-2332.340381,1.256440072,-0.1126340374,-0.01514789426,39.8789259,39.86015596,-1.223396099,2.605936617e-11,-3.900300159e-11,0.03069220552,2.268056684e-09,
5004166000,-4.277549876,0.6111143843,23.59436455,-696.4056354,4.142900429,0.5600265065,0.2446039711,156.8432824,123.6227268,96.52583413,-3.294919894e-13,3.069954841e-09,0.7808097802,-7.500122008e-11,-19.15331019,0.1102388034,178.3936228,-2341.606377,1.247794136,-0.1101954796,0.003090313135,40.07431375,40.0735294,0.2507264856,-1.268493396e-10,7.974227784e-12,0.006256660928,2.059570738e-09,
5016164000,-4.278218211,0.611067364,23.89263482,-696.1073652,4.142278675,0.558702574,0.2474969842,155.963056,122.3830357,96.67919851,-3.281824579e-13,3.067477925e-09,0.789972221,-8.375575051e-11,-19.48984849,0.1060492437,169.9950853,-2350.004915,1.237259699,-0.1044365374,0.01842421622,40.54684527,40.5187174,1.510033727,-2.101172736e-11,4.791097978e-11,0.03726755989,1.830628243e-09,
5028162000,-4.315493502,0.6084506017,24.23371406,-695.7662859,4.107912331,0.5548331746,0.2497444355,154.2563952,120.8593461,95.85433707,-3.302167526e-13,3.034049333e-09,0.793106534,-8.784757862e-11,-19.96376407,0.100418053,162.593056,-2357.406944,1.223254931,-0.09581931576,0.03004070721,41.26318185,41.18739073,2.49980418,-1.266207496e-11,7.912557155e-11,0.06069343399,1.608448683e-09,
5040160000,-4.342323503,0.6065740474,24.65625855,-695.3437415,4.083548726,0.5512708269,0.253046538,152.5518583,119.0826561,95.34878345,-3.311773693e-13,3.010862791e-09,0.8006941279,-1.039486353e-10,-20.36824605,0.09584902451,156.024923,-2363.975077,1.212019955,-0.08757939084,0.03894721814,41.95861272,41.82954633,3.288500501,-9.602358052e-12,1.038421618e-10,0.0786166906,1.39804377e-09,
5052158000,-4.367570827,0.6048134752,25.10974414,-694.8902559,4.060901308,0.5476565717,0.2566546692,150.8214746,117.2334612,94.88642035,-3.32000811e-13,2.98914698e-09,0.8093800128,-1.216078888e-10,-20.84967104,0.09068103073,150.6420029,-2369.357997,1.199448233,-0.07903517905,0.04445773058,42.68886037,42.51832962,3.811882181,-8.264255561e-12,1.200833172e-10,0.08965267956,1.225580962e-09,
5064156000,-4.367716647,0.6048033216,25.69953609,-694.3004639,4.06077128,0.5449764991,0.2622740422,149.1891556,114.9627684,95.08399456,-3.305260074e-13,2.988274402e-09,0.8270851154,-1.340733947e-10,-21.30687928,0.08603121095,145.7778994,-2374.222101,1.188258531,-0.07113608555,0.0483841564,43.3733754,43.16871685,4.208512652,-7.46765798e-12,1.322640123e-10,0.09748987134,1.062251875e-09,
5076154000,-4.339470414,0.6067733239,26.3383679,-693.6616321,4.086124929,0.5437838991,0.2692079824,147.9152031,112.5824072,95.93804716,-3.268093464e-13,3.007988811e-09,0.8521584283,-1.291165739e-10,-21.66310718,0.08257425061,141.2484311,-2378.751569,1.180012934,-0.06439696147,0.05168692501,43.96512109,43.7288932,4.551458196,-6.888660542e-12,1.427039192e-10,0.1040835444,9.737740559e-10,
5088152000,-4.332779437,0.607240918,26.93744933,-693.0625507,4.092180148,0.541356263,0.275090765,146.3783492,110.3486802,96.17582791,-3.252326378e-13,3.00833356e-09,0.8715630101,-1.091217618e-10,-21.94433711,0.07994349745,137.7808925,-2382.219108,1.173779539,-0.05920459879,0.0537194403,44.42570652,44.16824749,4.77590973,-6.549436645e-12,1.493881553e-10,0.108129935,9.031485362e-10,
5100150000,-4.283537607,0.6106932499,27.27924069,-692.7207593,4.137337072,0.5427739933,0.2798975484,146.2387731,109.0914324,97.39013367,-3.204219215e-13,3.039150061e-09,0.8927386094,-6.968792635e-11,-22.10565647,0.07847244361,133.6104923,-2386.389508,1.170309489,-0.05412653641,0.05681762457,44.8809942,44.59046429,5.098444354,-6.120677524e-12,1.591017168e-10,0.1143393422,8.345179032e-10,
5112148000,-4.239827483,0.6137741957,27.58573691,-692.4142631,4.178317911,0.54399966,0.284223738,146.0883602,107.9389094,98.44288099,-3.162513573e-13,3.064792162e-09,0.9120240472,-4.123361203e-11,-22.25610754,0.07712490162,130.0921118,-2389.907888,1.167140498,-0.04966984903,0.05900132666,45.28373005,44.9679991,5.338095538,-5.832172637e-12,1.661892988e-10,0.1187087628,7.425874425e-10,
5124146000,-4.220904072,0.6151128453,27.51923244,-692.4807676,4.196328263,0.5455163873,0.2842106325,146.5798103,108.1742147,98.91400338,-3.14008104e-13,3.07224903e-09,0.9143953913,-1.215578354e-11,-22.42458213,0.07564337431,127.070239,-2392.929761,1.163667079,-0.04559734339,0.06035563232,45.6542823,45.32149818,5.502299075,-5.644876485e-12,1.709003015e-10,0.1214059397,5.418674972e-10,
5136144000,-4.202929015,0.6163871116,27.70795103,-692.292049,4.213589169,0.5457054532,0.2865983771,146.3345956,107.4556834,99.33322699,-3.119524464e-13,3.07806286e-09,0.9244111044,1.450297832e-11,-22.5059646,0.07493794335,125.0138037,-2394.986196,1.162017116,-0.04299742624,0.06137521234,45.89237625,45.54666069,5.622445887,-5.511345738e-12,1.742240979e-10,0.1234436466,3.78317456e-10,
5148142000,-4.204526884,0.6162737306,27.4806548,-692.5193452,4.21204869,0.5467375234,0.2843789576,146.9538941,108.3072173,99.32267449,-3.112584918e-13,3.070563051e-09,0.9170457611,1.079674877e-11,-22.30114998,0.07672599001,124.4472591,-2395.552741,1.166204159,-0.04339985582,0.06327187415,45.85646248,45.4893989,5.790486932,-5.338933708e-12,1.790130533e-10,0.1272931072,3.490952949e-10,
5160140000,-4.178974688,0.6180893572,27.29181361,-692.7081864,4.23682709,0.5492853529,0.2834079296,147.9108604,109.0025711,99.98030858,-3.084921904e-13,3.083707094e-09,0.9172289014,8.822803608e-12,-21.81683262,0.08112568354,123.2333066,-2396.766693,1.176576235,-0.04446089439,0.06785724279,45.76189383,45.34074638,6.194162184,-4.979389217e-12,1.910474386e-10,0.1366135911,4.865374857e-10,
5172138000,-4.17953503,0.6180494844,27.49413025,-692.5058698,4.236280404,0.5482458218,0.285327328,147.3208803,108.2362274,99.94178725,-3.078951983e-13,3.075368341e-09,0.923367246,-3.816477465e-12,-21.05569664,0.08855542428,120.4212859,-2399.578714,1.194318835,-0.04484040757,0.07636361056,45.73226304,45.19987494,6.957814919,-4.422594847e-12,2.141030726e-10,0.1539343843,8.264226515e-10,
5184136000,-4.160308988,0.6194190398,27.51067251,-692.4893275,4.255123637,0.5493781127,0.2861182205,147.5858584,108.1552723,100.4192347,-3.057221029e-13,3.082908624e-09,0.9284728575,3.127557762e-12,-20.04763673,0.09945306301,116.5193321,-2403.480668,1.220872581,-0.04440576748,0.08898898558,45.78028455,45.05810883,8.099461856,-3.790422147e-12,2.486565535e-10,0.1797559211,1.226238659e-09,
5196134000,-4.16469819,0.6191061105,27.45364752,-692.5463525,4.250806209,0.5493849181,0.2854270272,147.6787465,108.375882,100.3178965,-3.053243014e-13,3.072686177e-09,0.9256477985,3.140352573e-11,-18.9315141,0.1130900237,109.9564922,-2410.043508,1.255020299,-0.03859835855,0.1062992012,46.32366667,45.28547076,9.752344923,-3.140730964e-12,2.987093676e-10,0.2153526233,1.638091296e-09,
5208132000,-4.156583057,0.619684805,27.24451099,-692.755489,4.258795931,0.5509375939,0.2836847285,148.4166778,109.1663164,100.5496177,-3.039189115e-13,3.072688764e-09,0.9210681556,4.936377392e-11,-17.83381651,0.12832438,101.9833629,-2418.016637,1.2944315,-0.02664369011,0.1255279263,47.44403452,45.97002532,11.73427391,-2.604245529e-12,3.585868592e-10,0.255259244,2.056666048e-09,
5220130000,-4.15208421,0.6200058532,26.94900791,-693.0509921,4.263238965,0.5526795501,0.2809850048,149.3515457,110.3022408,100.6940906,-3.027853296e-13,3.070031255e-09,0.91289252,6.325899348e-11,-16.79463455,0.1446332925,92.31239567,-2427.687604,1.338178447,-0.005835658668,0.144515516,49.43162182,47.40899629,13.99543876,-2.178473567e-12,4.267026415e-10,0.2952063924,2.413852765e-09,
5232128000,-4.141923433,0.6207315621,26.69691251,-693.3030875,4.273309878,0.554558846,0.2788766008,150.2627393,111.2807075,100.9727437,-3.012573241e-13,3.071467533e-09,0.907369714,7.549226086e-11,-15.9164732,0.1600207642,80.92479779,-2439.075202,1.381011238,0.02524018663,0.1580176508,52.52466265,49.9624194,16.20483986,-1.877141572e-12,4.929314355e-10,0.3243405755,2.739037434e-09,
5244126000,-4.145434088,0.620480726,26.36128023,-693.6387198,4.269824584,0.5559581977,0.2755119122,151.191296,112.6050632,100.890573,-3.008128782e-13,3.06194653e-09,0.8959683535,8.796143465e-11,-15.26976734,0.1723898267,68.35524493,-2451.644755,1.416596683,0.06358611005,0.1602343876,56.60847376,53.75247982,17.75359725,-1.70946672e-12,5.388071835e-10,0.3302842457,2.974568914e-09,
5256124000,-4.176522737,0.6182638631,25.90801376,-694.0919862,4.239221039,0.5561262899,0.2701365472,151.9784564,114.3991167,100.0514532,-3.026433449e-13,3.029548646e-09,0.8745823927,9.774926423e-11,-14.96499132,0.1785461271,54.80859022,-2465.19141,1.434707615,0.1028978823,0.1459134857,61.20140502,58.59709819,17.66329699,-1.714283946e-12,5.348429808e-10,0.3014363772,3.074537419e-09,
5268122000,-4.222590615,0.6149934201,25.44380695,-694.556193,4.194716414,0.5553434098,0.2642169639,152.5062835,116.2080683,98.7615885,-3.058977208e-13,2.983680901e-09,0.8498686014,5.670909119e-11,-15.0085051,0.1776538997,41.13051935,-2478.869481,1.432066011,0.1338112491,0.1168565689,65.20427398,63.3846315,15.29659556,-1.975011022e-12,4.621246045e-10,0.241329723,2.963592874e-09,
5280120000,-4.272713886,0.6114547255,25.04461694,-694.9553831,4.147405287,0.5539647825,0.258843391,152.7411839,117.7156302,97.32882234,-3.096954825e-13,2.93371423e-09,0.8268130764,3.81324007e-11,-15.3931497,0.1699583535,28.13822066,-2491.861779,1.409517653,0.1498713953,0.0801523973,67.494042,66.59284185,10.99268479,-2.742032285e-12,3.313447653e-10,0.1650730692,2.824139315e-09,
5292118000,-4.382887054,0.6037479197,25.56826643,-694.4317336,4.047292113,0.5446239129,0.2605692691,149.2833937,115.4326547,94.66168104,-3.176994038e-13,2.846851574e-09,0.8200598115,1.551690558e-11,-16.05951783,0.1574070242,17.68749256,-2502.312507,1.373625294,0.1499660523,0.04782420354,67.59393448,67.27115508,6.597853656,-4.558142875e-12,1.984235845e-10,0.09807849513,2.605523087e-09,
5304116000,-4.400819747,0.6025027211,25.02226145,-694.9777386,4.031480983,0.5459539343,0.2548407944,150.4604504,117.4818462,94.00193055,-3.192054849e-13,2.82061552e-09,0.8001400522,-7.249891892e-12,-16.90730774,0.1427692286,5.538861321,-2514.461139,1.333094036,0.1421026335,0.01378020956,66.56031875,66.53399264,1.871858922,-1.603001779e-11,5.616687121e-11,0.02813387335,2.329671113e-09,
5316114000,-4.490089359,0.5963421848,25.1198754,-694.8801246,3.954691634,0.5399410912,0.2531553266,148.5981164,116.8440828,91.80882593,-3.260929522e-13,2.74859201e-09,0.7857379142,-1.111103794e-11,-18.00250059,0.125856303,-3.839719778,-2523.83972,1.28795335,0.1255737915,-0.008428042999,64.35952251,64.35008474,-1.102148382,2.716350318e-11,-3.299635092e-11,0.01712738043,2.017832091e-09,
5328112000,-4.55604286,0.5918312008,25.42538402,-694.574616,3.899933566,0.5345094911,0.2540940262,146.6461969,115.5105682,90.34608839,-3.306263267e-13,2.698709516e-09,0.7821456492,-5.197312941e-11,-19.21175168,0.1094995706,-11.41068241,-2531.410682,1.24592817,0.1073352356,-0.0216634062,62.01774543,61.95819963,-2.717028893,1.099391892e-11,-8.115981398e-11,0.04385261207,1.578072602e-09,
5340110000,-4.609367973,0.5882089135,25.60666356,-694.3933364,3.856831694,0.5304363682,0.2542183809,145.2727283,114.6915649,89.1628315,-3.342612838e-13,2.657380723e-09,0.7774140284,-6.783822257e-11,-20.49093774,0.09450463588,-17.41564454,-2537.415645,1.20873577,0.09017241487,-0.0282853637,59.90215553,59.80480718,-3.413689536,8.73063652e-12,-1.017405192e-10,0.05708052072,1.191872286e-09,
5352108000,-4.659606489,0.5848165784,25.90129986,-694.0987001,3.817148027,0.5260705069,0.2554608622,143.695979,113.4975841,88.12963619,-3.37421915e-13,2.620699588e-09,0.7764890936,-8.449382413e-11,-21.83126369,0.08099101012,-21.75386344,-2541.753863,1.176257275,0.07522320003,-0.03001689353,58.12623816,58.02039506,-3.506183003,8.481265977e-12,-1.042629103e-10,0.06043018147,7.906916777e-10,
5364106000,-4.690181072,0.5827616261,26.34697887,-693.6530211,3.793422956,0.5222260028,0.2586331664,142.1021946,111.8699832,87.62499959,-3.386060795e-13,2.59986507e-09,0.783275344,-1.048430075e-10,-23.13385464,0.06971195593,-24.40827989,-2544.40828,1.149871766,0.06348137688,-0.02880749189,56.77241709,56.67750543,-3.281420461,9.041924961e-12,-9.736091844e-11,0.05789634593,4.270617858e-10,
5376104000,-4.701875646,0.581977531,26.87998879,-693.1200112,3.784431815,0.5190980557,0.2631255501,140.6213994,110.0330008,87.56207347,-3.380931977e-13,2.592200006e-09,0.7957801097,-1.147040946e-10,-24.32770941,0.06075954729,-24.99045848,-2544.990458,1.129380175,0.05507112628,-0.02566892357,55.82399768,55.7500346,-2.872691936,1.030536587e-11,-8.504357832e-11,0.05152807449,1.308350571e-10,
5388102000,-4.713985204,0.5811667239,27.38155063,-692.6184494,3.775169774,0.5160548525,0.2672866443,139.2268737,108.3356701,87.45001401,-3.377726178e-13,2.583117766e-09,0.8072134869,-1.086737295e-10,-25.23905943,0.05470752009,-25.02034417,-2545.020344,1.115747287,0.04957363892,-0.02313800075,55.2129932,55.15361522,-2.559950489,1.153859041e-11,-7.561638113e-11,0.0464149173,4.264842929e-11,
5400100000,-4.62097949,0.5874231063,27.86120949,-692.1387905,3.847581216,0.5193303276,0.2745212498,139.4601476,106.8738367,89.59417286,-3.289565703e-13,2.640572486e-09,0.838317175,-9.323541068e-11,-25.87573744,0.05084088806,-24.27339753,-2544.273398,1.107128273,0.04634626095,-0.0209002391,54.85763273,54.80952156,-2.29700149,1.2830898e-11,-6.769858734e-11,0.04190880389,2.116593446e-10,
5412098000,-4.604031485,0.5885704118,28.20332985,-691.7966701,3.861099097,0.5186929708,0.2781595435,138.8689844,105.7480807,90.01076737,-3.267081853e-13,2.646969541e-09,0.8511810972,-6.166172524e-11,-26.16383939,0.04918220895,-25.6878629,-2545.687863,1.103452437,0.04432147537,-0.02131892347,54.63548826,54.58565212,-2.33305809,1.260459591e-11,-6.860883294e-11,0.04274123326,5.420295482e-10,
5424096000,-4.554530221,0.5919342766,28.4826484,-691.5173516,3.90117127,0.5202874848,0.2822890733,138.9017429,104.8402663,91.11647893,-3.220296318e-13,2.67355851e-09,0.8690981256,-3.918351781e-11,-26.4523808,0.04757523695,-29.22777898,-2549.227779,1.099903402,0.04151821676,-0.02323017109,54.32922304,54.27041578,-2.527142028,1.161082592e-11,-7.41519224e-11,0.04656573921,9.830305816e-10,
5436094000,-4.435928457,0.6000722964,28.40250245,-691.5974975,4.000903869,0.5278402731,0.2854319656,140.8545229,105.1084387,93.76679972,-3.122367948e-13,2.745252321e-09,0.8920958287,-1.096479889e-11,-26.77268613,0.04585278234,-34.24904038,-2554.24904,1.096112595,0.03790187206,-0.02580553705,53.9367729,53.86477851,-2.785876318,1.050924078e-11,-8.156334067e-11,0.05171981385,1.432602797e-09,
5448092000,-4.35547388,0.6056563933,28.60784611,-691.3921539,4.071719095,0.5317162951,0.2899956004,141.5132625,104.351896,95.58600971,-3.056197153e-13,2.792351145e-09,0.9159968659,2.121042556e-11,-27.28463679,0.04322830036,-41.22273045,-2561.22273,1.090362832,0.03251431887,-0.02848692718,53.35788336,53.27117025,-3.040746095,9.60717145e-12,-8.882922162e-11,0.05708051993,1.818922873e-09,
5460090000,-4.2773747,0.6111267093,28.37753118,-691.6224688,4.143063429,0.5376906827,0.290455822,143.309428,105.0881797,97.43750131,-2.991535714e-13,2.840183949e-09,0.9271975366,5.570350794e-11,-28.36342435,0.03817937217,-50.62945022,-2570.62945,1.079389797,0.02421844492,-0.02951493495,52.47973846,52.38827747,-3.096987572,9.411977227e-12,-9.027339857e-11,0.05911604125,2.061370267e-09,
5472088000,-4.19395492,0.6170242801,28.0370652,-691.9629348,4.222263177,0.544612595,0.2900277289,145.5455498,106.2254321,99.49705847,-2.923188472e-13,2.893858556e-09,0.9366594849,1.022949872e-10,-30.27678823,0.03063095861,-60.31975999,-2580.31976,1.063197724,0.01516719692,-0.02661224836,51.53897141,51.46598853,-2.74182387,1.060785332e-11,-7.974557828e-11,0.05327448181,2.0689682e-09,
5484086000,-4.109278142,0.6230689267,27.48489767,-692.5151023,4.306009882,0.5527447024,0.2875555274,148.4943753,108.1941937,101.7083868,-2.853376689e-13,2.951702893e-09,0.9400540205,1.271701851e-10,-33.25319209,0.02174404788,-69.21870245,-2589.218702,1.044454721,0.007714827292,-0.02032941362,50.77715716,50.73519862,-2.063809452,1.406197358e-11,-5.989429705e-11,0.04067805997,-5.133064393e-09,
5496084000,-4.079036349,0.6252420561,26.8449594,-693.1550406,4.336778132,0.5578608106,0.282345435,150.8995114,110.6575356,102.5942121,-2.822564723e-13,2.970910923e-09,0.927132631,1.409731025e-10,-39.13871415,0.01104242079,-76.61036916,-2596.610369,1.022331435,0.002557113817,-0.01074226353,50.25633728,50.24473969,-1.079616112,2.682238627e-11,-3.126339425e-11,0.02148714709,-9.097735948e-09,
5508082000,-4.052542759,0.6271520729,26.22716589,-693.7728341,4.364117257,0.5625860996,0.2771580832,153.2333832,113.1243485,103.3602995,-2.795541705e-13,2.986575469e-09,0.9136874677,1.424731281e-10,-50.09010717,0.003129641855,68.37156622,-2451.628434,1.006278935,0.001153541926,0.002909295304,50.11548643,50.11463808,0.2915994186,-9.909074208e-11,8.425707692e-12,0.0058186476,-9.04006776e-09,
5520080000,-4.047487548,0.6275171833,25.62141958,-694.3785804,4.369375205,0.5658140032,0.2713527762,155.1889591,115.6251433,103.5105756,-2.785415809e-13,2.984416851e-09,0.8952254901,1.361482123e-10,-35.15408444,0.01747011558,67.36345031,-2452.63655,1.035561495,0.006723970965,0.01612430317,50.67677173,50.65042497,1.633904292,-1.764607604e-11,4.710872751e-11,0.03225845179,-5.161120751e-09,
5532078000,-4.034234232,0.6284754077,25.01976092,-694.9802391,4.383223726,0.5695005167,0.2658016169,157.3144163,118.1767993,103.8367453,-2.770644275e-13,2.98732796e-09,0.8786559281,1.326951715e-10,-30.33550784,0.03042458114,54.02730718,-2465.972693,1.062758565,0.01787138703,0.02462252349,51.81853558,51.75570166,2.551073374,-1.127739746e-11,7.339302477e-11,0.04929067315,2.405674762e-09,
5544076000,-4.03384389,0.6285036519,24.50835064,-695.4916494,4.383633003,0.5718759891,0.2607195689,158.9335933,120.3875373,103.7628447,-2.766617291e-13,2.978741569e-09,0.861906864,1.355291649e-10,-27.53567096,0.04199682435,42.02338855,-2477.976611,1.087675752,0.03119824892,0.02811409823,53.21766467,53.13344074,2.99287618,-9.591846207e-12,8.591711912e-11,0.05632754322,2.946836557e-09,
5556074000,-4.035844956,0.6283588731,23.91796236,-696.0820376,4.381535722,0.5743997472,0.2547543991,160.7676137,122.9833549,103.5438074,-2.766482834e-13,2.96603479e-09,0.8419335085,1.228350834e-10,-25.63885747,0.05224649086,29.08768268,-2490.912317,1.110253331,0.04565699385,0.02539950235,54.78088968,54.70995811,2.786818587,-1.027882357e-11,7.982902199e-11,0.05093805009,2.876132062e-09,
5568072000,-4.040169625,0.6280460937,23.2453768,-696.7546232,4.37701034,0.577063233,0.2478707746,162.8273369,125.9923478,103.1439283,-2.771223935e-13,2.94821368e-09,0.8186523238,1.197193169e-10,-24.57309591,0.05906703956,16.19220154,-2503.807798,1.125549943,0.05672394756,0.01647145823,56.01176976,55.98118864,1.850640347,-1.544519027e-11,5.289776411e-11,0.0330582539,2.751039554e-09,
5580070000,-4.051908017,0.6271979052,22.99845224,-697.0015478,4.364776722,0.5773453357,0.2450501492,163.3659475,127.0751978,102.6660943,-2.778135627e-13,2.928245775e-09,0.8079160698,1.093951656e-10,-24.05865611,0.06267108226,4.828802224,-2515.171198,1.133722712,0.06244864184,0.005275574202,56.66062507,56.6574465,0.6001583469,-4.752418021e-11,1.711773643e-11,0.01059275319,2.465586814e-09,
5592068000,-4.056959537,0.6268332469,22.38259944,-697.6174006,4.359534265,0.5796087088,0.2386915669,165.2305483,129.8830941,102.1347932,-2.786595774e-13,2.906841833e-09,0.7863594095,1.036759265e-10,-23.94412753,0.06350290947,-5.259721839,-2525.259722,1.135617954,0.06323552332,-0.005821348773,56.75017341,56.74629629,-0.6633550229,4.290438349e-11,-1.887964004e-11,0.01168983822,2.083111964e-09,
5604066000,-4.036335926,0.6283233562,21.98680929,-698.0131907,4.381021469,0.582625444,0.2352399454,166.9801704,131.8313734,102.4834929,-2.771168741e-13,2.910521482e-09,0.7773831849,1.07903795e-10,-24.11614702,0.06225763933,-13.4341547,-2533.434155,1.132781971,0.06055411827,-0.014464177,56.44428674,56.42049994,-1.638503055,1.733283628e-11,-4.653333143e-11,0.02904091699,1.652055707e-09,
5616064000,-4.053947816,0.627050631,21.5121715,-698.4878285,4.362658221,0.5833700897,0.2299387576,168.1109081,133.9812993,101.5395926,-2.790953923e-13,2.877554118e-09,0.7578639197,1.105965286e-10,-24.50470981,0.05953392408,-19.66403921,-2539.664039,1.12660515,0.05606202064,-0.02003342104,55.93663152,55.89146732,-2.247359885,1.261001081e-11,-6.368845416e-11,0.04020935561,1.19102981e-09,
5628062000,-4.058230087,0.626741562,21.10333269,-698.8966673,4.358217782,0.5847076309,0.2256589726,169.3349634,135.9048671,101.0158251,-2.799444379e-13,2.85660817e-09,0.7432833511,1.237465353e-10,-24.970709,0.05642408822,-23.64749496,-2543.647495,1.119596288,0.05168618845,-0.02263218183,55.44737521,55.39029802,-2.515214224,1.12431053e-11,-7.112728622e-11,0.04540893107,7.274545305e-10,
5640060000,-4.053020671,0.6271175669,20.43585087,-699.5641491,4.363620869,0.5876491069,0.2189633983,171.6364571,139.1706779,100.4519577,-2.809169873e-13,2.834619777e-09,0.7217896707,1.3261392e-10,-25.40376254,0.05367992159,-25.8750079,-2545.875008,1.113449821,0.04829841411,-0.02342642047,55.07202201,55.01132589,-2.584885337,1.091679423e-11,-7.294200395e-11,0.04698823916,3.455614785e-10,
5652058000,-4.06711016,0.6261011363,19.85248993,-700.1475101,4.34904006,0.5888919764,0.2126237829,173.1768611,141.9104456,99.25548172,-2.836997939e-13,2.79491126e-09,0.6994233672,1.379630246e-10,-25.70575975,0.05184561282,-26.03906939,-2546.039069,1.10936112,0.04658301957,-0.02275939051,54.8832432,54.82616753,-2.50234654,1.125294169e-11,-7.046297493e-11,0.04564146379,6.456828074e-11,
5664056000,-4.103877218,0.6234564741,19.27360962,-700.7263904,4.311470952,0.5885136627,0.2057902909,174.0783499,144.399336,97.22193007,-2.890203047e-13,2.731849888e-09,0.6732851603,1.286482089e-10,-25.78531678,0.05137290933,-25.93113592,-2545.931136,1.108310019,0.04620069907,-0.02246488857,54.84129252,54.78573009,-2.468024193,1.138526597e-11,-6.934928786e-11,0.04504866849,-1.285537741e-10,
5676054000,-4.128623706,0.6216827466,18.70494865,-701.2950513,4.286568303,0.5888470696,0.1993704242,175.2202131,146.9167572,95.48606981,-2.936524272e-13,2.677402295e-09,0.6499331434,1.42784748e-10,-25.75621993,0.05154529194,-25.01387337,-2545.013873,1.108693207,0.04671062341,-0.02179529264,54.89749586,54.84513617,-2.397100483,1.169734701e-11,-6.721401715e-11,0.04370671039,-1.583365754e-10,
5688052000,-4.178371188,0.6181323039,18.23128333,-701.7687167,4.237416048,0.5871029128,0.1933848881,175.334428,148.6211621,93.02640389,-3.007809598e-13,2.602931903e-09,0.6259297301,1.294250098e-10,-25.38998309,0.05376514797,-23.61130718,-2543.611307,1.113640177,0.04926412892,-0.02153454755,55.17915169,55.12774924,-2.381185546,1.17506891e-11,-6.662693134e-11,0.04319395548,-1.115841147e-10,
5700050000,-4.255371742,0.6126767683,17.29001654,-702.7099835,4.163645855,0.5849914986,0.1820927482,176.0170721,152.0589389,88.65714162,-3.149399406e-13,2.475455887e-09,0.5830445895,1.296833484e-10,-24.81478377,0.05744613461,-23.77948374,-2543.779484,1.121894645,0.05256919384,-0.02316329512,55.54545594,55.48555311,-2.578967225,1.082668854e-11,-7.200908448e-11,0.04647997687,1.997833823e-11,
5712048000,-4.342319047,0.6065743586,17.18596139,-702.8140386,4.083552747,0.5794912914,0.1792269393,173.8778541,151.24861,85.77509018,-3.248382035e-13,2.389953585e-09,0.567113246,1.248588085e-10,-24.19084981,0.06172448988,-24.13851556,-2544.138516,1.131570076,0.0563272685,-0.02524185957,55.96490078,55.89317613,-2.832486934,9.836947833e-12,-7.892165765e-11,0.0506767933,1.952042792e-10,
5724046000,-4.376841887,0.6041682597,16.42691615,-703.5730838,4.052651914,0.5795068554,0.1708540036,175.0161119,154.1173615,82.93659211,-3.352515777e-13,2.306020706e-09,0.5381391902,1.001995448e-10,-23.41657115,0.0674794358,-25.18172936,-2545.181729,1.144724821,0.06106637782,-0.02871187481,56.49807481,56.40430379,-3.253762543,8.545375696e-12,-9.046964199e-11,0.05768642327,3.519011121e-10,
5736044000,-4.453454087,0.5988627436,15.96633275,-704.0336672,3.985824598,0.5757607124,0.1647306521,174.0662565,154.8325607,79.53577682,-3.488551434e-13,2.206836634e-09,0.5136889584,1.220309249e-10,-22.61264359,0.07402319398,-27.12589406,-2547.125894,1.159881313,0.06588114869,-0.03375066659,57.04413137,56.91318883,-3.862882528,7.182839402e-12,-1.071813342e-10,0.06787324006,5.858102161e-10,
5748042000,-4.49703878,0.5958652531,15.73588141,-704.2641186,3.948844452,0.5735334714,0.1616006095,173.4221868,155.0433638,77.69691254,-3.563661436e-13,2.151314777e-09,0.501130204,9.685819767e-11,-21.79676041,0.08131337354,-29.88559167,-2549.885592,1.177020915,0.07050049007,-0.04051599211,57.57134162,57.38075577,-4.68062415,5.915567711e-12,-1.295996916e-10,0.08157132277,8.087385711e-10,
5760040000,-4.526258956,0.5938640725,14.8960501,-705.1039499,3.924459681,0.5739065598,0.1526623636,174.6836571,157.9910636,74.51982214,-3.707855687e-13,2.059047863e-09,0.4716711215,8.256725237e-11,-20.93624116,0.08978172432,-34.43797616,-2554.437976,1.197275152,0.07404647623,-0.05077280157,57.97445792,57.67304517,-5.904035156,4.679998323e-12,-1.631336552e-10,0.1023707893,1.007498133e-09,
5772038000,-4.668397364,0.5842249927,14.8702691,-705.1297309,3.810293945,0.5646589331,0.1499304217,170.6889942,155.3486146,70.72157148,-3.898872629e-13,1.950037003e-09,0.4552443011,6.888623332e-11,-20.18276384,0.09791783622,-38.99152999,-2558.99153,1.217092944,0.07610555965,-0.06161044101,58.20357328,57.75827598,-7.185923646,3.837146245e-12,-1.98140634e-10,0.1244137489,1.186044022e-09,
5784036000,-4.780537179,0.5767307943,14.6159835,-705.3840165,3.725125223,0.558067102,0.1455318479,168.1625766,154.1409432,67.22515753,-4.093146752e-13,1.849783805e-09,0.4361278461,2.652120568e-11,-19.44281798,0.1066250139,-44.33125758,-2564.331258,1.238701588,0.0762701102,-0.0745101596,58.20714137,57.55694571,-8.675788539,3.171612977e-12,-2.387251102e-10,0.150733998,1.338322283e-09,
5796034000,-4.870420461,0.5707934449,14.38822006,-705.6117799,3.659761079,0.5528900924,0.1418368869,166.2182768,153.2087102,64.463995,-4.259631116e-13,1.77013514e-09,0.4207593349,1.475033674e-11,-18.69099706,0.1162653081,-50.55323207,-2570.553232,1.263122652,0.07387044811,-0.08978183985,57.90705886,56.97094579,-10.37009164,2.647930689e-12,-2.847552904e-10,0.1820242142,1.527329205e-09,
5808032000,-4.956480457,0.565165935,14.56431205,-705.435688,3.599455657,0.5470048871,0.142120328,163.6089476,150.9714136,63.05172483,-4.346044408e-13,1.727778648e-09,0.4176401568,1.761035303e-12,-18.04717853,0.1252105934,-57.56006847,-2577.560068,1.28626454,0.06716485394,-0.1056720166,57.11453088,55.8418652,-11.98981769,2.285485929e-12,-3.285516938e-10,0.2147101935,1.718753835e-09,
5820030000,-5.023749595,0.5608058306,14.57755065,-705.4224493,3.553794516,0.5427522912,0.1411493181,161.8675959,149.6727117,61.6376344,-4.436586423e-13,1.685547015e-09,0.4118161133,-1.245692796e-11,-17.4532003,0.1340725856,-65.36193699,-2585.361937,1.309662411,0.05589281345,-0.121866532,55.82821184,54.18426183,-13.44823433,2.033431938e-12,-3.677563465e-10,0.2481944733,1.906933809e-09,
5832028000,-5.080008826,0.5571851828,14.48328618,-705.5167138,3.516560698,0.5394781931,0.1393506624,160.6353018,148.9304156,60.19494575,-4.533571859e-13,1.642708705e-09,0.4041816812,-1.700487479e-11,-17.04824985,0.1404712696,-74.04580045,-2594.0458,1.326856485,0.03861117849,-0.1350605585,53.94129594,52.00305615,-14.32988342,1.904398689e-12,-3.910598133e-10,0.2755584861,2.069539721e-09,
5844026000,-5.095392272,0.556199234,14.6977578,-705.3022422,3.506526697,0.5379991061,0.1411189205,159.8578476,147.9782867,60.47278799,-4.503477536e-13,1.64690286e-09,0.4086598739,-2.115594435e-11,-16.69675574,0.1462723414,-83.4932714,-2603.493271,1.342667454,0.01657556628,-0.1453301361,51.65004732,49.51226324,-14.7058892,1.851896465e-12,-4.004970133e-10,0.2970150876,2.206037519e-09,
5856024000,-5.078725238,0.5572675289,14.87145256,-705.1285474,3.517400756,0.5386013375,0.1430234176,159.9431692,147.7328856,61.29283711,-4.434121196e-13,1.665815919e-09,0.4148895952,-4.752507869e-12,-16.52413575,0.1492083791,-93.18900891,-2613.189009,1.350751877,-0.008300458008,-0.1489773231,49.19451833,47.05797903,-14.34040597,1.895203447e-12,-3.897433643e-10,0.3047390955,2.265312987e-09,
5868022000,-5.044697434,0.5594549597,14.8403597,-705.1596403,3.53983093,0.5407933382,0.1432913718,160.84209,148.4444081,61.92281999,-4.380035921e-13,1.679496582e-09,0.4171448476,2.021456393e-12,-16.62757678,0.1474419822,-103.4328014,-2623.432801,1.345881404,-0.0342514762,-0.1434084185,46.75292557,44.86438702,-13.15381416,2.061943194e-12,-3.567632405e-10,0.2931905468,2.255131747e-09,
5880020000,-5.025065013,0.5607209069,14.51462229,-705.4853777,3.552914152,0.5428247759,0.1405318402,161.9542379,149.850697,61.43243275,-4.405991089e-13,1.662796273e-09,0.4099576045,1.202868981e-11,-16.91674,0.1426142755,-112.9986408,-2632.998641,1.332672382,-0.05572072258,-0.1312784546,44.80705197,43.27965368,-11.59928807,2.333511761e-12,-3.139588016e-10,0.2680078763,2.133201431e-09,
5892018000,-4.977092699,0.5638263456,14.83251675,-705.1674833,3.585329673,0.5450386714,0.1443363941,162.5539841,149.699643,63.35467338,-4.263609394e-13,1.71133378e-09,0.4232119204,3.339752437e-11,-17.3705759,0.1353540345,-122.2911827,-2642.291183,1.313085447,-0.07230913885,-0.1144207284,43.33844371,42.20682649,-9.838927848,2.745416825e-12,-2.657687064e-10,0.2331122396,1.90592644e-09,
5904016000,-4.912927736,0.5680069023,14.61559764,-705.3844024,3.629703601,0.5496264908,0.1433267655,164.6363437,151.6186806,64.1630841,-4.201335609e-13,1.729648429e-09,0.4231871948,6.402799004e-11,-18.06216801,0.1249947003,-129.8292897,-2649.82929,1.285700442,-0.08005940094,-0.09599045492,42.65059988,41.86190191,-8.164241473,3.301845627e-12,-2.200839881e-10,0.1950279634,1.62319621e-09,
5916014000,-4.817244594,0.5742986168,14.06860573,-705.9313943,3.698128968,0.5570727334,0.1396025466,168.3135624,155.3694131,64.7286704,-4.156179084e-13,1.741356233e-09,0.4166114109,1.261411468e-10,-18.7970074,0.114854927,-136.1786268,-2656.178627,1.259516616,-0.08286805786,-0.07952697174,42.39209372,41.85194254,-6.745703492,3.988078432e-12,-1.814755772e-10,0.1611801766,1.284768685e-09,
5928012000,-4.732210829,0.5799485388,13.51380371,-706.4861963,3.761321373,0.5638918808,0.1355221546,171.8657656,159.1078547,64.98101219,-4.131660095e-13,1.744606674e-09,0.4084085748,1.721013914e-10,-19.55510766,0.105255456,-141.1101134,-2661.110113,1.235274876,-0.08192600305,-0.06608207808,42.45840678,42.08423844,-5.624338279,4.773529643e-12,-1.510019276e-10,0.1336447679,9.818575497e-10,
5940010000,-4.659630509,0.5848149612,12.65921905,-707.340781,3.817129263,0.5705985627,0.1281632517,175.8256182,163.8331831,63.82269289,-4.198148831e-13,1.71004713e-09,0.3895590117,1.964879439e-10,-20.32034121,0.09637911624,-144.3971493,-2664.397149,1.213317594,-0.07836314119,-0.05610839642,42.75442274,42.48276746,-4.811978063,5.568129365e-12,-1.289307753e-10,0.1132689406,7.040587597e-10,
5952008000,-4.608527427,0.5882658381,11.60352049,-708.3964795,3.857503178,0.576243386,0.1183226788,179.6364728,168.9165573,61.12658218,-4.374480773e-13,1.634506827e-09,0.3618744258,2.296823027e-10,-20.93497806,0.08979478133,-146.9246168,-2666.924617,1.197306672,-0.07524383054,-0.04900478262,43.01784379,42.80938428,-4.229834734,6.32169045e-12,-1.131045365e-10,0.09880625019,5.267645139e-10,
5964006000,-4.553879562,0.5919786199,10.78031511,-709.2196849,3.901703925,0.5815311271,0.1107259442,183.1268595,173.3305799,59.09278067,-4.515934491e-13,1.576944783e-09,0.3409253041,2.461328766e-10,-21.34510541,0.08565342418,-148.4765097,-2668.47651,1.187354394,-0.07301319522,-0.04478372916,43.20826127,43.03344122,-3.882882758,6.872706261e-12,-1.036182701e-10,0.09022942733,4.248530081e-10,
5976004000,-4.619247747,0.587540235,9.492944798,-710.5070552,3.848957813,0.5794944106,0.09690075296,183.3567312,175.8176043,52.03711065,-5.117950459e-13,1.385869786e-09,0.295972129,2.50560272e-10,-21.68838456,0.08233429518,-150.4466503,-2670.44665,1.179442895,-0.07162234071,-0.04061005386,43.32677957,43.18263767,-3.53123651,7.541929112e-12,-9.404507524e-11,0.0817744515,3.857037879e-10,
5988002000,-4.604605501,0.5885315168,8.398922837,-711.6010772,3.860639591,0.5822195629,0.08596352065,185.7480974,179.6377347,47.25081979,-5.625081861e-13,1.25587826e-09,0.2630339326,2.50560272e-10,-21.96860076,0.07972049043,-151.811428,-2671.811428,1.173252777,-0.07026545592,-0.03765796461,43.44349427,43.31923185,-3.283495988,8.094717653e-12,-8.727195098e-11,0.07579765031,3.857037879e-10,
6000000000,-4.683756194,0.5831928493,7.383016766,-712.6169832,3.798382169,0.5783577697,0.07494124127,184.4874035,179.9051258,40.86254712,-6.491475866e-13,1.083912727e-09,0.2271338681,2.50560272e-10,-22.19115483,0.0777038001,-153.5869709,-2673.586971,1.168500749,-0.06959234913,-0.03456566928,43.50085844,43.39602353,-3.018249022,8.788480889e-12,-8.006154189e-11,0.0695512809,3.857037879e-10,
