Frequency,S11_Magnitude,S11_Magnitude (linear),S11_Phase,S11_Unwrapped Phase,S11_VSWR,S11_Real,S11_Imaginary,S11_Impedance (absolute),S11_Resistance,S11_Reactance,S11_Capacitance,S11_Inductance,S11_Quality Factor,S11_Group delay,S21_Magnitude,S21_Magnitude (linear),S21_Phase,S21_Unwrapped Phase,S21_VSWR,S21_Real,S21_Imaginary,S21_Impedance (absolute),S21_Resistance,S21_Reactance,S21_Capacitance,S21_Inductance,S21_Quality Factor,S21_Group delay,
1000000,-34.67951238,0.01845118999,-89.58464355,-89.58464355,1.037596072,0.0001337577347,-0.01845070517,50.01337301,49.97933264,-1.844935964,8.626583591e-08,-2.936306783e-07,0.03691397756,2.588699079e-09,0.021588123,1.002488516,-0.5528434002,-0.5528434002,nan,1.002441849,-0.00967279902,10036.15667,-2503.486916,-9718.898801,1.637582059e-11,-0.001546810786,-3.882144835,2.40044601e-09,
12998000,-13.80252896,0.2041143565,-105.6947119,-105.6947119,1.51292383,-0.05521529977,-0.1965043032,44.95263424,41.59113478,-17.05628427,7.178920986e-10,-2.088468959e-07,0.4100942271,2.588699079e-09,-0.2537344066,0.9712103002,-12.87515196,-12.87515196,68.4692898,0.9467920547,-0.2164122276,439.4705606,57.13295774,-435.7409767,2.810057434e-11,-5.335461637e-06,7.626788353,2.40044601e-09,
24996000,-8.66647192,0.3687027731,-117.0234861,-117.0234861,2.168079812,-0.1675222042,-0.3284479349,36.8938634,29.37003415,-22.32841801,2.851620064e-10,-1.421698711e-07,0.7602448774,2.588699079e-09,-0.7338327558,0.9189848719,-23.76073092,-23.76073092,23.68674737,0.8410880683,-0.3702756489,233.0339791,47.87805558,-228.0625511,2.791872864e-11,-1.452123634e-06,4.763404619,2.40044601e-09,
36994000,-5.954230487,0.503835165,-126.6055114,-126.6055114,3.030918475,-0.3004379656,-0.404458777,29.66730336,20.11483651,-21.80693103,1.972851014e-10,-9.381739921e-08,1.084121714,2.111458049e-09,-1.392461476,0.8518770655,-33.60636342,-33.60636342,12.50229798,0.7094941406,-0.4715003702,160.102131,44.71794465,-153.7302761,2.798526555e-11,-6.613757189e-07,3.437775982,2.110219473e-09,
48992000,-4.304311144,0.6092344355,-135.0358246,-135.0358246,4.118158255,-0.4310630732,-0.4305243597,23.87114905,14.07861563,-19.2775605,1.685166775e-10,-6.262489884e-08,1.369279551,1.823757558e-09,-2.122017304,0.7832477118,-42.02822987,-42.02822987,8.22712289,0.5818081896,-0.5243817393,124.2299372,42.96031071,-116.5653851,2.786925504e-11,-3.786731962e-07,2.713327328,1.847301229e-09,
60990000,-3.239780174,0.6886697252,-142.2884353,-142.2884353,5.424045979,-0.5448066779,-0.4212501326,19.36669746,10.25270574,-16.4301855,1.588250613e-10,-4.287498341e-08,1.602521902,1.58193168e-09,-2.888017093,0.7171320714,-49.3145463,-49.3145463,6.070437464,0.4675026334,-0.5438011544,102.8129575,41.9250918,-93.87646621,2.779743768e-11,-2.44973006e-07,2.239147541,1.610026139e-09,
72988000,-2.528046737,0.7474767062,-148.5686219,-148.5686219,6.920061432,-0.6377959641,-0.3897919117,15.80296697,7.784576342,-13.7526047,1.58556375e-10,-2.998842301e-08,1.766647804,1.369165982e-09,-3.651900536,0.6567573975,-55.80169575,-55.80169575,4.82678253,0.3691363398,-0.5432022108,88.46581269,41.02615145,-78.37764294,2.782123916e-11,-1.709073999e-07,1.910431278,1.414531459e-09,
84986000,-2.021172272,0.7923943795,-154.0031421,-154.0031421,8.633650549,-0.712218399,-0.3473237751,12.90879224,6.095534847,-11.37898818,1.645769828e-10,-2.130965355e-08,1.866774364,1.197110192e-09,-4.409191775,0.6019222693,-61.49039898,-61.49039898,4.024144397,0.2873011205,-0.5289314553,78.40474492,40.47752709,-67.14814834,2.788936984e-11,-1.257496497e-07,1.658899473,1.246511027e-09,
96984000,-1.647297536,0.827246852,-158.7475274,-158.7475274,10.57721306,-0.770987636,-0.2998589991,10.50301404,4.892003386,-9.294170584,1.76566944e-10,-1.525213634e-08,1.899870023,1.059094496e-09,-5.13181703,0.5538716656,-66.48909073,-66.48909073,3.483014966,0.2209525189,-0.5078915301,71.09677857,40.0769568,-58.72469204,2.79446897e-11,-9.636976223e-08,1.465298184,1.09479666e-09,
108982000,-1.360088391,0.8550580114,-163.0522531,-163.0522531,12.79862399,-0.8179236952,-0.2492489352,8.410927466,3.992843266,-7.402763234,1.972747486e-10,-1.081083446e-08,1.854007969,9.514636586e-10,-5.820319707,0.5116630021,-70.89099955,-70.89099955,3.095532406,0.1675012415,-0.4834690908,65.63013065,39.82540594,-52.16561214,2.799503727e-11,-7.618152569e-08,1.309857638,9.580701057e-10,
120980000,-1.140473012,0.8769530632,-166.9166948,-166.9166948,15.25396009,-0.8541890869,-0.198513674,6.604238681,3.32075221,-5.708640234,2.304484956e-10,-7.509987697e-09,1.719080459,8.662807454e-10,-6.470689288,0.4747506146,-74.74506204,-74.74506204,2.807715069,0.1249137052,-0.4580226111,61.48519997,39.70085233,-46.94967667,2.802037516e-11,-6.176453231e-08,1.182586114,8.364373266e-10,
132978000,-0.9693443986,0.8944020379,-170.4667482,-170.4667482,17.93975944,-0.8820500321,-0.1481308413,5.015015827,2.806424014,-4.156244458,2.879646986e-10,-4.974408175e-09,1.480975233,7.943187743e-10,-7.090526541,0.4420523187,-78.05327856,-78.05327856,2.584565484,0.09150572958,-0.4324776918,58.34252856,39.73679902,-42.71811609,2.801742662e-11,-5.112724913e-08,1.075026604,7.413696996e-10,
144976000,-0.8384256236,0.9079850937,-173.7488253,-173.7488253,20.73560873,-0.9025863106,-0.09886800452,3.642644341,2.418484235,-2.723929478,4.030214479e-10,-2.990335235e-09,1.126296148,7.374552499e-10,-7.669002934,0.413570786,-80.9719863,-80.9719863,2.410471294,0.06489643509,-0.4084473623,55.88610132,39.80604355,-39.22671561,2.798608003e-11,-4.306316694e-08,0.9854462316,6.730070607e-10,
156974000,-0.7323952519,0.9191369754,-176.7906138,-176.7906138,23.73318317,-0.9176954065,-0.05145794686,2.529908752,2.108405373,-1.398236417,7.251231949e-10,-1.417663036e-09,0.6631724788,6.880096395e-10,-8.219133804,0.388189076,-83.788454,-83.788454,2.268983801,0.0420019379,-0.3859100879,53.79368648,39.81061616,-36.17838506,2.802484567e-11,-3.668103518e-08,0.9087622486,6.184680412e-10,
168972000,-0.6480241826,0.928108587,-179.6811405,-179.6811405,26.81973421,-0.9280942149,-0.005165034781,1.869483113,1.864313278,-0.1389356287,6.779407765e-09,-1.308636465e-10,0.07452375646,6.479286983e-10,-8.7354946,0.3657844761,-86.41200401,-86.41200401,2.153502121,0.0228913127,-0.3650674879,52.06145471,39.80649134,-33.55351418,2.807161345e-11,-3.160409795e-08,0.8429156413,5.671358328e-10,
180970000,-0.5816691076,0.935225941,177.6408781,-182.3591219,29.87655814,-0.9344332923,0.0384965297,1.964856539,1.674261596,1.028352724,-8.552073846e-10,9.043897846e-10,0.6142126933,6.119458175e-10,-9.213549743,0.3461963724,-88.68995291,-88.68995291,2.059022489,0.007914964034,-0.3461058821,50.71185351,39.86098427,-31.34954576,2.805319256e-11,-2.757050987e-08,0.7864719431,5.113455143e-10,
192968000,-0.5294903575,0.9408610332,175.0425014,-184.9574986,32.81864968,-0.9373413429,0.08130615459,2.646891022,1.526376366,2.162453993,-3.814063854e-10,1.783535312e-09,1.416723975,5.810243932e-10,-9.655524727,0.3290211103,-90.76932915,-90.76932915,1.980719708,-0.004417741178,-0.3289914507,49.602955,39.91374065,-29.4507462,2.800519061e-11,-2.42902027e-08,0.7378598377,4.6373529e-10,
204966000,-0.4896089427,0.945190946,172.6317386,-187.3682614,35.49032147,-0.9373858953,0.1212171923,3.514203317,1.41467109,3.216882134,-2.413810417e-10,2.497890835e-09,2.273943503,5.548386479e-10,-10.05965569,0.3140633185,-92.65301369,-92.65301369,1.915721019,-0.01453713664,-0.3137266958,48.69385524,39.96436136,-27.81980158,2.791157077e-11,-2.160191903e-08,0.6961152544,4.296320878e-10,
216964000,-0.4516221439,0.9493336887,170.275394,-189.724606,38.47396105,-0.9356927314,0.1603544973,4.447472743,1.30897824,4.250481121,-1.725815484e-10,3.117960035e-09,3.247174774,5.30967135e-10,-10.42092674,0.301268457,-94.44548643,-94.44548643,1.862329632,-0.02335148442,-0.3003621004,47.90308994,39.96768233,-26.40625674,2.777957589e-11,-1.937043145e-08,0.6606902178,4.05170123e-10,
228962000,-0.4242423108,0.9523309186,168.0419144,-191.9580856,40.95591651,-0.9316648001,0.1973192305,5.37712561,1.23420836,5.233565663,-1.328186447e-10,3.637930509e-09,4.240423118,5.13000233e-10,-10.73649474,0.2905194833,-96.13038069,-96.13038069,1.81896395,-0.03102495247,-0.2888581356,47.21634005,39.93184403,-25.19584491,2.758848138e-11,-1.75140122e-08,0.6309712341,3.968801563e-10,
240960000,-0.3988240334,0.9551218895,165.8704349,-194.1295651,43.56515607,-0.9262258025,0.233160002,6.301986174,1.165324681,6.19330672,-1.066479688e-10,4.090701272e-09,5.314661933,4.967875027e-10,-11.01061186,0.2814941717,-97.78086169,-97.78086169,1.783554317,-0.03810998397,-0.278902488,46.58513158,39.843953,-24.13781045,2.736385652e-11,-1.594311026e-08,0.6058086268,4.002971603e-10,
252958000,-0.375460463,0.9576944637,163.7552599,-196.2447401,46.27513647,-0.9194590289,0.2679062896,7.217275505,1.102491759,7.132571601,-8.821157426e-11,4.487638372e-09,6.469501057,4.842888412e-10,-11.24836463,0.2738935271,-99.55650867,-99.55650867,1.754416982,-0.04547187506,-0.2700925263,45.9347942,39.66607833,-23.16479113,2.716084794e-11,-1.457471602e-08,0.5839949928,4.158338502e-10,
264956000,-0.3573848361,0.9596895331,161.6898996,-198.3101004,48.6149054,-0.9111005584,0.3014958913,8.123309503,1.055191975,8.054484911,-7.457763393e-11,4.838203655e-09,7.633193867,4.726197617e-10,-11.46152268,0.2672537858,-101.3774,-101.3774,1.729457978,-0.05272133154,-0.2620019985,45.29922432,39.45115367,-22.26266375,2.698169607e-11,-1.337283543e-08,0.5643095748,4.379175723e-10,
276954000,-0.3338787516,0.9622901988,159.6732865,-200.3267135,52.03660953,-0.9023655761,0.3342735314,9.014712013,0.9917295306,8.959994711,-6.413642322e-11,5.148968595e-09,9.034716053,4.615291245e-10,-11.65512604,0.2613627542,-103.3126257,-103.3126257,1.707689074,-0.06018248055,-0.2543394549,44.65088269,39.19023945,-21.3968796,2.685728123e-11,-1.22959739e-08,0.5459747094,4.56658894e-10,
288952000,-0.3146508203,0.9644227777,157.7045362,-202.2954638,55.21574343,-0.8923222969,0.3658855184,9.894336087,0.940690424,9.849517153,-5.592158677e-11,5.425120234e-09,10.47051921,4.513541249e-10,-11.8356274,0.2559874239,-105.3602462,-105.3602462,1.688126605,-0.06780777443,-0.2468434056,43.99402138,38.89914845,-20.55067315,2.680207232e-11,-1.131932368e-08,0.5283065047,4.723787477e-10,
300950000,-0.2955125958,0.9665501002,155.7805741,-204.2194259,58.79091162,-0.881475405,0.3965100334,10.76152393,0.8896115864,10.7246906,-4.931068233e-11,5.671664802e-09,12.05547541,4.401783198e-10,-12.02390304,0.2504983377,-107.4272737,-107.4272737,1.668439712,-0.07502299761,-0.238999931,43.37515812,38.64009433,-19.70653323,2.683586225e-11,-1.042163873e-08,0.510002203,4.774890876e-10,
312948000,-0.2735894637,0.9689927481,153.8886316,-206.1113684,63.50104013,-0.8700976071,0.4264705147,11.62123224,0.8297186069,11.59157478,-4.387382615e-11,5.895089358e-09,13.97048913,4.309884443e-10,-12.21018284,0.2451832841,-109.5217564,-109.5217564,1.649649853,-0.0819316172,-0.231088842,42.78565242,38.3946892,-18.88014551,2.693658988e-11,-9.60181399e-09,0.4917384645,4.746824736e-10,
324946000,-0.2549471273,0.9710747096,152.0749717,-207.9250283,68.14364468,-0.8580038791,0.4547696506,12.45321156,0.7790927051,12.42881702,-3.940752338e-11,6.087496588e-09,15.95293724,4.230154292e-10,-12.40804205,0.2396612928,-111.5439159,-111.5439159,1.630406661,-0.08800704506,-0.2229176873,42.26698236,38.20832716,-18.07267368,2.71010757e-11,-8.851794917e-09,0.4730035315,4.68109602e-10,
336944000,-0.2367050655,0.973116299,150.2495385,-209.7504615,73.39451873,-0.8448545278,0.4828831724,13.29820246,0.7293038763,13.27818905,-3.557325101e-11,6.271930714e-09,18.20666183,4.182430914e-10,-12.60599443,0.234261154,-113.5533577,-113.5533577,1.611856523,-0.09361144218,-0.2147444671,41.78930577,38.04527894,-17.28880641,2.732105044e-11,-8.166339214e-09,0.4544271166,4.588862909e-10,
348942000,-0.2116759514,0.9759244586,148.4645102,-211.5354898,82.07185989,-0.8317963802,0.510434453,14.13123165,0.6577872057,14.11591386,-3.231155703e-11,6.438369318e-09,21.45969659,4.098873345e-10,-12.79955894,0.2290983983,-115.5209553,-115.5209553,1.594364826,-0.09870502382,-0.2067447566,41.35570316,37.90370679,-16.5409551,2.757441471e-11,-7.544447981e-09,0.4363941287,4.396192585e-10,
360940000,-0.1972969566,0.9775413839,146.6613173,-213.3386827,88.05268205,-0.8166737553,0.5372440178,14.98223878,0.6187468831,14.96945661,-2.945636021e-11,6.600717611e-09,24.19318305,4.049360137e-10,-13.00813012,0.2236626642,-117.4435286,-117.4435286,1.576199685,-0.1030803383,-0.1984928996,40.9807024,37.8118872,-15.80123905,2.790576768e-11,-6.967488506e-09,0.4178907803,4.129318606e-10,
372938000,-0.1713958513,0.9804607384,145.0169915,-214.9830085,101.3580132,-0.8033131576,0.5621309725,15.76443269,0.5422856549,15.7551028,-2.708708389e-11,6.723644386e-09,29.05314323,4.023958816e-10,-13.21489196,0.2184013918,-119.0930238,-119.0930238,1.55885819,-0.1061930879,-0.1908460009,40.70939446,37.78715612,-15.14548216,2.817736583e-11,-6.463482806e-09,0.4008103205,3.835447557e-10,
384936000,-0.1553958845,0.9822684745,143.2281377,-216.7718623,111.7934537,-0.7868220494,0.5880156619,16.62509496,0.496660861,16.61767464,-2.488062874e-11,6.870713734e-09,33.45879642,3.992784278e-10,-13.41712624,0.2133750757,-120.6851651,-120.6851651,1.542507793,-0.1088896261,-0.1834992432,40.4729499,37.77665244,-14.52529532,2.846470135e-11,-6.00560236e-09,0.3845045652,3.572207733e-10,
396934000,-0.138613795,0.9841681593,141.4907975,-218.5092025,125.3276988,-0.7701196181,0.6127827834,17.46977495,0.447628813,17.4640392,-2.29592202e-11,7.002393761e-09,39.01455557,3.97458274e-10,-13.59770643,0.2089847898,-122.183323,-122.183323,1.528396388,-0.1113115589,-0.1768739077,40.26125339,37.76068267,-13.96779757,2.870608052e-11,-5.600538192e-09,0.3699032057,3.322867681e-10,
408932000,-0.1252038617,0.9856887661,139.8014376,-220.1985624,138.7503535,-0.7528811281,0.6362015015,18.3001751,0.4086114506,18.29561274,-2.127267358e-11,7.120590231e-09,44.77508574,3.923665403e-10,-13.77902473,0.2046674429,-123.6130617,-123.6130617,1.514671356,-0.1133000929,-0.1704460359,40.08504164,37.76584886,-13.43693503,2.896468553e-11,-5.229609398e-09,0.3557959225,3.007060611e-10,
420930000,-0.1103378871,0.9873772253,138.1466737,-221.8533263,157.4437696,-0.7354531812,0.658803767,19.12238984,0.3640093477,19.11892492,-1.977637937e-11,7.228925019e-09,52.52317021,3.903950607e-10,-13.95054722,0.2006654664,-124.8052734,-124.8052734,1.502081314,-0.1145376695,-0.1647657478,39.97075247,37.80436614,-12.98040653,2.912875736e-11,-4.90793211e-09,0.3433573383,2.631071567e-10,
432928000,-0.1017981197,0.9883484694,136.4264949,-223.5735051,170.6512672,-0.7160492549,0.6812533754,19.98725723,0.339803031,19.98436853,-1.839560292e-11,7.346743654e-09,58.8116253,3.906433472e-10,-14.10907779,0.1970362396,-125.8683582,-125.8683582,1.490772434,-0.1154484428,-0.1596713399,39.88429263,37.8499431,-12.57531732,2.923381564e-11,-4.622994846e-09,0.3322413798,2.241978414e-10,
444926000,-0.08841100522,0.9898729344,134.747141,-225.252859,196.4905751,-0.6968500416,0.7030280548,20.84156348,0.2986702813,20.83942332,-1.716511232e-11,7.454491832e-09,69.77401041,3.907885736e-10,-14.22921295,0.1943297771,-126.7378422,-126.7378422,1.482405261,-0.1162392434,-0.1557321436,39.81086704,37.87607093,-12.26003205,2.917700709e-11,-4.38554884e-09,0.3236880634,1.955962562e-10,
456924000,-0.08096225404,0.9907221831,133.064714,-226.935286,214.5679522,-0.6764888525,0.7238047226,21.708258,0.2769457321,21.70649134,-1.604672952e-11,7.560765891e-09,78.37813993,3.880511935e-10,-14.30746929,0.1925868081,-127.4886436,-127.4886436,1.477046474,-0.1172091345,-0.1528126221,39.72641379,37.8648959,-12.01821997,2.898251124e-11,-4.186164691e-09,0.3173974122,1.801346422e-10,
468922000,-0.07363341781,0.991558471,131.3879378,-228.6120622,235.9239029,-0.6555727836,0.7439170161,22.58315514,0.2551623453,22.58171358,-1.503012624e-11,7.664369213e-09,88.49939655,3.859641634e-10,-14.34521627,0.1917516839,-128.2193057,-128.2193057,1.474487061,-0.1186316189,-0.1506494184,39.60869786,37.80247798,-11.82461859,2.870333645e-11,-4.013346568e-09,0.3128000921,1.78226613e-10,
480920000,-0.07809605858,0.9910491584,129.7255877,-230.2744123,222.4426766,-0.6333907752,0.7622299917,23.46234115,0.2742656985,23.46073806,-1.410605662e-11,7.764061447e-09,85.54018309,3.867324685e-10,-14.34497958,0.1917569092,-129.0178862,-129.0178862,1.474503058,-0.1207230483,-0.1489854282,39.4402768,37.67863484,-11.65572438,2.839278697e-11,-3.857327935e-09,0.3093457189,1.967327234e-10,
492918000,-0.07601808415,0.9912862811,128.0812677,-231.9187323,228.5231252,-0.6114041259,0.7802778261,24.34367765,0.2706557965,24.34217301,-1.326435416e-11,7.859678811e-09,89.93774871,3.856226909e-10,-14.2984602,0.1927866647,-129.8222741,-129.8222741,1.477659762,-0.1234621852,-0.1480668325,39.22403211,37.49084958,-11.53086694,2.800164164e-11,-3.723123262e-09,0.3075648344,2.302994516e-10,
504916000,-0.07143185192,0.9918098279,126.36602,-233.63398,243.1951114,-0.5880851367,0.7986504909,25.27621154,0.2581329683,25.27489342,-1.247129826e-11,7.966917712e-09,97.91424003,3.876259173e-10,-14.20545606,0.1948620186,-130.935878,-130.935878,1.484046271,-0.1276763213,-0.147207212,38.89479026,37.19210755,-11.3820844,2.76935861e-11,-3.587755181e-09,0.3060349399,2.810536694e-10,
516914000,-0.0725114926,0.9916865553,124.7396598,-235.2603402,239.5741633,-0.5651110666,0.8149182206,26.17367125,0.2658889032,26.17232069,-1.176412428e-11,8.058311845e-09,98.43329441,3.896241427e-10,-14.08950003,0.1974808549,-132.2339489,-132.2339489,1.492152383,-0.1327386155,-0.1462161004,38.50243123,36.83476628,-11.20880027,2.746899095e-11,-3.451127208e-09,0.3042994813,3.419281744e-10,
528912000,-0.07207466883,0.9917364297,123.0250673,-236.9749327,241.0261363,-0.540502212,0.8315037611,27.13434878,0.2685366182,27.13301996,-1.109017954e-11,8.164598737e-09,101.0402981,3.884774432e-10,-13.95686172,0.2005196389,-133.8817963,-133.8817963,1.501624927,-0.1389947723,-0.1445288166,38.02064676,36.40546088,-10.9641232,2.744497277e-11,-3.299215e-09,0.3011669935,3.997411992e-10,
540910000,-0.06754410149,0.9922538552,121.3372652,-238.6627348,257.1929515,-0.5160461677,0.8475046111,28.09530152,0.2557843224,28.09413714,-1.047320063e-11,8.266293465e-09,109.8352584,3.914428547e-10,-13.82561762,0.2035725043,-135.7337326,-135.7337326,1.511214154,-0.1457790435,-0.1420923467,37.50178193,35.95492657,-10.65959209,2.760288877e-11,-3.136430778e-09,0.2964709736,4.529338906e-10,
552908000,-0.06651130274,0.9923718465,119.677503,-240.322497,261.1866471,-0.4913407325,0.8621984495,29.05599916,0.2560775677,29.0548707,-9.907140242e-12,8.363464253e-09,113.4612101,3.924046021e-10,-13.70745614,0.2063607953,-137.818957,-137.818957,1.520036798,-0.1529188804,-0.1385662075,36.95865822,35.50130596,-10.27617112,2.801147191e-11,-2.958002832e-09,0.2894589606,4.902373837e-10,
564906000,-0.06655071335,0.9923673438,117.9596855,-242.0403145,261.0319768,-0.4652716135,0.8765359494,30.06750767,0.260811346,30.06637649,-9.370501894e-12,8.47081185e-09,115.2801707,3.936081003e-10,-13.6087265,0.2087198121,-140.04711,-140.04711,1.527549698,-0.1599989099,-0.1340309994,36.4226644,35.07123968,-9.829477575,2.866246305e-11,-2.769327895e-09,0.2802717458,5.118868802e-10,
576904000,-0.06317150406,0.9927534953,116.2393304,-243.7606696,274.9951281,-0.4389178301,0.8904552997,31.09890606,0.2521569117,31.09788377,-8.871268938e-12,8.579212351e-09,123.3275089,3.94234991e-10,-13.52796352,0.2106695774,-142.3124702,-142.3124702,1.533793127,-0.1667147628,-0.1287938613,35.9166096,34.67885628,-9.34771481,2.951284843e-11,-2.578825972e-09,0.2695508391,5.161257934e-10,
588902000,-0.06923984217,0.992060157,114.5558335,-245.4441665,250.8941488,-0.4122801453,0.9023349915,32.12716289,0.2815608495,32.12592908,-8.41242889e-12,8.68226023e-09,114.0994181,3.91381635e-10,-13.47430926,0.2119749479,-144.5418898,-144.5418898,1.537990378,-0.1726620447,-0.1229682759,35.46910008,34.3485521,-8.845000204,3.055478662e-11,-2.39042405e-09,0.2575072212,5.099815629e-10,
600900000,-0.07414818982,0.9914997077,112.8653724,-247.1346276,234.2860266,-0.3852642126,0.9135880674,33.17937406,0.3073854053,33.17795016,-7.98304132e-12,8.787543302e-09,107.9359969,3.913561279e-10,-13.43020341,0.2130540674,-146.7180262,-146.7180262,1.541470662,-0.1781089503,-0.1169155142,35.06072606,34.05398106,-8.341515793,3.175213638e-11,-2.209341773e-09,0.2449497984,4.986102186e-10,
612898000,-0.07692021818,0.9911833294,111.1942301,-248.8057699,225.8429996,-0.3583431827,0.9241399006,34.23997093,0.3252085401,34.2384265,-7.58434587e-12,8.890899988e-09,105.2814495,3.925007518e-10,-13.3940168,0.2139435313,-148.8580978,-148.8580978,1.544346468,-0.1831119362,-0.1106429093,34.68673108,33.79005193,-7.835923919,3.313917686e-11,-2.034801917e-09,0.2319003219,4.804183698e-10,
624896000,-0.06972488678,0.9920047591,109.4682486,-250.5317514,249.1488099,-0.3306197386,0.9352882072,35.35771139,0.3010335344,35.35642987,-7.203506981e-12,9.004939357e-09,117.450137,3.986370291e-10,-13.36065849,0.2147667649,-150.9225519,-150.9225519,1.547013945,-0.1876983306,-0.1043748053,34.34523964,33.55120859,-7.342471489,3.468726978e-11,-1.870056188e-09,0.2188437256,4.609114703e-10,
636894000,-0.07796755171,0.991063821,107.7777922,-252.2222078,222.8093039,-0.3025977874,0.9437383516,36.47596664,0.3438293571,36.4743461,-6.851181285e-12,9.114660334e-09,106.0826987,4.040990479e-10,-13.33850102,0.2153153286,-152.8149342,-152.8149342,1.548794532,-0.1915306255,-0.09837027098,34.05999638,33.35751612,-6.881821813,3.631194824e-11,-1.719714676e-09,0.2063049835,4.377074625e-10,
648892000,-0.0827996234,0.9905126328,105.9644667,-254.0355333,209.8066406,-0.272431737,0.9523109915,37.70252627,0.3738100369,37.70067312,-6.505768532e-12,9.246913946e-09,100.8551654,4.085348647e-10,-13.30768683,0.2160805409,-154.6936365,-154.6936365,1.551282503,-0.1953443891,-0.09236541456,33.77822764,33.16135885,-6.425958456,3.816891355e-11,-1.576106736e-09,0.1937785024,4.105738798e-10,
660890000,-0.09318282251,0.9893292716,104.2190364,-255.7809636,186.4286294,-0.243008423,0.9590199758,38.91118504,0.4306167826,38.90880222,-6.189322172e-12,9.369983209e-09,90.3559819,4.147189093e-10,-13.26470823,0.2171523774,-156.425461,-156.425461,1.554775594,-0.1990289585,-0.08684830863,33.50880532,32.96554894,-6.009377463,4.007388681e-11,-1.447172946e-09,0.1822926557,3.839340391e-10,
672888000,-0.1087629361,0.9875562757,102.4247442,-257.5752558,159.7235867,-0.2124797441,0.9644271647,40.1839697,0.5152138418,40.18066669,-5.886541497e-12,9.50373869e-09,77.98832917,4.17455584e-10,-13.21023408,0.2185185429,-157.9842063,-157.9842063,1.559241786,-0.2025842927,-0.08191433292,33.25167381,32.77022623,-5.63791487,4.195259547e-11,-1.333508727e-09,0.172043819,3.553680066e-10,
684886000,-0.1292291751,0.9852320728,100.591218,-259.408782,134.4286204,-0.1810863338,0.9684471989,41.51814724,0.6283666114,41.51339189,-5.597751612e-12,9.646950768e-09,66.06555971,4.244080998e-10,-13.14049057,0.2202802047,-159.4612424,-159.4612424,1.565024015,-0.2062781107,-0.07728330759,32.98757632,32.56073927,-5.289465963,4.393291459e-11,-1.229174862e-09,0.1624491975,3.255223325e-10,
696884000,-0.1533179949,0.9825034867,98.76283808,-261.2371619,113.3084889,-0.1496793378,0.9710351163,42.88435957,0.7658261792,42.87752098,-5.326353299e-12,9.792403631e-09,55.98858089,4.315092903e-10,-13.05093531,0.2225631374,-160.8504154,-160.8504154,1.572556173,-0.2102476906,-0.07300862087,32.70737728,32.32810975,-4.9664724,4.598451516e-11,-1.134247066e-09,0.1536270582,3.018622401e-10,
708882000,-0.1827466896,0.9791802958,96.88430235,-263.1156977,95.06284423,-0.1173692924,0.9721206206,44.32753395,0.9392599773,44.31758181,-5.066057652e-12,9.949980688e-09,47.18350923,4.385070982e-10,-12.92687615,0.2257647805,-162.0224669,-162.0224669,1.583194292,-0.2147424056,-0.06968095404,32.39572954,32.05198922,-4.706727009,4.770096587e-11,-1.056732812e-09,0.1468466427,2.824814676e-10,
720880000,-0.222697928,0.9746868428,94.95915474,-265.0408453,78.01029425,-0.08425733942,0.9710381775,45.85066826,1.179723187,45.83548879,-4.816763108e-12,1.011949924e-08,38.85274894,4.462763671e-10,-12.74755221,0.2304742388,-163.2227317,-163.2227317,1.599003309,-0.2206638939,-0.06652684178,31.99125389,31.68001795,-4.451605113,4.959530009e-11,-9.828195516e-10,0.1405177585,2.735382192e-10,
732878000,-0.2516138075,0.9714474433,93.02288496,-266.977115,69.04626669,-0.05122910857,0.9700957239,47.43030625,1.375494465,47.41035716,-4.580524597e-12,1.029583736e-08,34.46786473,4.506473373e-10,-12.52324507,0.236503595,-164.375667,-164.375667,1.619527724,-0.2277643786,-0.06369723941,31.5132726,31.23021312,-4.214277937,5.153060866e-11,-9.151907482e-10,0.1349423368,2.809468996e-10,
744876000,-0.2936746827,0.9667546415,91.05558384,-268.9444162,59.15877381,-0.01780991299,0.9665905772,49.08772865,1.659332115,49.0596751,-4.355233884e-12,1.048240217e-08,29.5659167,4.534590445e-10,-12.25229113,0.2439975377,-165.5812562,-165.5812562,1.645494029,-0.2363120429,-0.0607570309,30.94597147,30.69085104,-3.965452378,5.388196327e-11,-8.472837727e-10,0.1292063349,3.024304106e-10,
756874000,-0.346092598,0.9609380052,89.10372764,-270.8962724,50.20066213,0.01503124754,0.9608204366,50.78769673,2.022832041,50.74739688,-4.143647236e-12,1.067112764e-08,25.08730129,4.601001411e-10,-11.93337867,0.2531226839,-166.9106463,-166.9106463,1.677815964,-0.2465460668,-0.05732477664,30.2770102,30.05236994,-3.681359517,5.7120015e-11,-7.74113742e-10,0.1224981432,3.441374704e-10,
768872000,-0.3968791152,0.9553357814,87.12565049,-272.8743495,43.77857362,0.04790609881,0.95413388,52.57067689,2.403427363,52.51570818,-3.941639122e-12,1.087064498e-08,21.85034131,4.696479895e-10,-11.55251543,0.2644686684,-168.4866502,-168.4866502,1.719122781,-0.2591470895,-0.05278695443,29.46753759,29.2795037,-3.323617696,6.22809206e-11,-6.879821158e-10,0.1135134574,4.113489884e-10,
780870000,-0.4548336003,0.948982754,85.05134495,-274.9486551,38.20242968,0.08186207991,0.9454453274,54.50987602,2.862425368,54.43466822,-3.744258404e-12,1.109473603e-08,19.0169738,4.777810377e-10,-11.13579928,0.2774661677,-170.3551005,-170.3551005,1.768036472,-0.2735441964,-0.04648706059,28.56034381,28.41654582,-2.862370012,7.120584101e-11,-5.834009968e-10,0.1007289918,5.026562444e-10,
792868000,-0.5169973027,0.9422152624,82.93906935,-277.0609307,33.61121543,0.1158216115,0.9350694921,56.56281902,3.388340428,56.46124019,-3.555239219e-12,1.133364629e-08,16.66339064,4.853737657e-10,-10.67583254,0.2925555714,-172.7426864,-172.7426864,1.82707718,-0.2902118598,-0.03695725649,27.53261893,27.44310885,-2.218306099,9.048941244e-11,-4.452877161e-10,0.08083290092,6.021298929e-10,
804866000,-0.5901346233,0.9343148871,80.87866781,-279.1213322,29.44829966,0.1481129095,0.9225003384,58.64618035,4.029117834,58.50761215,-3.379746882e-12,1.156934904e-08,14.52119659,4.928236019e-10,-10.22113184,0.3082786212,-175.6381935,-175.6381935,1.891337555,-0.3073857452,-0.02344593712,26.49943102,26.46392799,-1.371262043,1.442035975e-10,-2.711546175e-10,0.05181627017,6.957742538e-10,
816864000,-0.6621067987,0.9266050442,78.72966307,-281.2703369,26.24982907,0.1810942406,0.9087363666,60.91135035,4.724749257,60.72783007,-3.208356444e-12,1.183199938e-08,12.85313289,5.078484638e-10,-9.781445582,0.3242856424,-178.8489417,-178.8489417,1.959830552,-0.324220204,-0.006514381786,25.51701803,25.51431378,-0.3714858516,5.244789918e-10,-7.237901239e-11,0.01455989978,7.772802809e-10,
828862000,-0.7405086412,0.918278821,76.51283245,-283.4871675,23.47345993,0.2141679451,0.8929546933,63.35346277,5.539755302,63.11079429,-3.042525705e-12,1.211829578e-08,11.39234332,5.322107905e-10,-9.32867338,0.3416381261,177.6718081,-182.3281919,2.037842984,-0.3413561132,0.0138785137,24.55555328,24.54343771,0.7712732741,-2.489600254e-10,1.48096974e-10,0.03142482659,8.625395867e-10,
840860000,-0.8496908214,0.9068082423,74.15428846,-285.8457115,20.46112542,0.2476020264,0.872349944,66.07375839,6.695019036,65.73369203,-2.879442513e-12,1.244183576e-08,9.818298003,5.55696973e-10,-8.87545882,0.3599374695,173.815857,-186.184143,2.124694705,-0.3578429269,0.03877398098,23.67963435,23.58621707,2.101296494,-9.007600211e-11,3.977258091e-10,0.08909001757,9.590517645e-10,
852858000,-0.9753489164,0.8937839553,71.672518,-288.327482,17.82954694,0.2810484101,0.848446551,69.08306682,8.132191766,68.60275198,-2.720206452e-12,1.280220985e-08,8.435948629,5.795222091e-10,-8.413239888,0.3796103157,169.4016572,-190.5983428,2.223780231,-0.3731344178,0.06981903791,22.93759343,22.63828584,3.693400418,-5.052624342e-11,6.892389277e-10,0.1631484134,1.088037101e-09,
864856000,-1.153736518,0.8756149624,69.14876618,-290.8512338,15.07910435,0.3116687891,0.8182689828,72.29033829,10.20228208,71.56679712,-2.571371035e-12,1.317006475e-08,7.014783218,5.74679688e-10,-7.953080348,0.4002634945,164.5740682,-195.4259318,2.334797835,-0.3858440486,0.1064670614,22.42260347,21.73480993,5.511005675,-3.339223366e-11,1.014161658e-09,0.2535566537,1.296152375e-09,
876854000,-1.438658432,0.8473582816,66.50000016,-293.4999998,12.10257786,0.3378833237,0.7770784497,75.77510342,13.52766141,74.55782102,-2.434443149e-12,1.353274976e-08,5.511508512,4.768132211e-10,-7.452633985,0.4240023862,158.795018,-201.204982,2.472236607,-0.3952941825,0.1533640531,22.22169359,20.8139456,7.783529705,-2.331934013e-11,1.412763387e-09,0.3739574348,1.681542297e-09,
888852000,-1.874213611,0.8059151491,64.32953497,-295.670465,9.304771292,0.3491180403,0.7263716827,78.54964635,18.42291345,76.35864851,-2.344943832e-12,1.367253081e-08,4.144765089,5.753583092e-11,-6.989056166,0.4472467483,151.1269514,-208.8730486,2.618250989,-0.391650293,0.2159622695,22.91919633,20.16735111,10.88887091,-1.644401365e-11,1.949725747e-09,0.5399256872,2.358346615e-09,
900850000,-2.553720085,0.7452706113,63.78468456,-296.2153154,6.851469396,0.3292200719,0.6686123154,78.55115175,24.78135975,74.5397052,-2.370172626e-12,1.316907647e-08,3.007894076,-3.575152221e-10,-6.707418395,0.4619862822,139.8099555,-220.1900445,2.717377334,-0.3529150954,0.2981312805,25.71367904,20.49144081,15.53364552,-1.137350331e-11,2.744359737e-09,0.7580553102,2.476458881e-09,
912848000,-2.927738534,0.7138600422,69.26385716,-290.7361428,5.989586549,0.2527527575,0.6676168088,70.83241122,24.42029724,66.48969515,-2.622209108e-12,1.159247065e-08,2.722722598,-2.509231039e-10,-7.65130338,0.4144143935,123.1348026,-236.8651974,2.415384493,-0.2265233448,0.3470251631,33.25397068,25.48830188,21.35820764,-8.163132747e-12,3.723801029e-09,0.8379611847,8.818703503e-10,
924846000,-1.784732899,0.8142604766,71.7538808,-288.2461192,9.767767478,0.2549445318,0.773319733,68.63591968,14.61151676,67.06260543,-2.566080562e-12,1.154067288e-08,4.589708688,2.776364719e-10,-11.43168058,0.2681735684,119.3084958,-240.6915042,1.732888447,-0.1312741145,0.233846466,38.93943104,34.77358845,17.52360795,-9.820354847e-12,3.015603491e-09,0.5039344149,-9.295631939e-10,
936844000,-1.140192034,0.8769814319,65.76397257,-294.2360274,15.25770834,0.3599978008,0.7996861981,77.01616095,11.00483201,76.22586647,-2.228694197e-12,1.294956625e-08,6.926581559,9.83293242e-10,-12.26962754,0.2435110217,142.3324565,-217.6675435,1.643792649,-0.1927559754,0.1488044073,34.14487946,32.55454569,10.29924016,-1.649482327e-11,1.749677622e-09,0.3163687264,-1.940651693e-09,
948842000,-1.156993913,0.8752866495,59.53867855,-300.4613214,15.03677547,0.4437323342,0.7544722224,86.89125982,13.3084888,85.8660303,-1.953461454e-12,1.440282277e-08,6.451974494,1.313376058e-09,-10.4018923,0.3019293867,150.2863472,-209.7136528,1.86503967,-0.2622297268,0.149656022,29.61267362,28.12660746,9.263066014,-1.810804113e-11,1.553749459e-09,0.3293346355,-1.430705714e-09,
960840000,-1.430714542,0.8481336081,54.13586412,-305.8641359,12.16947071,0.496891965,0.6873347019,96.68773521,19.34192435,94.73335264,-1.748502066e-12,1.56917711e-08,4.897824587,1.230497681e-09,-8.946164973,0.357019347,149.5569671,-210.4430329,2.110513498,-0.3077982898,0.1808950716,27.09518699,25.02890002,10.37802109,-1.596079458e-11,1.719030594e-09,0.4146415178,6.687940137e-11,
972838000,-1.839969623,0.8090987288,49.20374034,-310.7962597,9.476619602,0.5286417952,0.6125182489,106.5348629,28.90726593,102.5380271,-1.595492065e-12,1.677507855e-08,3.54713681,1.14002642e-09,-7.860751657,0.4045408821,146.5943333,-213.4056667,2.358752835,-0.3377080648,0.2227253652,25.76240302,22.73831128,12.1107642,-1.350852892e-11,1.981304171e-09,0.5326149358,7.102482473e-10,
984836000,-2.395951964,0.7589311905,44.35712155,-315.6428784,7.296386432,0.5426328312,0.5305903904,116.439239,43.20501716,108.1268832,-1.494591581e-12,1.74739022e-08,2.502646459,1.072094051e-09,-6.952416867,0.4491373339,142.7341091,-217.2658909,2.630668991,-0.3574388033,0.2719592737,25.19997869,20.82528547,14.18965861,-1.138896529e-11,2.29312729e-09,0.6813668234,9.453676111e-10,
996834000,-3.095966977,0.7001670213,39.80758326,-320.1924167,5.670380319,0.5378674631,0.4482548938,124.4038959,61.4918524,108.1437996,-1.47637154e-12,1.726628533e-08,1.758668757,9.902734971e-10,-6.128339349,0.4938363256,138.358971,-221.641029,2.951291057,-0.369054981,0.3281352427,25.25771221,19.07496673,16.55589533,-9.643720547e-12,2.643321335e-09,0.8679383595,1.108564269e-09,
1008832000,-3.977449665,0.6325975663,35.6805707,-324.3194293,4.443622079,0.5138472128,0.368972523,127.6522703,80.5159816,99.05694731,-1.592635317e-12,1.562738178e-08,1.230276839,8.547590154e-10,-5.326543229,0.5415927456,133.2581113,-226.7418887,3.3629327,-0.3711459792,0.3944278949,26.01417961,17.35783573,19.37635362,-8.141964986e-12,3.056844407e-09,1.116288569,1.279377071e-09,
1020830000,-5.081671568,0.5570785309,32.15567322,-327.8443268,3.515473147,0.4716255653,0.2964891495,123.8864182,93.93775773,80.76844858,-1.930300691e-12,1.259239818e-08,0.8598081382,6.040184547e-10,-4.575223498,0.5905257299,127.3913349,-232.6086651,3.884311778,-0.3586001092,0.469176512,27.64438056,15.76244705,22.71028489,-6.865056643e-12,3.540701291e-09,1.440784214,1.483502184e-09,
1032828000,-6.468112056,0.474891501,29.72335898,-330.276641,2.808736678,0.4124097641,0.2354572661,113.1024792,96.64005557,58.76113059,-2.622418411e-12,9.054871086e-09,0.6080411506,1.176783764e-10,-3.867943995,0.6406234033,120.5879881,-239.4120119,4.565192665,-0.3259882356,0.551479841,30.32086808,14.29424105,26.74003953,-5.762754036e-12,4.12054037e-09,1.870686204,1.686561372e-09,
1044826000,-8.232275148,0.3876022082,29.74156497,-330.258435,2.265851097,0.3365440893,0.1922850689,97.7407472,89.04635324,40.29889129,-3.779923953e-12,6.138598914e-09,0.4525608273,-8.377060327e-10,-3.28693583,0.684941071,112.655726,-247.344274,5.348018786,-0.2638345445,0.632088288,34.33252188,13.29257256,31.65485071,-4.812113816e-12,4.821880355e-09,2.381393863,1.867038939e-09,
1056824000,-10.32826668,0.3044995575,34.34619553,-325.6538045,1.875627214,0.2514081337,0.1717961897,82.23047085,76.9006873,29.12275104,-5.171125366e-12,4.385810489e-09,0.3787059916,-2.335188497e-09,-2.843059843,0.7208534941,104.2022617,-255.7977383,6.164696521,-0.1768582717,0.698821087,39.4451928,12.82118099,37.30335847,-4.037100218e-12,5.617788672e-09,2.909510326,2.008109467e-09,
1068822000,-12.41867253,0.2393681556,47.9356895,-312.0643105,1.629392938,0.1603681218,0.1777053162,68.39046364,63.99354922,24.12635851,-6.171958114e-12,3.592580632e-09,0.3770123521,-3.569143195e-09,-2.564329444,0.744360858,95.26287834,-264.7371217,6.823528058,-0.06827682938,0.7412228825,45.78367465,13.18821302,43.84308271,-3.396359585e-12,6.528536402e-09,3.324414207,2.065447763e-09,
1080820000,-12.92451097,0.225826265,71.05796157,-288.9420384,1.583399448,0.07330579862,0.2135971953,57.53745594,52.46667894,23.61792618,-6.234835483e-12,3.477831366e-09,0.4501509654,-3.79876467e-09,-2.469924256,0.7524952922,85.91647666,-274.0835233,7.080654374,0.05358564532,0.7505849341,53.54677324,14.86386858,51.44241767,-2.862499292e-12,7.575095813e-09,3.460903694,2.016332551e-09,
1092818000,-11.20734285,0.2751901326,88.46632605,-271.5336739,1.759344333,0.007365316289,0.2750915506,50.68943375,43.55661086,25.92759811,-5.617072192e-12,3.776022542e-09,0.5952620647,-2.916086513e-09,-2.627979045,0.7389261697,77.1923824,-282.8076176,6.66066824,0.1638037818,0.7205416056,62.00332533,18.6304377,59.13813611,-2.462661151e-12,8.612711987e-09,3.174275188,1.889438662e-09,
1104816000,-9.203108847,0.3466127689,96.12051858,-263.8794814,2.06097197,-0.03695590665,0.3446370156,46.80277856,36.84342988,28.86280921,-4.991046061e-12,4.157849595e-09,0.7833909412,-1.442147759e-09,-2.84858329,0.7203952415,69.69198537,-290.3080146,6.152954088,0.2500253012,0.6756157583,70.38344791,23.60495961,66.307131,-2.172550796e-12,9.551914219e-09,2.809033868,1.756997282e-09,
1116814000,-7.347196564,0.4291806882,98.38138176,-261.6186182,2.503735698,-0.06255804547,0.4245969313,44.96895364,31.15391293,32.42900709,-4.394461161e-12,4.621393337e-09,1.040928861,-2.927346112e-10,-3.014718429,0.7067471707,62.57005086,-297.4299491,5.820053551,0.3255728323,0.6272909167,79.60990426,29.499078,73.94282422,-1.927273047e-12,1.053744489e-08,2.506614757,1.691258141e-09,
1128812000,-5.829807921,0.5111043815,97.24563358,-262.7543664,3.090852779,-0.06446220684,0.5070229902,45.12531283,26.57163594,36.47248307,-3.86574482e-12,5.142376204e-09,1.372609619,3.578579002e-10,-3.191832527,0.692481816,55.28282632,-304.7171737,5.503680445,0.3943863468,0.5692016118,90.60611977,37.67373338,82.40241958,-1.711033647e-12,1.16181901e-08,2.187264499,1.69245348e-09,
1140810000,-4.656402382,0.5850323491,94.22578231,-265.7742177,3.819652799,-0.04310925966,0.5834418919,46.88513792,23.02225163,40.84350728,-3.415731964e-12,5.698097034e-09,1.774088301,7.053708602e-10,-3.444400496,0.6726357953,47.8718746,-312.1281254,5.109403444,0.4511978762,0.4988580856,103.4550822,49.77437464,90.69435297,-1.538248731e-12,1.265281211e-08,1.822109341,1.69038847e-09,
1152808000,-3.805159174,0.6452708425,90.46987595,-269.5301241,4.638104333,-0.005291730974,0.6452491439,49.62777447,20.44999123,45.21851233,-3.05314113e-12,6.242799977e-09,2.211175145,8.36559594e-10,-3.769517051,0.6479241198,40.49017116,-319.5098288,4.680593624,0.4927575439,0.4207085309,117.6701481,66.7979419,96.87259014,-1.425155451e-12,1.337408447e-08,1.450233157,1.642265672e-09,
1164806000,-3.204672168,0.6914589329,86.53578933,-273.4642107,5.482119281,0.04178144131,0.6901954557,52.91129023,18.71154068,49.4922507,-2.760764288e-12,6.762444856e-09,2.645012057,8.261945433e-10,-4.196815574,0.6168210997,33.46007288,-326.5399271,4.219494076,0.5145954883,0.3400878599,130.9552103,88.18271836,96.81464393,-1.411319948e-12,1.322840812e-08,1.097886817,1.538302476e-09,
1176804000,-2.785145947,0.7256759041,83.02395445,-276.9760455,6.290646465,0.08813650615,0.7203037374,56.14892918,17.52881162,53.34269407,-2.535368264e-12,7.214245906e-09,3.043143781,7.636761377e-10,-4.708494643,0.5815342096,27.02170082,-332.9782992,3.779363203,0.5180507433,0.2642072375,140.1764031,109.5432927,87.46251196,-1.546301045e-12,1.182872519e-08,0.798428729,1.400137608e-09,
1188802000,-2.402093317,0.7583947783,80.10591522,-279.8940848,7.277966784,0.1303130003,0.7471152265,59.0874157,16.15920574,56.83487278,-2.355568361e-12,7.60896343e-09,3.517182322,7.061451386e-10,-5.2550735,0.5460674942,21.38431418,-338.6156858,3.405941355,0.508473845,0.1991081543,143.4558578,124.7698151,70.7960196,-1.891044565e-12,9.478059821e-09,0.5674130363,1.259297151e-09,
1200800000,-2.047328517,0.7900117926,77.19215766,-282.8078423,8.524344368,0.1751313695,0.7703555257,62.24799628,14.75368483,60.47430715,-2.191687098e-12,8.015310553e-09,4.098929036,6.761011172e-10,-5.790564095,0.513418833,16.29011868,-343.7098813,3.110311158,0.4928069572,0.144014586,142.2245638,132.4533959,51.8066063,-2.558375624e-12,6.866486907e-09,0.3911308271,1.136642126e-09,
1212798000,-1.761960732,0.8163980588,74.20149486,-285.7985051,9.893131015,0.2222685699,0.7855587014,65.71863052,13.64577599,64.28632199,-2.041329352e-12,8.436265493e-09,4.711078506,6.689903973e-10,-6.357087014,0.4810006345,11.62957896,-348.370421,2.853569259,0.4711263228,0.09696183966,137.0977925,132.9322995,33.53816432,-3.912842539e-12,4.401198414e-09,0.2522950739,1.027682778e-09,
1224796000,-1.559169307,0.8356829367,71.37481447,-288.6251855,11.17159046,0.2668969812,0.7919166447,69.22285145,12.95042415,68.00065939,-1.910923267e-12,8.836280552e-09,5.250844187,6.593669589e-10,-6.928488325,0.4503763571,7.351690419,-352.6483096,2.638853651,0.4466739956,0.05762989392,130.1251007,128.7858883,18.62087033,-6.97840863e-12,2.419671159e-09,0.1445878161,9.127554893e-10,
1236794000,-1.372429262,0.8538440116,68.5668026,-291.4331974,12.68400996,0.3120084174,0.7947957874,72.96246894,12.25983578,71.92508812,-1.7891319e-12,9.25556989e-09,5.866725248,6.445614231e-10,-7.4746184,0.4229305723,3.659279958,-356.34072,2.465787484,0.4220683138,0.02699272946,122.9189962,122.6541987,8.063942826,-1.595788467e-11,1.037696141e-09,0.06574534678,7.88728268e-10,
1248792000,-1.245745396,0.866388602,65.7695512,-294.2304488,13.96878283,0.3555725583,0.7900616213,76.94584963,11.99493056,76.00516704,-1.676821778e-12,9.686639596e-09,6.33644077,6.325366824e-10,-8.020665249,0.3971611299,0.5630355329,-359.4369645,2.317636103,0.3971419538,0.003902769652,115.8745527,115.8695771,1.073802956,-1.186876221e-10,1.368530935e-10,0.009267341628,6.642731655e-10,
1260790000,-1.133357955,0.8776717146,63.08392017,-296.9160798,15.34944848,0.3973087945,0.7825939946,81.06836626,11.77076478,80.20928316,-1.573811597e-12,1.012516271e-08,6.814279672,6.174233448e-10,-8.557748607,0.3733469172,-2.009784762,-362.0097848,2.191558543,0.3731172538,-0.01309333929,109.5005617,109.4499057,-3.330338451,3.790434572e-11,-4.204029431e-10,0.03042797004,5.487968819e-10,
1272788000,-1.062600346,0.8848506672,60.45574047,-299.5442595,16.36875023,0.4363160951,0.769798005,85.39878273,11.92093258,84.56265996,-1.47871822e-12,1.057408251e-08,7.093627899,5.990863318e-10,-9.065579115,0.3521446091,-4.159686212,-364.1596862,2.087108679,0.3512169762,-0.02554332345,104.0727113,103.8961835,-6.059067282,2.063755694e-11,-7.576521059e-10,0.05831847791,4.411200747e-10,
1284786000,-1.004365827,0.8908030773,57.88958644,-302.1104136,17.31553446,0.4735086347,0.7545327663,89.96464785,12.19531851,89.13423624,-1.389775939e-12,1.104164763e-08,7.308889566,5.870978309e-10,-9.518654872,0.3342467987,-5.83139615,-365.8313961,2.004116234,0.332517133,-0.03395995706,99.72000943,99.42977531,-7.602635219,1.629390512e-11,-9.417887302e-10,0.07646235944,3.387039638e-10,
1296784000,-0.9555735772,0.8958211694,55.42861001,-304.57139,18.1977582,0.5083181803,0.7376368992,94.70116718,12.56614613,93.86374719,-1.307538846e-12,1.151994422e-08,7.46957311,5.729978638e-10,-9.917452127,0.3192474181,-7.052764354,-367.0527644,1.937924957,0.3168318325,-0.03919826395,96.2612104,95.89653164,-8.371131778,1.46611592e-11,-1.027393152e-09,0.08729337376,2.386426026e-10,
1308782000,-0.9233713118,0.8991485213,52.91828581,-307.0817142,18.83114206,0.5421446671,0.7173194709,99.93166618,13.22407914,99.05282245,-1.227682212e-12,1.204535692e-08,7.490337995,5.665690878e-10,-10.25523193,0.3070707172,-7.878031975,-367.878032,1.886297418,0.304172611,-0.04208857428,93.5915364,93.18991532,-8.661141371,1.404034214e-11,-1.053241458e-09,0.09294075804,1.57861324e-10,
1320780000,-0.9105614707,0.9004755526,50.56669973,-309.4333003,19.09556498,0.5719636277,0.6954953842,105.2429578,14.18020426,104.2832776,-1.155513371e-12,1.25662102e-08,7.35414495,5.626009131e-10,-10.48523115,0.2990463062,-8.290189402,-368.2901894,1.853255526,0.2959214195,-0.04311851952,91.90833983,91.49891411,-8.665543675,1.390573127e-11,-1.044204266e-09,0.0947065193,1.102580172e-10,
1332778000,-0.90064042,0.9015046662,48.08468894,-311.9153111,19.30553046,0.6022334539,0.6708394221,111.3606123,15.39591118,110.291214,-1.082733064e-12,1.317052944e-08,7.163669152,5.535448435e-10,-10.62525744,0.2942639957,-8.621919923,-368.6219199,1.833920883,0.2909385478,-0.04411417666,90.90886449,90.48771507,-8.740427028,1.366248396e-11,-1.043746345e-09,0.09659241612,1.042724167e-10,
1344776000,-0.8853236406,0.9030957905,45.69525409,-314.3047459,19.6389383,0.6307894396,0.6462868479,117.8389863,16.64412924,116.6576172,-1.014511748e-12,1.380649002e-08,7.008934833,5.4754335e-10,-10.62747962,0.2941887216,-9.061996624,-369.0619966,1.833618647,0.2905168031,-0.04633563466,90.81280443,90.34903923,-9.166054722,1.291182812e-11,-1.084807371e-09,0.1014516015,1.604479725e-10,
1356774000,-0.8793643031,0.9037156118,43.39943277,-316.6005672,19.77179943,0.6566230205,0.6209252097,124.668823,18.20398821,123.3326,-9.511187251e-13,1.446740057e-08,6.775031858,5.382218158e-10,-10.52343324,0.2977339355,-9.744037184,-369.7440372,1.84792346,0.2934387299,-0.05039055613,91.36791179,90.81432427,-10.04259986,1.168063519e-11,-1.178036585e-09,0.1105838747,2.658295966e-10,
1368772000,-0.8756869497,0.9040982998,41.0843626,-318.9156374,19.85468761,0.6814575638,0.594145878,132.2659121,20.08964351,130.7313188,-8.894250906e-13,1.520087758e-08,6.507398638,5.381919881e-10,-10.32361248,0.3046627627,-11.19422936,-371.1942294,1.876302163,0.2988664662,-0.05914587354,92.39400362,91.61840024,-11.94657449,9.732975352e-12,-1.389096492e-09,0.1303949257,4.191855698e-10,
1380770000,-0.8723440494,0.9044463231,38.76648106,-321.2335189,19.93064406,0.705200782,0.5663170564,140.7138184,22.32178745,138.9320571,-8.296526849e-13,1.601405277e-08,6.224056088,5.414694046e-10,-10.06320976,0.3139348372,-13.29676585,-373.2967659,1.915174984,0.3055188271,-0.07220338144,93.63134534,92.45258391,-14.81042058,7.782719847e-12,-1.707128374e-09,0.1601947718,5.987697529e-10,
1392768000,-0.8546791034,0.9062876144,36.38872049,-323.6112795,20.34189613,0.7295711407,0.5376645708,150.4723844,24.65977119,148.4379808,-7.698326275e-13,1.696236443e-08,6.019438692,5.429596849e-10,-9.812308588,0.3231354241,-16.33853153,-376.3385315,1.954800814,0.3100860284,-0.09090191003,94.35837017,92.47225304,-18.77190557,6.08741613e-12,-2.145110717e-09,0.2030004132,7.731382101e-10,
1404766000,-0.8531639851,0.906445716,34.05346398,-325.946536,20.37796276,0.7510042496,0.5075790116,161.2316899,27.89994465,158.7994046,-7.134561313e-13,1.799140227e-08,5.691746224,5.414971635e-10,-9.588699217,0.3315622203,-20.10315719,-380.1031572,1.992051109,0.3113618961,-0.1139617286,94.29059389,91.34326234,-23.39069304,4.843653356e-12,-2.650081523e-09,0.2560746402,9.237575151e-10,
1416764000,-0.8458009056,0.9072144411,31.7148966,-328.2851034,20.55507843,0.7717441555,0.4769161358,173.5127824,31.65124809,170.6015362,-6.584755917e-13,1.916485582e-08,5.390041356,5.347939525e-10,-9.438064235,0.337362486,-24.48803573,-384.4880357,2.018241433,0.3070160035,-0.1398378365,92.96776486,88.65740925,-27.97979784,4.014930635e-12,-3.143165081e-09,0.31559458,1.026368499e-09,
1428762000,-0.8424448646,0.907565037,29.40900366,-330.5909963,20.63683453,0.7906131732,0.4456513285,187.3755705,36.36362028,183.8131974,-6.060152473e-13,2.047561383e-08,5.054865163,5.247559123e-10,-9.384368291,0.3394545118,-29.17185055,-389.1718505,2.027800562,0.2963986643,-0.1654605616,90.40707753,84.67806064,-31.67121268,3.517187718e-12,-3.527970405e-09,0.3740191077,1.074808615e-09,
1440760000,-0.8397000267,0.9078518829,27.16132654,-332.8386735,20.70418739,0.8077382463,0.4144321016,202.9775318,42.11531741,198.560264,-5.563346981e-13,2.193415109e-08,4.71468046,5.121431197e-10,-9.425129372,0.3378652541,-33.97004949,-393.9700495,2.020533226,0.2802017131,-0.188785407,86.94872407,79.98626312,-34.09220337,3.240211944e-12,-3.766028129e-09,0.4262257298,1.065583725e-09,
1452758000,-0.8427254331,0.9075357216,24.99741043,-335.0025896,20.62997467,0.8225240254,0.3835039943,220.3654488,49.38565161,214.7603046,-5.101205799e-13,2.352777548e-08,4.348637663,5.019946685e-10,-9.535014494,0.333617847,-38.57414709,-398.5741471,2.001280858,0.2608230663,-0.2080197009,83.20648074,75.35758461,-35.27822103,3.105418808e-12,-3.864857919e-09,0.4681442646,1.012669576e-09,
1464756000,-0.8535552099,0.9064048893,22.86024555,-337.1397545,20.36863757,0.8352114767,0.3521244275,240.329506,59.02542899,232.9683888,-4.663992569e-13,2.531347929e-08,3.94691564,4.994503085e-10,-9.711350227,0.326913224,-42.79965983,-402.7996598,1.971385075,0.2398673143,-0.2221169232,79.52858259,71.20667816,-35.41757239,3.067863665e-12,-3.848341784e-09,0.497391162,9.323502985e-10,
1476754000,-0.8707222563,0.9046152133,20.71826649,-339.2817335,19.96770428,0.8461149161,0.3200284877,263.8168595,72.03527747,253.7917535,-4.246532667e-13,2.735202484e-08,3.523159242,4.964150829e-10,-9.92172017,0.3190905859,-46.6270626,-406.6270626,1.937248272,0.2191336251,-0.2319466671,76.17371972,67.67983555,-34.95533489,3.083177362e-12,-3.767258687e-09,0.5164807894,8.29545216e-10,
1488752000,-0.8928996904,0.9023084313,18.51456986,-341.4854301,19.4725958,0.8556075965,0.2865242502,292.5966976,90.26127123,278.3266612,-3.840988119e-13,2.975449499e-08,3.083566821,5.10640248e-10,-10.15797813,0.3105282341,-50.07900172,-410.0790017,1.90077143,0.1992755154,-0.2381534236,73.1809693,64.73723414,-34.12542722,3.132706273e-12,-3.648176746e-09,0.5271375534,7.371686868e-10,
1500750000,-0.919309644,0.8995690766,16.44946957,-343.5505304,18.91418511,0.8627495716,0.2547306425,324.8771553,113.9292982,304.245429,-3.485681629e-13,3.226530997e-08,2.670475757,5.242510298e-10,-10.42085961,0.3012707852,-52.84966644,-412.8496664,1.862339169,0.1819399643,-0.2401289974,70.73197175,62.54338499,-33.03538741,3.210202106e-12,-3.503411763e-09,0.5281995437,6.332591577e-10,
1512748000,-0.9264057114,0.8988344603,13.96665296,-346.033347,18.76957772,0.8722616457,0.2169401032,374.3312815,151.5433286,342.2842793,-3.073736195e-13,3.601144076e-08,2.258656203,5.423018864e-10,-10.69406071,0.2919422593,-55.60854773,-415.6085477,1.824628396,0.1649018048,-0.2409101026,68.43169036,60.5465593,-31.89060053,3.299064805e-12,-3.355183225e-09,0.5267120197,5.255228579e-10,
1524746000,-0.9604649758,0.8953168359,11.67029001,-348.32971,18.1052689,0.8768086956,0.1811042461,430.4233457,206.783119,377.498342,-2.765079232e-13,3.940376111e-08,1.825576207,5.616119552e-10,-10.9326274,0.2840328882,-57.53840767,-417.5384077,1.7934244,0.1524501447,-0.2396531555,66.821666,59.25210523,-30.89211992,3.378896717e-12,-3.224559099e-09,0.5213674653,4.109888304e-10,
1536744000,-0.9891600426,0.8923639103,9.192391187,-350.8076088,17.58112837,0.8809037164,0.1425552201,507.7308708,295.1474384,413.1326987,-2.506853967e-13,4.278663926e-08,1.399750243,5.71091177e-10,-11.15158227,0.2769624462,-59.08403296,-419.084033,1.766108053,0.1422978641,-0.2376121093,65.54719749,58.28034781,-29.99726917,3.452525424e-12,-3.106707212e-09,0.5147064198,2.825341963e-10,
1548742000,-1.040460814,0.8871089468,6.70780403,-353.292196,16.71619578,0.8810364635,0.1036196581,597.0604769,427.9695135,416.3211605,-2.468383133e-13,4.278283317e-08,0.9727822833,5.872582162e-10,-11.31565914,0.2717797177,-59.98780301,-419.987803,1.74642172,0.1359399604,-0.2353392065,64.76916836,57.74026946,-29.34461538,3.501971715e-12,-3.015570437e-09,0.5082174997,1.68030928e-10,
1560740000,-1.090227451,0.8820407044,4.114382448,-355.8856176,15.95500122,0.8797675128,0.06328449835,692.1418555,601.2861082,342.8051402,-2.974693642e-13,3.495722067e-08,0.5701198407,5.972572541e-10,-11.41069317,0.2688223304,-60.48557158,-420.4855716,1.735313294,0.1324333641,-0.233937704,64.34475421,57.45207016,-28.97424768,3.519471092e-12,-2.954620719e-09,0.5043203421,6.326989788e-11,
1572738000,-1.162121335,0.874770106,1.526631034,-358.473369,14.97062759,0.8744596064,0.0233052625,734.072388,720.0199085,142.9461512,-7.079315778e-13,1.446559221e-08,0.1985308317,6.052194065e-10,-11.41287659,0.2687547634,-60.46650149,-420.4665015,1.735060552,0.1324779137,-0.2338348247,64.35102239,57.46324587,-28.9660052,3.493615833e-12,-2.931246596e-09,0.5040788205,-1.133371836e-11,
1584736000,-1.248209981,0.8661428027,-1.115628878,-361.1156289,13.94129595,0.8659786152,-0.01686394484,690.7312243,684.5197437,-92.42480565,1.086612413e-12,-9.282217785e-09,0.1350213876,6.072311657e-10,-11.26037422,0.2735150884,-60.21108574,-420.2110857,1.752982159,0.1358839518,-0.2373732404,64.74653555,57.60525634,-29.55923389,3.397582679e-12,-2.968632118e-09,0.5131343174,-3.198555835e-11,
1596734000,-1.343367001,0.8567056872,-3.747750698,-363.7477507,12.95728805,0.8548736135,-0.05599767242,596.4825302,549.7600664,-231.4201335,4.307114517e-13,-2.306687161e-08,0.4209475145,6.049624123e-10,-10.93642592,0.2839087019,-59.88027842,-419.8802784,1.792939958,0.1424677993,-0.245574993,65.50222928,57.77505258,-30.86398127,3.229502402e-12,-3.076376643e-09,0.5342094882,2.68688613e-11,
1608732000,-1.444551452,0.8467835788,-6.362433833,-366.3624338,12.05343112,0.8415680614,-0.09383830467,500.703496,417.2639238,-276.7576717,3.574676644e-13,-2.738016741e-08,0.6632676727,5.96479262e-10,-10.45093247,0.3002295093,-60.08791021,-420.0879102,1.858079937,0.1497156445,-0.2602364004,66.28304083,57.5347665,-32.91188456,3.005963342e-12,-3.25603588e-09,0.5720347289,1.762622643e-10,
1620730000,-1.546469405,0.8369057077,-8.91497673,-368.9149767,11.26284483,0.8267953777,-0.1296941285,423.1886975,319.9340291,-277.0034129,3.545066128e-13,-2.720160817e-08,0.8658141607,5.919276457e-10,-9.813802189,0.3230798634,-61.10835993,-421.1083599,1.954558288,0.1560975352,-0.2828677387,66.86155016,56.52838701,-35.70725908,2.750128242e-12,-3.506436474e-09,0.6316695198,4.121859514e-10,
1632728000,-1.630373757,0.8288602494,-11.4138206,-371.4138206,10.6863557,0.8124682683,-0.1640262967,365.2254498,252.1159075,-264.2483649,3.688875367e-13,-2.575838319e-08,1.048122538,5.991450419e-10,-9.094373997,0.3509791357,-63.40367534,-423.4036753,2.081565031,0.1571339661,-0.3138395615,66.65222666,54.196667,-38.7974304,2.512484137e-12,-3.781893142e-09,0.7158637706,6.933672662e-10,
1644726000,-1.699123177,0.8223256579,-14.00556352,-374.0055635,10.25654935,0.7978797504,-0.1990160585,318.8491612,201.2059193,-247.3478636,3.912176232e-13,-2.393507195e-08,1.229326972,6.288011507e-10,-8.346664193,0.3825311361,-67.12412853,-427.1241285,2.239029718,0.1487036176,-0.3524447534,65.20486285,50.2795952,-41.5167008,2.330793185e-12,-4.017440081e-09,0.8257166876,9.926518016e-10,
1656724000,-1.758999528,0.8166764336,-16.75651642,-376.7565164,9.909672115,0.7819991903,-0.2354520411,280.089735,161.729351,-228.6785445,4.200921331e-13,-2.196824621e-08,1.413958215,6.690721487e-10,-7.645004189,0.4147150446,-72.05426274,-432.0542627,2.417138919,0.1277804008,-0.3945386387,62.40457834,45.17603362,-43.05179885,2.231406355e-12,-4.135816585e-09,0.9529787235,1.254945881e-09,
1668722000,-1.835528072,0.8095125693,-19.82346999,-379.82347,9.499380418,0.7615424194,-0.2745245767,245.1409875,130.3412428,-207.6180729,4.593788376e-13,-1.980164615e-08,1.592880875,7.068676554e-10,-7.048868372,0.4441775266,-78.2207716,-438.2207716,2.598271203,0.09067491854,-0.4348237968,58.24533464,39.50544778,-42.79998367,2.228396854e-12,-4.082063379e-09,1.08339447,1.459841729e-09,
1680720000,-1.949175476,0.7989897837,-22.95441711,-382.9544171,8.949743035,0.7357221105,-0.311604959,215.8029899,108.3066801,-186.6563513,5.07320009e-13,-1.767533019e-08,1.723405713,7.221631866e-10,-6.588482,0.468355797,-84.95766704,-444.957667,2.761914432,0.04116461388,-0.4665432747,53.49800898,34.32821791,-41.03182204,2.307830779e-12,-3.885487947e-09,1.195279701,1.590252644e-09,
1692718000,-2.131454975,0.7823971346,-26.17240981,-386.1724098,8.19105544,0.7021786357,-0.3450948273,190.5072974,93.32943065,-166.0802449,5.661317903e-13,-1.561541374e-08,1.779505604,7.056812208e-10,-6.274081749,0.4856192709,-92.1997523,-452.1997523,2.888170545,-0.018639762,-0.4852614094,48.51379442,30.01219709,-38.11635181,2.466744636e-12,-3.583825423e-09,1.270028705,1.638528846e-09,
1704716000,-2.362121782,0.7618928727,-29.17817155,-389.1781716,7.399580569,0.6652146692,-0.3714433918,170.596354,83.88659934,-148.546809,6.284992553e-13,-1.386856164e-08,1.770804993,6.66018715e-10,-6.089850328,0.4960294747,-99.4085046,-459.4085046,2.968486052,-0.08108712895,-0.4893568405,43.86555438,26.76978842,-34.75004012,2.686660461e-12,-3.244317915e-09,1.298106641,1.630459311e-09,
1716714000,-2.630889823,0.7386785854,-31.95176669,-391.9517667,6.653410277,0.626764272,-0.390912522,154.7769215,77.76903715,-133.8202985,6.927877317e-13,-1.240635423e-08,1.720740072,6.144319579e-10,-6.016390217,0.5002423883,-106.3816772,-466.3816772,3.001940047,-0.1410856921,-0.4799346566,39.74070727,24.46328588,-31.31886745,2.960166463e-12,-2.903542795e-09,1.280239605,1.590913367e-09,
1728712000,-2.920982987,0.7144154707,-34.44834525,-394.4483453,6.003180476,0.5891330694,-0.4041184124,142.2616702,73.70914613,-121.6772147,7.56638133e-13,-1.120228829e-08,1.650774987,5.671962049e-10,-5.986532863,0.5019649078,-113.0787561,-473.0787561,3.01578128,-0.1967682567,-0.461791102,36.11381574,22.72952993,-28.06378727,3.280584323e-12,-2.583709991e-09,1.234684015,1.550723088e-09,
1740710000,-3.244209654,0.6883186189,-36.8068413,-396.8068413,5.416809349,0.5511090752,-0.4123849031,131.6515446,70.81107884,-110.9861267,8.238061167e-13,-1.01475781e-08,1.567355398,5.074056676e-10,-5.994269448,0.5015180031,-119.722628,-479.722628,3.012181006,-0.2486534691,-0.435536175,32.83550215,21.39947483,-24.90447105,3.671270506e-12,-2.277041938e-09,1.163788889,1.52164482e-09,
1752708000,-3.584417214,0.6618798187,-39.00003037,-399.0000304,4.915056571,0.5143770073,-0.416534739,122.7448119,68.63825005,-101.759911,8.923471568e-13,-9.240325739e-09,1.482553983,4.313126929e-10,-5.978978248,0.5024016853,-126.2280653,-486.2280653,3.019306218,-0.2969198339,-0.4052728286,29.86244276,20.24627521,-21.95116916,4.136689331e-12,-1.993279587e-09,1.084207783,1.537561172e-09,
1764706000,-3.963032591,0.6336484407,-40.63405989,-400.6340599,4.459237034,0.4808658633,-0.4126479951,115.9063029,68.04442358,-93.83084502,9.611742818e-13,-8.462397022e-09,1.378964507,3.006052827e-10,-5.959663601,0.5035201094,-132.6690728,-492.6690728,3.02836054,-0.3412672382,-0.3702285411,27.15358138,19.27793584,-19.1227135,4.716265559e-12,-1.724635366e-09,0.9919481864,1.62546401e-09,
1776704000,-4.386769591,0.6034781085,-41.8495374,-401.8495374,4.043857711,0.4495305071,-0.4026265647,110.2938283,68.34876946,-86.56312312,1.034837444e-12,-7.754217322e-09,1.266491318,1.127535131e-10,-5.896643079,0.5071866878,-139.8113198,-499.8113198,3.058331929,-0.3874518475,-0.3272910054,24.35943451,18.27533834,-16.10571507,5.561923868e-12,-1.442730002e-09,0.8812813622,1.831927765e-09,
1788702000,-4.782690585,0.576587829,-41.87407971,-401.8740797,3.723529782,0.4293351355,-0.3848699339,107.5260294,70.44850893,-81.23333422,1.095337256e-12,-7.22797128e-09,1.153088056,-1.045659033e-10,-5.840779014,0.5104592162,-148.0351717,-508.0351717,3.085461449,-0.433059936,-0.2702363841,21.53343685,17.38457217,-12.70690965,7.002323923e-12,-1.130634104e-09,0.7309302481,2.152770876e-09,
1800700000,-5.025773792,0.5606751532,-40.81509043,-400.8150904,3.552439988,0.4243318139,-0.3664684695,107.7582284,73.61538322,-78.69314545,1.123160605e-12,-6.955296876e-09,1.068976918,-2.247829462e-10,-5.935975789,0.5048951636,-158.1080606,-518.1080606,3.039548501,-0.4684865262,-0.1882538206,19.0430779,16.99629391,-8.588644207,1.029091889e-11,-7.591076692e-10,0.5053245285,2.459400103e-09,
1812698000,-4.901638391,0.5687456401,-38.8930363,-398.8930363,3.637634273,0.4426658023,-0.3570974524,112.2644015,77.20459207,-81.50304782,1.077260725e-12,-7.155970238e-09,1.055676167,-1.145099661e-10,-6.415923574,0.4777534384,-170.0128033,-530.0128033,2.829608746,-0.4705138168,-0.08285587515,18.19367696,17.78823116,-3.819517473,2.298720532e-11,-3.353537578e-10,0.214721601,2.565831657e-09,
1824696000,-4.429965109,0.600484421,-38.48555668,-398.4855567,4.006062605,0.4700382225,-0.3736918642,116.9527408,76.02981125,-88.86738083,9.814930556e-13,-7.751254422e-09,1.168849157,2.294169645e-10,-7.551216302,0.4192172888,178.0633076,-541.9366924,2.443628678,-0.4189778228,0.01416754137,20.47832972,20.46624035,0.7035581243,-1.239737189e-10,6.136625128e-11,0.03437652018,2.258030543e-09,
1836694000,-3.836869551,0.6429193877,-40.56584355,-400.5658436,4.60097617,0.4883995805,-0.4181042799,116.9949155,67.19273818,-95.77549888,9.047506453e-13,-8.299228981e-09,1.425384669,6.942234366e-10,-9.359860114,0.340413672,168.4664174,-551.5335826,2.032203542,-0.3335399306,0.06806307928,25.08570114,24.793542,3.817417583,-2.269936221e-11,3.307904736e-10,0.1539682222,1.400841766e-09,
1848692000,-3.357401728,0.679406838,-44.93326734,-404.9332673,5.23843624,0.4809723959,-0.4798533171,110.1190638,53.87847264,-96.0381091,8.964208909e-13,-8.267975298e-09,1.782495019,1.100570478e-09,-11.71474665,0.2595748835,163.8869982,-556.1130018,1.701150941,-0.2493777957,0.07204051036,30.12783053,29.77460601,4.599892323,-1.871577882e-11,3.960073397e-10,0.1544904514,-3.464373405e-11,
1860690000,-3.058375181,0.7032038518,-50.661908,-410.661908,5.738631927,0.4457575501,-0.543871183,99.46139559,41.91713455,-90.19713434,9.483166338e-13,-7.715051827e-09,2.151796283,1.370335166e-09,-14.30666287,0.1926046892,166.8222123,-553.1777877,1.477101332,-0.1875328985,0.04390874936,34.23471962,34.09322677,3.109327263,-2.750930847e-11,2.659576843e-10,0.09120073275,-1.789869826e-09,
1872688000,-2.936411959,0.7131475623,-57.20588473,-417.2058847,5.972225915,0.3862563196,-0.599487699,88.02029027,33.3815185,-81.4447403,1.043498097e-12,-6.921779286e-09,2.439815322,1.519201237e-09,-16.41288496,0.1511317642,179.6335901,-540.3664099,1.356078265,-0.1511286738,0.0009664899719,36.87127236,36.87120022,0.0729372361,-1.165213217e-09,6.198748355e-12,0.001978162784,-3.143283787e-09,
1884686000,-2.971337655,0.7102857753,-64.02384123,-424.0238412,5.90335451,0.3111031194,-0.6385301337,77.62762613,28.07969611,-72.37111997,1.166852158e-12,-6.111480363e-09,2.57734698,1.597601503e-09,-16.86991767,0.1433851307,-160.7521339,-520.7521339,1.334771519,-0.1353700881,-0.04726769469,38.1008595,37.92461492,-3.660475027,2.3069792e-11,-3.091139291e-10,0.09651976784,-3.431540405e-09,
1896684000,-3.154414006,0.6954714393,-71.06157832,-431.0615783,5.567528496,0.2257164906,-0.6578241321,68.45911768,25.00947962,-63.72736244,1.316737508e-12,-5.347503718e-09,2.548128286,1.651132236e-09,-15.36050273,0.1705983645,-144.4422147,-504.4422147,1.411376967,-0.1387867919,-0.09920699748,37.91918904,37.15133546,-7.592309973,1.105226324e-11,-6.370874968e-10,0.2043616973,-2.545522998e-09,
1908682000,-3.47891434,0.6699683443,-78.23650229,-438.2365023,5.060024745,0.1365880466,-0.6558973151,60.51262381,23.43927427,-55.78869116,1.49465301e-12,-4.651925238e-09,2.380137308,1.710760343e-09,-12.98418611,0.2242800759,-137.0309661,-497.0309661,1.578250136,-0.1641107078,-0.1528699709,36.18725996,34.44623229,-11.08940326,7.519316706e-12,-9.246869538e-10,0.3219337071,-9.98686981e-10,
1920680000,-3.949724124,0.6346200571,-85.75806642,-445.7580664,4.473754208,0.04694163418,-0.6328815844,53.46630123,22.81594977,-48.35367414,1.71370332e-12,-4.006771694e-09,2.119292627,1.755385688e-09,-10.59333399,0.295347501,-137.2528609,-497.2528609,1.838278446,-0.2168903283,-0.2004712743,32.77252222,30.00537051,-13.18013481,6.287026128e-12,-1.092156739e-09,0.4392591921,4.707184163e-10,
1932678000,-4.640702845,0.5860907373,-93.62186184,-453.6218618,3.83197691,-0.03702412739,-0.5849201367,47.3161303,23.15605681,-41.26273403,1.995733871e-12,-3.397962871e-09,1.781941303,1.750902351e-09,-8.523613869,0.3748170227,-142.7787672,-502.7787672,2.19906343,-0.2984689729,-0.2267246628,27.96640031,24.7352211,-13.04945914,6.310563147e-12,-1.074615599e-09,0.5275658982,1.507349703e-09,
1944676000,-5.658586137,0.5212795565,-101.27891,-461.27891,3.177803617,-0.1019545543,-0.5112119374,42.5333183,24.67630625,-34.64336987,2.362396261e-12,-2.835260763e-09,1.4039123,1.636194604e-09,-6.907587587,0.4514613965,-151.7341373,-511.7341373,2.646051504,-0.3976289875,-0.213795652,22.60388209,19.91377165,-10.69472695,7.652497147e-12,-8.752710779e-10,0.537051802,2.121490489e-09,
1956674000,-7.041183352,0.4445706957,-108.289268,-468.289268,2.600818294,-0.1395127818,-0.4221128845,39.43627089,27.16780393,-28.58548393,2.845483742e-12,-2.325129821e-09,1.052182355,1.385101866e-09,-5.785845051,0.5136978493,-162.343655,-522.343655,3.112669452,-0.4894990101,-0.1558082138,17.81982001,16.41000345,-6.946781397,1.170895198e-11,-5.650479323e-10,0.4233260168,2.413276502e-09,
1968672000,-8.821863922,0.3621652723,-113.7602765,-473.7602765,2.13560851,-0.1459203184,-0.3314678644,38.40002166,30.52823883,-23.29352479,3.470655888e-12,-1.883137269e-09,0.7630156762,8.754516068e-10,-5.052288449,0.5589662388,-173.2869742,-533.2869742,3.534800226,-0.5551340219,-0.0653412105,14.44385519,14.18981997,-2.697028346,2.997514249e-11,-2.180380444e-10,0.1900678339,2.485605023e-09,
1980670000,-11.14806215,0.2770747133,-117.2943926,-477.2943926,1.766537617,-0.1270560967,-0.2462258009,39.31061595,34.68486289,-18.50094086,4.343243647e-12,-1.486626338e-09,0.533401009,-3.194243616e-10,-4.57831154,0.5903158212,175.8795666,-544.1204334,3.881809217,-0.5887899854,0.04241605595,13.00500961,12.89615258,1.67914372,-4.78542086e-11,1.349260721e-10,0.1302050134,2.448619876e-09,
1992668000,-14.25920567,0.1936599059,-115.6829508,-475.6829508,1.48034299,-0.0839304481,-0.1745274735,42.46990352,39.92549131,-14.47922128,5.516199694e-12,-1.156459399e-09,0.3626560576,-2.828357282e-09,-4.329157076,0.6074942144,165.4741316,-554.5258684,4.095466292,-0.5880753568,0.1523699292,13.76491348,12.39491584,5.986560315,-1.334159714e-11,4.781482245e-10,0.4829851524,2.379966019e-09,
2004666000,-18.17628286,0.1233632655,-100.4295146,-460.4295146,1.281446717,-0.02233193195,-0.1213251008,47.84660921,46.45711367,-11.44703464,6.935617118e-12,-9.088058297e-10,0.2464000395,-5.004430423e-09,-4.237254117,0.6139560653,155.3944178,-564.6055822,4.180757474,-0.5582061209,0.2556325034,16.16243225,12.49437258,10.25255433,-7.743655569e-12,8.139733506e-10,0.8205737635,2.305472428e-09,
2016664000,-19.37286691,0.1074871764,-61.11038026,-421.1103803,1.240864161,0.05192960964,-0.09411061969,55.42656971,54.44820659,-10.36809666,7.611803153e-12,-8.182492641e-10,0.1904212702,-5.367275489e-09,-4.282602032,0.6107590324,145.556902,-574.443098,4.138205294,-0.5036858257,0.3454376713,19.5966086,13.16950651,14.51175961,-5.438341937e-12,1.145266774e-09,1.10192129,2.235582285e-09,
2028662000,-15.95461874,0.1593195471,-36.50299666,-396.5029967,1.379025221,0.1280651543,-0.0947735951,64.53526301,63.34834119,-12.32022077,6.367837136e-12,-9.665602427e-10,0.1944837155,-3.803267745e-09,-4.48501322,0.5966907962,136.0482766,-583.9517234,3.958974358,-0.4295725342,0.4141344517,23.6808479,14.5351314,18.69525374,-4.196421211e-12,1.46670172e-09,1.286211539,2.154160946e-09,
2040660000,-12.79106529,0.2293225358,-31.73238141,-391.7323814,1.59511935,0.1950420265,-0.1206127411,73.78353055,71.50221508,-18.20556563,4.283958976e-12,-1.419886587e-09,0.2546154075,-1.225591904e-09,-4.820391431,0.5740905901,126.8666729,-593.1333271,3.695834264,-0.3444285046,0.4592918581,28.17069485,16.60740438,22.75482736,-3.427487937e-12,1.774692136e-09,1.370161576,2.041774956e-09,
2052658000,-10.52791098,0.2975804874,-32.98162245,-392.9816225,1.847301312,0.2496239686,-0.1619938913,82.07250319,77.33211012,-27.48891641,2.820628663e-12,-2.131381324e-09,0.3554657485,3.10305033e-10,-5.281113527,0.5444328523,118.2174109,-601.7825891,3.390132191,-0.2574179526,0.4797323508,32.84474701,19.42292822,26.48635999,-2.927394537e-12,2.053647084e-09,1.363664618,1.888332558e-09,
2064656000,-8.899867931,0.3589273921,-36.40269437,-396.4026944,2.11977142,0.2888884151,-0.2130078788,87.99141311,79.0461753,-38.65476622,1.994203059e-12,-2.979720165e-09,0.4890150101,8.355720897e-10,-5.859092153,0.509384109,110.3773462,-609.6226538,3.076508806,-0.1773682774,0.4775067168,37.43268698,22.93779664,29.58147291,-2.605869331e-12,2.280301241e-09,1.289638816,1.687618849e-09,
2076654000,-7.632147146,0.4153293694,-40.86931179,-400.8693118,2.420729374,0.3140737499,-0.2717649071,90.93784663,76.00808459,-49.92457338,1.535117513e-12,-3.826223644e-09,0.65683241,1.06036864e-09,-6.499554823,0.4731755099,103.5117547,-616.4882453,2.796330728,-0.1105550201,0.4600789614,41.65232356,26.85474726,31.83926205,-2.407093695e-12,2.440163811e-09,1.185610192,1.450220029e-09,
2088652000,-6.662823659,0.4643642924,-45.83388582,-405.8338858,2.733881016,0.3235416351,-0.333099094,90.50213243,68.97937971,-58.58738046,1.300618614e-12,-4.464348873e-09,0.8493462932,1.183564301e-09,-7.174973353,0.4377753787,97.7730093,-622.2269907,2.557297073,-0.05920861185,0.4337529509,45.25536563,30.851638,33.10928195,-2.301464516e-12,2.522921906e-09,1.073177442,1.186354307e-09,
2100650000,-5.89723121,0.5071523468,-51.16617203,-411.166172,3.05804915,0.3180168933,-0.3950553865,87.29058258,59.7901409,-63.59862308,1.191293357e-12,-4.818525332e-09,1.063697495,1.254625915e-09,-7.818984951,0.4064908296,93.20004752,-626.7999525,2.369787865,-0.02269126646,0.4058569958,48.08913078,34.47684031,33.52479653,-2.259957555e-12,2.539993375e-09,0.972385991,9.173270989e-10,
2112648000,-5.326772186,0.5415784696,-56.81499233,-416.8149923,3.362796831,0.2964298626,-0.4532511173,82.04880729,50.44580411,-64.70879095,1.164205652e-12,-4.874794069e-09,1.282738814,1.278922015e-09,-8.43042329,0.3788600703,89.91221762,-630.0877824,2.21988638,0.0005804481205,0.3788596256,50.0507849,37.48619124,33.16423578,-2.27155363e-12,2.49840582e-09,0.884705399,6.795946437e-10,
2124646000,-4.89493492,0.5691847478,-62.47416164,-422.4741616,3.642361175,0.2630479211,-0.5047544635,76.13707698,42.36430232,-63.26231406,1.184100264e-12,-4.738911797e-09,1.493292952,1.264128085e-09,-8.893560509,0.3591881286,87.63118754,-632.3688125,2.121040807,0.01484589179,0.3588811938,51.33269527,39.61450984,32.64561554,-2.294608985e-12,2.445447893e-09,0.8240822789,5.056459812e-10,
2136644000,-4.569649549,0.5909048064,-67.80000242,-427.8000024,3.888837687,0.2232679139,-0.5471013881,70.52318135,36.05184793,-60.61174283,1.228941449e-12,-4.514864657e-09,1.68123817,1.205473419e-09,-9.1856972,0.3473082822,85.88064153,-634.1193585,2.064233765,0.02494869758,0.3464110353,52.27817306,41.06453222,32.35292215,-2.302366467e-12,2.409913624e-09,0.7878556119,4.434139798e-10,
2148642000,-4.315363101,0.6084597364,-72.97428276,-432.9742828,4.1080315,0.1781575664,-0.5817930322,65.24674086,31.05689451,-57.38123819,1.290880842e-12,-4.250362647e-09,1.84761674,1.137145565e-09,-9.232533788,0.3454405454,84.29570269,-635.7042973,2.055490202,0.0343348491,0.3437299645,53.16759647,41.91038357,32.71563943,-2.264126344e-12,2.423324002e-09,0.7806094013,4.995994218e-10,
2160640000,-4.082522247,0.6249911787,-77.59881791,-437.5988179,4.333207878,0.1342202789,-0.6104087894,60.79534773,27.15204343,-54.39522812,1.354181627e-12,-4.006807907e-09,2.0033567,1.073318368e-09,-9.094778651,0.3509627848,82.00381437,-637.9961856,2.081487399,0.04882144163,0.3475504901,54.55327363,42.74976937,33.8897755,-2.173546961e-12,2.496355381e-09,0.7927475633,6.63832695e-10,
2172638000,-3.851773153,0.6418171864,-82.13300438,-442.1330044,4.583740828,0.08784805676,-0.6357767059,56.66225137,23.78478046,-51.42854216,1.424388789e-12,-3.767358713e-09,2.162245821,1.037614707e-09,-8.853852875,0.3608339199,78.78005217,-641.2199478,2.129077187,0.07020957179,0.3539374715,56.6510707,43.93891306,35.75913492,-2.048546171e-12,2.619508212e-09,0.8138374945,9.138021951e-10,
2184636000,-3.614634631,0.6595812,-86.40045442,-446.4004544,4.87511618,0.04141022536,-0.6582799956,52.97392994,20.889713,-48.68117854,1.496511167e-12,-3.546517681e-09,2.330390012,1.041305114e-09,-8.513195277,0.3752668797,74.30207037,-645.6979296,2.201367008,0.1015343306,0.3612699969,59.85596497,45.81011729,38.52492306,-1.891033688e-12,2.806614894e-09,0.8409697537,1.197118661e-09,
2196634000,-3.368946516,0.6785044092,-90.98220677,-450.9822068,5.220925129,-0.01163085639,-0.6784047143,49.20981008,18.18619826,-45.72600574,1.584525248e-12,-3.313032504e-09,2.514324605,1.06440343e-09,-8.191148882,0.3894417929,68.41173696,-651.588263,2.27569096,0.1432889084,0.3621231818,64.46977897,49.0317736,41.85973696,-1.730875917e-12,3.032905825e-09,0.853726755,1.477966607e-09,
2208632000,-3.157745783,0.6952047181,-95.66265848,-455.6626585,5.561781362,-0.06859669672,-0.6918121806,45.5707695,15.94228465,-42.69120041,1.68794544e-12,-3.076345707e-09,2.677859626,1.081580317e-09,-7.976944196,0.399165309,61.33451852,-658.6654815,2.328702603,0.1914775882,0.350241741,70.47193816,54.1403355,45.11228369,-1.597356888e-12,3.250809978e-09,0.8332472134,1.701840575e-09,
2220630000,-2.996990935,0.7081910815,-100.4891846,-460.4891846,5.853800119,-0.1289261288,-0.6963567055,42.03819566,14.16588363,-39.57951029,1.81081262e-12,-2.836706118e-09,2.794002218,1.054701466e-09,-7.918735795,0.4018492945,53.34507006,-666.6549299,2.343638955,0.2399017257,0.3223817885,77.58398648,61.50377577,47.29228821,-1.515491837e-12,3.389489216e-09,0.7689330876,1.827106202e-09,
2232628000,-2.90039204,0.7161110876,-105.0052067,-465.0052067,6.045009202,-0.1854060451,-0.6916933484,38.93194959,12.93209493,-36.72135101,1.941266293e-12,-2.617715324e-09,2.839551611,9.942837382e-10,-8.041939026,0.3961895796,45.08177403,-674.918226,2.312297921,0.2797482182,0.2805478879,84.7479535,70.55033512,46.95599894,-1.518142997e-12,3.347301628e-09,0.6655673408,1.838899516e-09,
2244626000,-2.833444845,0.7216518973,-109.0886874,-469.0886874,6.185247467,-0.2360027727,-0.6819707854,36.27278617,12.02382738,-34.22196067,2.071911757e-12,-2.426504105e-09,2.846178641,9.202497583e-10,-8.362302945,0.3818430169,37.07919284,-682.9208072,2.235424099,0.304635479,0.2302201436,90.43146729,79.60327705,42.90884012,-1.652453957e-12,3.042446273e-09,0.5390335889,1.742576796e-09,
2256624000,-2.795552967,0.7248069544,-112.8358564,-472.8358564,6.267625515,-0.2812920875,-0.6679969181,33.95246755,11.36664158,-31.99327292,2.204460179e-12,-2.25641823e-09,2.814663655,8.630672875e-10,-8.833463183,0.3616819544,29.75384763,-690.2461524,2.133234308,0.3139997911,0.1794936416,93.51388481,86.43213244,35.69780295,-1.975692909e-12,2.517690939e-09,0.4130154138,1.575444231e-09,
2268622000,-2.744118905,0.7291116788,-116.4479416,-476.4479416,6.383116375,-0.3247350407,-0.6528024154,31.79816314,10.73774151,-29.93032051,2.343940725e-12,-2.099758557e-09,2.787394395,8.267180126e-10,-9.414125873,0.3382935413,23.37564774,-696.6243523,2.022488256,0.3105275378,0.1342205959,93.77519281,89.7426039,27.20389369,-2.578854996e-12,1.908486364e-09,0.3031324311,1.360418923e-09,
2280620000,-2.69025928,0.7336468142,-119.9647259,-479.9647259,6.508827027,-0.3664321811,-0.6355824925,29.77489876,10.16604164,-27.98564264,2.493629454e-12,-1.953001097e-09,2.752855402,8.099083975e-10,-10.05783917,0.3141290071,17.90962279,-702.0903772,1.916000269,0.2989071855,0.09659983181,92.02090654,89.97705712,19.28669057,-3.618340974e-12,1.34593757e-09,0.2143512045,1.124905109e-09,
2292618000,-2.625177275,0.7391645604,-123.3783855,-483.3783855,6.667669712,-0.4066630321,-0.6172434088,27.86799977,9.612188313,-26.15781426,2.653914835e-12,-1.815891457e-09,2.721317291,8.0266443e-10,-10.71978418,0.2910789444,13.62115403,-706.378846,1.821188599,0.2828920924,0.06854936859,89.17015103,88.186319,13.2094275,-5.255383803e-12,9.170065323e-10,0.1497899861,8.870915588e-10,
2304616000,-2.580746413,0.74295529,-126.8617401,-486.8617401,6.78074756,-0.4456885467,-0.5944276931,25.99844587,9.168061604,-24.32829287,2.838637421e-12,-1.680092505e-09,2.653591776,7.980792506e-10,-11.36698734,0.2701784046,10.33719379,-709.6628062,1.740395752,0.2657930742,0.04848104809,86.07713571,85.61009676,8.954586769,-7.712159624e-12,6.183966212e-10,0.104597321,6.591452177e-10,
2316614000,-2.557129986,0.7449780909,-130.3340966,-490.3340966,6.842463444,-0.4821822473,-0.5678843511,24.20929407,8.831770777,-22.54084613,3.047868606e-12,-1.548590781e-09,2.552245376,7.9455789e-10,-11.9758975,0.2518866352,8.003878102,-711.9961219,1.67339162,0.2494329184,0.03507272722,83.17462339,82.94231088,6.212168799,-1.105918714e-11,4.267855464e-10,0.07489746467,4.513982658e-10,
2328612000,-2.519633411,0.7482010778,-133.7225091,-493.7225091,6.942845753,-0.5171314315,-0.5407216801,22.50520952,8.484650275,-20.84454761,3.278917777e-12,-1.424673921e-09,2.456736216,7.977546493e-10,-12.48872892,0.237445287,6.483096975,-713.516903,1.622762624,0.235926874,0.02680996915,80.84679843,80.71658935,4.586612994,-1.490153144e-11,3.134837964e-10,0.05682367195,2.639385486e-10,
2340610000,-2.489171946,0.7508296297,-137.1075911,-497.1075911,7.026636544,-0.5500826244,-0.5110325226,20.8579917,8.188242183,-19.18354784,3.544558479e-12,-1.304427677e-09,2.342816372,8.024325451e-10,-12.87397615,0.2271439598,5.799624928,-714.2003751,1.587804062,0.225981294,0.02295284818,79.17491816,79.08233324,3.827823765,-1.77639336e-11,2.602813256e-10,0.04840302009,1.005209575e-10,
2352608000,-2.44195176,0.754922574,-140.7036214,-500.7036214,7.16068633,-0.5842196638,-0.4781165936,19.1448343,7.853128935,-17.46004141,3.874585891e-12,-1.181179311e-09,2.223322902,8.172816619e-10,-13.12356407,0.220709891,5.739197907,-714.2608021,1.566438323,0.2196035583,0.02207109424,78.12155715,78.03758705,3.621146251,-1.868204856e-11,2.449721014e-10,0.04640259122,-1.416551482e-11,
2364606000,-2.445612094,0.754604508,-144.1731947,-504.1731947,7.150108966,-0.6118258365,-0.4416979842,17.59243481,7.707836736,-15.81401327,4.256172738e-12,-1.064396513e-09,2.051679843,8.286459335e-10,-13.19503194,0.2189013313,6.20493683,-713.7950632,1.560495978,0.2176189317,0.02365995373,77.79407901,77.6981717,3.861715162,-1.742934663e-11,2.599211272e-10,0.04970149332,-5.75244092e-11,
2376604000,-2.440408229,0.7550567399,-147.840049,-507.840049,7.165156285,-0.6392049359,-0.4019051261,16.00033746,7.545834964,-14.10925843,4.746342999e-12,-9.448600701e-10,1.869807449,8.28588302e-10,-13.04741252,0.222653422,6.586365148,-713.4136349,1.572854961,0.2211839293,0.02553851478,78.37503724,78.26210357,4.205901433,-1.592224189e-11,2.816581993e-10,0.05374122648,-1.354453774e-11,
2388602000,-2.457937755,0.7535344502,-151.4351463,-511.4351463,7.114724356,-0.6618115609,-0.3603049062,14.53041382,7.473546702,-12.46110049,5.347120137e-12,-8.302956035e-10,1.667361025,8.260191813e-10,-12.66943019,0.2325565042,6.618361458,-713.3816385,1.606055053,0.23100672,0.02680341354,80.01053184,79.88235596,4.527075318,-1.471833285e-11,3.016435616e-10,0.05667178019,1.252986069e-10,
2400600000,-2.447203029,0.7544663048,-154.96717,-514.96717,7.145521528,-0.6835958758,-0.3192429853,13.11496033,7.33515458,-10.87187619,6.098118116e-12,-7.207834856e-10,1.482160474,8.227985115e-10,-12.06497881,0.2493165218,5.824998848,-714.1750012,1.664238734,0.2480291814,0.02530322508,82.95398782,82.83348056,4.469741875,-1.483262053e-11,2.963348804e-10,0.05396057059,3.629838377e-10,
2412598000,-2.455201628,0.7537718572,-158.4486748,-518.4486748,7.122548371,-0.7010748265,-0.2768864396,11.82092751,7.269044162,-9.321766151,7.076800689e-12,-6.1494089e-10,1.282392285,8.289055991e-10,-11.37041584,0.2700717807,3.879621146,-716.1203789,1.739995451,0.2694528862,0.01827317334,86.86554233,86.79812325,3.421731153,-1.927921224e-11,2.257257226e-10,0.03942171818,6.682829801e-10,
2424596000,-2.414656615,0.7572986266,-162.1027705,-522.1027705,7.240579656,-0.7206523894,-0.2327258979,10.47008446,7.073403591,-7.719431989,8.503454692e-12,-5.067177207e-10,1.091332043,8.47865166e-10,-10.57924946,0.2958268077,0.1165911514,-719.8834088,1.840210366,0.2958261952,0.0006019773988,92.01037108,92.01029099,0.1214004057,-5.407052785e-10,7.968946025e-12,0.001319422038,9.961179714e-10,
2436594000,-2.380442306,0.7602875603,-165.7687229,-525.7687229,7.343330045,-0.7369553198,-0.1869064767,9.235537174,6.913008533,-6.124170141,1.066570859e-11,-4.000223059e-10,0.885890725,8.752385039e-10,-9.791081907,0.323926072,-4.959941246,-724.9599412,1.958256364,0.3227130952,-0.02800639709,97.58640646,97.39588466,-6.094946834,1.071684722e-11,-3.981134799e-10,0.06257910028,1.31122478e-09,
2448592000,-2.370805049,0.7611315905,-169.6179812,-529.6179812,7.372810803,-0.7486704011,-0.1371638745,8.161789196,6.836608771,-4.458204055,1.457953802e-11,-2.897768238e-10,0.6521075294,8.943807895e-10,-9.126287096,0.3496919583,-11.26778211,-731.2677821,2.075465582,0.3429515359,-0.06832795725,101.779105,100.5674791,-15.65785302,4.151179313e-12,-1.017737829e-09,0.1556949936,1.556778642e-09,
2460590000,-2.394695129,0.7590410146,-173.5930703,-533.5930703,7.300167752,-0.754300371,-0.08470072183,7.398591854,6.870209288,-2.745794196,2.355661555e-11,-1.77602412e-10,0.3996667469,9.057185154e-10,-8.592128906,0.3718720644,-18.74592707,-738.7459271,2.184064721,0.3521453584,-0.1195093252,103.0241893,99.27591124,-27.53683045,2.348912973e-12,-1.781126755e-09,0.2773767584,1.729340097e-09,
2472588000,-2.473700134,0.752168243,-177.5060021,-537.5060021,7.069990804,-0.7514557784,-0.03273039803,7.155370601,7.075428918,-1.066599299,6.034858344e-11,-6.865460433e-11,0.1507469458,8.902683127e-10,-8.234290056,0.3875123047,-26.61123019,-746.6112302,2.265371721,0.3464617534,-0.1735800672,100.3852724,92.93040601,-37.9623834,1.695566797e-12,-2.443553463e-09,0.4085033632,1.802051576e-09,
2484586000,-2.563691866,0.744415499,178.6150282,-541.3849718,6.825200636,-0.7441980282,0.01799249617,7.350665425,7.326839212,0.5913622869,-1.083209532e-10,3.788085062e-11,0.08071178714,8.693802333e-10,-8.005338283,0.397862572,-34.63573767,-754.6357377,2.321500885,0.3273541713,-0.2261280008,94.87074603,83.57111793,-44.90352659,1.426545563e-12,-2.876381908e-09,0.5373091531,1.785338131e-09,
2496584000,-2.698229158,0.7329739535,175.051379,-544.948621,6.489906046,-0.7302417586,0.06322808372,8.001318619,7.718315434,2.109195702,-3.022435705e-11,1.344592939e-10,0.2732715085,8.598260315e-10,-7.928994791,0.4013749463,-42.24070346,-762.2407035,2.340989468,0.2971487953,-0.2698229808,87.99164363,74.00245694,-47.60426152,1.339146579e-12,-3.034728066e-09,0.6432794733,1.706268735e-09,
2508582000,-2.829367405,0.7219907438,171.3527559,-548.6472441,6.194005075,-0.7137836897,0.1085517318,8.912958498,8.117254385,3.681169711,-1.723478976e-11,2.33548816e-10,0.4534993653,8.675834037e-10,-7.912383273,0.402143299,-49.48806685,-769.4880669,2.345283237,0.2612348632,-0.3057377621,81.15778987,65.56757248,-47.82761019,1.326518005e-12,-3.034383798e-09,0.7294400018,1.589208016e-09,
2520580000,-2.946632078,0.7123089416,167.5559871,-552.4440129,5.951901847,-0.695574694,0.1534922584,10.01264081,8.497676254,5.295514536,-1.192371209e-11,3.343703888e-10,0.6231720741,9.072351542e-10,-7.883372379,0.4034887043,-56.03432771,-776.0343277,2.352828378,0.2254275657,-0.3346424167,75.27515349,58.79620857,-47.00377209,1.343343054e-12,-2.967921142e-09,0.7994354268,1.461090024e-09,
2532578000,-3.131264312,0.697327487,163.6260459,-556.3739541,5.607801878,-0.669045435,0.19658034,11.45242234,9.094715504,6.960181563,-9.028939293e-12,4.373990852e-10,0.7652995368,9.568550734e-10,-7.907720801,0.4023592222,-62.06009754,-782.0600975,2.346491863,0.1885234746,-0.3554600445,70.01459969,53.39308999,-45.29041964,1.387557397e-12,-2.846188414e-09,0.848244963,1.335510486e-09,
2544576000,-3.369295242,0.6784771687,159.3217207,-560.6782793,5.220398072,-0.6347682888,0.2395839894,13.21850488,9.884521193,8.776395156,-7.126700959e-12,5.489349391e-10,0.8878927957,1.008264445e-09,-7.866161405,0.4042890043,-67.50897271,-787.5089727,2.357332691,0.1546562083,-0.3735385606,65.6557063,48.97049433,-43.73285326,1.43020039e-12,-2.735347567e-09,0.8930449621,1.230156342e-09,
2556574000,-3.702029571,0.652977958,154.8052642,-565.1947358,4.763322665,-0.5908576628,0.2779702069,15.31419173,10.996909,10.65797639,-5.840997358e-12,6.634932634e-10,0.9691792839,1.047773748e-09,-7.79165464,0.4077718749,-72.59296302,-792.592963,2.377077034,0.1219882138,-0.3890973884,61.82758366,45.19791637,-42.18765764,1.475626177e-12,-2.626317193e-09,0.9333982853,1.162597204e-09,
2568572000,-4.16629571,0.6189922543,150.1914957,-569.8085043,4.249237115,-0.5370944282,0.3077027559,17.72924654,12.55114315,12.52178056,-4.948371524e-12,7.758798556e-10,0.9976605646,1.039122608e-09,-7.609783226,0.416400113,-77.33484339,-797.3348434,2.427005461,0.09129693656,-0.40626829,58.49317188,41.71452192,-41.00426585,1.511121369e-12,-2.540723638e-09,0.9829734097,1.156465897e-09,
2580570000,-4.803494941,0.5752084442,145.5630174,-574.4369826,3.708191518,-0.4744023926,0.3252800703,20.46915074,14.67614569,14.26873784,-4.322340027e-12,8.800149423e-10,0.9722401334,9.525001214e-10,-7.324606959,0.4302983215,-82.25507647,-802.2550765,2.510609281,0.05798835207,-0.426373072,55.15761858,38.10599708,-39.87851395,1.546555541e-12,-2.459480897e-09,1.046515431,1.232127303e-09,
2592568000,-5.651873974,0.5216825395,141.5015366,-578.4984634,3.181323421,-0.40828172,0.3247440671,23.35162035,17.42331865,15.54754451,-3.948463854e-12,9.544469272e-10,0.8923411673,7.228169978e-10,-6.916534349,0.4509966153,-87.65341609,-807.6534161,2.64296479,0.01846568067,-0.4506184258,51.55874719,34.14594395,-38.63106164,1.5891077e-12,-2.371519057e-09,1.131351405,1.33163915e-09,
2604566000,-6.767744345,0.458788774,138.5796701,-581.4203299,2.695414847,-0.3440348621,0.3035245506,26.22811158,20.79244704,15.98711929,-3.822210041e-12,9.76910956e-10,0.7688907063,3.377351242e-10,-6.446577743,0.4760703266,-94.04319075,-814.0431907,2.817306218,-0.03356697526,-0.4748854747,47.33445378,29.88757336,-36.70536028,1.664773957e-12,-2.242922439e-09,1.228114435,1.571240419e-09,
2616564000,-8.088597427,0.3940670554,138.0729243,-581.9270757,2.300695263,-0.2931842626,0.2633093851,28.5768507,24.25021048,15.11832291,-4.02332534e-12,9.195860766e-10,0.6234305852,-2.857692574e-10,-5.957419053,0.5036502425,-100.199398,-820.199398,3.029416696,-0.08918356412,-0.4956912937,43.3269327,26.05867444,-34.61457184,1.757234842e-12,-2.105463582e-09,1.328332027,1.817963624e-09,
2628562000,-9.529778721,0.3338190093,139.9834607,-580.0165393,2.002187135,-0.2556582462,0.2146485316,30.40622717,27.37833862,13.22744211,-4.577475588e-12,8.008990454e-10,0.4831353098,-1.113491752e-09,-5.557717998,0.5273683962,-109.9152221,-829.9152221,3.231625612,-0.179637154,-0.4958305337,37.45539581,22.04367348,-30.28172939,1.999499189e-12,-1.833507034e-09,1.373715203,2.013662504e-09,
2640560000,-10.87811931,0.2858209344,146.9712285,-573.0287715,1.800418125,-0.2396314047,0.1557895903,31.06191297,29.41486335,9.980393348,-6.039158575e-12,6.015500255e-10,0.3392976275,-1.928142804e-09,-5.301059812,0.5431840507,-118.97887,-838.97887,3.378130849,-0.263165632,-0.4751765599,32.48277528,19.35211265,-26.08881802,2.310306968e-12,-1.572455975e-09,1.348112142,2.112687156e-09,
2652558000,-11.62325574,0.2623235088,158.1779313,-561.8220687,1.711215586,-0.2435261191,0.09751232016,30.57428954,29.92502116,6.267398917,-9.573437461e-12,3.76047392e-10,0.2094367413,-2.367490401e-09,-5.22066796,0.5482348031,-128.1413156,-848.1413156,3.427078521,-0.3385915515,-0.4311811227,28.07118525,17.68273404,-21.80165953,2.752109375e-12,-1.308111597e-09,1.232934877,2.026807082e-09,
2664556000,-11.34674324,0.2708088408,170.6166323,-549.3833677,1.742765014,-0.2671852917,0.04415255575,28.94992489,28.81936785,2.746304393,-2.174936632e-11,1.640378057e-10,0.09529370689,-2.178347842e-09,-5.242901656,0.5468332543,-136.7127881,-856.7127881,3.413386505,-0.3980540399,-0.3749394475,24.49699698,16.72859974,-17.89572049,3.337690723e-12,-1.06891819e-09,1.069767988,1.92779616e-09,
2676554000,-10.32205603,0.3047173609,179.2900285,-540.7099715,1.87652803,-0.3046939672,0.00377575976,26.64660796,26.64568474,0.2218111676,-2.680777155e-10,1.318947563e-11,0.008324468663,-1.516841437e-09,-5.339181899,0.5408052576,-144.8199995,-864.8199995,3.355450564,-0.4420250446,-0.3115833541,21.65919236,16.25368796,-14.3156642,4.153676018e-12,-8.512470593e-10,0.8807640606,1.813062988e-09,
2688552000,-9.062100667,0.3522856611,-176.5403488,-536.5403488,2.087780955,-0.3516436354,-0.02125889617,23.9939197,23.96570067,-1.163345951,5.088535494e-11,-6.886690631e-11,0.0485421214,-7.205538107e-10,-5.399945143,0.5370351881,-152.2729851,-872.2729851,3.319982747,-0.475369776,-0.2498606998,19.41660205,15.88983249,-11.15874808,5.305010134e-12,-6.605674414e-10,0.702257125,1.737277943e-09,
2700550000,-7.899503756,0.4027400431,-175.4852637,-535.4852637,2.348625631,-0.4014903896,-0.03170188244,21.37707631,21.31612169,-1.613179314,3.653299393e-11,-9.507154541e-11,0.07567883771,-9.166048709e-11,-5.439194538,0.5346139331,-159.5168507,-879.5168507,3.297507257,-0.5008130444,-0.1870784647,17.62368169,15.61108753,-8.178514685,7.20598695e-12,-4.819947934e-10,0.5238914117,1.709896347e-09,
2712548000,-6.900740429,0.4518174276,-176.4343533,-536.4343533,2.648419524,-0.4509427979,-0.02809948073,18.94191475,18.8948652,-1.334242769,4.397520186e-11,-7.828482004e-11,0.07061404014,3.2723897e-10,-5.443586061,0.5343437044,-166.8833119,-886.8833119,3.295013337,-0.5204026297,-0.1212612778,16.21688316,15.35631833,-5.212560489,1.125619458e-11,-3.058396637e-10,0.3394407681,1.741725453e-09,
2724546000,-6.065159448,0.4974415153,-178.7834327,-538.7834327,2.979636322,-0.497329385,-0.01056143437,16.78885929,16.78224981,-0.4710495602,1.240107643e-10,-2.751646181e-11,0.02806832013,5.919939582e-10,-5.461171091,0.5332629925,-174.4424416,-894.4424416,3.285068396,-0.5307563423,-0.05164420816,15.4109636,15.25291019,-2.20148353,2.653447786e-11,-1.286001359e-10,0.1443320326,1.799980223e-09,
2736544000,-5.422335404,0.5356526155,178.041552,-541.958448,3.307120201,-0.5353397268,0.01830577299,15.14282681,15.12290707,0.7764569186,-7.490319313e-11,4.515803755e-11,0.05134309924,7.317407405e-10,-5.490951534,0.5314377776,177.5748108,-902.4251892,3.268376545,-0.5309617813,0.02248773554,15.33435864,15.30432718,0.9592312866,-6.063094829e-11,5.578803075e-11,0.06267712886,1.835611083e-09,
2748542000,-4.960562236,0.5649004077,174.4918453,-545.5081547,3.596648757,-0.5622920066,0.05422333421,14.10710646,13.93150774,2.218906258,-2.609629174e-11,1.284862663e-10,0.1592725138,7.762558678e-10,-5.602968152,0.5246281531,169.3809951,-910.6190049,3.207232744,-0.5156435176,0.09667710083,16.2607121,15.71121768,4.191467151,-1.381502538e-11,2.427078487e-10,0.2667818139,1.835523304e-09,
2760540000,-4.648062701,0.5855943326,171.125042,-548.874958,3.826188822,-0.57858324,0.09034465543,13.62893111,13.14112718,3.613660169,-1.595433763e-11,2.083403532e-10,0.2749886003,7.620238262e-10,-5.788538271,0.5135385925,161.5623786,-918.4376214,3.111323055,-0.48717791,0.1624178869,17.97861464,16.44889523,7.257026263,-7.944515056e-12,4.183933585e-10,0.4411862415,1.797905555e-09,
2772538000,-4.429486122,0.6005175359,167.9104901,-552.0895099,4.00647758,-0.587199017,0.1257721168,13.55178016,12.61092327,4.961386863,-1.157016446e-11,2.848037588e-10,0.3934197961,7.215233993e-10,-6.014288179,0.5003634647,153.9230791,-926.0769209,3.002909833,-0.4494288221,0.2199484727,20.2206813,17.43972163,10.23386836,-5.609224186e-12,5.874656135e-10,0.5868137452,1.720657477e-09,
2784536000,-4.268001693,0.6117865366,164.8752582,-555.1247418,4.15180484,-0.5905942806,0.1596281995,13.74418899,12.24269721,6.246526729,-9.150160078e-12,3.570309761e-10,0.5102247179,6.912209306e-10,-6.285988775,0.4849540172,146.4754813,-933.5245187,2.883148431,-0.4042817002,0.2678370879,22.84419486,18.71123967,13.10521837,-4.36137101e-12,7.490512906e-10,0.7003928442,1.620645666e-09,
2796534000,-4.133307414,0.6213476059,162.0344292,-557.9655708,4.281889223,-0.5910519604,0.191651839,14.09092661,11.95258754,7.462564158,-7.626266013e-12,4.247057157e-10,0.6243471662,6.82612069e-10,-6.606262857,0.467398008,139.7644366,-940.2355634,2.755149305,-0.3568094175,0.3019071669,25.5584933,20.22533255,15.62602007,-3.642098189e-12,8.893002322e-10,0.7725964474,1.495709331e-09,
2808532000,-4.060355799,0.6265881973,159.1351887,-560.8648113,4.356017099,-0.5854986687,0.2231682728,14.70090313,11.84632619,8.705234554,-6.509689558e-12,4.933114916e-10,0.7348467713,6.900795945e-10,-6.908443816,0.451416895,133.6415878,-946.3584122,2.645755733,-0.3115431118,0.3266773678,28.18963847,21.79207189,17.88187126,-3.169040514e-12,1.013336577e-09,0.8205677434,1.358010462e-09,
2820530000,-4.015549091,0.6298288433,156.0385616,-563.9614384,4.402906098,-0.5755495607,0.2557871675,15.52350853,11.84000975,10.03959591,-5.620477002e-12,5.665074707e-10,0.8479381456,7.112600857e-10,-7.161883997,0.4384355894,128.0380888,-951.9619112,2.561479257,-0.2701575168,0.3453124414,30.67060441,23.31183872,19.93098468,-2.831135483e-12,1.12465201e-09,0.8549726567,1.241063445e-09,
2832528000,-4.069113968,0.6259567134,152.9699571,-567.0300429,4.346974726,-0.5575824307,0.284470807,16.60981446,12.12966548,11.34712085,-4.951767438e-12,6.375754709e-10,0.9354850612,7.129389265e-10,-7.327240742,0.4301678639,123.010518,-956.989482,2.509805561,-0.2343524343,0.3607261118,32.90748027,24.63963639,21.81262423,-2.5759534e-12,1.225614352e-09,0.8852656706,1.179103411e-09,
2844526000,-4.207455186,0.6160659993,149.7563877,-570.2436123,4.209228659,-0.5322142812,0.3102986857,17.95364646,12.69376733,12.69652283,-4.406821159e-12,7.103870271e-10,1.000217075,6.86959761e-10,-7.412081021,0.4259866108,118.2774688,-961.7225312,2.484239283,-0.2018077196,0.3751509521,35.02612543,25.8200025,23.66763473,-2.364042968e-12,1.32423506e-09,0.9166395215,1.180816337e-09,
2856524000,-4.474818633,0.5973915405,146.8793614,-573.1206386,3.967605505,-0.5003285279,0.326416937,19.43568952,13.63974871,13.84569543,-4.0240881e-12,7.71430896e-10,1.015099011,6.073895154e-10,-7.3821151,0.427458783,113.0575088,-966.9424912,2.49319829,-0.1674163096,0.3933100437,37.37380585,26.92751585,25.91737358,-2.149766374e-12,1.444020116e-09,0.9624866149,1.262233921e-09,
2868522000,-4.879732197,0.5701818518,144.2480016,-575.7519984,3.653130652,-0.4627331368,0.3331446957,21.06970473,14.99379204,14.80265711,-3.748195779e-12,8.212996277e-10,0.9872523959,4.505217087e-10,-7.21815474,0.4356044051,107.5132115,-972.4867885,2.543613767,-0.1310845619,0.4154130901,39.964537,27.90266071,28.61128699,-1.939208709e-12,1.587447387e-09,1.025396369,1.41167642e-09,
2880520000,-5.397067632,0.5372131296,142.6067232,-577.3932768,3.32164378,-0.4268082493,0.3262401952,22.53065928,16.60436132,15.22911004,-3.628062098e-12,8.41441178e-10,0.9171752982,2.053104354e-10,-6.985113037,0.4474498307,101.1329381,-978.8670619,2.61958083,-0.08639632391,0.4390296416,43.25216359,29.12550326,31.97584581,-1.727934181e-12,1.766734451e-09,1.097864148,1.606769292e-09,
2892518000,-6.021611951,0.4999417458,142.1630598,-577.8369402,2.999534021,-0.394833838,0.3066724468,23.75224998,18.38730106,15.03584181,-3.659454177e-12,8.273167352e-10,0.8177296803,-1.505528773e-10,-6.740176253,0.4602472342,93.75262559,-986.2473744,2.705400188,-0.03012265507,0.4592604296,47.57310408,30.97984906,36.10331264,-1.524042258e-12,1.986511637e-09,1.165380521,1.824231537e-09,
2904516000,-6.668978344,0.4640353678,143.487866,-576.512134,2.731589511,-0.372959551,0.2760978012,24.46131471,20.00438516,14.07765932,-3.89238605e-12,7.713949821e-10,0.7037286679,-5.48707856e-10,-6.576305172,0.4690128497,85.23736946,-994.7626305,2.76656949,0.03894114868,0.4673934532,53.30069134,34.14907891,40.92437058,-1.33894997e-12,2.242478909e-09,1.19840335,2.017845401e-09,
2916514000,-7.180721463,0.4374857654,147.0588304,-572.9411696,2.555465581,-0.3671508956,0.2378949659,24.3600401,20.9951721,12.35371611,-4.417315804e-12,6.741455673e-10,0.5884074707,-9.220481198e-10,-6.541882356,0.47087527,76.06416182,-1003.935838,2.779827112,0.1134033271,0.4570155416,60.33098015,39.1126388,45.93504818,-1.187987552e-12,2.506687771e-09,1.17442979,2.125609297e-09,
2928512000,-7.396689739,0.4267421226,152.0089523,-567.9910477,2.488831255,-0.3768222283,0.2002844165,23.52352296,21.1259142,10.34658791,-5.252619862e-12,5.623028385e-10,0.4897581148,-1.115128769e-09,-6.692633785,0.4627733178,66.39897354,-1013.601026,2.722823281,0.1852784473,0.4240649014,68.52939007,46.57650316,50.26834647,-1.081131507e-12,2.731918402e-09,1.079264072,2.133376967e-09,
2940510000,-7.202389692,0.436395753,157.8154367,-562.1845633,2.5485893,-0.4040904007,0.1647792503,21.8667556,20.25292238,8.244642848,-6.564862343e-12,4.462408437e-10,0.4070841084,-1.044435884e-09,-6.986475466,0.4473796513,57.26631493,-1022.733685,2.619121165,0.2419138197,0.3763326404,76.66270917,55.83052464,52.53687748,-1.030227679e-12,2.843555623e-09,0.941006337,2.065475182e-09,
2952508000,-6.617092398,0.4668156207,162.1923298,-557.8076702,2.751047626,-0.4444497658,0.1427628431,19.75904842,18.56078187,6.776235753,-7.955006547e-12,3.652729868e-10,0.3650835294,-7.503591563e-10,-7.370828038,0.4280146144,48.56303057,-1031.436969,2.496592833,0.2832582433,0.320875798,84.22159717,66.22587555,52.03278617,-1.035981421e-12,2.804827327e-09,0.785686648,1.972355481e-09,
2964506000,-5.852558623,0.509767412,164.5231967,-555.4768033,3.079696147,-0.4912825158,0.1360305263,17.58263514,16.50303235,6.066216426,-8.850135037e-12,3.256759575e-10,0.3675819266,-3.3817955e-10,-7.82996438,0.4059773281,40.37530508,-1039.624695,2.36687486,0.3092806662,0.2629887078,90.34281243,76.44602657,48.14383428,-1.115134167e-12,2.584690065e-09,0.6297754957,1.868231566e-09,
2976504000,-5.085988241,0.5568017454,164.8601287,-555.1398713,3.51265315,-0.5374757781,0.1454234216,15.69756836,14.46494083,6.097469893,-8.769281199e-12,3.260343254e-10,0.4215343819,4.529526651e-11,-8.339263959,0.3828571852,32.24870056,-1047.751299,2.240740963,0.3237976066,0.204290808,94.81103687,85.51573523,40.9413207,-1.30602597e-12,2.189149945e-09,0.4787577467,1.779284585e-09,
2988502000,-4.418986147,0.6012439131,163.7849981,-556.2150019,4.015597418,-0.5773267931,0.1678928734,14.33573227,12.68816064,6.672615631,-7.981241872e-12,3.553552117e-10,0.5258930605,3.271715131e-10,-8.871924579,0.3600839558,25.07640375,-1054.923596,2.125409994,0.3261436741,0.1526131027,96.60253408,91.15925592,31.96935488,-1.665837784e-12,1.702552267e-09,0.350697848,1.674099595e-09,
3000500000,-3.880390998,0.6397060383,161.5832145,-558.4167855,4.551022811,-0.6069425324,0.2021004152,13.64445044,11.26099242,7.704614044,-6.884550859e-12,4.086743575e-10,0.6841860605,4.860253582e-10,-9.507067641,0.3346929913,17.78633962,-1062.21366,2.006130965,0.318695419,0.102238096,95.99285357,93.54479227,21.54065401,-2.462451103e-12,1.142576758e-09,0.2302710123,1.52648994e-09,
3012498000,-3.519174381,0.6668701541,159.095927,-560.904073,5.003665011,-0.6229761686,0.2379422111,13.58964826,10.31870466,8.84323888,-5.974230954e-12,4.672020299e-10,0.8570105618,5.158368245e-10,-10.2002384,0.3090210616,11.45196105,-1068.548039,1.894444228,0.3028689213,0.0613549756,93.18838778,92.34247894,12.52765741,-4.217193186e-12,6.618555769e-10,0.1356651625,1.354143607e-09,
3024496000,-3.314140508,0.6827991544,156.7082662,-563.2917338,5.305153431,-0.627153371,0.2699876563,13.95460498,9.810349395,9.924114311,-5.302435069e-12,5.22226463e-10,1.011596418,4.255927444e-10,-10.90916859,0.2848010397,6.094234568,-1073.905765,1.796424647,0.2831915242,0.03023562179,89.45258016,89.25950459,5.874090295,-8.958318499e-12,3.091062136e-10,0.06580912948,1.170964008e-09,
3036494000,-3.235469918,0.6890115532,155.0822538,-564.9177462,5.431107073,-0.624873923,0.2902920957,14.36840388,9.639677309,10.65493554,-4.919227157e-12,5.584683058e-10,1.10532077,2.817797817e-10,-11.54600202,0.2646670637,1.677829278,-1078.322171,1.71985641,0.2645535916,0.007749308729,85.96868016,85.95674343,1.432559554,-3.658769238e-11,7.50862456e-11,0.01666605198,1.083763505e-09,
3048492000,-3.153450305,0.6955486063,154.3987799,-565.6012201,5.569193118,-0.627261957,0.3005499976,14.46759831,9.425737062,10.9757406,-4.756650446e-12,5.730188471e-10,1.164443749,1.531955092e-10,-12.0087287,0.2509363433,-2.615201591,-1082.615202,1.670000049,0.2506749928,-0.01144973131,83.44719618,83.42228869,-2.038700619,2.56083512e-11,-1.064359955e-10,0.02443832039,1.084503988e-09,
3060490000,-2.966516597,0.7106801251,154.1652413,-565.8347587,5.912763947,-0.639650895,0.3096981962,14.23752382,8.887721636,11.12274645,-4.675382313e-12,5.784172071e-10,1.251473314,1.103521131e-10,-12.44840349,0.2385502223,-7.59871102,-1087.598711,1.626568499,0.2364553972,-0.03154447177,80.92543222,80.7449655,-5.401493061,9.627540281e-12,-2.808943407e-10,0.06689572566,1.11946167e-09,
3072488000,-2.688782476,0.7337715619,153.858301,-566.141699,6.512345467,-0.6587119826,0.323294338,13.90899166,8.081309529,11.32044545,-4.575793531e-12,5.863993127e-10,1.400818198,1.557026814e-10,-12.99187562,0.2240816115,-12.6888772,-1092.688877,1.577590671,0.218608912,-0.04922105426,77.88609937,77.47109089,-8.029604609,6.451129735e-12,-4.159336878e-10,0.1036464637,1.088776205e-09,
3084486000,-2.364535187,0.7616812075,152.9692849,-567.0307151,7.3921204,-0.6784774534,0.3461598,13.78351627,7.147183543,11.78571543,-4.378056656e-12,6.081255901e-10,1.649001367,2.541583833e-10,-13.62437678,0.2083440783,-17.46167492,-1097.461675,1.526350079,0.1987431413,-0.06251734758,74.67861557,74.04874481,-9.678792027,5.331091912e-12,-4.994114398e-10,0.1307083875,9.579429879e-10,
3096484000,-2.037875776,0.7908720203,151.6341407,-568.3658593,8.563521833,-0.6959134609,0.3757432733,13.91376847,6.206223578,12.45294109,-4.127426589e-12,6.400637404e-10,2.006524731,3.442954137e-10,-14.28314556,0.193126879,-21.19736608,-1101.197366,1.478704455,0.1800599963,-0.0698311472,71.82601115,71.08190242,-10.31208151,4.984308952e-12,-5.300265546e-10,0.1450732347,7.500729894e-10,
3108482000,-1.793154515,0.8134713731,149.7884153,-570.2115847,9.722214776,-0.7029800603,0.4093344716,14.43754583,5.513329023,13.34338536,-3.837123223e-12,6.831841835e-10,2.420204799,4.023199986e-10,-14.97715605,0.1782962453,-24.03258652,-1104.032587,1.433967216,0.1628404537,-0.07261224224,69.32652537,68.55959473,-10.28343767,4.978900586e-12,-5.265142075e-10,0.1499926846,5.324890936e-10,
3120480000,-1.583888463,0.8333080492,148.0131943,-571.9868057,10.99817982,-0.7067869763,0.4414232381,15.02974576,4.916345392,14.20291539,-3.591048151e-12,7.243963077e-10,2.888917326,4.285911111e-10,-15.51568632,0.167577491,-25.60229771,-1105.602298,1.402626044,0.1511239282,-0.07241390622,67.69100268,66.95176196,-9.976643475,5.112275804e-12,-5.088422693e-10,0.1490124111,3.590565204e-10,
3132478000,-1.409396444,0.8502177702,146.0910945,-573.9089055,12.35271883,-0.7056174796,0.4743144835,15.76654517,4.421193995,15.1339681,-3.357216029e-12,7.689266552e-10,3.423049998,4.308573768e-10,-15.9137595,0.1600707667,-26.75905657,-1106.759057,1.381152984,0.142928434,-0.07207019569,66.57384506,65.85715187,-9.742299171,5.215196062e-12,-4.94986739e-10,0.1479307698,2.594632345e-10,
3144476000,-1.259733838,0.8649944244,144.2267761,-575.7732239,13.81420297,-0.7018020669,0.5056572091,16.5330905,3.994274526,16.04334294,-3.154837398e-12,8.120199778e-10,4.016584947,4.350155755e-10,-16.1698244,0.1554206711,-27.5884593,-1107.588459,1.368042802,0.1377488559,-0.07197803635,65.87825131,65.17292143,-9.614276283,5.2644772e-12,-4.866183093e-10,0.1475194923,2.567870882e-10,
3156474000,-1.152831797,0.875706171,142.3766562,-577.6233438,15.09090344,-0.693595181,0.5345905189,17.34759521,3.69586055,16.94932666,-2.974852693e-12,8.546147126e-10,4.586029811,4.304799305e-10,-16.22165232,0.1544960513,-28.64297753,-1108.642978,1.365453175,0.1355893903,-0.0740577282,65.58503586,64.84280693,-9.839071022,5.124645401e-12,-4.961031799e-10,0.151737278,3.265796874e-10,
3168472000,-1.061674204,0.8849450204,140.4756431,-579.5243569,16.38299382,-0.68260598,0.5631844859,18.21686221,3.444233073,17.88830141,-2.80802619e-12,8.985440279e-10,5.193696545,4.262402194e-10,-16.10368289,0.1566086896,-30.2060139,-1110.206014,1.371378476,0.1353446748,-0.07879150121,65.53938134,64.70057892,-10.45206169,4.805828777e-12,-5.250156176e-10,0.1615451031,4.690301719e-10,
3180470000,-0.9991712056,0.891335984,138.6698442,-581.3301558,17.40535693,-0.6693190386,0.5886355927,19.07166846,3.279802569,18.78753398,-2.663538932e-12,9.40153154e-10,5.728251499,4.263853501e-10,-15.888023,0.1605457636,-32.50322483,-1112.503225,1.382500336,0.1353980684,-0.08626879678,65.52405851,64.52002697,-11.42665147,4.379351932e-12,-5.718048165e-10,0.1771023976,6.678845706e-10,
3192468000,-0.9270132009,0.8987715982,136.8749278,-583.1250722,18.75730096,-0.6559803247,0.6143941726,19.93316768,3.080528095,19.6936924,-2.531432948e-12,9.817948039e-10,6.392959842,4.160268628e-10,-15.55910697,0.1667418637,-35.78769885,-1115.787699,1.400216587,0.1352592304,-0.09750789563,65.4683801,64.1896998,-12.87599443,3.87179896e-12,-6.419103215e-10,0.2005928438,8.972779909e-10,
3204466000,-0.8816027644,0.9034827431,134.9686252,-585.0313748,19.72168299,-0.6385088441,0.639208513,20.87658871,2.969628015,20.6642993,-2.403498084e-12,1.026325565e-09,6.958548072,4.119730585e-10,-15.19575198,0.1738650946,-40.27603739,-1120.276037,1.420912114,0.132648421,-0.1123986989,65.07011535,63.38933646,-14.69394211,3.380073461e-12,-7.297982005e-10,0.2318046367,1.141237252e-09,
3216464000,-0.8611891476,0.9056086095,133.34157,-586.65843,20.1883731,-0.6215610242,0.658626485,21.70044334,2.93598474,21.50091242,-2.301359927e-12,1.06389392e-09,7.323237115,4.075167909e-10,-14.88394516,0.1802198991,-45.69758202,-1125.697582,1.439678638,0.1258737754,-0.1289767603,64.12685875,61.96244088,-16.51998589,2.99524095e-12,-8.174310095e-10,0.2666128974,1.370790693e-09,
3228462000,-0.8250136011,0.9093882112,131.5393881,-588.4606119,21.07218317,-0.6030469356,0.6806770983,22.62228209,2.852101433,22.44177275,-2.19668251e-12,1.106322164e-09,7.868504427,4.04457087e-10,-14.59795882,0.1862524778,-52.19489943,-1132.194899,1.45776478,0.1141685581,-0.147158166,62.5768606,59.85654986,-18.24984714,2.701252747e-12,-8.996709214e-10,0.3048930681,1.562866696e-09,
3240460000,-0.7943119528,0.9126082749,129.7886507,-590.2113493,21.88546197,-0.5840305135,0.7012576009,23.53348962,2.784919643,23.36812694,-2.101791172e-12,1.147723753e-09,8.390951961,4.101223156e-10,-14.43350014,0.1898125802,-59.43241195,-1139.432412,1.46856462,0.09653002601,-0.1634342978,60.37482791,57.17715923,-19.38794233,2.53327156e-12,-9.52237293e-10,0.3390854424,1.706778006e-09,
3252458000,-0.7846149923,0.9136276833,128.0102679,-591.9897321,22.15556738,-0.5626143787,0.7198476259,24.47937868,2.792019707,24.31963418,-2.012108504e-12,1.190050723e-09,8.710409213,4.04222176e-10,-14.39285464,0.1907028871,-67.16091674,-1147.160917,1.471280285,0.074020244,-0.1757515138,57.73434307,54.23860228,-19.78454932,2.473331182e-12,-9.681320469e-10,0.3647687899,1.784142332e-09,
3264456000,-0.786489131,0.9134305727,126.2489646,-593.7510354,22.10284431,-0.5401069984,0.7366409176,25.43367977,2.84166485,25.27443387,-1.928980671e-12,1.23222708e-09,8.894234613,3.9446798e-10,-14.46778287,0.189064877,-75.07483389,-1155.074834,1.466288539,0.04869502622,-0.1826864038,54.94488217,51.38002056,-19.46878434,2.504208457e-12,-9.491790559e-10,0.3789174105,1.801846102e-09,
3276454000,-0.8056271494,0.9114201849,124.5794874,-595.4205126,21.57850728,-0.5172756285,0.7504083406,26.35622135,2.954610505,26.19008745,-1.854723215e-12,1.27219301e-09,8.864142128,3.807077976e-10,-14.65332951,0.1850689345,-82.90473993,-1162.90474,1.454195311,0.02285960066,-0.1836517061,52.26134441,48.84769357,-18.57823869,2.614637697e-12,-9.02444692e-10,0.3803299057,1.789111303e-09,
3288452000,-0.8235679324,0.9095395812,122.9849527,-597.0150473,21.10911719,-0.4951704112,0.7629341477,27.25037241,3.065331521,27.07741751,-1.787398475e-12,1.310496502e-09,8.833438513,3.709339164e-10,-14.85206736,0.1808825333,-90.47388952,-1170.47389,1.441652243,-0.001496050145,-0.1808763464,49.85534401,46.69651529,-17.4639854,2.771310996e-12,-8.45224319e-10,0.3739890501,1.781771579e-09,
3300450000,-0.8712614153,0.9045590629,121.4203559,-598.5796441,19.95536842,-0.4715582599,0.7719196239,28.14759183,3.291385045,27.95449356,-1.725024808e-12,1.348027036e-09,8.493231021,3.452271419e-10,-15.10900432,0.1756102189,-98.09975226,-1178.099752,1.426036865,-0.02474294445,-0.1738583782,47.65466976,44.85507585,-16.09315755,2.996440862e-12,-7.760473797e-10,0.3587811913,1.803894489e-09,
3312448000,-0.9396430027,0.8974656803,119.8176931,-600.1823069,18.50566412,-0.4462575447,0.7786519448,29.08512312,3.605601484,28.86076965,-1.664804166e-12,1.386688682e-09,8.004425828,3.139757359e-10,-15.33206328,0.1711578553,-105.9571795,-1185.957179,1.413004711,-0.04705452431,-0.1645627029,45.61955026,43.20373333,-14.64857648,3.280013564e-12,-7.038279107e-10,0.3390581171,1.887767761e-09,
3324446000,-1.037982765,0.8873620715,118.7074537,-601.2925463,16.75600837,-0.4262333708,0.7782907938,29.75575838,4.026484157,29.48207222,-1.623838534e-12,1.411428408e-09,7.322038549,2.719549543e-10,-15.58873856,0.1661739992,-114.1207219,-1194.120722,1.398581956,-0.06790876195,-0.1516647555,43.77563507,41.78958327,-13.03598696,3.67245879e-12,-6.240864684e-10,0.3119434545,2.063136992e-09,
3336444000,-1.128171972,0.8781958923,117.5606582,-602.4393418,15.41980749,-0.4063301912,0.7785395308,30.45401169,4.426893477,30.13054002,-1.583176651e-12,1.437286039e-09,6.806249162,2.225052704e-10,-15.83647928,0.161501305,-123.2323924,-1203.232392,1.3852154,-0.08850856207,-0.1350885116,42.00391657,40.4753343,-11.22837125,4.248342557e-12,-5.356154001e-10,0.2774126872,2.297333668e-09,
3348442000,-1.22596405,0.868363974,116.6756254,-603.3243746,14.19340913,-0.3898423691,0.775937445,31.006386,4.853377574,30.62418486,-1.552075392e-12,1.45559947e-09,6.309870683,1.98297747e-10,-16.24111332,0.1541502857,-134.0184775,-1214.018478,1.364486227,-0.1071175409,-0.1108518967,40.43206008,39.42809959,-8.954130064,5.308281584e-12,-4.255991476e-10,0.2271002193,2.513687194e-09,
3360440000,-1.278678385,0.8631098656,116.0282944,-603.9717056,13.61025668,-0.3787455087,0.7755710669,31.40861326,5.095833979,30.99247429,-1.52815616e-12,1.467845128e-09,6.081923866,2.063827738e-10,-16.96594653,0.1418086339,-145.6224385,-1225.622438,1.330482546,-0.1170395849,-0.08007136948,39.58295744,39.06470324,-6.384315164,7.418390115e-12,-3.023697244e-10,0.1634292503,2.588736455e-09,
3372438000,-1.267041166,0.8642670216,115.1911182,-604.8088818,13.7348126,-0.3678657703,0.7820692167,31.91045111,5.096137952,31.50089313,-1.498143071e-12,1.48661676e-09,6.18132661,2.682564326e-10,-18.07351527,0.1248315137,-157.212293,-1237.212293,1.285274243,-0.1150879488,-0.04834946589,39.70090512,39.51074196,-3.881125762,1.215957629e-11,-1.831613657e-10,0.09822963504,2.436946396e-09,
3384436000,-1.262657397,0.8647033273,113.8457869,-606.1542131,13.78232953,-0.3495790968,0.7908895621,32.73104575,5.155323981,32.32249976,-1.454885732e-12,1.519983126e-09,6.269732005,3.580338598e-10,-19.522948,0.1056458885,-167.5428726,-1247.542873,1.236250691,-0.1031587401,-0.02278877128,40.65323292,40.61011831,-1.871800664,2.512315795e-11,-8.802244395e-11,0.0460919776,2.129891666e-09,
3396434000,-1.295750078,0.8614151312,111.9735059,-608.0264941,13.43158995,-0.322322432,0.7988393318,33.90420426,5.40424094,33.47072222,-1.400012355e-12,1.568418786e-09,6.193417835,4.419541552e-10,-21.12563239,0.08784526967,-175.6875296,-1255.68753,1.192610457,-0.08759656134,-0.006605591964,41.94618454,41.94246733,-0.5584188522,8.391447471e-11,-2.616718612e-11,0.01331392471,1.797101457e-09,
3408432000,-1.42531237,0.8486612673,109.9048581,-610.0951419,12.21538752,-0.2889346004,0.7979616177,35.25225288,6.087085946,34.72274064,-1.344780804e-12,1.621360148e-09,5.70432896,4.859319374e-10,-22.67929155,0.07345737802,177.6171875,-1262.382813,1.158562329,-0.07339386287,0.003054059292,43.1625078,43.16169388,0.2650670427,-1.761609991e-10,1.237716642e-11,0.006141256723,1.603738054e-09,
3420430000,-1.677533521,0.8243721737,107.6169638,-612.3830362,10.38771709,-0.2494979638,0.7857100272,36.80721116,7.353636861,36.06514687,-1.290184202e-12,1.678135906e-09,4.904395954,4.637236267e-10,-24.06878423,0.0625980477,171.3967551,-1268.603245,1.13355647,-0.06189368886,0.009364125911,44.17186868,44.16406309,0.8303695109,-5.603611658e-11,3.863766025e-11,0.01880192747,1.6794026e-09,
3432428000,-2.090761677,0.7860712565,105.5296774,-614.4703226,8.348907338,-0.2104607299,0.7573732907,38.31106184,9.370376077,37.14745633,-1.248215625e-12,1.722454571e-09,3.964350632,3.436925775e-10,-25.31958784,0.05420266098,164.2800165,-1275.719983,1.114617918,-0.05217533557,0.0146854627,45.04221278,45.02268297,1.326254303,-3.496164748e-11,6.149580652e-11,0.02945746935,2.080001011e-09,
3444426000,-2.695897227,0.733170764,104.1463353,-615.8536647,6.495430522,-0.1791864007,0.7109371301,39.4319701,12.19625672,37.49842114,-1.23222578e-12,1.732671592e-09,3.074584441,4.646087747e-11,-26.45349899,0.04756911267,154.7120056,-1285.287994,1.099889899,-0.0430106634,0.02032002249,45.87793172,45.83992067,1.867161489,-2.474693351e-11,8.627503699e-11,0.04073221467,2.827905944e-09,
3456424000,-3.484879399,0.6695083997,104.21765,-615.78235,5.051591018,-0.1644352878,0.6490011813,39.6825531,15.524021,36.51999169,-1.260847175e-12,1.681604224e-09,2.352482755,-4.586417625e-10,-27.60856107,0.04164587072,141.0390284,-1298.960972,1.086911236,-0.03238276536,0.02618654341,46.86538281,46.80101765,2.455372306,-1.875321646e-11,1.130603883e-10,0.0524640794,3.927388815e-09,
3468422000,-4.338528117,0.6068391539,107.2695899,-612.7304101,4.086976539,-0.1801511783,0.5794819339,38.18106688,18.27381349,33.52404523,-1.368774108e-12,1.538312671e-09,1.834540187,-1.03938664e-09,-28.89979744,0.03589303052,121.9446612,-1318.055339,1.074458606,-0.01899100011,0.03045737275,48.13798935,48.04869729,2.930649751,-1.565756709e-11,1.344782712e-10,0.06099332379,5.301759382e-09,
3480420000,-4.913743368,0.5679535672,113.8730611,-606.1269389,3.629132075,-0.2298574453,0.5193619252,34.78968865,19.00448891,29.14020999,-1.569263231e-12,1.332542757e-09,1.533333,-1.41992108e-09,-30.17400713,0.03099557116,95.84622891,-1344.153771,1.063974055,-0.003157177273,0.03083435848,49.68557392,49.5911839,3.061165623,-1.493831622e-11,1.399830022e-10,0.06172802064,6.561244866e-09,
3492418000,-4.826507909,0.5736864662,121.7656394,-598.2343606,3.691382847,-0.3020149541,0.4877531434,30.62192614,17.35212483,25.23105476,-1.806169514e-12,1.149818574e-09,1.45406139,-1.391892446e-09,-30.93359033,0.02840014018,62.809489,-1377.190511,1.058460569,0.01297746169,0.02526169928,51.31395938,51.24848676,2.591337812,-1.758611389e-11,1.180913115e-10,0.05056418201,7.195710044e-09,
3504416000,-4.134534508,0.6212598316,127.6348088,-592.3651912,4.280665128,-0.379357648,0.4919873507,27.04012263,14.31534044,22.9399054,-1.97976141e-12,1.041828179e-09,1.602470126,-9.998347738e-10,-30.63782104,0.02938386688,28.90734589,-1411.092654,1.060546834,0.02572271223,0.01420400324,52.63963694,52.61837262,1.496074799,-3.035646312e-11,6.794504403e-11,0.02843255548,6.936102496e-09,
3516414000,-3.305466431,0.6834813656,130.448582,-589.551418,5.318743298,-0.4434190539,0.520121447,24.82548253,11.31811054,22.09536052,-2.048420149e-12,1.00004887e-09,1.952212822,-4.766441334e-10,-29.78301448,0.03242270733,0.01267030166,-1439.98733,1.06701833,0.03242270653,7.169908196e-06,53.35091643,53.35091643,0.0007658474292,-5.909869246e-08,3.466270013e-14,1.435490673e-05,5.945779586e-09,
3528412000,-2.549737723,0.745612386,131.1244215,-588.8755785,6.862018,-0.4903865684,0.5616572298,23.80842249,8.752715142,22.14115984,-2.037231929e-12,9.98714162e-10,2.529633317,-5.917000264e-11,-28.87133644,0.03601083388,-22.55020569,-1462.550206,1.074712113,0.03325758416,-0.01380989692,53.43949089,53.4190664,-1.477339386,3.05323734e-11,-6.663787161e-11,0.02765565715,4.723278725e-09,
3540410000,-1.909100691,0.8026846639,130.3146304,-589.6853696,9.136059569,-0.5193245399,0.612049583,23.75613153,6.62884322,22.81254529,-1.970574365e-12,1.025510985e-09,3.441406673,1.895099223e-10,-28.24145362,0.0387192841,-39.86916946,-1479.869169,1.080557705,0.02971744553,-0.02482048332,53.06081691,52.99536484,-2.634691022,1.70622728e-11,-1.18439418e-10,0.04971549928,3.640543049e-09,
3552408000,-1.412871925,0.849877641,128.9796437,-591.0203563,12.32246584,-0.5346106373,0.6606689573,24.18411866,4.974147847,23.66705408,-1.893010789e-12,1.060331089e-09,4.758011785,3.04765129e-10,-27.90922715,0.04022894492,-53.15755087,-1493.157551,1.083830294,0.02412194629,-0.03219471566,52.46919562,52.36041334,-3.376922342,1.326710661e-11,-1.512928366e-10,0.06449380603,2.769980754e-09,
3564406000,-1.037059152,0.887456434,127.4282389,-592.5717611,16.77089594,-0.5393670027,0.7047426188,24.86473401,3.705476043,24.58707882,-1.816042601e-12,1.097842145e-09,6.635336064,3.467614518e-10,-27.85860748,0.04046407585,-63.30628101,-1503.306281,1.084340929,0.01817731507,-0.03615144051,51.84892275,51.71348491,-3.745166063,1.192235053e-11,-1.672260937e-10,0.07242145968,2.057908753e-09,
3576404000,-0.7387203251,0.9184679026,125.9857876,-594.0142124,23.53021648,-0.5396775543,0.7431900332,25.56652465,2.675675822,25.42612715,-1.750222833e-12,1.131497957e-09,9.502693466,3.606804897e-10,-27.98560577,0.03987674597,-70.65326228,-1510.653262,1.083065889,0.01321053456,-0.03762494712,51.33682079,51.19162716,-3.858299824,1.153393731e-11,-1.716996986e-10,0.0753697438,1.475462965e-09,
3588402000,-0.5096202981,0.9430158343,124.3227594,-595.6772406,34.09746919,-0.5317233942,0.7788126192,26.44261058,1.874897117,26.37605761,-1.681547574e-12,1.169846619e-09,14.06800265,3.635210357e-10,-28.13125781,0.03921363569,-75.56473435,-1515.564734,1.08162821,0.009775410568,-0.03797565763,50.98575548,50.83888099,-3.867226547,1.146883824e-11,-1.715215355e-10,0.07606828616,9.727835586e-10,
3600400000,-0.2947684051,0.966632916,122.7429833,-597.2570167,58.93931024,-0.5228241657,0.8130400274,27.3051771,1.10101006,27.28297039,-1.620233946e-12,1.206038107e-09,24.7799465,3.495550509e-10,-28.36550729,0.03817021759,-78.89301257,-1518.893013,1.079370006,0.007353173211,-0.03745525804,50.7397188,50.59753778,-3.795818043,1.164565695e-11,-1.677933576e-10,0.07501981737,5.312236513e-10,
3612398000,-0.1380938858,0.9842270702,121.1988954,-598.8011046,125.7995246,-0.5098399747,0.8418824894,28.17670781,0.523645657,28.17184158,-1.563901157e-12,1.24119431e-09,53.79943709,3.373709726e-10,-28.55212929,0.03735885314,-80.19502871,-1520.195029,1.077617403,0.006362025814,-0.0368131571,50.63940393,50.50232471,-3.723496852,1.18324192e-11,-1.640497336e-10,0.07372921688,1.438972259e-10,
3624396000,0.007559870725,1.000870741,119.998589,-600.001411,nan,-0.500414024,0.8667918119,28.86834167,-0.02901248492,28.86832709,-1.521117882e-12,1.26766969e-09,-995.0311795,3.184363764e-10,-28.65583367,0.03691546272,-79.81063356,-1519.810634,1.076660898,0.006530422132,-0.03633324889,50.65646255,50.52288382,-3.67633095,1.194455264e-11,-1.614355173e-10,0.07276565928,-2.101227628e-10,
3636394000,0.1216858625,1.014108197,118.4089581,-601.5910419,nan,-0.482473875,0.8919834053,29.80248285,-0.4746406216,29.798703,-1.468763385e-12,1.304207102e-09,-62.78161127,3.010655098e-10,-28.65547108,0.03691700379,-78.2135859,-1518.213586,1.076664221,0.007540812584,-0.03613864019,50.75881225,50.62638801,-3.664131358,1.194478026e-11,-1.603689308e-10,0.072375919,-4.796266147e-10,
3648392000,0.2089368821,1.024346397,117.2608725,-602.7391275,nan,-0.4691942954,0.9105724868,30.48879626,-0.8248145281,30.47763735,-1.431321978e-12,1.329535488e-09,-36.95089782,2.905670696e-10,-28.37498718,0.03812858085,-75.34583874,-1515.345839,1.079279995,0.009645921411,-0.03688827561,50.9726506,50.83409185,-3.755824156,1.161484413e-11,-1.638414896e-10,0.0738839629,-6.343968543e-10,
3660390000,0.3333684561,1.039126506,116.0658224,-603.9341776,nan,-0.4565957275,0.9334367876,31.21605471,-1.332852522,31.18758688,-1.394154801e-12,1.356046382e-09,-23.39912809,2.691645201e-10,-27.7409509,0.04101591976,-72.0692179,-1512.069218,1.085540356,0.01262748166,-0.03902374124,51.27692767,51.12094116,-3.996584236,1.087937133e-11,-1.737727774e-10,0.07817900347,-6.804744274e-10,
3672388000,0.3846926627,1.045284795,114.8949541,-605.1050459,nan,-0.4400188344,0.9481580714,31.93399147,-1.557870159,31.89596921,-1.358738147e-12,1.382316129e-09,-20.47408702,2.641019409e-10,-26.96862307,0.04483001109,-69.18212934,-1509.182129,1.093868132,0.01593251955,-0.04190327809,51.61616299,51.43512507,-4.319281288,1.003367626e-11,-1.871901791e-10,0.08397532391,-6.006370698e-10,
3684386000,0.4643041953,1.054909515,113.7789326,-606.2210674,nan,-0.4253488455,0.9653561237,32.63009628,-1.903709735,32.57451569,-1.326102338e-12,1.407125961e-09,-17.11107271,2.492144687e-10,-25.93580737,0.05049049538,-66.59964268,-1506.599643,1.10635069,0.02005248272,-0.04633776063,52.04180564,51.81861871,-4.81459129,8.972130512e-12,-2.079765809e-10,0.09291238188,-4.180430628e-10,
3696384000,0.5246947893,1.062269567,112.7006663,-607.2993337,nan,-0.4099476401,0.9799793697,33.30992828,-2.177799304,33.23865991,-1.295387029e-12,1.431154616e-09,-15.2624991,2.430943314e-10,-24.66343838,0.05845586363,-65.10902794,-1505.109028,1.124170204,0.02460365725,-0.05302591859,52.51517185,52.22032616,-5.557050458,7.748162308e-12,-2.392695265e-10,0.1064154682,-1.376094049e-10,
3708382000,0.5697191945,1.067790271,111.780831,-608.219169,nan,-0.3962112451,0.991560746,33.89603835,-2.389963394,33.81167684,-1.269313672e-12,1.451116822e-09,-14.14736181,2.359219997e-10,-23.26577217,0.06866120032,-65.0775434,-1505.077543,1.147446236,0.02893323173,-0.06226739541,52.96767156,52.5578418,-6.576282802,6.526121969e-12,-2.822384304e-10,0.1251246736,2.23668807e-10,
3720380000,0.6208653253,1.074096413,110.6440426,-609.3559574,nan,-0.3786845933,1.005127397,34.62872763,-2.639648643,34.52797463,-1.23897267e-12,1.477079717e-09,-13.08051915,2.401868989e-10,-21.77234141,0.08154229483,-66.97131123,-1506.971311,1.177563527,0.03189869248,-0.07504411546,53.27589884,52.6779975,-7.959269799,5.374766531e-12,-3.404913294e-10,0.1510928694,6.441035186e-10,
3732378000,0.6647418342,1.079535906,109.7121786,-610.2878214,nan,-0.3641224596,1.016273884,35.23700868,-2.857950851,35.12091823,-1.214139669e-12,1.49761566e-09,-12.28884612,2.308976607e-10,-20.23504653,0.09733021295,-70.49894206,-1510.498942,1.215649653,0.03249118677,-0.09174689715,53.32923632,52.43708213,-9.713900597,4.389760798e-12,-4.142172354e-10,0.1852486867,1.083811965e-09,
3744376000,0.6607633337,1.079041546,108.5478201,-611.4521799,nan,-0.3432388364,1.022994506,35.99992628,-2.882176559,35.88436638,-1.184500904e-12,1.525267304e-09,-12.45044002,2.342378193e-10,-18.74197633,0.1155849218,-76.30864584,-1516.308646,1.261381617,0.02735797294,-0.1123005586,52.77671843,51.46019793,-11.71452249,3.628407769e-12,-4.979265332e-10,0.2276423909,1.527918117e-09,
3756374000,0.7095490622,1.085119213,107.842384,-612.157616,nan,-0.3324800378,1.032928231,36.47330737,-3.122026678,36.33944276,-1.165931517e-12,1.539676812e-09,-11.63969642,2.441704235e-10,-17.27930604,0.1367838105,-83.81531281,-1523.815313,1.316916694,0.01473621999,-0.1359877003,51.46810138,49.59831776,-13.74672089,3.082138787e-12,-5.824389639e-10,0.277161031,1.928493057e-09,
3768372000,0.6860063583,1.08218203,106.5202462,-613.4797538,nan,-0.3077229392,1.037508813,37.35893902,-3.070411377,37.2325516,-1.134340827e-12,1.572494603e-09,-12.12624207,2.433966663e-10,-16.08683766,0.1569127078,-93.31065668,-1533.310657,1.372233597,-0.009061663637,-0.1566508351,49.1232937,46.76975062,-15.02292951,2.811329398e-12,-6.344844647e-10,0.321210383,2.24390718e-09,
3780370000,0.7116253054,1.085378627,105.4527634,-614.5472366,nan,-0.2891924446,1.046142674,38.08995743,-3.229660412,37.95278844,-1.109282429e-12,1.597826108e-09,-11.75132478,2.480206616e-10,-15.0518335,0.1767699035,-103.6464441,-1543.646444,1.429454424,-0.04170530736,-0.1717797023,46.10690488,43.45513223,-15.41097533,2.731842758e-12,-6.488076305e-10,0.3546410871,2.435248399e-09,
3792368000,0.7028224051,1.084279184,104.4861386,-615.5138614,nan,-0.2712278576,1.049807982,38.75755397,-3.231305802,38.62261841,-1.086595607e-12,1.620881896e-09,-11.95263487,2.179582107e-10,-14.3662027,0.191288942,-114.8533972,-1554.853397,1.473071167,-0.08039834252,-0.173572941,42.76157592,40.22958408,-14.49596289,2.89509347e-12,-6.083545027e-10,0.3603309161,2.462863696e-09,
3804366000,0.6421271452,1.076728869,103.5030844,-616.4969156,nan,-0.2514137236,1.046965232,39.4411833,-2.992763548,39.32747521,-1.063755391e-12,1.645257601e-09,-13.14085613,1.971686475e-10,-13.91774791,0.201424644,-125.6365411,-1565.636541,1.504459955,-0.1173583398,-0.1637037179,39.74607792,37.61611833,-12.83660202,3.259025535e-12,-5.370168548e-10,0.341252702,2.368464072e-09,
3816364000,0.6169718873,1.073615059,102.7879731,-617.2120269,nan,-0.2376380363,1.046984937,39.94646412,-2.904368904,39.84074092,-1.046749916e-12,1.66149006e-09,-13.71752082,1.640833872e-10,-13.72306378,0.2059903195,-135.5045977,-1575.504598,1.518860977,-0.1469342733,-0.144368733,37.42245225,35.82906489,-10.80361241,3.860124801e-12,-4.505462054e-10,0.3015320786,2.183610314e-09,
3828362000,0.57367832,1.068277093,102.0437132,-617.9562868,nan,-0.2229044524,1.044762917,40.47684888,-2.729311773,40.38472673,-1.029413801e-12,1.67889789e-09,-14.7966704,1.153147315e-10,-13.61368665,0.2086006549,-144.4711413,-1584.471141,1.527169137,-0.1697639956,-0.1212205388,35.67256768,34.57905153,-8.764774975,4.743144594e-12,-3.643744407e-10,0.2534706589,2.007644178e-09,
3840360000,0.4705268924,1.055665539,101.6722137,-618.3277863,nan,-0.2135742137,1.033835473,40.73915498,-2.251155041,40.67691052,-1.018826503e-12,1.68576159e-09,-18.06935097,6.242958539e-11,-13.61336273,0.2086084343,-152.5942189,-1592.594219,1.527193979,-0.18519609,-0.09602024331,34.49904955,33.82403236,-6.791115876,6.102489674e-12,-2.814422764e-10,0.2007778317,1.919416745e-09,
3852358000,0.3763226906,1.044278014,101.570581,-618.429419,nan,-0.2094559823,1.023056578,40.80838124,-1.803529551,40.7685082,-1.013371468e-12,1.684295593e-09,-22.60484625,-9.688621358e-13,-13.49528067,0.2114637679,-160.4496172,-1600.449617,1.536345089,-0.1992723731,-0.0707633128,33.45581338,33.09459032,-4.903013376,8.426173829e-12,-2.025613442e-10,0.1481515054,1.946202153e-09,
3864356000,0.2827105944,1.033083749,101.6762849,-618.3237151,nan,-0.2090775252,1.011705797,40.72815905,-1.353133687,40.70567489,-1.01178455e-12,1.676478402e-09,-30.08252273,-6.093609832e-11,-13.36418039,0.2146797005,-168.9678516,-1608.967852,1.546731571,-0.2107124125,-0.04108105439,32.62134616,32.50101181,-2.799367148,1.471238704e-11,-1.1529298e-10,0.08613169227,2.069530015e-09,
3876354000,0.293492291,1.0343669,102.0626016,-617.9373984,nan,-0.2161622988,1.011527926,40.44903779,-1.397046211,40.4249047,-1.015658473e-12,1.659761571e-09,-28.93598248,-1.180067946e-10,-13.29297705,0.216446789,-178.3152851,-1618.315285,1.552475023,-0.2163532275,-0.006363445614,32.21358183,32.21071057,-0.4300916656,9.546313085e-11,-1.765865929e-11,0.01335244265,2.185091389e-09,
3888352000,0.2754991978,1.032226394,102.7422038,-617.2577962,nan,-0.2276727241,1.006805075,39.96043929,-1.298999793,39.93932033,-1.024834857e-12,1.634764613e-09,-30.74620993,-1.381751295e-10,-13.50933281,0.211121936,171.6442171,-1628.355783,1.535246055,-0.2088808292,0.03068014062,32.73519529,32.66789403,2.098025341,-1.950939622e-11,8.587471085e-11,0.06422285252,2.177603246e-09,
3900350000,0.4136227453,1.048772128,103.5861435,-616.4138565,nan,-0.2463639616,1.019425218,39.36699603,-1.927042652,39.31980268,-1.03777982e-12,1.604456256e-09,-20.40422024,-1.305991588e-10,-14.0083301,0.1993349701,162.0542408,-1637.945759,1.497923508,-0.1896370508,0.06141839514,34.11150408,33.83579267,4.32826116,-9.427642244e-12,1.766159854e-10,0.1279196028,1.943186355e-09,
3912348000,0.6167382351,1.073586179,103.8985993,-616.1014007,nan,-0.2578800289,1.042154103,39.16068173,-2.859209531,39.05616359,-1.041581056e-12,1.588810989e-09,-13.65977665,-7.070486571e-11,-14.81813469,0.1815905589,153.8189947,-1646.181005,1.443764575,-0.162960219,0.08011927434,36.06645587,35.58127979,5.895911074,-6.899724167e-12,2.398466065e-10,0.1657026141,1.521792466e-09,
3924346000,0.8096130514,1.097692388,104.3048755,-615.6951245,nan,-0.2712194472,1.063658117,38.89476106,-3.729544384,38.7155387,-1.047532568e-12,1.570139167e-09,-10.38076899,3.396444582e-12,-15.75111611,0.1630963322,148.6314962,-1651.368504,1.389761303,-0.139257695,0.08489822106,37.85480037,37.29169411,6.505033562,-6.234523969e-12,2.638167599e-10,0.1744365258,9.853119957e-10,
3936344000,1.0037194,1.122499019,103.9098083,-616.0901917,nan,-0.269842269,1.08958212,39.19400992,-4.643445849,38.9179756,-1.038907414e-12,1.573538337e-09,-8.381270474,6.189988887e-11,-16.65009817,0.1470601794,145.4903506,-1654.509649,1.344831314,-0.1211821152,0.08331621286,39.25906076,38.70175342,6.591519851,-6.133968234e-12,2.665094735e-10,0.1703157937,4.770071382e-10,
3948342000,1.160458895,1.142938717,103.507188,-616.492812,nan,-0.2669531668,1.111325748,39.49804168,-5.392353833,39.12822276,-1.030185056e-12,1.577231675e-09,-7.256241703,1.175960076e-10,-17.3777979,0.1352415393,144.9393709,-1655.060629,1.312784541,-0.1107012371,0.07768854515,40.08773907,39.59488057,6.266758055,-6.432242957e-12,2.526086954e-10,0.1582719272,1.051881902e-10,
3960340000,1.340593747,1.16688938,102.9606283,-617.0393717,nan,-0.2617116392,1.137162189,39.91078737,-6.267314448,39.41562784,-1.019575077e-12,1.584003395e-09,-6.289077749,1.45864764e-10,-17.78607843,0.1290315988,145.3634204,-1654.63658,1.296294558,-0.1061638021,0.07333757983,40.44948734,40.00689355,5.967369145,-6.734490662e-12,2.398118082e-10,0.1491585228,-1.196945011e-10,
3972338000,1.456306795,1.182538638,102.2398151,-617.7601849,nan,-0.2507028692,1.155658125,40.44068159,-6.869390439,39.85298236,-1.005340341e-12,1.596742054e-09,-5.801531112,1.774340166e-10,-17.97979502,0.1261857313,146.4232751,-1653.576725,1.288815909,-0.1051311341,0.06978741605,40.52920087,40.12759394,5.691425842,-7.039678984e-12,2.280315915e-10,0.1418332196,-1.45776122e-10,
3984336000,1.563341707,1.19720104,101.393341,-618.606659,nan,-0.2364991763,1.173609164,41.06397721,-7.454358065,40.38171332,-9.891893569e-13,1.613054041e-09,-5.417195279,1.996725584e-10,-17.88963337,0.1275023917,147.3333688,-1652.666631,1.292269894,-0.1073347357,0.06881943337,40.34868742,39.95946448,5.59086532,-7.144718882e-12,2.233280155e-10,0.1399134196,-6.136704382e-11,
3996334000,1.653866798,1.209743619,100.4588956,-619.5411044,nan,-0.219604862,1.189644202,41.7545621,-7.98362428,40.98420671,-9.717215191e-13,1.632205688e-09,-5.133534003,2.047219227e-10,-17.56170871,0.1324081033,147.1026362,-1652.897364,1.305231305,-0.1111757827,0.07191558357,40.04168882,39.61937219,5.800188909,-6.866196296e-12,2.309938898e-10,0.1463977996,1.204958475e-10,
4008332000,1.743139668,1.222241381,99.53887959,-620.4611204,nan,-0.2025459774,1.20534191,42.44191874,-8.51810615,41.57833972,-9.549690629e-13,1.650910726e-09,-4.881171822,1.951877044e-10,-17.04778993,0.1404787078,146.3490471,-1653.650953,1.326876621,-0.1169385197,0.07784375344,39.58770999,39.09767435,6.209560573,-6.394337836e-12,2.465569867e-10,0.1588217375,3.635676886e-10,
4020330000,1.85474603,1.238047483,98.74578925,-621.2542107,nan,-0.1882460479,1.223652318,43.04579435,-9.156327206,42.06069524,-9.412001375e-13,1.665079125e-09,-4.593620814,1.827798903e-10,-16.38261281,0.1516594091,144.3131594,-1655.686841,1.357543682,-0.1231804307,0.08847122618,39.10994018,38.48389413,6.969742703,-5.679912993e-12,2.759149133e-10,0.1811080417,6.415069196e-10,
4032328000,1.939479347,1.250184089,98.03454244,-621.9654576,nan,-0.1747383398,1.237912262,43.58929965,-9.664763027,42.50434565,-9.286048454e-13,1.677635528e-09,-4.397867339,1.728966856e-10,-15.67032042,0.1646205237,140.876354,-1659.123646,1.394121542,-0.1277103075,0.1038748967,38.78432764,37.92922059,8.099277491,-4.873242258e-12,3.196763875e-10,0.2135366181,9.829459114e-10,
4044326000,2.043276688,1.26521355,97.26367658,-622.7363234,nan,-0.1599682347,1.255059955,44.18478489,-10.2846057,42.97117756,-9.157917381e-13,1.691029685e-09,-4.178203697,1.731143238e-10,-14.8857375,0.1801827143,135.9847427,-1664.015257,1.43956798,-0.1295792628,0.1251999408,38.68814844,37.45416381,9.69321631,-4.059813392e-12,3.814537429e-10,0.2588021016,1.343679023e-09,
4056324000,2.148157903,1.28058348,96.54598994,-623.4540101,nan,-0.1459874048,1.272234934,44.74446414,-10.91273316,43.3933097,-9.042004495e-13,1.702590753e-09,-3.976392446,1.839692917e-10,-14.12939956,0.1965757865,129.2851624,-1670.714838,1.489344939,-0.1244679456,0.1521504859,39.15759425,37.33203005,11.81679821,-3.320379129e-12,4.636468502e-10,0.3165324305,1.70446162e-09,
4068322000,2.219230967,1.291104956,95.75141932,-624.2485807,nan,-0.129385125,1.284605581,45.36261557,-11.39807456,43.90729766,-8.909803044e-13,1.717677082e-09,-3.852167964,1.935155311e-10,-13.53768728,0.210433867,121.0901255,-1678.909874,1.53303671,-0.1086650503,0.180206324,40.48062818,37.87682738,14.28380919,-2.738802859e-12,5.587902919e-10,0.3771120807,2.017993869e-09,
4080320000,2.308116922,1.304385151,94.81759666,-625.1824033,nan,-0.1095473284,1.299776906,46.09668218,-12.008508,44.50505413,-8.764286661e-13,1.735942122e-09,-3.706126868,2.046784918e-10,-13.15197526,0.2199891375,111.5134276,-1688.486572,1.564066856,-0.08067425493,0.2046628574,42.81506022,39.33084154,16.91786882,-2.305580309e-12,6.598900207e-10,0.4301425588,2.198265146e-09,
4092318000,2.381409049,1.315438209,93.9486344,-626.0513656,nan,-0.09058387808,1.312315603,46.78547237,-12.5427835,45.07281893,-8.62851458e-13,1.752933651e-09,-3.593526025,2.20595995e-10,-13.11403888,0.2209520604,101.2892073,-1698.710793,1.567236108,-0.04325388997,0.2166769808,46.03279723,41.89012021,19.08497443,-2.03778882e-12,7.422365562e-10,0.4555960769,2.216901929e-09,
4104316000,2.477836615,1.330123084,93.02706382,-626.9729362,nan,-0.07024068209,1.328267167,47.52471912,-13.21828878,45.64948816,-8.494609687e-13,1.77017113e-09,-3.453509672,2.319091822e-10,-13.33884218,0.2153068718,91.7110081,-1708.288992,1.548767063,-0.006428694285,0.2152108755,49.38934056,45.01651965,20.31797036,-1.908530121e-12,7.878792511e-10,0.4513447622,2.064591058e-09,
4116314000,2.542223076,1.34001961,91.88260639,-628.1173936,nan,-0.04402201336,1.339296314,48.44937285,-13.79570513,46.44373208,-8.325005411e-13,1.795720525e-09,-3.366535574,2.461829454e-10,-13.85582015,0.2028658721,83.11423447,-1716.885766,1.508988049,0.02432162919,0.2014026326,52.39323818,48.30400593,20.29222558,-1.905381543e-12,7.845873776e-10,0.420094052,1.755241523e-09,
4128312000,2.62158552,1.352319393,90.8422072,-629.1577928,nan,-0.01987741728,1.352173298,49.30218083,-14.44589886,47.13831818,-8.178497705e-13,1.817279398e-09,-3.263093466,2.653374613e-10,-14.53673071,0.1875700371,76.01317969,-1723.98682,1.461750663,0.04533543284,0.1820088387,54.58926701,51.07493793,19.27015279,-2.000610121e-12,7.429041387e-10,0.3772917515,1.375630735e-09,
4140310000,2.645731938,1.356084016,89.72439735,-630.2756026,nan,0.006522974445,1.356068327,50.23029639,-14.84409464,47.98682662,-8.010603595e-13,1.844630151e-09,-3.232721684,2.650695683e-10,-15.27813112,0.1722239097,71.23122347,-1728.768777,1.416112308,0.05541300309,0.1630658583,55.70528599,52.80267144,17.74702162,-2.166016665e-12,6.822016263e-10,0.3361008285,9.705047119e-10,
4152308000,2.702398451,1.364959994,88.37583439,-631.6241656,nan,0.03868739028,1.36441162,51.36999591,-15.49167318,48.97840893,-7.825748716e-13,1.877306762e-09,-3.161595804,2.608975267e-10,-15.9514424,0.1593778192,67.94384199,-1732.056158,1.379190135,0.05984879133,0.1477139514,56.22098176,53.80339639,16.30930186,-2.350147935e-12,6.251236682e-10,0.3031277382,5.873008215e-10,
4164306000,2.758064201,1.37373578,87.39124437,-632.6087556,nan,0.06252646989,1.372312076,52.21468359,-16.05935593,49.68370225,-7.692429887e-13,1.898853447e-09,-3.093754348,2.470040732e-10,-16.47988403,0.1499704859,66.18949536,-1733.810505,1.352859479,0.0605450406,0.1372058479,56.31764419,54.22163845,15.22139846,-2.510862566e-12,5.817441865e-10,0.280725535,2.999895479e-10,
4176304000,2.755947345,1.373401025,86.37433635,-633.6256637,nan,0.08685050858,1.370652168,53.10539277,-16.33586698,50.53040858,-7.541803584e-13,1.925665445e-09,-3.09321866,2.257826011e-10,-16.8413876,0.1438568743,65.85046028,-1734.14954,1.336058002,0.05885466293,0.131266633,56.1407038,54.22596639,14.53695953,-2.62152767e-12,5.539895963e-10,0.2680811519,8.674517983e-11,
4188302000,2.718018163,1.36741679,85.39074761,-634.6092524,nan,0.1098854598,1.362994447,53.98752703,-16.41150415,51.43263173,-7.388280841e-13,1.954433462e-09,-3.13393771,2.140597972e-10,-16.94900028,0.142085574,65.79922005,-1734.20078,1.33123484,0.05824591373,0.1295983174,56.07610547,54.21132583,14.340912,-2.649752872e-12,5.449528313e-10,0.2645371937,-3.844408128e-12,
4200300000,2.666959069,1.359402153,84.49999141,-635.5000086,nan,0.1302931252,1.353143716,54.8048366,-16.38668468,52.29767375,-7.245317971e-13,1.981628286e-09,-3.191473735,1.884719606e-10,-16.75328096,0.1453235344,66.26559604,-1733.734404,1.340066774,0.05849236294,0.1330322259,56.09762357,54.13361569,14.71376986,-2.575229048e-12,5.575242731e-10,0.2718046757,4.240816297e-11,
4212298000,2.499334608,1.33341928,83.70549584,-636.2945042,nan,0.1461947157,1.325380731,55.57123853,-15.65017471,53.32198968,-7.085894751e-13,2.014686101e-09,-3.407117855,1.329435718e-10,-16.39398431,0.1514609877,66.06495285,-1733.935047,1.356992396,0.06144783619,0.1384362461,56.41559875,54.27838783,15.3810402,-2.456491901e-12,5.811480045e-10,0.2833731953,1.798069208e-10,
4224296000,2.25935469,1.297082902,83.14664639,-636.8533536,nan,0.1547790383,1.287815011,56.14523414,-14.37974291,54.27255578,-6.942014493e-13,2.044777527e-09,-3.774236864,5.185007549e-11,-15.86886228,0.1609003119,64.80173023,-1735.19827,1.383507023,0.0685036243,0.1455890237,57.18978964,54.7941943,16.37889833,-2.300282114e-12,6.170927966e-10,0.2989166743,4.011915587e-10,
4236294000,1.968414965,1.254355817,83.19631757,-636.8036824,nan,0.1486007572,1.245522513,56.15018945,-12.59570232,54.71921105,-6.865848433e-13,2.055766885e-09,-4.344276298,-1.000579487e-10,-15.26911048,0.1724028639,62.64797077,-1737.352029,1.416634752,0.07921158229,0.1531282884,58.3876694,55.67988735,17.57470007,-2.137696848e-12,6.60270602e-10,0.3156382117,6.325817747e-10,
4248292000,1.60623969,1.203128417,83.63480557,-636.3651944,nan,0.1333851034,1.195711671,55.78215186,-10.26065442,54.83035142,-6.832580271e-13,2.054124683e-09,-5.343747989,-2.938643061e-10,-14.71566133,0.1837455937,59.30979371,-1740.690206,1.450216482,0.09378300388,0.158010099,60.06903369,57.09298198,18.67298093,-2.006282654e-12,6.995510706e-10,0.3270626315,8.694200529e-10,
4260290000,1.303176076,1.161873386,85.62230772,-634.3776923,nan,0.08868675593,1.158483675,53.92782302,-8.053797065,53.32303862,-7.005934603e-13,1.992029927e-09,-6.620856994,-5.189190348e-10,-14.04079594,0.1985912927,55.14943208,-1744.850568,1.495605528,0.1134826255,0.1629729893,62.42399556,59.11342299,20.05887446,-1.8624062e-12,7.493548615e-10,0.3393285897,1.093792277e-09,
4272288000,1.066754878,1.130674881,88.28006241,-631.7199376,nan,0.03393615023,1.130165485,51.51231697,-6.297646728,51.12590777,-7.286493437e-13,1.904586241e-09,-8.11825591,-7.47129363e-10,-13.45737893,0.2123885274,49.77465635,-1750.225344,1.539323092,0.1371595498,0.1621608598,65.41764028,61.94238233,21.03827302,-1.770718495e-12,7.837358216e-10,0.33964262,1.27603477e-09,
4284286000,0.9696164756,1.118100454,92.08047219,-627.9195278,nan,-0.04059052484,1.11736343,48.22749318,-5.364934606,47.92816057,-7.750878256e-13,1.780460891e-09,-8.933596415,-9.213720661e-10,-12.88675971,0.2268099039,43.79356393,-1756.206436,1.586686004,0.1637200012,0.156966537,69.00230036,65.50785155,21.68037915,-1.713463288e-12,8.053942968e-10,0.3309584827,1.433372986e-09,
4296284000,1.07012215,1.131113296,96.54102791,-623.4589721,nan,-0.1288503796,1.123750358,44.63338222,-5.506588248,44.29239544,-8.363691032e-13,1.640802534e-09,-8.043527761,-9.996799875e-10,-12.27677039,0.2433108527,37.42997047,-1762.57003,1.643093279,0.1932123704,0.1478822198,73.29304327,69.91930641,21.98091862,-1.685315873e-12,8.142785376e-10,0.3143755245,1.548014589e-09,
4308282000,1.447167231,1.181294988,101.3901447,-618.6098553,nan,-0.2332924385,1.158029571,41.0472212,-6.908664328,40.46164512,-9.130035634e-13,1.494718968e-09,-5.856652342,-9.688463229e-10,-11.71741186,0.2594952468,30.36607866,-1769.633921,1.700860449,0.2238959008,0.1311808244,78.19124376,75.26981409,21.17370273,-1.74469372e-12,7.82191011e-10,0.2813040391,1.697592368e-09,
4320280000,2.060951183,1.267790693,105.2147151,-614.7852849,nan,-0.3327152006,1.22335352,38.51453093,-9.27810147,37.38028793,-9.855203461e-13,1.377053709e-09,-4.028872507,-8.137873972e-10,-11.23549304,0.2742997097,23.0568567,-1776.943143,1.75595866,0.2523877337,0.1074279416,83.21205912,81.05316634,18.83164914,-1.956229856e-12,6.937397686e-10,0.2323369955,1.869853214e-09,
4332278000,2.854038602,1.38899899,108.6672214,-611.3327786,nan,-0.4445783564,1.315928676,36.54746895,-12.16870895,34.46215329,-1.066010309e-12,1.266036493e-09,-2.832030369,-5.917860394e-10,-10.67611514,0.292546053,14.318237,-1785.681763,1.827039143,0.2834587136,0.07234881361,89.24769903,88.15087353,13.94902428,-2.633661677e-12,5.124454536e-10,0.1582403409,2.041801648e-09,
4344276000,3.727442706,1.535932519,110.4773677,-609.5226323,nan,-0.537326579,1.438877635,35.89006597,-15.32665573,32.45289601,-1.128883862e-12,1.188929713e-09,-2.117415344,-3.783147331e-10,-10.20341105,0.3089082075,5.071793356,-1794.928207,1.89397157,0.3076987414,0.02730870149,94.39296893,94.22137717,5.688995202,-6.439722529e-12,2.084194714e-10,0.06037902834,2.235964221e-09,
4356274000,4.663983361,1.71079971,111.5392664,-608.4607336,nan,-0.6281009202,1.591328025,35.89095386,-18.58789998,30.7026146,-1.189952381e-12,1.121709259e-09,-1.651752733,-1.607195062e-10,-9.811437534,0.3231678309,-4.736954768,-1804.736955,1.954942291,0.3220639965,-0.02668762124,97.45093317,97.2783141,-5.797756489,6.301514978e-12,-2.118190004e-10,0.059599681,2.408742691e-09,
4368272000,5.610124827,1.90768314,111.9489289,-608.0510711,nan,-0.7130537858,1.769409297,36.39208565,-21.75677832,29.17235841,-1.248932359e-12,1.062874528e-09,-1.340839989,-2.965493119e-12,-9.577665175,0.331983685,-15.70432511,-1815.704325,1.993938853,0.3195911712,-0.08985905856,96.35834754,94.45101956,-19.07710787,1.909844126e-12,-6.950611175e-10,0.2019788453,2.541465465e-09,
4380270000,6.619837125,2.142850419,111.4024035,-608.5975965,nan,-0.7819600631,1.995080544,37.5129979,-25.0974317,27.88088832,-1.303204718e-12,1.013038281e-09,-1.110906034,1.20699286e-10,-9.577742698,0.331980722,-27.31387442,-1827.313874,1.993925573,0.2949669107,-0.1523342422,90.38482401,85.51100214,-29.27942835,1.240956782e-12,-1.063853542e-09,0.3424053937,2.557088929e-09,
4392268000,7.638893238,2.409598376,110.6098431,-609.3901569,nan,-0.8481845396,2.255381857,38.76123269,-28.26313112,26.52599816,-1.366027886e-12,9.611762597e-10,-0.9385371368,2.229381289e-10,-9.783159121,0.3242216741,-38.52625159,-1838.526252,1.959550378,0.2536460251,-0.2019489736,82.11452484,74.84433979,-33.78046761,1.072668786e-12,-1.224043797e-09,0.4513429834,2.394981479e-09,
4404266000,8.628342644,2.700331808,109.6021392,-610.3978608,nan,-0.90592552,2.543833884,40.04207089,-31.13625416,25.177393,-1.435277352e-12,9.098239183e-10,-0.8086198444,2.866275909e-10,-10.27427705,0.3063981561,-48.54990688,-1848.549907,1.883498678,0.202825599,-0.229655408,73.80424883,65.82988035,-33.36905751,1.082935649e-12,-1.205842347e-09,0.5068983467,2.102687944e-09,
4416264000,9.710354941,3.058565229,108.0344,-611.9656,nan,-0.9468949303,2.908300406,41.55643029,-34.10517804,23.74391984,-1.517793495e-12,8.556920987e-10,-0.6961969179,3.757670616e-10,-10.76379537,0.2896077846,-56.80928689,-1856.809287,1.815346166,0.158539291,-0.2423591594,67.58372708,59.73750624,-31.6068112,1.140208888e-12,-1.139057864e-09,0.529094922,1.783435171e-09,
4428262000,10.9871944,3.542906734,106.500001,-613.499999,nan,-1.006239934,3.397008879,43.05241206,-37.11029407,21.82512907,-1.646758837e-12,7.844109438e-10,-0.5881152283,5.277739569e-10,-11.09811467,0.2786725979,-63.58284668,-1863.582847,1.772666052,0.1239823638,-0.2495732163,63.20059251,55.58325892,-30.08016326,1.19483142e-12,-1.081102851e-09,0.541173077,1.548369931e-09,
4440260000,12.32074034,4.130827095,104.0456964,-615.9543036,nan,-1.002533896,4.007325576,44.72640726,-40.02165616,19.9679379,-1.795058115e-12,7.157229576e-10,-0.4989283256,7.755419327e-10,-11.2427304,0.2740712495,-69.52556102,-1869.525561,1.755091321,0.09586723833,-0.2567577115,59.8768023,52.34917873,-29.06535635,1.233207277e-12,-1.041807267e-09,0.5552208661,1.491656116e-09,
4452258000,13.93322543,4.973490257,100.1984735,-619.8015265,nan,-0.8805988168,4.894910731,46.68773947,-43.16066374,17.80174494,-2.00806254e-12,6.363592816e-10,-0.412452993,1.262008569e-09,-10.92807418,0.2841818199,-75.63098618,-1875.630986,1.794005595,0.07052427419,-0.275291906,57.01306135,48.91083161,-29.29538728,1.220226816e-12,-1.047222712e-09,0.5989550029,1.765923788e-09,
4464256000,15.97145221,6.288869901,94.43624997,-625.56375,nan,-0.486443014,6.270028535,48.81443532,-46.42017382,15.10021715,-2.360955753e-12,5.383370041e-10,-0.3252942827,2.323414774e-09,-10.07416338,0.3135391894,-82.99961927,-1882.999619,1.913494797,0.03821288306,-0.3112018619,53.60920151,44.1192823,-30.45382432,1.17065575e-12,-1.085707602e-09,0.6902610998,2.732341484e-09,
4476254000,18.30533921,8.227482372,84.04988233,-635.9501177,nan,0.8528820668,8.183156993,51.25741899,-49.78037413,12.21627413,-2.910493541e-12,4.34354354e-10,-0.2454034215,3.966095591e-09,-8.782262944,0.3638202373,-94.98341406,-1894.983414,2.143765516,-0.03160410406,-0.3624449554,47.28273833,36.2853027,-30.31557607,1.172842201e-12,-1.077882038e-09,0.8354781085,4.363279483e-09,
4488252000,20.67238693,10.80486504,61.94259719,-658.0574028,nan,5.082132281,9.535042741,54.51973246,-53.79447876,8.863141786,-4.000877016e-12,3.142900235e-10,-0.1647593208,5.453318492e-09,-7.398503953,0.4266529987,-118.8580867,-1918.858087,2.488288934,-0.2059205839,-0.3736703017,34.75701015,25.65972106,-23.44415642,1.512544944e-12,-8.313377636e-10,0.9136559343,5.889585069e-09,
4500250000,21.30223944,11.61748103,30.79191304,-689.208087,nan,9.979789826,5.947239742,57.96792296,-57.74077866,5.126653006,-6.898418973e-12,1.813081868e-10,-0.08878738951,5.931407075e-09,-7.659545734,0.4140213273,-151.9328815,-1951.932881,2.413093502,-0.3653311895,-0.1947993362,24.06871245,21.78110454,-10.24140635,3.45321718e-12,-3.621955325e-10,0.4701968321,6.445754686e-09,
4512248000,19.87859536,9.861200024,3.293187138,-716.7068129,nan,9.844915774,0.5664797599,61.26398862,-61.25974421,0.7211393932,-4.891115859e-11,2.543585793e-11,-0.01177183161,5.004800674e-09,-9.907960235,0.3195964806,178.2812795,-1981.718721,1.93943218,-0.3194526986,0.009585604066,25.79087701,25.7849998,0.5505653996,-6.406462022e-11,1.941941242e-11,0.02135215838,5.615464075e-09,
4524246000,16.9384386,7.029459453,-14.7224524,-734.7224524,nan,6.798669919,-1.786445502,65.92923285,-65.75042417,-4.852366975,7.249704121e-12,-1.706976565e-10,-0.07379978207,3.39859141e-09,-13.77816745,0.2046876441,157.2418064,-2002.758194,1.51473523,-0.1887518227,0.07918194918,34.20819432,33.75026459,5.578548077,-6.305982197e-12,1.962434186e-10,0.1652890176,4.182240768e-09,
4536244000,14.23334099,5.148337976,-23.38589737,-743.3858974,nan,4.725414114,-2.043488529,71.53528759,-70.63420545,-11.3184094,3.099833204e-12,-3.971084458e-10,-0.160239778,1.947606625e-09,-17.34060896,0.135821822,145.280761,-2014.719239,1.314337542,-0.1116391323,0.07735807303,40.01169497,39.52371802,6.229883525,-5.631755576e-12,2.185765929e-10,0.157623924,2.89634974e-09,
4548242000,11.88568567,3.929020398,-29.26588422,-749.2658842,nan,3.427522246,-1.920753117,77.95501329,-75.33377713,-20.04510215,1.745694701e-12,-7.014308147e-10,-0.2660838592,1.025568786e-09,-20.66926761,0.09258414487,134.2460332,-2025.753967,1.204061113,-0.06459974141,0.06632267553,43.95708823,43.56886882,5.829174558,-6.00301608e-12,2.039781403e-10,0.1337921942,2.166240268e-09,
4560240000,10.07034819,3.187993369,-31.49638866,-751.4963887,nan,2.718316174,-1.665550628,85.12794136,-80.00550693,-29.08410667,1.199987448e-12,-1.015051695e-09,-0.3635263095,5.217221239e-10,-23.57741791,0.06624133929,127.2284385,-2032.771561,1.141881071,-0.04007563896,0.05274332369,46.15714826,45.90023539,4.863201259,-7.176458688e-12,1.697284616e-10,0.1059515538,1.882340992e-09,
4572238000,8.406271571,2.63216784,-32.81580048,-752.8158005,nan,2.212119085,-1.426477021,93.87758128,-84.59175484,-40.70915474,8.550651728e-13,-1.417044171e-09,-0.4812425847,1.86298348e-10,-26.48006378,0.04742385028,119.4849763,-2040.515024,1.099569678,-0.02334179737,0.04128174016,47.72285568,47.56029906,3.935595053,-8.844654992e-12,1.369940512e-10,0.08274958593,1.827707473e-09,
4584236000,6.942567545,2.223967197,-32.87825892,-752.8782589,nan,1.867745283,-1.207293524,104.6387758,-89.25490913,-54.61533296,6.356800453e-13,-1.89612843e-09,-0.6119028465,4.981278103e-12,-29.3788533,0.03396701123,112.0095005,-2047.9905,1.070322673,-0.0127294883,0.0314915541,48.74428135,48.64766472,3.067520307,-1.13178965e-11,1.064977937e-10,0.06305585939,2.227842695e-09,
4596234000,5.608690168,1.907368071,-32.59832273,-752.5983227,nan,1.606896886,-1.027587154,117.3981887,-92.61140745,-72.1488871,4.799415659e-13,-2.49831754e-09,-0.7790496774,-1.328978841e-10,-32.3529457,0.02411863443,102.3836005,-2057.616399,1.049429439,-0.005172380341,0.02355748307,49.4857075,49.43081035,2.330286503,-1.485965344e-11,8.069141297e-11,0.04714238927,3.104918891e-09,
4608232000,4.421677167,1.663733871,-31.71270521,-751.7127052,nan,1.415329364,-0.874558852,132.6621106,-94.3088095,-93.30103987,3.701683747e-13,-3.222346811e-09,-0.9893141517,-2.312134413e-10,-35.59574313,0.01660400454,87.66574441,-2072.334256,1.033768705,0.0006762674324,0.01659022691,50.06765387,50.04010063,1.660811122,-2.079531732e-11,5.735959033e-11,0.03318960397,4.826552388e-09,
4620230000,3.36344734,1.472896964,-30.52846147,-750.5284615,nan,1.268719474,-0.748182038,150.2501364,-92.51981122,-118.3857593,2.909759347e-13,-4.07808243e-09,-1.279571994,-3.169070522e-10,-38.83702067,0.01143270418,64.60178398,-2095.398216,1.023129845,0.004903566928,0.01032771786,50.49272022,50.48194957,1.042862974,-3.303157541e-11,3.592392527e-11,0.02065813588,6.537269624e-09,
4632228000,2.363976372,1.312800757,-28.91981159,-748.9198116,nan,1.149091046,-0.6348508464,171.8157981,-85.05849022,-149.2840304,2.301531126e-13,-5.12912822e-09,-1.755075007,-3.901156551e-10,-40.5012399,0.009439261229,26.66425276,-2133.335747,1.01905842,0.008435410407,0.004235977315,50.85070179,50.84887669,0.4308277629,-7.974923438e-11,1.480245966e-11,0.008472709546,7.284411414e-09,
4644226000,1.496933278,1.188082678,-27.15071809,-747.1507181,nan,1.057166907,-0.5421610271,195.1156012,-69.23473455,-182.4188844,1.878611561e-13,-6.251389826e-09,-2.634788529,-4.555916739e-10,-38.96288023,0.01126823741,-8.297143326,-2168.297143,1.022793315,0.0111502926,-0.001626084011,51.12759934,51.1273289,-0.1662957792,2.060751192e-10,-5.698860323e-12,0.003252581013,6.773460508e-09,
4656224000,0.6980326639,1.083681435,-24.97648317,-744.9764832,nan,0.9823368177,-0.4575804064,222.1411559,-41.57659911,-218.2156721,1.566391539e-13,-7.45885569e-09,-5.248521446,-5.098217921e-10,-36.39530899,0.01514378902,-33.2018546,-2193.201855,1.0307533,0.01267151381,-0.008292592098,51.28332478,51.27626979,-0.8506214562,4.018370098e-11,-2.907519257e-11,0.01658898862,5.347638785e-09,
4668222000,-0.05505731114,0.99368134,-22.66098565,-742.6609857,315.5228086,0.9169697866,-0.3828433309,249.5031773,4.104374285,-249.4694162,1.366631164e-13,-8.50522763e-09,60.78135152,-5.568512232e-10,-34.10296721,0.01971749046,-51.74752486,-2211.747525,1.04022818,0.01220764795,-0.01548395174,51.2355517,51.21098254,-1.586513569,2.148942722e-11,-5.408943207e-11,0.03097994785,4.09453317e-09,
4680220000,-0.7086180168,0.9216565188,-20.15436245,-740.1543625,24.52860773,0.8652214292,-0.3175572659,274.2314145,63.25180358,-266.8371751,1.274405183e-13,-9.074029729e-09,4.218649272,-5.880779697e-10,-32.46575032,0.02380742825,-67.10030273,-2227.100303,1.04877609,0.009263924649,-0.02193110439,50.93460098,50.88561977,-2.233221454,1.522727083e-11,-7.594263378e-11,0.04388708371,3.330676055e-09,
4692218000,-1.290694218,0.8619166874,-17.53579669,-737.5357967,13.48400942,0.8218624645,-0.2596968723,292.18068,129.6185859,-261.8560138,1.29532694e-13,-8.881871851e-09,2.020204217,-6.137305601e-10,-31.44423784,0.02677861478,-79.77509543,-2239.775095,1.05503088,0.004753539412,-0.02635333134,50.47729128,50.40722401,-2.658703093,1.27576919e-11,-9.018032399e-11,0.05274448544,2.835432783e-09,
4704216000,-1.829692808,0.8100565902,-14.83871059,-734.8387106,9.529451916,0.7830416743,-0.2074546112,298.9983796,190.7749913,-230.2280037,1.469517388e-13,-7.78916717e-09,1.206803901,-6.21674729e-10,-30.81092704,0.02880405611,-91.11868167,-2251.118682,1.059316673,-0.0005623542007,-0.02879856604,49.94384273,49.86106874,-2.874239242,1.177090792e-11,-9.724242744e-11,0.05764495858,2.416889829e-09,
4716214000,-2.297846498,0.7675517657,-12.06444092,-732.0644409,7.604066218,0.7505989593,-0.16042729,296.4045759,233.6107526,-182.4326968,1.849796487e-13,-6.156435115e-09,0.780925941,-6.208454197e-10,-30.47182887,0.02995080894,-100.9734759,-2260.973476,1.061751114,-0.005701272703,-0.02940317067,49.43359168,49.3481847,-2.904591761,1.161827167e-11,-9.801933e-11,0.05885914099,2.053658883e-09,
4728212000,-2.722970285,0.730889101,-9.46410422,-729.4641042,6.431880342,0.7209408308,-0.1201798508,283.8905876,252.2829109,-130.1814064,2.585676757e-13,-4.381997748e-09,0.5160135737,-6.176009298e-10,-30.40826305,0.03017080151,-108.697232,-2268.697232,1.062218794,-0.009671770242,-0.02857856057,49.04286199,48.96280246,-2.80112263,1.201686186e-11,-9.428775883e-11,0.05720919738,1.707284562e-09,
4740210000,-3.070092306,0.7022558808,-6.815073851,-726.8150739,5.717177169,0.6972939676,-0.08333333584,270.6235893,257.0807448,-84.53767053,3.97166192e-13,-2.838394954e-09,0.3288370375,-6.192091384e-10,-30.42623109,0.03010845327,-115.337459,-2275.337459,1.062086227,-0.01288487781,-0.02721210911,48.72883251,48.6566947,-2.650505303,1.266758631e-11,-8.899205325e-11,0.05447359956,1.387288481e-09,
4752208000,-3.368614877,0.6785303159,-4.125437399,-724.1254374,5.221426463,0.6767722046,-0.04881365238,256.579828,252.4807033,-45.68043996,7.331526564e-13,-1.529871551e-09,0.1809264604,-6.124216614e-10,-30.61702248,0.02945431155,-120.8078905,-2280.80789,1.060696394,-0.01508535412,-0.02529799517,48.51481977,48.45273341,-2.453642706,1.364939395e-11,-8.217429985e-11,0.05063992334,1.137209734e-09,
4764206000,-3.636235485,0.6579429318,-1.361086089,-721.3610861,4.846977555,0.6577572952,-0.01562824968,241.9489389,241.5822903,-13.31488085,2.508951786e-12,-4.448021566e-10,0.05511530182,-5.973983357e-10,-30.81060714,0.02880511696,-124.8785836,-2284.878584,1.059318922,-0.01647189712,-0.02363072933,48.38039294,48.32636149,-2.285871002,1.46142954e-11,-7.636270751e-11,0.0473007057,9.263068369e-10,
4776204000,-3.829620248,0.6434561966,1.035005067,-718.9649949,4.609408945,0.6433512141,0.011622919,230.2714022,230.0904157,9.127938584,-3.650602562e-12,3.041655143e-10,0.03967109432,-5.738609006e-10,-30.9537471,0.02833431026,-128.4863059,-2288.486306,1.058321109,-0.01763322247,-0.02217887742,48.26806948,48.22057694,-2.140675135,1.556633953e-11,-7.133259578e-11,0.04439339532,7.08261467e-10,
4788202000,-3.994059721,0.6313890038,3.506358332,-716.4936417,4.42577411,0.6302070546,0.03861531329,219.2910525,217.504622,27.93394225,-1.189913624e-12,9.284957046e-10,0.1284291892,-5.435881498e-10,-31.18448788,0.02759151872,-131.5031442,-2291.503144,1.056748824,-0.01828382746,-0.02066382246,48.2051997,48.16402315,-1.992022157,1.668604856e-11,-6.621278156e-11,0.0413591313,4.480241263e-10,
4800200000,-4.124189503,0.6220002007,5.834169945,-714.1658301,4.291008101,0.618778404,0.06322607421,209.6131882,205.2923907,42.34055943,-7.83076529e-13,1.403839283e-09,0.2062451476,-5.186714301e-10,-31.59604747,0.02631465173,-132.7915081,-2292.791508,1.054051654,-0.01787639946,-0.01931049554,48.24439875,48.20840897,-1.863146689,1.779564567e-11,-6.177430217e-11,0.03864775314,1.227150374e-10,
4812198000,-4.228400836,0.6145821724,7.97887859,-712.0211214,4.189173558,0.6086325904,0.08530894734,201.081528,193.9245909,53.16985925,-6.220297162e-13,1.758499115e-09,0.2741780142,-4.812618262e-10,-31.84651155,0.02556668511,-132.4016908,-2292.401691,1.052474982,-0.01724023394,-0.01887934642,48.30578924,48.27134582,-1.823855092,1.813369527e-11,-6.032078343e-11,0.03778339015,-1.763855898e-10,
4824196000,-4.314543015,0.6085171874,10.00018061,-709.9998194,4.108781115,0.5992721109,0.1056697897,193.3709681,183.3218919,61.52572836,-5.362143395e-13,2.029793938e-09,0.335615827,-4.447867324e-10,-31.93756315,0.02530007696,-130.6872357,-2290.687236,1.051913571,-0.0164938663,-0.01918453202,48.37796416,48.34234724,-1.856038656,1.77749411e-11,-6.123253008e-11,0.03839363957,-4.628170928e-10,
4836194000,-4.360553298,0.6053023153,11.8168759,-708.1831241,4.067169323,0.5924742123,0.1239564464,187.4928206,174.6033091,68.31721791,-4.817106471e-13,2.248260291e-09,0.3912710377,-4.101739906e-10,-31.92642717,0.02533253441,-128.7459867,-2288.745987,1.051981902,-0.01585484401,-0.01975756112,48.43986054,48.40203821,-1.913840639,1.719533517e-11,-6.298283279e-11,0.03954049685,-7.328397704e-10,
4848192000,-4.407680404,0.6020270148,13.52096348,-706.4790365,4.025466739,0.5853415001,0.1407545907,181.7298073,166.2455668,73.40391249,-4.472198918e-13,2.40968087e-09,0.4415390672,-3.672592417e-10,-31.76917592,0.02579533687,-124.6241771,-2284.624177,1.05295671,-0.01465667912,-0.02122689713,48.55614492,48.51238888,-2.060906302,1.592876385e-11,-6.76547928e-11,0.04248206179,-9.542974316e-10,
4860190000,-4.406766579,0.6020903562,15.07676873,-704.9232313,4.026266719,0.5813653081,0.1566115436,177.7637703,159.5455611,78.39114727,-4.177340376e-13,2.567047499e-09,0.491340196,-3.361872856e-10,-31.24185615,0.02740988368,-119.6065192,-2279.606519,1.056364718,-0.01354160077,-0.02383121424,48.66468079,48.60941597,-2.318584768,1.41235511e-11,-7.592588497e-11,0.04769826426,-1.059739482e-09,
4872188000,-4.432028389,0.6003417965,16.30171169,-703.6982883,4.004276111,0.5762061993,0.1685131702,173.788677,153.7491021,81.0167753,-4.032005732e-13,2.646494811e-09,0.5269414534,-3.060194807e-10,-30.26098154,0.03068675197,-114.6475804,-2274.64758,1.063316481,-0.01279747137,-0.02789088513,48.73739338,48.66160175,-2.716988814,1.202287255e-11,-8.875318443e-11,0.05583434816,-9.254338576e-10,
4884186000,-4.416097711,0.6014438861,17.68693689,-702.3130631,4.018113962,0.5730140993,0.1827281865,170.4831962,147.9475828,84.71146883,-3.846677039e-13,2.760388118e-09,0.5725775795,-2.755092499e-10,-29.12512091,0.03497389118,-110.8477273,-2270.847727,1.072482787,-0.01244670242,-0.03268413473,48.77192731,48.66780483,-3.185226263,1.023028303e-11,-1.037930383e-10,0.06544832409,-6.16123147e-10,
4896184000,-4.415216042,0.6015049392,18.82479851,-701.1752015,4.018882784,0.5693302535,0.1940908406,167.3726617,142.9976314,86.97864852,-3.737229308e-13,2.827320594e-09,0.6082523723,-2.47854846e-10,-27.65626534,0.041417772,-109.0175333,-2269.017533,1.086414646,-0.01349629086,-0.03915714456,48.67035528,48.52127888,-3.806439149,8.539717612e-12,-1.237317891e-10,0.0784488628,-1.286881338e-10,
4908182000,-4.375959046,0.604229671,19.76523328,-700.2347667,4.053435928,0.5686321686,0.2043304973,165.7066961,139.3382897,89.68584137,-3.615560112e-13,2.908193906e-09,0.6436553912,-2.106748885e-10,-26.03355886,0.04992545791,-109.1155008,-2269.115501,1.105097981,-0.01634926614,-0.04717258573,48.39488851,48.17987058,-4.556896449,7.115907819e-12,-1.477639979e-10,0.09458091925,4.347457332e-10,
4920180000,-4.335069626,0.6070808293,20.61533589,-699.3846641,4.090105419,0.5682066073,0.2137484145,164.2483936,136.0104698,92.07978554,-3.512973237e-13,2.978540018e-09,0.6770051282,-1.778051785e-10,-24.35517113,0.06056775038,-112.7344932,-2272.734493,1.128945436,-0.02340709509,-0.05586197531,47.71978319,47.42256118,-5.317743773,6.082914787e-12,-1.720150904e-10,0.1121353137,1.009785058e-09,
4932178000,-4.29505524,0.6098839972,21.34148737,-698.6585126,4.126680233,0.5680630051,0.2219525,163.0569362,133.1541589,94.11447489,-3.428664308e-13,3.0369512e-09,0.7068083764,-1.41724166e-10,-22.77804369,0.07262695159,-118.3781901,-2278.37819,1.156629421,-0.03451881537,-0.06389933867,46.67643081,46.29591048,-5.947929515,5.425197795e-12,-1.91931918e-10,0.1284763482,1.593952636e-09,
4944176000,-4.276109865,0.6112157078,21.87662322,-698.1233768,4.144240753,0.56720106,0.2277445915,161.9078495,130.9492339,95.2179073,-3.380707345e-13,3.065101367e-09,0.7271360396,-1.03992045e-10,-21.34018721,0.08570193734,-126.1939107,-2286.193911,1.187470456,-0.05060869961,-0.06916344112,45.20480542,44.77219045,-6.239022022,5.159524641e-12,-2.008365388e-10,0.139350386,2.120263624e-09,
4956174000,-4.241807529,0.6136342949,22.19532139,-697.8046786,4.176442872,0.5681648743,0.2318096709,161.7161757,129.7685375,96.49999046,-3.32771647e-13,3.098852157e-09,0.7436316409,-8.158858431e-11,-20.12106763,0.09861582645,-136.8094308,-2296.809431,1.218809758,-0.07189895425,-0.06749534505,43.32090903,42.92393509,-5.851235359,5.488150585e-12,-1.878975659e-10,0.136316378,2.528444442e-09,
4968172000,-4.211865205,0.6157532883,22.43427268,-697.5657273,4.20498924,0.5691518005,0.2349858295,161.651203,128.8876326,97.56582194,-3.283415176e-13,3.125512329e-09,0.7569835833,-6.683594596e-11,-19.37599737,0.1074484442,-149.3089342,-2309.308934,1.240766919,-0.09239834159,-0.05484263511,41.56512207,41.3115545,-4.584194313,6.988122199e-12,-1.468542524e-10,0.1109663959,2.741954282e-09,
4980170000,-4.22910348,0.6145324578,22.82468234,-697.1753177,4.1885043,0.5664121875,0.2383849316,160.1103295,127.1005635,97.36921678,-3.282118728e-13,3.111699431e-09,0.7660801345,-7.487180109e-11,-19.02577866,0.1118693377,-161.4259759,-2321.425976,1.251920899,-0.1060423903,-0.03563369435,40.42356673,40.31870125,-2.909824273,1.098270204e-11,-9.299138716e-11,0.07217058544,2.703177072e-09,
4992168000,-4.230278857,0.6144493047,23.00535857,-696.9946414,4.187385276,0.5655811109,0.2401373671,159.5465719,126.3165812,97.46399303,-3.271046662e-13,3.107242437e-09,0.7715851088,-7.981071779e-11,-19.03360083,0.1117686379,-173.1019796,-2333.10198,1.251665597,-0.1109595997,-0.01342369718,40.01391401,39.99913438,-1.0874573,2.931694597e-11,-3.466914669e-11,0.02718702084,2.47669012e-09,
5004166000,-4.259042707,0.6124178841,23.52673981,-696.4732602,4.160196815,0.5615099611,0.2444631431,157.4134091,123.9793072,96.99542638,-3.278967917e-13,3.084889983e-09,0.782351737,-7.838121856e-11,-19.23083346,0.1092592781,176.7081986,-2343.291801,1.245322293,-0.1090790051,0.006273795731,40.16525541,40.16201709,0.5100250526,-6.235868014e-11,1.622108624e-11,0.01269918917,2.179026581e-09,
5016164000,-4.246181439,0.6133253679,23.80686813,-696.1931319,4.172307242,0.5611383021,0.2475718336,156.8486806,122.8540995,97.51091649,-3.253832303e-13,3.09386702e-09,0.7937131675,-8.886041969e-11,-19.50405038,0.1058759892,168.136388,-2351.863612,1.236826185,-0.1036144512,0.0217662719,40.61542666,40.57612147,1.786406915,-1.77610245e-11,5.667986352e-11,0.04402606387,1.855077585e-09,
5028162000,-4.289057812,0.6103052549,24.11667971,-695.8833203,4.132222144,0.5570349238,0.249368398,155.102732,121.4243506,96.5038058,-3.279944002e-13,3.054606777e-09,0.79476485,-8.335908743e-11,-19.86528014,0.1015631105,160.8957106,-2359.104289,1.226088469,-0.09596946252,0.03324045239,41.25231927,41.15956123,2.764844422,-1.144827812e-11,8.751481289e-11,0.067173807,1.578767737e-09,
5040160000,-4.274083646,0.611358307,24.62945379,-695.3705462,4.146128262,0.5557381469,0.2547824399,153.9107476,119.3828366,97.1403961,-3.250692867e-13,3.067437187e-09,0.813688122,-9.523678418e-11,-20.13752771,0.09842912281,154.7412669,-2365.258733,1.218350271,-0.08901832584,0.04200035572,41.83914394,41.68943798,3.53620221,-8.929738005e-12,1.116639276e-10,0.08482249657,1.346743375e-09,
5052158000,-4.304945131,0.6091899689,24.91570318,-695.0842968,4.117575908,0.5524917971,0.2566422263,152.5133243,118.1547291,96.43533625,-3.26668312e-13,3.0379415e-09,0.8161783876,-1.017675559e-10,-20.43195888,0.09514852413,149.3100596,-2370.68994,1.210307496,-0.08182220225,0.04856304008,42.4531939,42.25073537,4.141139043,-7.607174785e-12,1.304556882e-10,0.09801341934,1.194267231e-09,
5064156000,-4.285865939,0.6105295699,25.46412808,-694.5358719,4.13517804,0.5512194569,0.2624946971,151.3020663,116.0259666,97.10968196,-3.236313049e-13,3.051937165e-09,0.8369650761,-1.040771199e-10,-20.65338714,0.09275357189,144.8444049,-2375.155595,1.204472719,-0.0758345222,0.05340739969,42.96984439,42.72259197,4.603005785,-6.827654484e-12,1.446620372e-10,0.1077417257,1.094834026e-09,
5076154000,-4.267809896,0.6118000459,25.89715541,-694.1028446,4.151984122,0.5503627573,0.2672080304,150.391242,114.3568474,97.67311359,-3.21003901e-13,3.062389131e-09,0.8541081342,-1.037386253e-10,-20.77179932,0.09149766981,140.0522688,-2379.947731,1.201425284,-0.07014490572,0.05874960239,43.46646532,43.1645032,5.114613442,-6.130170117e-12,1.603607793e-10,0.1184911921,1.069982465e-09,
5088152000,-4.289557886,0.6102701188,26.38641878,-693.6135812,4.131759448,0.5466904263,0.2712179854,148.6311363,112.4481561,97.19375939,-3.218264053e-13,3.040173966e-09,0.864342847,-9.416589092e-11,-20.84532287,0.09072643714,135.7256887,-2384.274311,1.199558067,-0.06496065506,0.06333561155,43.92316891,43.56923301,5.564773278,-5.620986991e-12,1.74063427e-10,0.1277225439,1.087259125e-09,
5100150000,-4.273925709,0.6113694235,26.69493867,-693.3050613,4.146275463,0.5462042147,0.2746516483,148.0294424,111.2841569,97.61430354,-3.196860771e-13,3.046145491e-09,0.8771626282,-7.886685845e-11,-20.88274558,0.09033638779,130.7616484,-2389.238352,1.198614931,-0.05898187008,0.06842369443,44.45492315,44.03773394,6.076033362,-5.135905599e-12,1.896082947e-10,0.1379733428,1.063173431e-09,
5112148000,-4.25901367,0.6124199314,27.0988807,-692.9011193,4.160224072,0.5451895147,0.2789741303,147.1428461,109.7624893,97.99598505,-3.17693574e-13,3.050879087e-09,0.8928003151,-6.342117008e-11,-20.94003328,0.08974253561,126.0088321,-2393.991168,1.197180554,-0.05276053005,0.07259510429,45.01339551,44.53882634,6.519104547,-4.775609059e-12,2.029572918e-10,0.1463690241,9.926713214e-10,
5124146000,-4.256784841,0.6125771006,27.24416467,-692.7558353,4.162317465,0.5446201061,0.2804276096,146.7718041,109.2178982,98.04801483,-3.167815148e-13,3.0453516e-09,0.8977284537,-4.641575941e-11,-21.11163791,0.08798691783,121.9499784,-2398.050022,1.192950999,-0.04656080112,0.07465781612,45.57468516,45.06728049,6.781751751,-4.579907936e-12,2.10639844e-10,0.1504806076,8.032381197e-10,
5136144000,-4.235442559,0.6140841274,27.48147474,-692.5185253,4.182476653,0.5447909251,0.2833763635,146.4516934,108.3239733,98.55970428,-3.14400732e-13,3.054093523e-09,0.9098604981,-1.536463981e-11,-21.20980211,0.08699812533,118.6933968,-2401.306603,1.190576006,-0.0417697492,0.07631488624,46.01282966,45.47813642,6.994254849,-4.430385201e-12,2.167326758e-10,0.1537937875,6.135959095e-10,
5148142000,-4.214274113,0.6155825416,27.50605496,-692.493945,4.20267734,0.5459983414,0.284302087,146.724118,108.2189512,99.0788848,-3.120243625e-13,3.063026286e-09,0.9155409814,-1.041213271e-11,-21.29881312,0.08611114106,117.0723143,-2402.927686,1.18844992,-0.03919044592,0.07667618642,46.25000042,45.70770443,7.061748705,-4.377814498e-12,2.183141439e-10,0.1544979953,4.938163569e-10,
5160140000,-4.176338302,0.6182769914,27.29975646,-692.7002435,4.239401228,0.5494127944,0.2835701314,147.93135,108.9704543,100.0456117,-3.082908273e-13,3.085721246e-09,0.9180985098,-3.115455855e-12,-21.09669456,0.0881384223,115.1962014,-2404.803799,1.193315355,-0.03752222771,0.07975251665,46.40554368,45.81731878,7.365309492,-4.187623673e-12,2.271693041e-10,0.1607538304,4.758001349e-10,
5172138000,-4.148265585,0.6202784897,27.5598884,-692.4401116,4.267017921,0.5498940666,0.2869876657,147.6394995,107.9555879,100.7125258,-3.055389204e-13,3.099085198e-09,0.9329070206,-1.41690551e-12,-20.70291284,0.0922262092,113.0339205,-2406.966079,1.203192051,-0.03608590421,0.08487332432,46.54117236,45.87373859,7.85371452,-3.918094594e-12,2.416713335e-10,0.1712028442,6.395631044e-10,
5184136000,-4.134474333,0.6212641356,27.52184065,-692.4781593,4.280725138,0.550958627,0.2870778945,147.9743523,108.0842856,101.0653062,-3.037677393e-13,3.102743266e-09,0.9350601306,1.628617804e-11,-20.00093928,0.09998918673,110.4370237,-2409.562976,1.222195523,-0.03491398747,0.09369552253,46.65479815,45.84082688,8.6769108,-3.538169322e-12,2.663844553e-10,0.1892834704,8.964879093e-10,
5196134000,-4.105834331,0.6233160121,27.42561292,-692.5743871,4.309490354,0.5532612596,0.2870972476,148.725151,108.4178067,101.8074148,-3.008571794e-13,3.118309365e-09,0.9390285411,4.6015451e-11,-19.11248285,0.1107581919,105.6396426,-2414.360357,1.249107028,-0.02985887586,0.1066575108,47.13238638,46.07025771,9.949532686,-3.078485457e-12,3.047491286e-10,0.2159643375,1.256097735e-09,
5208132000,-4.109064246,0.6230842703,27.01517138,-692.9848286,4.306225882,0.5550972281,0.2830213337,149.8822396,110.0142027,101.791753,-3.002102771e-13,3.11064709e-09,0.9252601073,6.484339757e-11,-18.15010597,0.1237356093,99.53242893,-2420.467571,1.282416153,-0.02049133565,0.1220270715,48.02090293,46.61061554,11.55238666,-2.64524823e-12,3.530285793e-10,0.2478488328,1.687268623e-09,
5220130000,-4.106747349,0.6232504957,26.81945494,-693.1805451,4.308567037,0.5562091041,0.2811985293,150.5019155,110.7804207,101.8750458,-2.992753835e-13,3.106037037e-09,0.919612375,7.877893549e-11,-17.13465831,0.1390807693,91.35902876,-2428.640971,1.323098299,-0.003298620667,0.1390416466,49.67743797,47.79304193,13.55260069,-2.249656291e-12,4.132010873e-10,0.2835684891,2.115669857e-09,
5232128000,-4.107907842,0.6231672308,26.42453569,-693.5754643,4.307394057,0.5580595116,0.2773210758,151.6589433,112.3477803,101.8744882,-2.985907375e-13,3.098897499e-09,0.9067779349,8.738512654e-11,-16.24539695,0.1540742819,81.1384025,-2438.861597,1.364273786,0.02373486138,0.1522351494,52.37478409,49.99958792,15.59356327,-1.950726595e-12,4.743371481e-10,0.3118738356,2.540221851e-09,
5244126000,-4.11820326,0.6224290259,26.01958937,-693.9804106,4.297017348,0.5593421812,0.2730461803,152.6892527,113.9757491,101.6048055,-2.986983097e-13,3.083622902e-09,0.891459861,1.016374599e-10,-15.57436616,0.1664491924,69.14580329,-2450.854197,1.399373837,0.05925442532,0.155544999,56.14020835,53.46999711,17.10796312,-1.773979955e-12,5.192127148e-10,0.3199544426,2.886404807e-09,
5256124000,-4.159211246,0.6194973282,25.52790003,-694.4721,4.25620488,0.5590192368,0.2669727188,153.4159184,115.945401,100.4644614,-3.013991817e-13,3.042054496e-09,0.8664807795,1.003424389e-10,-15.22175261,0.1733454191,55.77939448,-2464.220606,1.41939021,0.09748613337,0.1433355787,60.55899467,58.07560861,17.16436775,-1.764114293e-12,5.197354499e-10,0.2955520942,3.087955475e-09,
5268122000,-4.214067978,0.6155971508,25.07276954,-694.9272305,4.202875068,0.5575896174,0.2608709848,153.7477959,117.7190641,98.89694982,-3.054790353e-13,2.987770295e-09,0.8401098887,4.912328874e-11,-15.22833406,0.1732141221,41.70257999,-2478.29742,1.419006001,0.1293230885,0.1152331153,64.62635726,62.87600452,14.93901294,-2.022285204e-12,4.513216957e-10,0.2375948194,3.04951201e-09,
5280120000,-4.265294084,0.6119772754,24.73091016,-695.2690898,4.154337294,0.5558483187,0.2560250618,153.7837061,118.9949184,97.41477126,-3.094222386e-13,2.936304928e-09,0.8186464812,2.680215037e-11,-15.58840988,0.1661802874,28.17129253,-2491.828707,1.398600045,0.1464945886,0.07845523215,67.0383206,66.18219143,10.67960516,-2.822416759e-12,3.219078264e-10,0.1613667504,2.959120919e-09,
5292118000,-4.376036175,0.6042243056,25.35719811,-694.6428019,4.05336742,0.5460105988,0.2587652169,149.9852252,116.2564034,94.7629486,-3.173598972e-13,2.849897091e-09,0.8151202497,6.211188325e-12,-16.28507741,0.1533720172,17.09137309,-2502.908627,1.362312657,0.1465986913,0.04507548524,67.13647262,66.8521707,6.171971195,-4.872666881e-12,1.856156126e-10,0.0923226745,2.755247297e-09,
5304116000,-4.396342666,0.6028133569,24.80685578,-695.1931442,4.035416057,0.5471901301,0.2529167943,151.13359,118.3285019,94.01982581,-3.19144729e-13,2.821152483e-09,0.7945661803,-8.597436124e-12,-17.17836,0.1383827637,4.178638926,-2515.821361,1.321216331,0.1380149025,0.01008344996,66.00936132,65.99541336,1.356907387,-2.211347075e-11,4.071527056e-11,0.02056063169,2.490745822e-09,
5316114000,-4.486331889,0.596600215,24.90065742,-695.0993426,3.957860848,0.5411397717,0.2511962659,149.2471854,117.6800354,91.79396285,-3.261457525e-13,2.748147036e-09,0.7800300413,-9.098181627e-12,-18.30605186,0.1215338923,-5.80451593,-2525.804516,1.276695689,0.1209107565,-0.0122912951,63.75169515,63.73185981,-1.590181955,1.882690909e-11,-4.760720302e-11,0.02495113055,2.171529007e-09,
5328112000,-4.533421757,0.5933745456,25.14485417,-694.8551458,3.918531239,0.5371442588,0.2521297219,147.767757,116.6118385,90.7578599,-3.291262638e-13,2.711009458e-09,0.7782902752,-5.316892411e-11,-19.53666023,0.1054792392,-14.17190604,-2534.171906,1.235834078,0.1022690329,-0.02582469375,61.38340073,61.29984393,-3.201721328,9.329605008e-12,-9.563796253e-11,0.05223049722,1.728285458e-09,
5340110000,-4.594366801,0.5892256714,25.38468688,-694.6153131,3.868853433,0.5323358737,0.2525973266,146.0915385,115.5359493,89.41018971,-3.333365316e-13,2.664752909e-09,0.773873329,-7.240495493e-11,-20.87015956,0.09046738187,-20.63056347,-2540.630563,1.198931583,0.08466586415,-0.03187536088,59.23939226,59.11739622,-3.799876184,7.84332991e-12,-1.132503034e-10,0.06427678529,1.345184076e-09,
5352108000,-4.641336614,0.5860479745,25.7130984,-694.2869016,3.831477748,0.5280162493,0.2542657447,144.4676841,114.2141098,88.46495848,-3.36142933e-13,2.630671024e-09,0.7745536752,-9.423110231e-11,-22.18968109,0.07771698528,-25.73308137,-2545.733081,1.16853175,0.07000951872,-0.03374310433,57.51873174,57.38661036,-3.896338371,7.632004148e-12,-1.1586491e-10,0.06789629753,9.751891102e-10,
5364106000,-4.671107769,0.5840427155,26.18022167,-693.8197783,3.80818602,0.5241261954,0.2576773658,142.818817,112.495514,87.98848687,-3.372072714e-13,2.610649868e-09,0.7821510718,-1.097059666e-10,-23.54815739,0.06646486554,-29.07506165,-2549.075062,1.142393924,0.05808921713,-0.03229893503,56.16032166,56.04247619,-3.636288183,8.159517641e-12,-1.078899706e-10,0.06488450244,6.441278759e-10,
5376104000,-4.683486073,0.5832109862,26.78213936,-693.2178606,3.798590974,0.5206478008,0.2627944479,141.1464658,110.4045901,87.93833798,-3.366465878e-13,2.603338994e-09,0.7965097999,-1.235894925e-10,-24.73915924,0.05794847853,-31.01023105,-2551.010231,1.123026134,0.04966621072,-0.02985454197,55.22127692,55.1224417,-3.302400045,8.964432236e-12,-9.776471794e-11,0.05991026418,3.742124442e-10,
5388102000,-4.68346157,0.5832126314,27.21942034,-692.7805797,3.798609916,0.5186284749,0.2667610887,140.0829449,108.9314209,88.07483752,-3.353763797e-13,2.601573941e-09,0.8085347351,-1.18674139e-10,-25.71381417,0.05179755873,-31.90283189,-2551.902832,1.109254219,0.04397330792,-0.02737398913,54.59598067,54.51390391,-2.992555012,9.870568806e-12,-8.839474877e-11,0.05489526153,2.773389446e-10,
5400100000,-4.602434405,0.5886786425,27.86258718,-692.1374128,3.862378196,0.5204337097,0.2751205154,139.7344392,106.8875749,90.00422117,-3.274578841e-13,2.652657673e-09,0.8420456846,-1.012941136e-10,-26.54985586,0.04704432124,-32.40083788,-2552.400838,1.098733493,0.03972046552,-0.02520818874,54.13360438,54.06463219,-2.731788812,1.078875193e-11,-8.051289661e-11,0.05052820489,3.768684995e-10,
5412098000,-4.574775912,0.5905561607,28.20293193,-691.7970681,3.88467479,0.5204449019,0.2790943979,139.3013781,105.767084,90.65427664,-3.243890477e-13,2.665893382e-09,0.8571123758,-6.771544746e-11,-26.99815904,0.04467782759,-34.36928102,-2554.369281,1.093534577,0.03687780648,-0.02522173006,53.82645444,53.75782983,-2.71715468,1.082281207e-11,-7.99040591e-11,0.05054435212,6.238680019e-10,
5424096000,-4.521323882,0.5942015849,28.47797175,-691.5220282,3.928555474,0.5223034895,0.2833277049,139.3992378,104.8606881,91.84978824,-3.194586153e-13,2.695075423e-09,0.8759220442,-2.552883119e-11,-27.46709319,0.04232971459,-37.91600935,-2557.916009,1.088401437,0.03339443728,-0.02601184915,53.452396,53.37995011,-2.782007233,1.054713511e-11,-8.163022979e-11,0.05211708193,9.832568012e-10,
5436094000,-4.436985777,0.599999255,28.37413794,-691.6258621,3.999990688,0.5279172463,0.2851359099,140.9123862,105.2063366,93.74394563,-3.123129158e-13,2.744583212e-09,0.8910484738,1.173760011e-11,-27.95671856,0.04000958735,-42.61854908,-2562.618549,1.083354139,0.02944217172,-0.02709106133,53.03123673,52.95331703,-2.87372328,1.018798337e-11,-8.413527528e-11,0.05426899468,1.42279852e-09,
5448092000,-4.327479439,0.6076115603,28.32831503,-691.671685,4.096990119,0.534845796,0.2883258273,142.6812657,105.3101397,96.26898803,-3.034515026e-13,2.81230297e-09,0.914147378,4.488296778e-11,-28.59836429,0.03716052027,-49.51101104,-2569.511011,1.07718944,0.0241283965,-0.02826171878,52.47047385,52.38662436,-2.965166703,9.852049479e-12,-8.662132318e-11,0.05660159896,1.842715118e-09,
5460090000,-4.241596903,0.6136491753,28.02427039,-691.9757296,4.176642243,0.5416979788,0.2883203255,144.8354439,106.3267159,98.34599789,-2.963900629e-13,2.866665512e-09,0.9249415543,6.737899683e-11,-29.82313866,0.03227327712,-59.29910613,-2579.299106,1.066699155,0.016477326,-0.02774999359,51.67402663,51.59446031,-2.866477507,1.016884885e-11,-8.355431219e-11,0.05555785426,2.277547887e-09,
5472088000,-4.199300274,0.6166446761,27.68359501,-692.316405,4.217092017,0.546055315,0.2864860373,146.4617354,107.5430843,99.42597724,-2.925278306e-13,2.891791168e-09,0.9245222777,1.018335969e-10,-32.03278566,0.02502422966,-69.37174359,-2589.371744,1.051333029,0.008816117179,-0.02341982382,50.88896128,50.83315924,-2.382499217,1.220771248e-11,-6.929466911e-11,0.04686899758,3.185866498e-09,
5484086000,-4.137629319,0.6210385141,27.24135419,-692.7586458,4.277581164,0.5521567872,0.2842740198,148.7397106,109.1622555,101.0302107,-2.872530284e-13,2.932021387e-09,0.9255049768,1.194258819e-10,-35.54005817,0.01671079424,-81.87501799,-2601.875018,1.033989581,0.002361784794,-0.01654305343,50.23667268,50.20918309,-1.661690425,1.74648861e-11,-4.822430666e-11,0.03309534875,-6.683113541e-09,
5496084000,-4.092040797,0.6243066488,26.52053404,-693.479466,4.323490537,0.5586136026,0.2787644789,151.6482965,111.9578865,102.2870349,-2.831041141e-13,2.962015721e-09,0.913620631,1.314696801e-10,-43.39460095,0.006765033519,-107.0263024,-2627.026302,1.013622222,-0.001980874049,-0.006468525065,49.80231246,49.79814496,-0.6442705832,4.494676793e-11,-1.865671049e-11,0.01293764223,-1.110237316e-08,
5508082000,-4.064644488,0.6262788935,26.02663176,-693.9733682,4.351584284,0.5627680693,0.2748042077,153.6295099,113.9481734,103.0429041,-2.804152604e-13,2.977404392e-09,0.9042962342,1.363899609e-10,-42.4373162,0.007553255755,103.8593665,-2416.140633,1.015221483,-0.001809303573,0.007333354831,49.8194061,49.81404797,0.7306498635,-3.954671618e-11,2.111198371e-11,0.01466754647,-1.087656956e-08,
5520080000,-4.054642204,0.6270005038,25.45168442,-694.5483156,4.361937537,0.5661488501,0.2694533564,155.581181,116.3336032,103.3053564,-2.790949123e-13,2.97849997e-09,0.8880095997,1.292229065e-10,-33.72537053,0.02059356209,77.53235585,-2442.467644,1.042053148,0.004445908068,0.02010792632,50.44639494,50.40561597,2.027964874,-1.421720847e-11,5.847028196e-11,0.04023291521,-6.123333924e-09,
5532078000,-4.042225923,0.6278974276,24.83024684,-695.1697532,4.374862063,0.5698520278,0.2636737492,157.7546999,118.9829396,103.5838086,-2.777409786e-13,2.980051107e-09,0.8705769832,1.321182393e-10,-29.63006739,0.03299868475,60.74039969,-2459.2596,1.068249514,0.01612868225,0.02878851862,51.63792801,51.55236161,2.971467915,-9.681904434e-12,8.548755221e-11,0.05763980197,3.992739082e-09,
5544076000,-4.042112835,0.6279056028,24.32797692,-695.6720231,4.374980153,0.5721489854,0.2586715765,159.3390638,121.162674,103.4820935,-2.774123237e-13,2.970681987e-09,0.854075683,1.35872048e-10,-27.02287536,0.04455087434,46.77514983,-2473.22485,1.093256403,0.03051125471,0.03246295952,53.14372849,53.03162785,3.449974618,-8.320991083e-12,9.903913908e-11,0.065055039,3.33527178e-09,
5556074000,-4.043736397,0.6277882459,23.73520717,-696.2647928,4.373285443,0.5746870479,0.2526912716,161.1866959,123.7787143,103.2471832,-2.774430807e-13,2.957537925e-09,0.8341271261,1.237305561e-10,-25.31154347,0.05425288364,33.00917923,-2486.990821,1.114730212,0.0454955623,0.02955552732,54.76203949,54.66605427,3.240907328,-8.838641062e-12,9.283649233e-11,0.05928555428,3.090643082e-09,
5568072000,-4.042561532,0.6278731672,23.06485716,-696.9351428,4.374511654,0.5776822215,0.2459836681,163.3552685,126.8053669,102.9822444,-2.775574804e-13,2.94359219e-09,0.8121284372,1.132566401e-10,-24.30734917,0.06090213832,19.3681026,-2500.631897,1.129703497,0.05745552984,0.02019734,56.09314398,56.04709492,2.272433079,-1.257836482e-11,6.495407339e-11,0.0405450645,2.890901231e-09,
5580070000,-4.025506225,0.629107248,22.78967214,-697.2103279,4.392394403,0.5799947251,0.2436843211,164.6156219,128.1294993,103.3495737,-2.759763047e-13,2.947739995e-09,0.8066024939,1.01300359e-10,-23.85237275,0.06417728824,7.697159048,-2512.302841,1.137156937,0.06359904073,0.008595716559,56.7913218,56.78286193,0.9802160126,-2.9097702e-11,2.795775388e-11,0.01726253273,2.58692649e-09,
5592068000,-4.03335443,0.6285390698,22.35480873,-697.6451913,4.384146319,0.5813020395,0.2390592002,165.8518396,130.118237,102.8400559,-2.767485689e-13,2.926914202e-09,0.7903585099,9.835218416e-11,-23.75034058,0.06493561696,-3.001899431,-2523.001899,1.138890152,0.06484651226,-0.003400617357,56.93423142,56.93290349,-0.3888536935,7.319163679e-11,-1.106710209e-11,0.006830034472,2.204327755e-09,
5604066000,-4.043625985,0.6277962262,21.90250831,-698.0974917,4.37340065,0.582481847,0.2341858226,167.0857273,132.1915355,102.1911845,-2.779095411e-13,2.902219952e-09,0.7730539185,1.073087941e-10,-24.02503867,0.06291411134,-11.674119,-2531.674119,1.134276083,0.06161268963,-0.01273035279,56.56466787,56.54619696,-1.445427342,1.964810293e-11,-4.104999947e-11,0.02556188425,1.783777939e-09,
5616064000,-4.015242064,0.6298511068,21.38438597,-698.615614,4.403231069,0.5864891435,0.2296582271,169.4510684,134.8224305,102.6478291,-2.760821412e-13,2.908960688e-09,0.7613557231,1.148276129e-10,-24.44020442,0.05997769603,-18.55180229,-2538.551802,1.127609091,0.05686103819,-0.01908261926,56.02657973,55.98552598,-2.144415109,1.32153669e-11,-6.077107821e-11,0.03830302692,1.312521715e-09,
5628062000,-4.007322422,0.6304256558,20.95739988,-699.0426001,4.41163106,0.5887208675,0.2254866907,171.0575204,136.9495024,102.4963858,-2.759006394e-13,2.898476677e-09,0.7484246674,1.235781355e-10,-24.96285293,0.05647514487,-23.05107141,-2543.051071,1.119710985,0.05196595493,-0.02211292646,55.47861053,55.42408723,-2.459020433,1.150003391e-11,-6.953819221e-11,0.04436736005,8.448418917e-10,
5640060000,-3.99482579,0.6313333196,20.34749988,-699.6525001,4.42495459,0.591938747,0.2195228466,173.4069127,140.0573565,102.2442871,-2.759925482e-13,2.885196913e-09,0.7300172563,1.324922302e-10,-25.42639133,0.05354025479,-25.65916719,-2545.659167,1.113137944,0.04826042792,-0.02318383016,55.06789109,55.00844974,-2.557945614,1.103176752e-11,-7.2181801e-11,0.04650095805,4.487737606e-10,
5652058000,-4.011934563,0.6300909935,19.75210851,-700.2478915,4.406735075,0.5930186946,0.212940104,174.9519341,142.902915,100.9303529,-2.78991987e-13,2.842073555e-09,0.7062861729,1.385703986e-10,-25.82902192,0.05111506343,-26.36597998,-2546.36598,1.107737116,0.04579785011,-0.0227003664,54.79700019,54.74031748,-2.491760874,1.130074719e-11,-7.016489572e-11,0.04551966429,1.382894576e-10,
5664056000,-4.034568915,0.6284511919,19.12567645,-700.8743235,4.382872873,0.5937620551,0.205906587,176.4231794,145.8464208,99.26711324,-2.830656694e-13,2.789317718e-09,0.6806276952,1.341251404e-10,-26.03560774,0.04991368261,-26.58624565,-2546.586246,1.10507189,0.04463589464,-0.02233859041,54.66969039,54.61493813,-2.44613571,1.148714347e-11,-6.873424091e-11,0.04478876647,-7.336941484e-11,
5676054000,-4.073084426,0.6256706441,18.57568984,-701.4243102,4.34288847,0.5930754914,0.199311857,177.1621834,148.1973671,97.07718377,-2.888394067e-13,2.722016679e-09,0.6550533632,1.387029139e-10,-26.05793161,0.04978556262,-25.57408662,-2545.574087,1.104788058,0.04490796427,-0.0214913236,54.69967417,54.64896432,-2.354793751,1.190750407e-11,-6.602774839e-11,0.04308944881,-1.488883333e-10,
5688052000,-4.105141373,0.6233657421,18.03908904,-701.960911,4.310191407,0.5927244943,0.1930350287,177.9851757,150.4941451,95.02754897,-2.944469404e-13,2.658925085e-09,0.6314368502,1.370290282e-10,-25.77684856,0.05142301922,-24.47059864,-2544.470599,1.108421394,0.04680389258,-0.02130076395,54.90786474,54.85784274,-2.343224169,1.194105601e-11,-6.556475032e-11,0.04271447894,-1.130340873e-10,
5700050000,-4.152049571,0.6200083258,17.2999186,-702.7000814,4.263273213,0.5919599067,0.1843740568,178.9569286,153.5209009,91.96148802,-3.036235658e-13,2.567718773e-09,0.5990160785,1.354609092e-10,-25.28745477,0.05440355271,-24.20835149,-2544.208351,1.115067168,0.04961932363,-0.02230850217,55.21825529,55.16305054,-2.468516248,1.131111652e-11,-6.89251082e-11,0.04474945138,-5.146092643e-12,
5712048000,-4.244828516,0.6134209075,16.80422836,-703.1957716,4.173585533,0.587226709,0.1773414843,177.7494215,154.5135146,87.86598123,-3.171082347e-13,2.448212137e-09,0.5686621101,1.255165744e-10,-24.68274538,0.05832607221,-24.82798386,-2544.827984,1.123877428,0.05293513949,-0.02449084944,55.58584144,55.51882585,-2.728689222,1.021113947e-11,-7.602953928e-11,0.04914890003,1.399483688e-10,
5724046000,-4.319043352,0.6082019838,16.26765219,-703.7323478,4.104671074,0.5838517638,0.1703724478,177.1273239,155.8039712,84.25681835,-3.299984962e-13,2.342729099e-09,0.5407873605,1.133286995e-10,-23.98400176,0.06321205541,-25.28425693,-2545.284257,1.134954887,0.0571563367,-0.02699846521,56.05742402,55.97522571,-3.034615977,9.162484996e-12,-8.437635426e-11,0.05421355498,3.172540593e-10,
5736044000,-4.408687408,0.6019572225,15.84451609,-704.1554839,4.024585579,0.5790865526,0.1643510335,175.6748565,156.1488392,80.49344823,-3.447046367e-13,2.23340863e-09,0.5154918129,1.099637318e-10,-23.21375982,0.06907358694,-26.95502687,-2546.955027,1.148397523,0.06156961205,-0.03131043411,56.55404135,56.44242221,-3.551417867,7.812785164e-12,-9.853929095e-11,0.06292107476,5.382113682e-10,
5748042000,-4.472862223,0.5975261121,15.33228281,-704.6677172,3.969266479,0.5762593143,0.157995751,175.1466405,157.1890856,77.25242417,-3.584165726e-13,2.139007539e-09,0.4914617567,8.468032352e-11,-22.39116067,0.07593499462,-29.99637555,-2549.996376,1.164349898,0.06576403602,-0.03796333725,57.02844936,56.86288048,-4.342448511,6.376252711e-12,-1.202360988e-10,0.07636701613,7.601655562e-10,
5760040000,-4.514982127,0.5946355828,14.89709232,-705.1029077,3.933832164,0.5746493618,0.1528711458,175.010628,158.2064257,74.8294513,-3.692513329e-13,2.067603187e-09,0.4729861696,7.945359637e-11,-21.53895098,0.08376304388,-34.09535254,-2554.095353,1.182841444,0.06936466307,-0.04695520245,57.43577277,57.1806236,-5.407797963,5.109450245e-12,-1.494221875e-10,0.0945739592,9.482067015e-10,
5772038000,-4.639114441,0.5861979266,14.91257394,-705.0874261,3.833228561,0.5664545615,0.1508550261,171.411792,155.7458856,71.59065276,-3.851541908e-13,1.974000564e-09,0.4596632037,6.675853288e-11,-20.74381643,0.09179291859,-38.13093351,-2558.130934,1.202140944,0.07220447267,-0.05667851471,57.75537618,57.38162943,-6.559884246,4.203342453e-12,-1.808785742e-10,0.1143202853,1.099034226e-09,
5784036000,-4.741829087,0.5793066924,14.33845888,-705.6615411,3.754057086,0.5612611261,0.143464951,169.8267861,155.9091636,67.33104771,-4.086709542e-13,1.852697505e-09,0.4318607462,4.64454452e-11,-19.96132963,0.1004462017,-43.36559909,-2563.365599,1.223324501,0.0730230902,-0.06897149938,57.83711906,57.28362268,-7.982412762,3.44710858e-12,-2.196460134e-10,0.1393489516,1.264687131e-09,
5796034000,-4.842967517,0.5726003698,14.16985555,-705.8301444,3.679461232,0.5551785894,0.1401710288,167.403133,154.5024234,64.44230065,-4.261065112e-13,1.769539428e-09,0.4170957273,3.061423911e-11,-19.15309995,0.1102414718,-49.09643503,-2569.096435,1.247800877,0.07218477542,-0.0833219077,57.72199918,56.9178066,-9.601691562,2.859838157e-12,-2.636555745e-10,0.1686939841,1.456716751e-09,
5808032000,-4.925557558,0.5671815852,14.2653971,-705.7346029,3.62087548,0.5496923856,0.1397613389,165.0041529,152.5582524,62.86771899,-4.358764729e-13,1.722736417e-09,0.4120899262,-4.433099688e-13,-18.4506402,0.1195275424,-55.92529094,-2575.925291,1.271507737,0.06696810565,-0.09900558681,57.10252282,55.98412393,-11.24615401,2.436616071e-12,-3.081734057e-10,0.2008811288,1.669529279e-09,
5820030000,-5.003086917,0.5621415077,14.28794748,-705.7120525,3.56768576,0.5447531598,0.1387338083,162.9455636,150.994862,61.25200701,-4.464518067e-13,1.675001622e-09,0.4056562337,-1.385759572e-11,-17.78821169,0.1289999125,-63.31092522,-2583.310925,1.296211021,0.05794013543,-0.1152558811,56.06456636,54.58492002,-12.79539396,2.137180713e-12,-3.499037287e-10,0.2344126172,1.884712903e-09,
5832028000,-5.035828836,0.5600264745,14.28898681,-705.7110132,3.545728059,0.5427010423,0.1382216728,162.1078143,150.3697286,60.5630925,-4.506013495e-13,1.652755361e-09,0.4027612011,-2.09535435e-11,-17.28799679,0.1366470186,-72.31417612,-2592.314176,1.316549596,0.04151300134,-0.1301886263,54.25571475,52.44115657,-13.91429771,1.961278376e-12,-3.797185575e-10,0.265331633,2.070162317e-09,
5844026000,-5.042714493,0.5595826947,14.45733487,-705.5426651,3.541147626,0.5418628465,0.1397048597,161.6172729,149.7048718,60.89822858,-4.47201583e-13,1.658489217e-09,0.4067885556,-2.244578466e-11,-16.94593768,0.1421356814,-81.60500619,-2601.605006,1.331371007,0.02075132493,-0.1406127108,52.07714948,50.05607163,-14.36729589,1.895540012e-12,-3.912758363e-10,0.2870240398,2.223632759e-09,
5856024000,-5.011564485,0.5615931162,14.63322451,-705.3667755,3.561972163,0.5433766296,0.1418755319,162.0687087,149.7184283,62.05367504,-4.379754592e-13,1.686493963e-09,0.4144691856,-3.249130434e-12,-16.74725828,0.1454243348,-91.48630393,-2611.486304,1.340342794,-0.003772014646,-0.1453754073,49.63196493,47.57748234,-14.13205991,1.923144043e-12,-3.840809378e-10,0.297032529,2.27338789e-09,
5868022000,-4.971684851,0.564177494,14.60057678,-705.3994232,3.589024139,0.5459583031,0.1422173548,163.1469737,150.5664908,62.82250285,-4.317309301e-13,1.703898156e-09,0.4172409313,8.844988288e-12,-16.79027817,0.144705851,-101.7473238,-2621.747324,1.338376806,-0.02946153555,-0.1416749845,47.19293759,45.33261852,-13.11972015,2.067301534e-12,-3.558385285e-10,0.2894101549,2.279392747e-09,
5880020000,-4.959122391,0.5649940581,14.28753538,-705.7124646,3.597638347,0.547518477,0.139433866,164.0823523,151.8372894,62.19691218,-4.351835835e-13,1.683488495e-09,0.4096287048,3.226273229e-11,-17.06958696,0.1401266218,-111.3400115,-2631.340012,1.325923852,-0.05099232608,-0.1305191665,45.2257561,43.70305553,-11.63666414,2.326016701e-12,-3.149704624e-10,0.266266603,2.171759069e-09,
5892018000,-4.875856106,0.5704363531,14.43915953,-705.5608405,3.655887467,0.5524179598,0.1422393426,165.9697529,152.9282569,64.48958909,-4.18857655e-13,1.741990076e-09,0.4216983204,4.911238126e-11,-17.50538069,0.1332695606,-120.9048299,-2640.90483,1.307522511,-0.06844905652,-0.1143481632,43.67141399,42.53374021,-9.903198628,2.727599342e-12,-2.67504786e-10,0.2328315962,1.943151829e-09,
5904016000,-4.789701746,0.576122601,14.01717426,-705.9828257,3.718345457,0.5589674946,0.139544227,169.1807955,156.1070395,65.21298807,-4.133695726e-13,1.757950758e-09,0.4177453387,7.209126653e-11,-18.18025107,0.123306919,-128.8097284,-2648.809728,1.281300085,-0.07728090105,-0.0960846429,42.88761561,42.09367807,-8.214002645,3.281842747e-12,-2.214254032e-10,0.1951362538,1.651246211e-09,
5916014000,-4.711115336,0.5813587765,13.67510671,-706.3248933,3.777360393,0.5648783757,0.1374425252,172.1300496,158.9707802,66.0079162,-4.075631553e-13,1.775771008e-09,0.4152204331,1.223441672e-10,-18.93474008,0.1130480293,-134.9775495,-2654.97755,1.254913531,-0.07990569987,-0.07996834407,42.64451349,42.09566366,-6.819797062,3.944750021e-12,-1.834688717e-10,0.1620071159,1.303397825e-09,
5928012000,-4.625493697,0.5871178916,13.11264997,-706.88735,3.843997741,0.5718093226,0.1331972871,175.8853778,162.9361425,66.23805237,-4.053251045e-13,1.77835562e-09,0.4065276822,1.596379776e-10,-19.73579328,0.1030885274,-139.9646254,-2659.964625,1.229874476,-0.07892946691,-0.06631277209,42.71434403,42.33566361,-5.675101112,4.730831217e-12,-1.523648053e-10,0.1340501277,9.645354725e-10,
5940010000,-4.54274254,0.59273814,12.24922811,-707.7507719,3.910845322,0.5792438427,0.1257579951,180.3769693,168.1770154,65.20998817,-4.108836255e-13,1.747217926e-09,0.3877461376,1.986027068e-10,-20.52967233,0.09408413217,-143.4760822,-2663.476082,1.207710529,-0.07560680695,-0.05599495217,42.9913241,42.71949425,-4.826878756,5.550940413e-12,-1.293300203e-10,0.1129900726,6.869469772e-10,
5952008000,-4.488721643,0.5964360946,11.28250794,-708.7174921,3.955844597,0.5849096295,0.1166907891,184.2846563,173.2667886,62.76507381,-4.260284298e-13,1.678319611e-09,0.3622452652,2.412778094e-10,-21.17977001,0.08729944841,-145.390956,-2665.390956,1.191299213,-0.07185152513,-0.04958378796,43.31192405,43.0972774,-4.306674529,6.20889869e-12,-1.151592101e-10,0.09992915538,5.142269089e-10,
5964006000,-4.417316413,0.6013595044,10.30107422,-709.6989258,4.01705176,0.5916666028,0.1075355045,188.9014562,179.0147433,60.31153983,-4.424677717e-13,1.609468483e-09,0.3369082274,2.551873823e-10,-21.61663302,0.08301725119,-147.0999659,-2667.099966,1.181066113,-0.06970290639,-0.04509289119,43.49632333,43.31807331,-3.933785448,6.783774304e-12,-1.049766548e-10,0.09081164389,4.094890731e-10,
5976004000,-4.447922444,0.5992442532,8.875994826,-711.1240052,3.99057098,0.5920680623,0.09246125966,190.6322885,183.1605221,52.8478248,-5.039438338e-13,1.407460997e-09,0.2885328356,2.585646182e-10,-21.94478908,0.07993933769,-149.2581336,-2669.258134,1.173769711,-0.06870618079,-0.04086267774,43.58116426,43.43448995,-3.572528653,7.454757686e-12,-9.514478145e-11,0.08225096362,3.809686892e-10,
5988002000,-4.47472336,0.5973980931,7.941355881,-712.0586441,3.967686356,0.5916690443,0.08253619569,191.2925664,185.2863397,47.55857744,-5.588681236e-13,1.264058143e-09,0.2566761129,2.585646182e-10,-22.24945197,0.07718402124,-150.3859833,-2670.385983,1.167279334,-0.0671017864,-0.03814083634,43.720372,43.59220645,-3.345215118,7.945370326e-12,-8.891238209e-11,0.07673883455,3.809686892e-10,
6000000000,-4.545830729,0.5925274348,6.878302193,-713.1216978,3.90830591,0.5882628764,0.07096160396,190.2607989,185.8673398,40.65099743,-6.525257811e-13,1.078301197e-09,0.2187097393,2.585646182e-10,-22.47734014,0.0751853097,-151.9754995,-2671.9755,1.162595405,-0.06636958849,-0.03532574864,43.78342469,43.67332002,-3.103126902,8.548095094e-12,-8.231299758e-11,0.07105314872,3.809686892e-10,
