Frequency,S11_Magnitude,S11_Magnitude (linear),S11_Phase,S11_Unwrapped Phase,S11_VSWR,S11_Real,S11_Imaginary,S11_Impedance (absolute),S11_Resistance,S11_Reactance,S11_Capacitance,S11_Inductance,S11_Quality Factor,S11_Group delay,S21_Magnitude,S21_Magnitude (linear),S21_Phase,S21_Unwrapped Phase,S21_VSWR,S21_Real,S21_Imaginary,S21_Impedance (absolute),S21_Resistance,S21_Reactance,S21_Capacitance,S21_Inductance,S21_Quality Factor,S21_Group delay,
1000000,-34.96637633,0.01785176592,-87.8230912,-87.8230912,1.036352488,0.0006781008552,-0.01783888241,50.0678345,50.03597886,-1.785740976,8.912543602e-08,-2.842095034e-07,0.03568913843,2.677729491e-09,-0.04772159197,0.9945209139,-1.10748778,-1.10748778,364.0243809,0.9943351322,-0.01922220421,4976.227076,1360.631338,-4786.597776,3.325011846e-11,-0.0007618106967,3.517924101,2.38105576e-09,
12998000,-13.84889068,0.20302778,-105.7337481,-105.7337481,1.509497759,-0.05505452319,-0.195420774,44.96462791,41.63794403,-16.97349052,7.21393852e-10,-2.078331219e-07,0.4076447797,2.677729491e-09,-0.2542497341,0.9711526807,-12.96359459,-12.96359459,68.3305322,0.9464007187,-0.217860526,436.4817626,56.48280274,-432.8117629,2.829075538e-11,-5.299594668e-06,7.662717534,2.38105576e-09,
24996000,-8.709898647,0.3668639752,-117.0834085,-117.0834085,2.158878853,-0.1670284368,-0.3266353894,36.91482926,29.46287922,-22.2405793,2.862882478e-10,-1.41610583e-07,0.7548678164,2.677729491e-09,-0.7390398046,0.9184341206,-23.86050684,-23.86050684,23.52005686,0.8399383083,-0.3715169878,232.0064102,47.81054477,-227.0267081,2.804611198e-11,-1.445528197e-06,4.748465202,2.38105576e-09,
36994000,-5.996780639,0.5013730294,-126.6965511,-126.6965511,3.011014482,-0.2996089322,-0.4020067194,29.68182974,20.22662938,-21.72313239,1.980461437e-10,-9.345688217e-08,1.073986772,2.11754265e-09,-1.402306809,0.8509120219,-33.72162466,-33.72162466,12.41489787,0.7077415241,-0.4723909441,159.487637,44.71437956,-153.0912493,2.810208042e-11,-6.586265088e-07,3.423758773,2.111090959e-09,
48992000,-4.347973718,0.6061795963,-135.1710069,-135.1710069,4.078457035,-0.4299111066,-0.4273524814,23.87026669,14.19999858,-19.1872268,1.693100561e-10,-6.233144165e-08,1.35121329,1.828397927e-09,-2.132367113,0.7823149764,-42.15070537,-42.15070537,8.187586575,0.5799944291,-0.5249982711,123.81819,42.91585855,-116.1429002,2.797063308e-11,-3.773007158e-07,2.706293293,1.846610155e-09,
60990000,-3.284413978,0.6851399649,-142.421247,-142.421247,5.352028766,-0.542984281,-0.4178335101,19.36846319,10.38166772,-16.35109604,1.595932904e-10,-4.266859747e-08,1.574997051,1.583373406e-09,-2.899352,0.7161968392,-49.41046013,-49.41046013,6.047137862,0.4659831538,-0.543872791,102.570737,41.91789095,-93.61434991,2.787526935e-11,-2.442890069e-07,2.233279103,1.607434447e-09,
72988000,-2.570671822,0.7438175291,-148.7078736,-148.7078736,6.806935398,-0.6356145525,-0.3863400798,15.79979767,7.908240258,-13.67820684,1.594187874e-10,-2.982619378e-08,1.729614478,1.368055635e-09,-3.667061093,0.6556120774,-55.89622065,-55.89622065,4.807404583,0.367597505,-0.5428621099,88.27215529,41.04134644,-78.15101587,2.790191688e-11,-1.704132252e-07,1.904202046,1.410341824e-09,
84986000,-2.062960536,0.788591285,-154.1232832,-154.1232832,8.460347933,-0.709523343,-0.3441697844,12.91317066,6.217253735,-11.31793852,1.654647213e-10,-2.119532466e-08,1.820408014,1.19581247e-09,-4.424385645,0.6008702718,-61.5636643,-61.5636643,4.010902118,0.2861235878,-0.5283733302,78.27730867,40.50181358,-66.98462621,2.795745306e-11,-1.254434186e-07,1.653867328,1.242665854e-09,
96984000,-1.690269762,0.8231642711,-158.8650655,-158.8650655,10.30993161,-0.7677931908,-0.2968047056,10.5115362,5.016836918,-9.237085067,1.77658134e-10,-1.515845653e-08,1.84121693,1.058383279e-09,-5.149003413,0.5527768279,-66.53240945,-66.53240945,3.472040191,0.2201324647,-0.5070541583,71.02119144,40.12712076,-58.59883799,2.800470714e-11,-9.616323028e-08,1.460329993,1.090258804e-09,
108982000,-1.399698124,0.8511676198,-163.1678954,-163.1678954,12.437936,-0.8147013808,-0.2464710471,8.418764533,4.107376191,-7.348813312,1.987230038e-10,-1.073204717e-08,1.789174638,9.511124621e-10,-5.837342214,0.5106612328,-70.92947457,-70.92947457,3.087148074,0.1668492368,-0.4826346722,65.5723686,39.86861755,-52.05985842,2.805190602e-11,-7.602708525e-08,1.305785393,9.546119681e-10,
120980000,-1.184043349,0.8725650881,-167.0428361,-167.0428361,14.69428636,-0.850347812,-0.1956487452,6.619183609,3.446355508,-5.651214503,2.327902353e-10,-7.434441417e-09,1.639765396,8.656532572e-10,-6.490684593,0.4736589745,-74.75898076,-74.75898076,2.799817804,0.1245154649,-0.456999697,61.45453771,39.76365037,-46.85629429,2.807621845e-11,-6.164168335e-08,1.17837004,8.33557792e-10,
132978000,-1.00656731,0.8905773273,-170.5750031,-170.5750031,17.27774767,-0.8785552566,-0.1458377078,5.03614004,2.91349475,-4.107828482,2.913587284e-10,-4.916461432e-09,1.409931657,7.932980123e-10,-7.107526424,0.4411879871,-78.06656055,-78.06656055,2.579021127,0.09122675013,-0.4316532405,58.32047594,39.78257554,-42.645335,2.806524285e-11,-5.104014096e-08,1.071960134,7.39058703e-10,
144976000,-0.8713517126,0.9045496593,-173.8565057,-173.8565057,19.95330393,-0.8993548221,-0.0968038744,3.671324699,2.513048775,-2.676417549,4.101759094e-10,-2.938176545e-09,1.065008199,7.353487717e-10,-7.683376158,0.4128869839,-80.96571395,-80.96571395,2.406499166,0.06483377438,-0.4077649362,55.88307123,39.8500131,-39.17772461,2.802107609e-11,-4.300938453e-08,0.9831295291,6.701366049e-10,
156974000,-0.7641284993,0.9157851039,-176.8934418,-176.8934418,22.74876764,-0.9144393337,-0.04962923996,2.582461379,2.199534272,-1.35320204,7.492551947e-10,-1.372002967e-09,0.6152220757,6.855302405e-10,-8.233352893,0.3875541175,-83.78711535,-83.78711535,2.265594654,0.0419422372,-0.3852778773,53.7897632,39.84764476,-36.13175656,2.80610121e-11,-3.663375883e-08,0.9067476077,6.145710971e-10,
168972000,-0.6761640036,0.9251066436,-179.7645029,-179.7645029,25.70463838,-0.9250988293,-0.003802362223,1.947886381,1.945182426,-0.1025996153,9.180358788e-09,-9.663870899e-11,0.05274549776,6.445981501e-10,-8.747426488,0.3652823395,-86.37124154,-86.37124154,2.151007329,0.02311924929,-0.3645499799,52.08311521,39.85350625,-33.53131267,2.809020002e-11,-3.158318633e-08,0.8413641817,5.628430046e-10,
180970000,-0.6057851251,0.9326329257,177.5740103,-182.4259897,28.6880935,-0.9317970369,0.03947728683,2.039234424,1.743663778,1.05740894,-8.317074036e-10,9.29943414e-10,0.6064293778,6.092179073e-10,-9.221747188,0.3458697983,-88.63632,-88.63632,2.057495273,0.008231168187,-0.3457718398,50.74065641,39.90224559,-31.3436598,2.805846061e-11,-2.756533343e-08,0.7855111746,5.094807968e-10,
192968000,-0.5491967783,0.938728841,174.9887688,-185.0112312,31.641785,-0.9351406387,0.08199891908,2.698914481,1.583211798,2.185767549,-3.773382771e-10,1.802763722e-09,1.380590741,5.782337251e-10,-9.661285722,0.3288029565,-90.69649429,-90.69649429,1.979750908,-0.003996869292,-0.3287786629,49.64059964,39.95540374,-29.45767887,2.799859977e-11,-2.429592059e-08,0.7372639523,4.636932351e-10,
204966000,-0.5073533379,0.9432619874,172.5730087,-187.4269913,34.24973659,-0.9353483763,0.1219286341,3.558421616,1.466009633,3.242403453,-2.394811046e-10,2.517707996e-09,2.211720429,5.523431874e-10,-10.06323347,0.3139339803,-92.62744005,-92.62744005,1.915171343,-0.01439117602,-0.313603951,48.7067101,39.98119192,-27.81812181,2.791325618e-11,-2.160061471e-08,0.6957802025,4.312163462e-10,
216964000,-0.4671320567,0.9476400286,170.248231,-189.751769,37.19711788,-0.9339474168,0.1605112037,4.472095771,1.353964929,4.262208296,-1.72106702e-10,3.126562558e-09,3.147945862,5.289816878e-10,-10.42430373,0.3011513495,-94.3897861,-94.3897861,1.861849985,-0.02305051158,-0.3002678957,47.92944961,39.99442898,-26.41359103,2.777186231e-11,-1.937581155e-08,0.6604317578,4.086665161e-10,
228962000,-0.4363315411,0.9510063635,168.0156547,-191.9843453,39.82162791,-0.9302785817,0.1974711719,5.396391387,1.269424323,5.244959666,-1.325301132e-10,3.645850653e-09,4.131762384,5.107069784e-10,-10.73969055,0.2904126117,-96.1023948,-96.1023948,1.818539384,-0.03087249614,-0.2887669892,47.22950717,39.94733953,-25.19596024,2.75883551e-11,-1.751409237e-08,0.6307293685,3.993312972e-10,
240960000,-0.4106088961,0.9538268756,165.8433456,-194.1566544,42.31524072,-0.9248597766,0.2332811653,6.320036305,1.199816002,6.205102776,-1.064452284e-10,4.098492609e-09,5.171711966,4.951378818e-10,-11.01061248,0.2814941513,-97.78474247,-97.78474247,1.783554238,-0.03812887181,-0.2788998859,46.58349282,39.84265131,-24.13679638,2.736500617e-11,-1.594244047e-08,0.6058029672,4.040214369e-10,
252958000,-0.3847240483,0.9566736178,163.7460192,-196.2539808,45.16125092,-0.9184357657,0.2677688467,7.225377092,1.129709772,7.136513851,-8.816284568e-11,4.490118739e-09,6.317121469,4.825024196e-10,-11.24769617,0.2739146065,-99.55408029,-99.55408029,1.754496948,-0.04546392637,-0.2701152403,45.93552042,39.66573112,-23.16682566,2.715846265e-11,-1.457599609e-08,0.5840513965,4.191670898e-10,
264956000,-0.3654530302,0.9587985057,161.689853,-198.310147,47.54192869,-0.9102543986,0.3012167066,8.126299616,1.079006267,8.054346089,-7.457891933e-11,4.838120267e-09,7.464596205,4.719144012e-10,-11.46029667,0.2672915112,-101.3893519,-101.3893519,1.729598511,-0.05278343372,-0.2620279776,45.29400674,39.445458,-22.26214026,2.698233054e-11,-1.337252097e-08,0.5643777862,4.417659811e-10,
276954000,-0.3430449967,0.9612752268,159.6720858,-200.3279142,50.64652582,-0.9014068114,0.333939848,9.018095621,1.01895246,8.960345111,-6.413391512e-11,5.149169957e-09,8.793683183,4.616413733e-10,-11.65435506,0.2613859544,-103.3525902,-103.3525902,1.707774124,-0.06036522881,-0.254319988,44.63547014,39.17728328,-21.38844711,2.686786983e-11,-1.229112807e-08,0.5459400276,4.607695901e-10,
288952000,-0.3258798124,0.9631767915,157.6886602,-202.3113398,53.31357239,-0.8910681753,0.3656597307,9.904504565,0.9743055452,9.856466881,-5.588215683e-11,5.428948149e-09,10.11640232,4.519241846e-10,-11.83711606,0.2559435543,-105.4260423,-105.4260423,1.687968113,-0.06807952531,-0.2467230861,43.97109556,38.8832162,-20.53174964,2.682677501e-11,-1.13089006e-08,0.5280363006,4.774420221e-10,
300950000,-0.3031369256,0.9657020509,155.7768239,-204.2231761,57.31252453,-0.8806760681,0.39621978,10.76498212,0.9125714581,10.72623202,-4.93035961e-11,5.67247997e-09,11.75385437,4.418272966e-10,-12.02506393,0.25046486,-107.4866995,-107.4866995,1.668320527,-0.07526078245,-0.2388900599,43.35525775,38.62617354,-19.6900252,2.685836132e-11,-1.041290859e-08,0.5097586273,4.823462403e-10,
312948000,-0.2888255427,0.96729451,153.8775485,-206.1224515,60.15181265,-0.868490324,0.4258910965,11.629359,0.8759549396,11.59632242,-4.385586381e-11,5.897503849e-09,13.23849195,4.323133493e-10,-12.21647623,0.2450057002,-109.6333262,-109.6333262,1.649026623,-0.08232178348,-0.2307616023,42.75283741,38.37650808,-18.8427369,2.699006727e-11,-9.582789216e-09,0.49099665,4.780495929e-10,
324946000,-0.26961548,0.9694361848,152.0357626,-207.9642374,64.43685686,-0.8562452552,0.4545883625,12.47389166,0.8240496754,12.44664273,-3.93510851e-11,6.096227423e-09,15.10423838,4.250736102e-10,-12.41356945,0.239508829,-111.6658906,-111.6658906,1.629879315,-0.08842511722,-0.2225881349,42.23211559,38.1876634,-18.03479836,2.715799133e-11,-8.833244005e-09,0.4722676581,4.697851918e-10,
336944000,-0.2503604564,0.9715876308,150.2227788,-209.7772212,69.39187696,-0.8433020803,0.4825185235,13.3127451,0.77146589,13.2903733,-3.554063841e-11,6.277685926e-09,17.22742829,4.186442662e-10,-12.61274583,0.2340791376,-113.660597,-113.660597,1.611235831,-0.09394016407,-0.2144021647,41.7617986,38.03119064,-17.2533,2.737727576e-11,-8.149567821e-09,0.453661842,4.568129229e-10,
348942000,-0.2295585931,0.9739172774,148.424149,-211.575851,75.6791118,-0.8297265921,0.5099692595,14.15252476,0.7134921381,14.13452815,-3.226900471e-11,6.446859432e-09,19.81034885,4.126222437e-10,-12.81216112,0.2287662451,-115.618733,-115.618733,1.593247491,-0.09891408211,-0.2062765116,41.33751304,37.90172332,-16.49998043,2.76428907e-11,-7.525759142e-09,0.4353358894,4.384397977e-10,
360940000,-0.2154358512,0.9755020973,146.6421463,-213.3578537,80.63964165,-0.81479063,0.5363959088,14.99339872,0.6756932424,14.97816557,-2.943923298e-11,6.604557791e-09,22.16710873,4.082541236e-10,-13.02114868,0.223327686,-117.5224196,-117.5224196,1.575088572,-0.1031987549,-0.1980537107,40.96989456,37.81522497,-15.76518382,2.796958861e-11,-6.951590109e-09,0.4169004372,4.123040022e-10,
372938000,-0.1995752297,0.9772850124,144.9149238,-215.0850762,87.04759389,-0.7997117993,0.5617357329,15.81609025,0.6317890453,15.8034665,-2.70041887e-11,6.744284066e-09,25.01383431,4.040249229e-10,-13.23107284,0.2179949123,-119.2037006,-119.2037006,1.557528118,-0.1063632138,-0.1902857024,40.69414906,37.78931051,-15.09906548,2.826398706e-11,-6.443674036e-09,0.3995591684,3.85248705e-10,
384936000,-0.1811922353,0.9793555487,143.1605721,-216.8394279,95.87833167,-0.783796819,0.5871965917,16.65995926,0.5793284213,16.64988352,-2.483249764e-11,6.884030759e-09,28.73997358,3.995301779e-10,-13.42589048,0.2131598844,-120.7723953,-120.7723953,1.541812447,-0.1090587711,-0.1831483573,40.45848716,37.77291478,-14.49469187,2.852480045e-11,-5.992949114e-09,0.3837324167,3.586372578e-10,
396934000,-0.1673447334,0.9809181341,141.4394523,-218.5605477,103.8115528,-0.7670288104,0.6114468004,17.49695892,0.540572438,17.48860637,-2.292696817e-11,7.012244231e-09,32.35201268,3.950470509e-10,-13.60901168,0.2087129593,-122.3137302,-122.3137302,1.527527809,-0.1115685332,-0.1763903676,40.23950414,37.75322829,-13.92520905,2.879387449e-11,-5.58346187e-09,0.3688481669,3.300714422e-10,
408932000,-0.1568568228,0.9821032741,139.7514685,-220.2485315,110.752284,-0.7495893714,0.6345412636,18.3268781,0.5120694907,18.31972286,-2.124467715e-11,7.129973808e-09,35.77585307,3.915665177e-10,-13.79775543,0.2042265631,-123.7126785,-123.7126785,1.513278161,-0.1133515648,-0.1698820526,40.07930028,37.77525753,-13.39329048,2.905907239e-11,-5.212623088e-09,0.3545519306,2.949169473e-10,
420930000,-0.1439299306,0.9835659907,138.0878815,-221.9121185,120.6988477,-0.7319405763,0.6570122151,19.15360271,0.475010951,19.14771165,-1.97466475e-11,7.23980937e-09,40.31004255,3.906529113e-10,-13.97013296,0.2002134974,-124.8619139,-124.8619139,1.500667358,-0.1144421491,-0.1642815847,39.97685719,37.82259431,-12.94606003,2.920603732e-11,-4.89494559e-09,0.3422837663,2.541586878e-10,
432928000,-0.1374955998,0.9842948663,136.3799303,-223.6200697,126.3468944,-0.7125608341,0.6790386157,20.0125446,0.4591043208,20.00727779,-1.837453911e-11,7.355165659e-09,43.57893596,3.906594662e-10,-14.12993397,0.1965636924,-125.8674479,-125.8674479,1.489307467,-0.1151690347,-0.1592902339,39.90519977,37.87948723,-12.55266569,2.928656887e-11,-4.614667551e-09,0.3313842559,2.201455904e-10,
444926000,-0.1288803784,0.9852716373,134.6885248,-225.3114752,134.7924192,-0.6928945748,0.700469348,20.87327874,0.4355633966,20.86873378,-1.714100365e-11,7.464976508e-09,47.91204667,3.904370235e-10,-14.24553773,0.193964885,-126.7252582,-126.7252582,1.481281476,-0.1159868394,-0.1554652042,39.82997895,37.90093783,-12.24524947,2.921222985e-11,-4.380260948e-09,0.3230856588,1.969119959e-10,
456924000,-0.121965828,0.9860562919,133.0143088,-226.9856912,142.4338686,-0.6726688508,0.7209879527,21.73592905,0.4173591761,21.73192175,-1.602795185e-11,7.569623764e-09,52.07007055,3.896735001e-10,-14.31895372,0.1923323394,-127.5353585,-127.5353585,1.476266041,-0.1171786527,-0.1525152194,39.72798119,37.87348106,-11.99632951,2.903539745e-11,-4.178539847e-09,0.3167474755,1.844339914e-10,
468922000,-0.1195141148,0.9863346593,131.3386581,-228.6613419,145.3556626,-0.6514823319,0.7405584591,22.61060283,0.4143074704,22.60680671,-1.501344309e-11,7.67288597e-09,54.56528863,3.894831886e-10,-14.36441433,0.1913283312,-128.2805488,-128.2805488,1.473191627,-0.118530307,-0.1501902015,39.61537179,37.81967188,-11.79195068,2.878285493e-11,-4.002258883e-09,0.3117941034,1.812410844e-10,
480920000,-0.1209507459,0.9861715347,129.6393189,-230.3606811,143.6292092,-0.6291306943,0.7594266688,23.50971401,0.4250609884,23.50587109,-1.407897193e-11,7.778997704e-09,55.29999631,3.886663605e-10,-14.36164221,0.1913894039,-129.0729128,-129.0729128,1.473378422,-0.1206344356,-0.148584107,39.44608736,37.69352138,-11.62722039,2.846239153e-11,-3.847894869e-09,0.3084673432,1.963252965e-10,
492918000,-0.1223920047,0.9860079118,127.964585,-232.035415,141.9379211,-0.6065667094,0.7773599097,24.40815874,0.436191334,24.40426091,-1.323060777e-11,7.87972595e-09,55.94852305,3.859760182e-10,-14.30927533,0.1925467683,-129.870636,-129.870636,1.476923643,-0.1234333336,-0.1477784495,39.22546331,37.4988336,-11.50975458,2.805300509e-11,-3.716306435e-09,0.3069363358,2.295464204e-10,
504916000,-0.1180760319,0.9864979757,126.3075511,-233.6924489,147.1259367,-0.584124578,0.7949696431,25.30960131,0.4269037679,25.30600071,-1.245596797e-11,7.976723064e-09,59.27799801,3.85699475e-10,-14.21580123,0.1946300698,-130.9802345,-130.9802345,1.483330858,-0.1276381343,-0.1469332187,38.89695025,37.20039551,-11.36236386,2.774165114e-11,-3.581539054e-09,0.3054366412,2.804442879e-10,
516914000,-0.1137347281,0.9869911615,124.6688495,-235.3311505,152.7416276,-0.5614326079,0.8117542606,26.21416674,0.4173120296,26.21084486,-1.174683361e-11,8.070173225e-09,62.80874502,3.876399842e-10,-14.09944618,0.1972548503,-132.2842643,-132.2842643,1.491450743,-0.1327149087,-0.1459322753,38.50340735,36.84204443,-11.1882143,2.751953307e-11,-3.4447889e-09,0.3036806037,3.434625877e-10,
528912000,-0.1158652672,0.9867490947,122.9574665,-237.0425335,149.9330842,-0.5368075897,0.8279561508,27.17368756,0.4319613994,27.17025405,-1.107498157e-11,8.175802849e-09,62.89972689,3.885032419e-10,-13.9658955,0.2003111965,-133.9226857,-133.9226857,1.500972867,-0.1389532868,-0.1442794493,38.02303402,36.41322989,-10.94658874,2.748893467e-11,-3.293938704e-09,0.3006211966,4.017902996e-10,
540910000,-0.1103368033,0.9873773485,121.2679992,-238.7320008,157.4453161,-0.5124901152,0.8439596615,28.13608717,0.4181142636,28.13298032,-1.045874029e-11,8.277722508e-09,67.28538768,3.914034352e-10,-13.83176624,0.203428449,-135.8169659,-135.8169659,1.510760016,-0.1458820019,-0.1417800247,37.49309503,35.95315322,-10.63498699,2.766675079e-11,-3.129191084e-09,0.2958012313,4.547903165e-10,
552908000,-0.10891571,0.987538906,119.6177049,-240.3822951,159.4995515,-0.4880521203,0.8585093003,29.09184925,0.4195879085,29.08882327,-9.895576597e-12,8.373237521e-09,69.32712473,3.921774819e-10,-13.71519713,0.2061769655,-137.8911078,-137.8911078,1.519453219,-0.1529568729,-0.1382502662,36.95484795,35.50411411,-10.25273956,2.80754892e-11,-2.951258041e-09,0.2887760987,4.900468867e-10,
564906000,-0.1097128416,0.9874482806,117.8858252,-242.1141748,158.3407192,-0.4618405798,0.8727871365,30.11231371,0.4302892624,30.10923925,-9.357162282e-12,8.482887877e-09,69.97441461,3.936398803e-10,-13.61453275,0.208580336,-140.1218868,-140.1218868,1.527104255,-0.1600666623,-0.1337326444,36.41675643,35.0713857,-9.807041045,2.872803698e-11,-2.763006694e-09,0.2796308401,5.100105694e-10,
576904000,-0.103736767,0.9881278995,116.1789317,-243.8210683,167.462186,-0.4359382068,0.8867663873,31.13623118,0.4143432332,31.13347413,-8.861127711e-12,8.589030937e-09,75.1393329,3.943182503e-10,-13.53240844,0.2105617969,-142.3534738,-142.3534738,1.533447193,-0.1667215512,-0.1286086882,35.91553461,34.68130488,-9.334490756,2.955465891e-11,-2.575177751e-09,0.2691505059,5.164302922e-10,
588902000,-0.1068794922,0.9877704401,114.4861815,-245.5138185,162.538183,-0.4094049352,0.8989316111,32.17082417,0.4349535675,32.16788372,-8.401457063e-12,8.69359877e-09,73.95705225,3.916289488e-10,-13.47493099,0.2119597754,-144.6001751,-144.6001751,1.537941513,-0.1727746797,-0.1227837792,35.46043535,34.3433775,-8.830339554,3.060551547e-11,-2.386461906e-09,0.2571191361,5.118368009e-10,
600900000,-0.1124518176,0.9871369514,112.8016721,-247.1983279,154.4841363,-0.3825575114,0.9099940172,33.22013843,0.4665108916,33.21686266,-7.973689441e-12,8.797849703e-09,71.20275917,3.928494735e-10,-13.43800822,0.2128627109,-146.8049988,-146.8049988,1.540852819,-0.1781260884,-0.1165402519,35.05837154,34.05803604,-8.315022296,3.18533057e-11,-2.20232468e-09,0.2441427417,5.03371215e-10,
612898000,-0.1108459556,0.9873194718,111.1166796,-248.8833204,156.722137,-0.355699995,0.9210196811,34.29029702,0.4690690021,34.2870886,-7.573581754e-12,8.90353637e-09,73.09604439,3.941179459e-10,-13.39910943,0.2138181309,-148.9499566,-148.9499566,1.543940631,-0.1831816551,-0.1102845153,34.68074936,33.78989827,-7.810067272,3.324889013e-11,-2.028087565e-09,0.2311361582,4.844404968e-10,
624896000,-0.1084888251,0.9875874417,109.3795483,-250.6204517,160.1271385,-0.3277056375,0.9316318855,35.41640247,0.468899299,35.41329831,-7.19193923e-12,9.019423197e-09,75.52431491,4.013812233e-10,-13.36334661,0.214700309,-151.0495892,-151.0495892,1.546798404,-0.1878711392,-0.1039262129,34.33183003,33.54473017,-7.309283914,3.484476624e-11,-1.861603636e-09,0.2178966376,4.641373347e-10,
636894000,-0.116435484,0.9866843181,107.6857145,-252.3142855,149.1988422,-0.2997502815,0.9400509095,36.53816432,0.5140609834,36.53454794,-6.83989187e-12,9.129704312e-09,71.07045491,4.071072642e-10,-13.34506188,0.2151527523,-152.9400507,-152.9400507,1.548266565,-0.1916002,-0.09787783293,34.05380267,33.35835,-6.847040354,3.649640495e-11,-1.711023055e-09,0.2052571651,4.408256431e-10,
648892000,-0.1213356232,0.9861278378,105.8487652,-254.1512348,143.1736312,-0.269310629,0.9486410794,37.78235324,0.54860865,37.77837007,-6.492388431e-12,9.265970821e-09,68.86214803,4.104648617e-10,-13.31817079,0.2158198868,-154.8336473,-154.8336473,1.550434481,-0.1953336023,-0.09177694338,33.77746089,33.16837047,-6.385613868,3.841006642e-11,-1.566211345e-09,0.1925211814,4.140767719e-10,
660890000,-0.1307522793,0.9850593238,104.0900198,-255.9099802,132.8627495,-0.2398088203,0.9554232575,39.00220907,0.6052779347,38.99751212,-6.175242963e-12,9.391346247e-09,64.42909923,4.150364403e-10,-13.26879225,0.2170502987,-156.5781745,-156.5781745,1.55444251,-0.1991660648,-0.08627694234,33.49791818,32.96183914,-5.968892902,4.034569161e-11,-1.43742349e-09,0.1810849472,3.874667663e-10,
672888000,-0.1481774275,0.9830851335,102.3128323,-257.6871677,117.2391833,-0.2096421239,0.9604720504,40.26500045,0.7030022438,40.25886298,-5.875107847e-12,9.522234082e-09,57.26704764,4.172903301e-10,-13.22051258,0.2182601105,-158.1730948,-158.1730948,1.558395736,-0.2026133349,-0.08114993767,33.24787707,32.77534679,-5.58551451,4.234617266e-11,-1.321114723e-09,0.1704181666,3.570794125e-10,
684886000,-0.1645308272,0.9812359666,100.490388,-259.509612,105.5868921,-0.1786541927,0.9648350645,41.59306158,0.8011606937,41.58534493,-5.588066102e-12,9.663671335e-09,51.90637191,4.22525475e-10,-13.16063113,0.2197700179,-159.6382142,-159.6382142,1.563346764,-0.2060375269,-0.07646828268,33.00220281,32.58415977,-5.236212583,4.437972154e-11,-1.216799753e-09,0.1606981006,3.244165375e-10,
696884000,-0.1904758434,0.9783093581,98.63661219,-261.3633878,91.20566224,-0.14690991,0.967215942,42.98058575,0.9531882332,42.97001493,-5.314888201e-12,9.813527475e-09,45.08030359,4.293282621e-10,-13.07153618,0.2220358957,-161.0152573,-161.0152573,1.570812701,-0.2099583059,-0.07223190952,32.72538129,32.3539801,-4.916355555,4.645327678e-11,-1.122801339e-09,0.1519552012,2.970132238e-10,
708882000,-0.220250117,0.9749615625,96.80310072,-263.1968993,78.87718894,-0.1154917094,0.9680969546,44.39137207,1.133375956,44.37690135,-5.059285746e-12,9.96329884e-09,39.15461689,4.370726049e-10,-12.9435487,0.225331841,-162.1633225,-162.1633225,1.58175062,-0.2145009301,-0.06902021109,32.41065091,32.07327899,-4.664232773,4.813555312e-11,-1.047192201e-09,0.1454242572,2.796086015e-10,
720880000,-0.255350697,0.9710295919,94.88453105,-265.1154689,68.03596235,-0.08268115261,0.9675031242,45.91103281,1.354233126,45.89105562,-4.810930768e-12,1.013176721e-08,33.88711643,4.431023913e-10,-12.76301261,0.2300643725,-163.324957,-163.324957,1.59761976,-0.2203896073,-0.06601542608,32.00855725,31.70197449,-4.41956456,4.995485154e-11,-9.757456802e-10,0.139409757,2.744303797e-10,
732878000,-0.2865010132,0.9675534133,92.92723376,-267.0727662,60.63976556,-0.04941067361,0.9662909463,47.50992985,1.568574692,47.48402898,-4.57341788e-12,1.031183625e-08,30.27208664,4.473676954e-10,-12.5404934,0.2360344151,-164.5219035,-164.5219035,1.617918974,-0.2274740476,-0.06299049777,31.53106173,31.25413866,-4.169732672,5.208111028e-11,-9.055171067e-10,0.1334137766,2.848554849e-10,
744876000,-0.3256375477,0.9632036566,91.00512919,-268.9948708,53.35322681,-0.01689643565,0.9630554473,49.13106958,1.841364302,49.09655156,-4.351962665e-12,1.049028143e-08,26.66313858,4.474933702e-10,-12.27290249,0.2434192251,-165.7626751,-165.7626751,1.643471876,-0.2359426865,-0.05986624964,30.96832876,30.72051315,-3.909917866,5.464727565e-11,-8.354179157e-10,0.1272738462,3.06579655e-10,
756874000,-0.3803382271,0.957156799,89.08126996,-270.91873,45.68185278,0.01534722159,0.9570337511,50.80745995,2.22362442,50.75877738,-4.142718199e-12,1.067352072e-08,22.8270462,4.522676787e-10,-11.95488491,0.252496728,-167.0963165,-167.0963165,1.675573573,-0.2461203876,-0.05638574671,30.30255324,30.08509597,-3.623773418,5.802772043e-11,-7.620045769e-10,0.1204507847,3.454143817e-10,
768872000,-0.4301588868,0.9516824393,87.14326713,-272.8567329,40.39281806,0.04743065259,0.9504997625,52.55403423,2.60378141,52.48949262,-3.943607749e-12,1.086521841e-08,20.15894745,4.620966836e-10,-11.57990286,0.263636087,-168.6587674,-168.6587674,1.716048362,-0.2584881688,-0.05184450781,29.50731323,29.32579748,-3.267894787,6.334291136e-11,-6.764475868e-10,0.111434132,4.07544649e-10,
780870000,-0.4846180834,0.945734203,85.09081109,-274.9091889,35.85562751,0.08093282417,0.942264857,54.47138617,3.047154988,54.38608975,-3.747602832e-12,1.108483489e-08,17.84815343,4.713874762e-10,-11.17018517,0.2763699,-170.5335645,-170.5335645,1.763843019,-0.2726063276,-0.04545450237,28.61639305,28.47877647,-2.80307716,7.271204192e-11,-5.713160781e-10,0.09842688161,4.923318939e-10,
792868000,-0.5386217673,0.9398724329,83.0207338,-276.9792662,32.26261309,0.1142040494,0.9329081548,56.48074588,3.523963336,56.3707046,-3.5609492e-12,1.131547279e-08,15.99639361,4.824904473e-10,-10.71423298,0.291265034,-172.8455484,-172.8455484,1.821929347,-0.2889972514,-0.03627545625,27.60462763,27.51829043,-2.181549534,9.201405348e-11,-4.379094527e-10,0.07927634674,5.891499026e-10,
804866000,-0.6050242853,0.9327146232,80.96226413,-279.0377359,28.7241406,0.1465154184,0.921135061,58.55869364,4.123321379,58.41334455,-3.385201125e-12,1.155070848e-08,14.16657572,4.932773261e-10,-10.25620433,0.3070363421,-175.6355226,-175.6355226,1.886154241,-0.3061459752,-0.02336572818,26.57192576,26.53662782,-1.369168588,1.444240844e-10,-2.707406559e-10,0.05159542493,6.837055621e-10,
816864000,-0.6739533579,0.9253421224,78.78748391,-281.2125161,25.78886763,0.179931511,0.9076798416,60.8476231,4.802941549,60.65776941,-3.212062145e-12,1.1818349e-08,12.62929577,5.139691618e-10,-9.806970012,0.3233340926,-178.8313053,-178.8313053,1.955668341,-0.3232668316,-0.006594772524,25.57144486,25.56867137,-0.3766120224,5.173401627e-10,-7.337777768e-11,0.01472943263,7.724618955e-10,
828862000,-0.7469171843,0.9176015548,76.55442159,-283.4455784,23.27230266,0.213362243,0.8924512125,63.30540818,5.582242104,63.0588081,-3.045033988e-12,1.210831358e-08,11.29632268,5.401111326e-10,-9.346306769,0.3409452635,177.6937352,-182.3062648,2.034649308,-0.3406690982,0.01371999398,24.5936565,24.58181022,0.7632472387,-2.515780001e-10,1.46555845e-10,0.03104926903,8.66488254e-10,
840860000,-0.8519707094,0.9065702529,74.12477147,-285.8752285,20.40645845,0.2479863005,0.871993359,66.10846022,6.71735337,65.7662959,-2.87801502e-12,1.24480069e-08,9.790507106,5.657674548e-10,-8.878209434,0.3598235039,173.8074267,-186.1925733,2.12413844,-0.3577239174,0.03881433863,23.68615067,23.59253176,2.103848516,-8.99667376e-11,3.982088467e-10,0.08917434285,9.690440772e-10,
852858000,-0.9853171865,0.8927588019,71.62916429,-288.3708357,17.64954919,0.2813672259,0.8472607406,69.13464447,8.222651764,68.64391498,-2.718575253e-12,1.280989143e-08,8.348148134,5.874667556e-10,-8.415847367,0.3794963749,169.3320845,-190.6679155,2.22318826,-0.3729373918,0.0702509809,22.94937515,22.64633042,3.717194973,-5.02028142e-11,6.936793163e-10,0.1641411613,1.103007715e-09,
864856000,-1.173271837,0.8736478413,69.0315723,-290.9684277,14.82877587,0.312637898,0.8157929244,72.43820992,10.40169687,71.68750908,-2.567041198e-12,1.319227875e-08,6.891905229,5.791774421e-10,-7.957678084,0.4000516775,164.4216565,-195.5783435,2.333620455,-0.3853554365,0.1074361773,22.45256338,21.75210904,5.564472559,-3.307138048e-11,1.02400089e-09,0.2558130133,1.310907906e-09,
876854000,-1.462487559,0.8450367997,66.41385413,-293.5861459,11.90628999,0.3381224149,0.7744420091,75.8810658,13.77438507,74.62038905,-2.432401907e-12,1.354410629e-08,5.417329968,4.76269955e-10,-7.468213986,0.423242529,158.5656245,-201.4343755,2.46766206,-0.3939696936,0.1546677693,22.29750457,20.86515093,7.862835804,-2.308413671e-11,1.427157982e-09,0.3768405908,1.695548812e-09,
888852000,-1.897439987,0.8037629823,64.22427884,-295.7757212,9.191757005,0.3495159745,0.7237910715,78.6813762,18.68869871,76.42965067,-2.342765409e-12,1.368524423e-08,4.089618645,5.135240636e-11,-7.0052179,0.4464153352,150.8797652,-209.1202348,2.612816841,-0.389988621,0.2172453152,23.01364754,20.22755407,10.9760662,-1.631338027e-11,1.965338652e-09,0.5426294332,2.368801468e-09,
900850000,-2.580188315,0.743003029,63.74709457,-296.2529054,6.782192888,0.3286556278,0.6663624985,78.56963647,25.03215318,74.47535889,-2.372220442e-12,1.315770828e-08,2.975187886,-3.517731628e-10,-6.740069796,0.4602528752,139.4852798,-220.5147202,2.705438914,-0.3499022256,0.2990002369,25.87701854,20.61498142,15.6410559,-1.12953991e-11,2.76333614e-09,0.7587227745,2.459084069e-09,
912848000,-2.931326919,0.7135651875,69.25592498,-290.744075,5.982391498,0.252740746,0.6673060708,70.83859201,24.45091973,66.4850257,-2.622393274e-12,1.159165653e-08,2.719121671,-2.371352143e-10,-7.721945765,0.4110576279,122.8042448,-237.1957552,2.395917996,-0.2226988897,0.3455048162,33.47414068,25.7386351,21.40188678,-8.1464726e-12,3.731416481e-09,0.8315082246,8.506814721e-10,
924846000,-1.786937067,0.8140538726,71.495065,-288.504935,9.755803458,0.2583695762,0.771964293,68.95391871,14.71782779,67.36489034,-2.554565849e-12,1.15926925e-08,4.577094615,2.939073671e-10,-11.52646658,0.2652629963,119.4960215,-240.5039785,1.722062439,-0.1306057172,0.2308822294,38.97645828,34.90734357,17.33902144,-9.924899675e-12,2.983838359e-09,0.496715581,-9.517737902e-10,
936844000,-1.165769844,0.8744027359,65.47156056,-294.5284394,14.92391374,0.3630038027,0.7954925416,77.42879679,11.33381861,76.59479831,-2.217959313e-12,1.301224192e-08,6.758075184,9.912932984e-10,-12.27047772,0.2434871879,142.502737,-217.497263,1.643709357,-0.1931784544,0.1482163805,34.11333215,32.53618085,10.25262729,-1.656981586e-11,1.741758834e-09,0.3151146515,-1.944082988e-09,
948842000,-1.190778876,0.8718887142,59.29193571,-300.7080643,14.61142711,0.4452421223,0.7496328318,87.28950349,13.78685192,86.19385206,-1.946031838e-12,1.445781028e-08,6.251887853,1.307300398e-09,-10.40827471,0.3017076101,150.1909212,-209.8090788,1.864129738,-0.2617876789,0.1499823096,29.64160812,28.14848629,9.289114692,-1.805726228e-11,1.55811876e-09,0.3300040576,-1.407918129e-09,
960840000,-1.473583394,0.8439579923,53.94912303,-306.050877,11.81706144,0.4966721512,0.6823355971,96.997833,20.01158619,94.91109537,-1.745227596e-12,1.572121267e-08,4.742807216,1.220001771e-09,-8.96884959,0.3560881493,149.4419888,-210.5580112,2.106015207,-0.3066327909,0.1810389506,27.16261684,25.0910614,10.4041526,-1.592070677e-11,1.723359056e-09,0.4146557388,8.368741348e-11,
972838000,-1.88148689,0.8052405847,49.02330144,-310.9766986,9.269079914,0.5280381595,0.6079375801,106.8386761,29.6780504,102.6338932,-1.59400178e-12,1.679076212e-08,3.458242434,1.127392389e-09,-7.888443498,0.4032532025,146.4323587,-213.5676413,2.351505209,-0.3360041355,0.2229671866,25.85608128,22.82178893,12.15330774,-1.346124133e-11,1.988264235e-09,0.5325308974,7.119801135e-10,
984836000,-2.432862757,0.7557129461,44.25823145,-315.7417685,7.187089605,0.5412428871,0.5274070477,116.5206155,43.88903506,107.9389014,-1.497194498e-12,1.74435233e-08,2.459359184,1.060949582e-09,-6.981622662,0.447629672,142.5746714,-217.4253286,2.620759296,-0.3554833324,0.272036622,25.30088066,20.91799732,14.23277732,-1.135446201e-11,2.300095512e-09,0.6804082197,9.417027469e-10,
996834000,-3.131540064,0.6973053492,39.78976451,-320.2102355,5.607318612,0.5358079398,0.4462562063,124.1889806,61.95632745,107.6304621,-1.483413012e-12,1.718432565e-08,1.737198872,9.787874406e-10,-6.170454669,0.4914476544,138.2483726,-221.7516274,2.932731836,-0.3666388516,0.3272563971,25.36555405,19.20396443,16.57163488,-9.634561053e-12,2.645834318e-09,0.8629278055,1.10224154e-09,
1008832000,-4.011194069,0.6301447126,35.65319995,-324.3468,4.407520369,0.5120303254,0.3672972975,127.3834985,80.81535579,98.46539478,-1.602203424e-12,1.553405751e-08,1.21839957,8.420849149e-10,-5.372240318,0.5387508695,133.1965927,-226.8034073,3.336051534,-0.3687769924,0.3927544134,26.10362966,17.50037556,19.36843661,-8.145293083e-12,3.055595407e-09,1.106744055,1.271967484e-09,
1020830000,-5.114563549,0.5549729588,32.18753211,-327.8124679,3.494108931,0.469678667,0.2956297259,123.4541633,93.85978521,80.1952066,-1.94409864e-12,1.250302552e-08,0.854414981,5.956456613e-10,-4.612839097,0.5879738957,127.3169489,-232.6830511,3.854061379,-0.356443702,0.4676122211,27.72209629,15.89153972,22.71505201,-6.863615898e-12,3.541444521e-09,1.429380186,1.475428582e-09,
1032828000,-6.48006758,0.4742382955,29.87334499,-330.126655,2.804004709,0.4112255704,0.2362106922,112.7742562,96.2972369,58.69305775,-2.62545992e-12,9.044381316e-09,0.609498877,1.171953257e-10,-3.91069321,0.6374782027,120.5704647,-239.4295353,4.516909644,-0.3242199132,0.5488714848,30.36688994,14.44462377,26.71143666,-5.768924849e-12,4.116132775e-09,1.849230349,1.67947871e-09,
1044826000,-8.21935782,0.3881790645,29.81589002,-330.18411,2.268930309,0.3367948672,0.1930082991,97.77171867,89.00953963,40.45504698,-3.76533352e-12,6.162385602e-09,0.4545023729,-8.278977984e-10,-3.318216921,0.6824787822,112.6974907,-247.3025093,5.298791664,-0.2633451113,0.6296242057,34.32632496,13.40605829,31.60022446,-4.820432355e-12,4.813559316e-09,2.357160007,1.870028862e-09,
1056824000,-10.29448951,0.3056859826,34.30802386,-325.6919761,1.880541009,0.2525025424,0.1722973769,82.40787844,77.03061268,29.28042246,-5.143279502e-12,4.409555394e-09,0.3801141058,-2.29975648e-09,-2.865118955,0.7190251018,104.2356277,-255.7643723,6.118073582,-0.176815578,0.6969457284,39.43069502,12.91017877,37.25730793,-4.042090129e-12,5.61085358e-09,2.885886292,2.017158719e-09,
1068822000,-12.39078564,0.2401379054,47.84980469,-312.1501953,1.632056546,0.1611508779,0.1780354126,68.49410413,64.07256813,24.21050008,-6.15050799e-12,3.60510989e-09,0.3778606163,-3.51075485e-09,-2.588039179,0.7423317587,95.09847602,-264.901524,6.761918929,-0.06596939297,0.7393946707,45.91322125,13.33763617,43.93326014,-3.389388216e-12,6.541964441e-09,3.293931516,2.061823121e-09,
1080820000,-12.85393727,0.2276685997,70.5228485,-289.4771515,1.589561941,0.07591175172,0.2146401576,57.82261682,52.67538962,23.84865498,-6.174515262e-12,3.511807079e-09,0.4527475764,-3.775307715e-09,-2.538548694,0.7465734913,85.80660549,-274.1933945,6.891834246,0.05459185665,0.7445748499,53.63736172,15.28212985,51.41423032,-2.864068629e-12,7.570945117e-09,3.364336702,1.992367432e-09,
1092818000,-11.25970615,0.2735361263,87.52814376,-272.4718562,1.753061883,0.01179724343,0.2732816083,51.10991589,44.00465005,25.99642814,-5.602200024e-12,3.786046754e-09,0.5907654785,-2.935107848e-09,-2.705289282,0.7323784147,77.38404497,-282.615955,6.473238745,0.1599624273,0.7146958543,61.76560774,19.05629515,58.75242901,-2.478828413e-12,8.556538688e-09,3.083098187,1.867016323e-09,
1104816000,-9.32416764,0.3418153942,96.00190986,-263.9980901,2.038661164,-0.03574076928,0.3399417026,46.8959765,37.16014015,28.60693266,-5.035688795e-12,4.120989141e-09,0.7698284383,-1.490735853e-09,-2.859678724,0.7194755897,70.06487926,-289.9351207,6.129504337,0.2453094163,0.6763641138,69.9181004,23.48308314,65.85655298,-2.187414976e-12,9.487005928e-09,2.804425321,1.753624546e-09,
1116814000,-7.401115301,0.4265247479,98.49803714,-261.5019629,2.487508821,-0.06302992023,0.4218419014,44.92342025,31.27244443,32.2513241,-4.418671671e-12,4.596072087e-09,1.031301668,-3.395651428e-10,-3.004178929,0.7076052616,62.64850781,-297.3514922,5.840068363,0.3251078058,0.6284983061,79.51475288,29.35337463,73.89841218,-1.928431315e-12,1.053111582e-08,2.517544,1.70766227e-09,
1128812000,-5.872296087,0.5086103523,97.23242958,-262.7675704,3.070089815,-0.06403137482,0.5045636467,45.14711627,26.72857346,36.38468728,-3.875072814e-12,5.129997584e-09,1.361265589,3.521443256e-10,-3.194241852,0.6922897594,55.30239693,-304.6976031,5.499621189,0.3940825734,0.569178387,90.56628178,37.67435365,82.35832971,-1.711949635e-12,1.161197372e-08,2.1860582,1.712603466e-09,
1140810000,-4.710338654,0.5814107633,94.24626855,-265.7537315,3.777953718,-0.04304971282,0.5798147962,46.87978109,23.2407804,40.71338848,-3.426648544e-12,5.679944098e-09,1.751808148,7.057056251e-10,-3.449848125,0.6722140628,47.88592869,-312.1140713,5.101543029,0.4507926802,0.4986558992,103.4019583,49.80390827,90.61752424,-1.539552912e-12,1.26420937e-08,1.819486209,1.697727632e-09,
1152808000,-3.84595245,0.6422474336,90.52274444,-269.4772556,4.590456052,-0.005859534875,0.6422207033,49.58686705,20.62624243,45.09340869,-3.061611528e-12,6.225528356e-09,2.186215392,8.332563267e-10,-3.765710327,0.6482081447,40.46009933,-319.5399007,4.685179944,0.4931943886,0.4206341569,117.7690869,66.83335893,96.96834511,-1.423748128e-12,1.338730426e-08,1.450897376,1.649950954e-09,
1164806000,-3.246003592,0.6881764719,86.61217874,-273.3878213,5.4138842,0.04066722924,0.6869738226,52.84029402,18.90509021,49.34262089,-2.769136211e-12,6.741999973e-09,2.610017744,8.242531395e-10,-4.197125644,0.6167990808,33.40485157,-326.5951484,4.21919416,0.5149046423,0.3395796157,131.0917682,88.34892558,96.84791707,-1.410835074e-12,1.323295444e-08,1.096198018,1.546750186e-09,
1176804000,-2.823250307,0.7224993898,83.05413754,-276.9458625,6.207191359,0.08737290152,0.7171968658,56.11170242,17.73951524,53.23375572,-2.540556679e-12,7.199512715e-09,3.000857408,7.632993059e-10,-4.715065409,0.5810944527,26.90993471,-333.0900653,3.774345942,0.5181730032,0.2629971515,140.3442062,109.9028909,87.28030001,-1.549529202e-12,1.180408223e-08,0.7941583635,1.407191557e-09,
1188802000,-2.450074883,0.7542168935,80.17967149,-279.8203285,7.137255765,0.1286385626,0.7431656899,58.99831602,16.43672062,56.66247001,-2.362735477e-12,7.585882418e-09,3.447309918,7.056907066e-10,-5.265599532,0.5454061408,21.2567753,-338.7432247,3.399531493,0.5082994362,0.1977360402,143.5178932,125.0640292,70.40152171,-1.901641113e-12,9.425245063e-09,0.562923825,1.265004789e-09,
1200800000,-2.095227483,0.7856672058,77.25448094,-282.7455191,8.331283192,0.1733348069,0.766308034,62.16263271,15.06083875,60.31056327,-2.197637554e-12,7.993607816e-09,4.004462452,6.740915911e-10,-5.806653574,0.5124686718,16.14386572,-343.8561343,3.102300477,0.4922602693,0.1424919889,142.1288413,132.5721525,51.23701683,-2.586816465e-12,6.790993086e-09,0.3864840077,1.137394058e-09,
1212798000,-1.799955583,0.8128346728,74.27162827,-285.7283717,9.685739872,0.2203408809,0.7824002182,65.62046549,13.90551908,64.13019594,-2.046299003e-12,8.415777141e-09,4.611851998,6.710938178e-10,-6.366583274,0.4804750452,11.46833664,-348.5316634,2.849670707,0.470882232,0.09553110833,137.0705242,133.0275915,33.04524952,-3.971207902e-12,4.336513423e-09,0.2484089891,1.027924432e-09,
1224796000,-1.583753129,0.833321033,71.45020752,-288.5497925,10.99911444,0.2651033122,0.7900279602,69.11653007,13.12366905,67.85914853,-1.914908233e-12,8.81789206e-09,5.170745186,6.628765259e-10,-6.936830131,0.4499440296,7.240537,-352.759463,2.635993622,0.4463560766,0.05670875309,130.0414814,128.7461852,18.30865083,-7.097412222e-12,2.379100096e-09,0.1422073268,9.135487361e-10,
1236794000,-1.390869286,0.8520332355,68.58859768,-291.4114023,12.51654884,0.3110450122,0.7932286144,72.92302071,12.41265793,71.85883991,-1.79078134e-12,9.24704484e-09,5.789158156,6.549652693e-10,-7.491717788,0.4220987933,3.508972457,-356.4910275,2.460799141,0.4213074535,0.02583449148,122.7014061,122.4596221,7.699091106,-1.671411181e-11,9.907457562e-10,0.06287044638,7.926058004e-10,
1248792000,-1.274206332,0.8635543644,65.78024963,-294.2197504,13.65785249,0.3542623192,0.7875432365,76.91267293,12.25768857,75.92962747,-1.678489986e-12,9.677012296e-09,6.194449065,6.434695513e-10,-8.052904662,0.3956897195,0.394183889,-359.6058161,2.309558127,0.3956803552,0.002722247317,115.4743902,115.4719844,0.7453930539,-1.709797518e-10,9.499819752e-11,0.006455185279,6.682490271e-10,
1260790000,-1.168808675,0.8740968723,62.96171527,-297.0382847,14.88522888,0.3973519946,0.7785606814,81.23543402,12.17087547,80.31852545,-1.571671035e-12,1.013895284e-08,6.599239774,6.269635358e-10,-8.594784902,0.3717583697,-2.22591871,-362.2259187,2.183488491,0.371477859,-0.01443903505,109.0806508,109.0194608,-3.653153038,3.455488962e-11,-4.611532165e-10,0.03350918276,5.469535224e-10,
1272788000,-1.094762851,0.8815802608,60.3670229,-299.6329771,15.88907621,0.4358905104,0.766278813,85.52384052,12.30481393,84.63402892,-1.477471268e-12,1.05830068e-08,6.878123427,6.027011464e-10,-9.108459877,0.3504104152,-4.323790705,-364.3237907,2.078867098,0.3494131172,-0.02641841453,103.6418309,103.4543361,-6.231328006,2.006704605e-11,-7.791923354e-10,0.06023264215,4.347765466e-10,
1284786000,-1.02548475,0.8886398045,57.75505574,-302.2449443,16.95973858,0.4741247813,0.7515892455,90.19280742,12.497713,89.32272768,-1.386843193e-12,1.106499732e-08,7.147125852,5.802128444e-10,-9.55746019,0.3327568393,-5.944267296,-365.9442673,1.997408018,0.3309676396,-0.03446063883,99.37120278,99.07409369,-7.678535159,1.613284491e-11,-9.511909581e-10,0.07750295636,3.277548038e-10,
1296784000,-0.9896631926,0.8923122196,55.36740436,-304.6325956,17.57220932,0.5071116854,0.7342062624,94.78830632,13.02937949,93.88854182,-1.307193543e-12,1.152298727e-08,7.205910447,5.692677675e-10,-9.963477855,0.3175602296,-7.136250028,-367.13625,1.930661557,0.3151002616,-0.03945027958,95.89101902,95.52395717,-8.382191545,1.464181473e-11,-1.028750523e-09,0.08774962631,2.297852784e-10,
1308782000,-0.9595225975,0.8954139788,52.93101587,-307.0689841,18.12301451,0.5397341855,0.7144600776,99.86220692,13.72244248,98.91488737,-1.229394193e-12,1.202858327e-08,7.208256656,5.617538437e-10,-10.29069589,0.3058195224,-7.898012892,-367.8980129,1.88109514,0.3029185886,-0.04202271976,93.33442111,92.93581864,-8.616714995,1.411273185e-11,-1.047838971e-09,0.09271683535,1.535717459e-10,
1320780000,-0.9446623064,0.8969472128,50.48490842,-309.5150916,18.40752943,0.5707108663,0.6919562195,105.3888292,14.74045301,104.3528839,-1.154742611e-12,1.257459781e-08,7.079353924,5.609103499e-10,-10.5296191,0.2975219728,-8.309452693,-368.3094527,1.847064139,0.2943985751,-0.04299771235,91.60373892,91.19874232,-8.604323478,1.400467125e-11,-1.036827188e-09,0.09434695325,1.059873641e-10,
1332778000,-0.9325701774,0.8981967745,48.064443,-311.935557,18.64574295,0.6002598176,0.6681658454,111.3615371,15.93785071,110.215139,-1.083480411e-12,1.316144487e-08,6.915307529,5.528616698e-10,-10.65954599,0.2931046446,-8.674262817,-368.6742628,1.829273081,0.2897520354,-0.04420509721,90.6737608,90.25260313,-8.729176661,1.368009249e-11,-1.042402872e-09,0.09671938934,1.054833837e-10,
1344776000,-0.9143784043,0.9000799339,45.68704652,-314.3129535,19.01599957,0.6287752049,0.6440385308,117.8075615,17.17864219,116.548341,-1.015462958e-12,1.379355713e-08,6.784490866,5.433025213e-10,-10.6535985,0.2933054109,-9.037070575,-369.0370706,1.830076855,0.2896645875,-0.04607049871,90.64601845,90.18886319,-9.092283345,1.301658985e-11,-1.07607649e-09,0.1008138147,1.606801722e-10,
1356774000,-0.9065199205,0.900894642,43.39012506,-316.6098749,19.18054361,0.6546739021,0.618880633,124.6373734,18.75399065,123.2183536,-9.520005896e-13,1.445399902e-08,6.57024715,5.340026119e-10,-10.54747734,0.2969108942,-9.8122653,-369.8122653,1.844589659,0.2925675151,-0.05059968564,91.19324648,90.63675596,-10.05915871,1.166140715e-11,-1.179979003e-09,0.1109832165,2.66885084e-10,
1368772000,-0.9012425827,0.9014421702,41.08868882,-318.9113112,19.29265462,0.6794107932,0.5924516523,132.1830908,20.64915824,130.5602611,-8.905903997e-13,1.518098772e-08,6.322788538,5.325990457e-10,-10.3418307,0.3040244176,-11.21056472,-371.2105647,1.873664034,0.2982234262,-0.05910697568,92.26463627,91.49177838,-11.91711353,9.757036784e-12,-1.385670898e-09,0.1302533817,4.261768144e-10,
1380770000,-0.9001698291,0.90155351,38.83108784,-321.1689122,19.31560495,0.7023082588,0.5652980107,140.3771833,22.93109086,138.4915834,-8.322914027e-13,1.596328141e-08,6.039467733,5.362851534e-10,-10.08712869,0.3130715225,-13.35127277,-373.3512728,1.911511264,0.3046100184,-0.0722946394,93.44448788,92.26654778,-14.79041839,7.793245002e-12,-1.704822814e-09,0.1603009839,6.046354958e-10,
1392768000,-0.891842911,0.9024182184,36.46434309,-323.5356569,19.49562907,0.7257489894,0.5363273677,150.0025414,25.58025414,147.8053213,-7.731277856e-13,1.689006892e-08,5.778102146,5.393833978e-10,-9.837272018,0.3222080593,-16.4714518,-376.4714518,1.950758013,0.3089850044,-0.09135808945,94.12600524,92.22863129,-18.80384088,6.077077631e-12,-2.148760041e-09,0.2038829007,7.78625384e-10,
1404766000,-0.8764756655,0.9040162075,34.12046923,-325.8795308,19.83685118,0.7483988489,0.5070941396,160.7942663,28.51553473,158.2455698,-7.159531163e-13,1.792865478e-08,5.54945125,5.42571008e-10,-9.619767039,0.3303784019,-20.23977179,-380.2397718,1.986761487,0.3099785625,-0.1142942659,94.00283002,91.05307542,-23.36385049,4.849218193e-12,-2.647040358e-09,0.2565959512,9.25495326e-10,
1416764000,-0.8740360288,0.9042701574,31.79525851,-328.2047415,19.8921267,0.76857203,0.476446799,172.8993001,32.48773616,169.8196543,-6.615073384e-13,1.907702159e-08,5.227192607,5.378521209e-10,-9.469633106,0.3361385673,-24.58182046,-384.5818205,2.012676896,0.3056737058,-0.1398310481,92.70095214,88.41079398,-27.87468449,4.030070637e-12,-3.131356969e-09,0.3152859876,1.023344346e-09,
1428762000,-0.8714361784,0.904540863,29.44804961,-330.5519504,19.95137316,0.7876758309,0.444703225,186.9108474,37.43286673,183.1241256,-6.082956024e-13,2.039885564e-08,4.892067895,5.288632604e-10,-9.421822742,0.3379939004,-29.2834557,-389.2834557,2.0211202,0.2948018446,-0.1653231658,90.10642141,84.41660567,-31.51196386,3.534962174e-12,-3.510231105e-09,0.3732910558,1.070526268e-09,
1440760000,-0.8710778361,0.9045781812,27.18488336,-332.8151166,19.95956696,0.8046557081,0.4132685295,202.507867,43.48841334,197.7831997,-5.585204644e-13,2.184831193e-08,4.547951616,5.16067574e-10,-9.468650438,0.3361765981,-34.05016368,-394.0501637,2.012849493,0.2785383369,-0.1882315064,86.66164511,79.77375579,-33.85836114,3.262590416e-12,-3.740196522e-09,0.4244298242,1.064130103e-09,
1452758000,-0.8742205413,0.9042509484,25.00411429,-334.9958857,19.88793536,0.8195022322,0.3822118118,219.9272828,51.02563531,213.9261421,-5.121096939e-13,2.343638993e-08,4.192522852,5.048545053e-10,-9.560655925,0.3326344331,-38.62511366,-398.6251137,1.996858242,0.2598696333,-0.2076377609,83.05307836,75.25340178,-35.13885805,3.1177351e-12,-3.849590195e-09,0.4669404601,1.009413032e-09,
1464756000,-0.887037533,0.90291761,22.87202442,-337.1279756,19.60105855,0.8319259764,0.3509407077,239.6786989,61.00717103,231.7843907,-4.687817118e-13,2.518483045e-08,3.799297473,5.036695244e-10,-9.75070815,0.3254352501,-42.89237082,-402.8923708,1.964874758,0.2384247771,-0.2214988209,79.31068152,71.06587305,-35.21116145,3.085847752e-12,-3.825913939e-09,0.4954721576,9.301172673e-10,
1476754000,-0.9020950819,0.9013537002,20.70143925,-339.2985608,19.27445534,0.843157935,0.3186270382,263.348127,74.35680569,252.6327403,-4.266014654e-13,2.722711393e-08,3.397573873,5.079303841e-10,-9.964598838,0.3175192486,-46.66203973,-406.6620397,1.930485579,0.2179135793,-0.2309375352,76.0061756,67.60851661,-34.72790247,3.103369036e-12,-3.7427475e-09,0.5136616541,8.282507522e-10,
1488752000,-0.9221332007,0.8992766976,18.45877237,-341.5412276,18.85637834,0.8530104662,0.2847309669,292.5346992,93.15631372,277.3057003,-3.855129548e-13,2.964534923e-08,2.976778376,5.22113416e-10,-10.19938576,0.3090513978,-50.1188852,-410.1188852,1.894571309,0.1981627464,-0.2371587916,73.03551858,64.68132842,-33.91920884,3.151752165e-12,-3.626130982e-09,0.5244049507,7.328277151e-10,
1500750000,-0.957365681,0.8956363594,16.24127257,-343.7587274,18.16376229,0.8598937222,0.2504940612,326.9328913,120.0792737,304.0823629,-3.487550848e-13,3.224801677e-08,2.532346787,5.322392547e-10,-10.46046922,0.2999000506,-52.89909102,-412.899091,1.856734959,0.1809059008,-0.2391925906,70.60122881,62.49310981,-32.85033843,3.228285471e-12,-3.483787269e-09,0.5256633656,6.314764269e-10,
1512748000,-0.9697120183,0.8943641842,13.82633758,-346.1736624,17.93297254,0.8684495606,0.2137350104,374.6665455,158.8494293,339.3256241,-3.100536781e-13,3.570016314e-08,2.136146321,5.444239874e-10,-10.738235,0.2904612821,-55.60028564,-415.6002856,1.81873272,0.1640998453,-0.2396643427,68.33849889,60.54422853,-31.69458663,3.319467739e-12,-3.334560767e-09,0.5234947641,5.21378765e-10,
1524746000,-0.9902938469,0.892247434,11.5232048,-348.4767952,17.5610429,0.8742631878,0.1782396193,431.566202,214.2689575,374.6174056,-2.786343641e-13,3.910304527e-08,1.748351278,5.587455779e-10,-10.96699617,0.2829112329,-57.55895702,-417.558957,1.789054984,0.1517624912,-0.2387612028,66.74135305,59.23663263,-30.74783834,3.394751899e-12,-3.209498802e-09,0.5190679648,4.099986883e-10,
1536744000,-1.036863312,0.8874764437,9.060208052,-350.9397919,16.77405608,0.8764037635,0.13975293,504.2719085,305.0910798,401.5091415,-2.579426563e-13,4.158283004e-08,1.316030419,5.717609425e-10,-11.19178542,0.2756834716,-59.04885656,-419.0488566,1.761223749,0.1417859322,-0.2364278451,65.49241238,58.30162869,-29.83582028,3.47120788e-12,-3.089986542e-09,0.5117493448,2.862093938e-10,
1548742000,-1.071151338,0.8839799875,6.557444334,-353.4425557,16.23840532,0.8781968663,0.1009498999,594.4757169,436.6891363,403.3658094,-2.547662956e-13,4.14514893e-08,0.9236909644,5.877742205e-10,-11.34695147,0.2708023484,-60.02930123,-420.0293012,1.742740594,0.1352812214,-0.234590927,64.69294588,57.71668051,-29.22262886,3.516590295e-12,-3.003034614e-09,0.5063116694,1.698682562e-10,
1560740000,-1.116956144,0.8793306127,3.961239793,-356.0387602,15.57421194,0.8772299022,0.06074557665,685.5973336,604.3368628,323.760189,-3.149677773e-13,3.30151303e-08,0.5357280168,5.962925796e-10,-11.43664037,0.2680204805,-60.54620609,-420.5462061,1.732316884,0.1317914335,-0.2333795107,64.26953656,57.41803885,-28.8745934,3.531617769e-12,-2.944458571e-09,0.5028836579,6.379550989e-11,
1572738000,-1.199540088,0.8710097082,1.378881755,-358.6211182,14.50504283,0.8707574874,0.02095971947,714.4504912,703.9111491,122.2644613,-8.27682004e-13,1.237268597e-08,0.1736930314,6.029921569e-10,-11.44243754,0.2678416569,-60.47882506,-420.4788251,1.731649538,0.131977687,-0.2330687523,64.29482427,57.45725966,-28.85286364,3.507315449e-12,-2.919797112e-09,0.5021621952,-1.260414078e-11,
1584736000,-1.282390728,0.8627410519,-1.228283725,-361.2282837,13.57099903,0.8625428143,-0.01849367679,671.4825269,664.564649,-96.1385001,1.04463811e-12,-9.655183899e-09,0.1446638792,6.036642422e-10,-11.27842604,0.2729472344,-60.201848,-420.201848,1.750831982,0.1356400287,-0.2368585556,64.72019039,57.61184055,-29.48862275,3.405718263e-12,-2.961540645e-09,0.5118500376,-3.375029898e-11,
1596734000,-1.376900615,0.85340458,-3.870253724,-363.8702537,12.64299103,0.8514583532,-0.05760251632,581.3335408,535.2088948,-226.9363888,4.392213262e-13,-2.261995301e-08,0.4240146062,6.007005678e-10,-10.95402604,0.2833340033,-59.92927621,-419.9292762,1.790700283,0.1419697748,-0.2451993892,65.44296381,57.74690775,-30.79084535,3.237173274e-12,-3.069086798e-09,0.5332033619,2.876176263e-11,
1608732000,-1.47484256,0.8438356552,-6.451166909,-366.4511669,11.80702072,0.838492469,-0.09481029694,491.4936856,410.4807768,-270.3175444,3.659840826e-13,-2.674303327e-08,0.6585388638,5.937891402e-10,-10.47055331,0.2995520764,-60.09209555,-420.0920956,1.855315767,0.1493588613,-0.2596601183,66.24345684,57.53810117,-32.82624693,3.013805346e-12,-3.247563586e-09,0.5705132123,1.81028277e-10,
1620730000,-1.57359041,0.8342966111,-8.982646395,-368.9826464,11.06975918,0.8240645269,-0.1302631594,417.6844845,317.1304948,-271.824535,3.61260773e-13,-2.669304474e-08,0.8571378012,5.87833702e-10,-9.830065236,0.32247551,-61.15485181,-421.1548518,1.951922815,0.155576388,-0.2824649394,66.80024616,56.50649369,-35.62708321,2.756317183e-12,-3.498563241e-09,0.63049538,4.173742279e-10,
1632728000,-1.656374846,0.8263827778,-11.49579518,-371.4957952,10.51959451,0.8098049882,-0.1646947979,361.1568511,250.4730836,-260.187443,3.746450147e-13,-2.536253294e-08,1.038784045,5.975647821e-10,-9.110553192,0.3503259758,-63.49861928,-423.4986193,2.078466932,0.1563222395,-0.3135149866,66.55602546,54.14697216,-38.70154946,2.518708676e-12,-3.772546867e-09,0.7147500204,7.033620735e-10,
1644726000,-1.726465859,0.8197410941,-14.04303135,-374.0430314,10.09515222,0.7952421149,-0.1989106331,316.3640607,201.2637021,-244.0883878,3.964418142e-13,-2.361966277e-08,1.212778982,6.251901669e-10,-8.363543935,0.3817884653,-67.23979512,-427.2397951,2.235138602,0.1477044917,-0.3520593918,65.0920704,50.22838262,-41.40153631,2.337276631e-12,-4.006295976e-09,0.8242657666,9.999020482e-10,
1656724000,-1.790977576,0.8136752784,-16.82622249,-376.8262225,9.733948682,0.7788394934,-0.235534503,277.6863747,161.8629603,-225.6326767,4.257630541e-13,-2.16756417e-08,1.393973496,6.667213554e-10,-7.667183319,0.4136574344,-72.23971258,-432.2397126,2.410975286,0.126180118,-0.3939429538,62.23653024,45.10941544,-42.87804023,2.240448887e-12,-4.11912428e-09,0.9505341582,1.26245079e-09,
1668722000,-1.861806681,0.8070671413,-19.81928966,-379.8192897,9.366300556,0.7592618698,-0.2736398797,244.2516291,131.232816,-206.001957,4.629827325e-13,-1.964750854e-08,1.56974424,7.060822234e-10,-7.060481233,0.4435840669,-78.37858975,-438.3785898,2.594433374,0.08935732842,-0.4344906124,58.11822764,39.44950962,-42.67861965,2.234733685e-12,-4.070488243e-09,1.08185425,1.465551547e-09,
1680720000,-1.98014406,0.7961461458,-23.0064471,-383.0064471,8.810950144,0.732821383,-0.3111615434,214.6320572,108.8401989,-184.988462,5.118940976e-13,-1.751739025e-08,1.699633627,7.205969805e-10,-6.604348831,0.4675010154,-85.1936142,-445.1936142,2.755875706,0.03917139824,-0.4658570606,53.32489236,34.26736229,-40.85697036,2.317707382e-12,-3.868930454e-09,1.192299834,1.5947045e-09,
1692718000,-2.165866586,0.7793035789,-26.20175317,-386.2017532,8.062222168,0.6992261303,-0.3440884867,189.6784954,94.00616056,-164.7445701,5.707217317e-13,-1.548982919e-08,1.752486956,7.052819475e-10,-6.292635755,0.4845830424,-92.41348174,-452.4134817,2.880353509,-0.02040615385,-0.4841531925,48.37386855,29.99213941,-37.95395542,2.477299278e-12,-3.568556378e-09,1.265463424,1.641252099e-09,
1704716000,-2.40177849,0.7584222674,-29.19729136,-389.1972914,7.278908734,0.6620610322,-0.3699723306,169.9067118,84.59292286,-147.351037,6.335996048e-13,-1.375692251e-08,1.741883742,6.644697264e-10,-6.113179798,0.4946989745,-99.66214284,-459.6621428,2.958036693,-0.08302931467,-0.4876814619,43.72033354,26.7678118,-34.5680751,2.700802939e-12,-3.227329376e-09,1.291404593,1.628193073e-09,
1716714000,-2.66742029,0.7355784299,-31.95541858,-391.9554186,6.563679464,0.6241089964,-0.3893116837,154.3081436,78.35281052,-132.9354741,6.973989577e-13,-1.232432299e-08,1.696626748,6.183154388e-10,-6.039646221,0.4989048076,-106.5894623,-466.5894623,2.99125761,-0.1424433641,-0.4781379457,39.63962394,24.48485951,-31.17356959,2.973963595e-12,-2.890072367e-09,1.273177392,1.591687908e-09,
1728712000,-2.956546057,0.7114963839,-34.4797684,-394.4797684,5.93232212,0.5865050676,-0.4027889148,141.7790412,74.09179928,-120.8788724,7.616353359e-13,-1.11287884e-08,1.631474381,5.699794594e-10,-6.005579353,0.500865401,-113.2687328,-473.2687328,3.006935212,-0.1978639885,-0.460126061,36.03253939,22.74798136,-27.9441092,3.294634297e-12,-2.572691756e-09,1.228421492,1.550519017e-09,
1740710000,-3.275790706,0.6858205034,-36.9139022,-396.9139022,5.365787779,0.5483402048,-0.4119135621,131.051426,70.87151148,-110.2347727,8.294211327e-13,-1.007888102e-08,1.555417267,5.11792462e-10,-6.001408132,0.5011059892,-119.9849155,-479.9849155,3.008867528,-0.2504387325,-0.4340364658,32.71914849,21.37269798,-24.77398755,3.690606926e-12,-2.265111695e-09,1.159141797,1.530986176e-09,
1752708000,-3.628409603,0.6585359976,-39.02755395,-399.0275539,4.857132776,0.5115792295,-0.4146762016,122.3192714,68.97867075,-101.0145887,8.989312179e-13,-9.172646624e-09,1.464432231,4.299253528e-10,-5.998227248,0.5012895342,-126.4500451,-486.4500451,3.010342949,-0.2978269885,-0.4032248529,29.79029491,20.26884212,-21.83198822,4.159271539e-12,-1.982457342e-09,1.077120641,1.551199478e-09,
1764706000,-4.030035028,0.6287793184,-40.73440053,-400.7344005,4.38763086,0.4764529246,-0.4103121274,115.1882372,68.32706606,-92.73479404,9.725345919e-13,-8.363546601e-09,1.357219026,2.919149298e-10,-5.980600539,0.502307859,-133.062596,-493.062596,3.018548486,-0.3429742795,-0.3669902298,27.02787194,19.28756054,-18.93398716,4.76327539e-12,-1.707614554e-09,0.9816683202,1.644398839e-09,
1776704000,-4.441322299,0.5996997738,-41.85435912,-401.8543591,3.996249988,0.4466823552,-0.4001433396,109.9081559,68.66763526,-85.81700643,1.043834606e-12,-7.687381114e-09,1.249744601,9.299947734e-11,-5.91383672,0.5061837093,-140.230217,-500.230217,3.050089148,-0.3890634296,-0.3238079605,24.23898534,18.28049472,-15.91703249,5.62785564e-12,-1.42582805e-09,0.8707112544,1.861026612e-09,
1788702000,-4.839714544,0.5728148559,-41.8048112,-401.8048112,3.68181075,0.4269876656,-0.3818355569,107.2636458,70.85259373,-80.53197926,1.104876575e-12,-7.16556619e-09,1.136613002,-1.235313742e-10,-5.861528934,0.509241224,-148.6079246,-508.6079246,3.075321925,-0.4346999453,-0.2652594613,21.39939895,17.39710035,-12.46094599,7.140541135e-12,-1.108748774e-09,0.7162656846,2.184533408e-09,
1800700000,-5.062771459,0.5582920287,-40.50080253,-400.5008025,3.52787844,0.4245235106,-0.3625876147,108.0557736,74.38889791,-78.37309537,1.127747226e-12,-6.927009237e-09,1.053559033,-2.291214904e-10,-5.970404937,0.5028978201,-158.8688559,-518.8688559,3.023317702,-0.4690818214,-0.1812966142,18.95045485,17.04860708,-8.274342023,1.068182106e-11,-7.313280579e-10,0.4853383028,2.484768966e-09,
1812698000,-4.905389386,0.5685000807,-38.74334586,-398.7433459,3.634995074,0.4434057144,-0.3557860512,112.5210143,77.5478072,-81.5310754,1.0768904e-12,-7.15843106e-09,1.051365323,-9.910791968e-11,-6.49752204,0.4732862615,-170.9213338,-530.9213338,2.797128979,-0.4673572283,-0.07468002749,18.3035654,17.97366376,-3.459467797,2.537963569e-11,-3.037413846e-10,0.1924742692,2.565151027e-09,
1824696000,-4.420759366,0.601121182,-38.43689244,-398.4368924,4.014054168,0.4708542192,-0.3736883458,117.1344501,76.09570196,-89.0501181,9.79478961e-13,-7.767193263e-09,1.170238473,2.636252373e-10,-7.683911869,0.4128615194,177.2644231,-542.7355769,2.406351425,-0.4123910358,0.01970451227,20.81158926,20.78814417,0.9875776749,-8.83198551e-11,8.61392082e-11,0.04750677439,2.222069337e-09,
1836694000,-3.820074125,0.6441637682,-40.69639197,-400.696392,4.620563117,0.4883891218,-0.4200274111,116.8167073,66.76116041,-95.8597442,9.039555147e-13,-8.306529086e-09,1.435860965,7.235946772e-10,-9.540732163,0.3333983083,167.9274082,-552.0725918,2.000292416,-0.3260246709,0.06973052391,25.51377992,25.20541248,3.954762629,-2.191103552e-11,3.426918262e-10,0.1569013255,1.323185374e-09,
1848692000,-3.350334592,0.6799598516,-45.21763555,-405.2176355,5.249215949,0.4789744437,-0.4826270631,109.5262087,53.29681977,-95.68406031,8.997378148e-13,-8.237495036e-09,1.795305249,1.120787829e-09,-11.92954219,0.2532345105,163.7180749,-556.2819251,1.678216961,-0.2430782328,0.07099781731,30.52934347,30.18389444,4.57966469,-1.879844337e-11,3.942659313e-10,0.1517254408,-1.380305542e-10,
1860690000,-3.061974315,0.7029125287,-50.98001439,-410.9800144,5.732024044,0.442547706,-0.546111299,98.82765421,41.5370917,-89.67483064,9.538400263e-13,-7.670376348e-09,2.158909711,1.37719057e-09,-14.52039794,0.1879230719,167.2757997,-552.7242003,1.462820862,-0.1833079818,0.04139160242,34.53202549,34.40557661,2.952470636,-2.897080221e-11,2.525408832e-10,0.08581372344,-1.881700924e-09,
1872688000,-2.950864649,0.7119619232,-57.50006351,-417.5000635,5.943526434,0.382536197,-0.6004630198,87.50281984,33.23663135,-80.94485664,1.049942331e-12,-6.879295458e-09,2.435410972,1.51269677e-09,-16.54943109,0.1487744815,-179.4288096,-539.4288096,1.349553622,-0.1487670887,-0.001483131042,37.04987296,37.0497025,-0.1123866772,7.562055717e-10,-9.551455029e-12,0.003033402959,-3.181357828e-09,
1884686000,-2.995833137,0.7082854872,-64.29753642,-424.2975364,5.856018169,0.3071818776,-0.6382065696,77.21377187,28.08120695,-71.92643729,1.17406618e-12,-6.073928513e-09,2.561372715,1.586374885e-09,-16.89074428,0.1430417405,-159.8611837,-519.8611837,1.333835957,-0.1342963426,-0.04924867412,38.1861071,37.99450394,-3.82052951,2.210332292e-11,-3.226299536e-10,0.1005547938,-3.399915931e-09,
1896684000,-3.186980594,0.692868744,-71.22767906,-431.2276791,5.511873868,0.2229709405,-0.6560114756,68.23584814,25.13877893,-63.43636784,1.322777632e-12,-5.323085719e-09,2.523446664,1.638419685e-09,-15.34493794,0.1709043445,-144.0075572,-504.0075572,1.412266892,-0.1382777678,-0.1004368155,37.96077027,37.17332654,-7.691805603,1.090929916e-11,-6.454363948e-10,0.2069173335,-2.475648284e-09,
1908682000,-3.514704944,0.6672133891,-78.37619317,-438.3761932,5.009857171,0.1344334394,-0.6535299205,60.35597166,23.5834002,-55.55777668,1.500865228e-12,-4.632670495e-09,2.355800106,1.696099382e-09,-12.97555483,0.2245030566,-137.0088821,-497.0088821,1.578991467,-0.1642148749,-0.1530852615,36.18050008,34.43489888,-11.10253687,7.51042182e-12,-9.257820966e-10,0.3224210679,-9.310456019e-10,
1920680000,-3.988049888,0.6318260177,-85.84470203,-445.844702,4.432214378,0.04578215913,-0.6301651455,53.38644886,22.97252974,-48.19103443,1.71948689e-12,-3.993294741e-09,2.097767854,1.740676204e-09,-10.61205164,0.2947117273,-137.3898698,-497.3898698,1.835719914,-0.216901171,-0.1995216386,32.76637701,30.02467983,-13.12074935,6.315481664e-12,-1.087235831e-09,0.4369988097,5.052497059e-10,
1932678000,-4.679683594,0.5834663582,-93.61866563,-453.6186656,3.801532935,-0.03682585848,-0.5823030545,47.32418123,23.32134013,-41.17879581,1.999801944e-12,-3.391050606e-09,1.765713102,1.735316806e-09,-8.568618111,0.3728800039,-143.0627942,-503.0627942,2.189182313,-0.2980409731,-0.2240782802,27.96971264,24.80980527,-12.9142707,6.376623026e-12,-1.063482907e-09,0.5205309175,1.511686526e-09,
1944676000,-5.689512912,0.5194268011,-101.1987824,-461.1987824,3.161696917,-0.1008796995,-0.5095365423,42.59662802,24.81020181,-34.62551955,2.363614135e-12,-2.833799869e-09,1.395616199,1.629746757e-09,-6.968461767,0.4483084364,-151.8921759,-511.8921759,2.625214036,-0.3954360773,-0.2112126012,22.68771114,20.05719556,-10.60382682,7.718097326e-12,-8.678316874e-10,0.5286794355,2.109164527e-09,
1956674000,-7.058695095,0.4436752935,-108.1757489,-468.1757489,2.595022792,-0.138396878,-0.4215377447,39.50760843,27.25059731,-28.60517557,2.843524927e-12,-2.32673153e-09,1.049708204,1.395191554e-09,-5.862082935,0.5092087447,-162.4047159,-522.4047159,3.075052232,-0.4853856947,-0.1539294419,17.98460213,16.60728445,-6.902464563,1.178412856e-11,-5.614432219e-10,0.4156287312,2.39430424e-09,
1968672000,-8.816637067,0.3623832759,-113.7628233,-473.7628233,2.136680586,-0.1460228969,-0.3316608994,38.39404362,30.51490225,-23.30114431,3.469520978e-12,-1.883753259e-09,0.7635988513,9.109334828e-10,-5.118443536,0.5547251078,-173.2692698,-533.2692698,3.491607398,-0.5509019041,-0.06501566943,14.61670862,14.36549554,-2.698278834,2.996125084e-11,-2.181391386e-10,0.1878305434,2.474586043e-09,
1980670000,-11.14100311,0.2772999839,-117.4677601,-477.4677601,1.767399966,-0.1279044583,-0.2460400996,39.24619357,34.63276849,-18.46171867,4.352470933e-12,-1.483474675e-09,0.5330708306,-2.971170564e-10,-4.640818402,0.58608294,175.9174006,-544.0825994,3.831885886,-0.5845957256,0.04172589341,13.16897271,13.06385152,1.660610025,-4.838829868e-11,1.334368138e-10,0.1271148881,2.447459581e-09,
1992668000,-14.27904091,0.1932181654,-116.2256607,-476.2256607,1.478984918,-0.08538458682,-0.1733283929,42.34659232,39.84209924,-14.34716032,5.566974523e-12,-1.145911654e-09,0.3601005116,-2.852132042e-09,-4.382759014,0.6037568196,165.5046158,-554.4953842,4.04740548,-0.5845379167,0.1511215445,13.88721144,12.54101223,5.964700664,-1.339049191e-11,4.764022881e-10,0.4756155688,2.384052837e-09,
2004666000,-18.29148943,0.1217378223,-100.5276714,-460.5276714,1.277224331,-0.02224276298,-0.1196885829,47.85420634,46.50121178,-11.29877726,7.026623111e-12,-8.970353425e-10,0.2429781253,-5.024432917e-09,-4.287666241,0.6104030401,155.3520252,-564.6479748,4.133510284,-0.554787529,0.2545636838,16.27594703,12.63831455,10.25570363,-7.741277665e-12,8.142233804e-10,0.811477162,2.311202119e-09,
2016664000,-19.39682479,0.1071911081,-60.63708319,-420.6370832,1.240121059,0.05256006442,-0.09342041148,55.49681489,54.53127747,-10.30709662,7.656851758e-12,-8.134351461e-10,0.1890125648,-5.360265867e-09,-4.347622202,0.6062041287,145.5264593,-574.4735407,4.078773409,-0.4997472078,0.3431270521,19.7147077,13.36126891,14.49642,-5.444096601e-12,1.144056174e-09,1.084958329,2.234535507e-09,
2028662000,-15.86757459,0.1609241672,-36.75238577,-396.7523858,1.383574788,0.1289370932,-0.09629025702,64.64378881,63.41634116,-12.53742819,6.257516147e-12,-9.83600851e-10,0.1977002766,-3.743598584e-09,-4.538605242,0.5930205426,135.9928335,-584.0071665,3.914252953,-0.4265317493,0.4120000374,23.77782115,14.70303887,18.687039,-4.198265938e-12,1.466057248e-09,1.270964401,2.150491285e-09,
2040660000,-12.75986119,0.2301478596,-32.35085768,-392.3508577,1.597901461,0.1944259638,-0.1231526771,73.67217884,71.30017997,-18.54384727,4.205809892e-12,-1.446269813e-09,0.260081353,-1.15076502e-09,-4.8957506,0.569131299,126.9262891,-593.0737109,3.641785294,-0.3419267324,0.4549687299,28.23078793,16.83687919,22.66046968,-3.441759919e-12,1.767333002e-09,1.345883013,2.032296611e-09,
2052658000,-10.54531096,0.2969849573,-33.82253166,-393.8225317,1.844889339,0.2467248984,-0.1653084674,81.537587,76.65401632,-27.79460157,2.789607375e-12,-2.155082937e-09,0.3625981117,3.410570934e-10,-5.358528532,0.5396020282,118.2092403,-601.7907597,3.34406779,-0.2550660424,0.4755120008,32.92401887,19.67547586,26.39823229,-2.937167332e-12,2.046814013e-09,1.341682025,1.873273286e-09,
2064656000,-8.928298002,0.3577544956,-37.24962857,-397.2496286,2.114073958,0.2847746987,-0.2165447993,87.17498695,78.07584226,-38.77681272,1.987926485e-12,-2.989128175e-09,0.4966557081,8.406533086e-10,-5.938353248,0.504756985,110.5279653,-609.4720347,3.038421421,-0.1770003642,0.472705495,37.41370587,23.16103592,29.38284877,-2.62348466e-12,2.264990208e-09,1.268632753,1.67460492e-09,
2076654000,-7.702790332,0.4119651545,-41.66860573,-401.6686057,2.401158988,0.30773903,-0.2738831465,89.73560335,74.90336888,-49.41623053,1.550909208e-12,-3.787264204e-09,0.6597330837,1.055423348e-09,-6.574254984,0.469123567,103.7360362,-616.2639638,2.767355029,-0.1113929944,0.4557066182,41.56888778,27.02692936,31.58350077,-2.426586194e-12,2.420562244e-09,1.168593751,1.433007456e-09,
2088652000,-6.724479951,0.4610797005,-46.58290576,-406.5829058,2.711123894,0.3169020398,-0.3349142987,89.30423782,68.02164438,-57.86452098,1.316866298e-12,-4.409267099e-09,0.8506780674,1.174259392e-09,-7.238886181,0.4345659464,97.99745345,-622.0025465,2.537105675,-0.06046076366,0.4303394681,45.14848929,30.96547495,32.85613256,-2.319196802e-12,2.503631963e-09,1.061056955,1.17921091e-09,
2100650000,-5.970240171,0.5029073599,-51.94923787,-411.9492379,3.023394914,0.3099716709,-0.3960219387,86.00627775,59.01395572,-62.56542849,1.210966168e-12,-4.740245739e-09,1.060180219,1.24126716e-09,-7.882420991,0.4035329018,93.52669406,-626.4733059,2.353076819,-0.02482274662,0.4027687104,47.90901444,34.52255835,33.21846821,-2.28079804e-12,2.516784527e-09,0.9622249855,9.168765847e-10,
2112648000,-5.387612027,0.5377982673,-57.46908803,-417.469088,3.32711489,0.2892034668,-0.4534184944,81.04683267,49.99669262,-63.7880852,1.181009587e-12,-4.805433309e-09,1.275846098,1.268097614e-09,-8.465048073,0.3773528169,90.16592585,-629.8340742,2.212091943,-0.001092794241,0.3773512346,49.90443316,37.46371155,32.96851174,-2.285039154e-12,2.483661078e-09,0.8800118934,6.82293315e-10,
2124646000,-4.952136093,0.565448681,-63.0324167,-423.0324167,3.602448348,0.2564232387,-0.5039636232,75.35208986,42.15391108,-62.45786762,1.199351268e-12,-4.678651581e-09,1.481662461,1.248990955e-09,-8.929424754,0.35770809,87.85056649,-632.1494335,2.113848966,0.01341616137,0.3574564089,51.20391335,39.59798844,32.46290273,-2.307523864e-12,2.431761073e-09,0.8198119149,5.114831242e-10,
2136644000,-4.621494437,0.5873882817,-68.42765965,-428.4276597,3.847172078,0.2159683732,-0.5462441352,69.75135785,35.86592033,-59.82380531,1.2451278e-12,-4.456172544e-09,1.66798467,1.195662729e-09,-9.198052219,0.3468146137,86.10043789,-633.8995621,2.06191786,0.02358605234,0.3460116681,52.15162429,40.98932265,32.24387298,-2.310153098e-12,2.401790738e-09,0.7866407859,4.475194511e-10,
2148642000,-4.355441124,0.6056586773,-73.44366031,-433.4436603,4.07174847,0.1725873018,-0.5805480658,64.7248273,30.98805421,-56.82467567,1.303524221e-12,-4.209136758e-09,1.83376069,1.121162351e-09,-9.257697334,0.3444412315,84.51324389,-635.4867561,2.050832505,0.03293397726,0.3428631142,53.03613023,41.85903497,32.56765728,-2.274414166e-12,2.412362619e-09,0.7780317274,5.044958279e-10,
2160640000,-4.121325173,0.6222053504,-78.08547678,-438.0854768,4.293881219,0.1284556692,-0.6088009848,60.3037839,27.11224706,-53.86531734,1.367503659e-12,-3.967774139e-09,1.986752231,1.057345201e-09,-9.11732215,0.3500530714,82.16977807,-637.8302219,2.077174323,0.04769058125,0.3467892173,54.44536122,42.71322251,33.76207904,-2.181767848e-12,2.48694913e-09,0.790436241,6.710560202e-10,
2172638000,-3.90335698,0.6380168536,-82.41657874,-442.4165787,4.525119111,0.08419881171,-0.6324366099,56.38929797,23.93436139,-51.05780323,1.434731505e-12,-3.740200516e-09,2.133242764,1.026119135e-09,-8.860447159,0.3605600805,78.9206027,-641.0793973,2.127737164,0.06928850475,0.3538398999,56.55861406,43.87598948,35.68997578,-2.052515792e-12,2.614442012e-09,0.8134283967,9.224206294e-10,
2184636000,-3.651376888,0.6567969927,-86.77605034,-446.7760503,4.827454764,0.03693750679,-0.6557575087,52.65071737,20.94344982,-48.30600324,1.50813403e-12,-3.519185437e-09,2.306496955,1.02781608e-09,-8.527109025,0.3746662286,74.40436425,-645.5956357,2.198292003,0.1007276875,0.36087216,59.77294039,45.7773697,38.4348387,-1.895465931e-12,2.800052076e-09,0.8396034756,1.206306046e-09,
2196634000,-3.410410244,0.6752731594,-91.25885282,-451.2588528,5.159022753,-0.01483531841,-0.6751101785,48.99125991,18.30851342,-45.44163162,1.594441221e-12,-3.292428458e-09,2.481994609,1.056440705e-09,-8.199757185,0.3890560209,68.47498592,-651.5250141,2.273622572,0.1427475298,0.3619222709,64.40965167,49.00480877,41.79870746,-1.733403136e-12,3.028483993e-09,0.8529511389,1.486318897e-09,
2208632000,-3.193973121,0.6923111783,-95.86146694,-455.8614669,5.500073642,-0.07070127339,-0.6886915838,45.42862712,16.06423444,-42.4935352,1.695797178e-12,-3.06210187e-09,2.645226285,1.068548133e-09,-7.973096204,0.399342185,61.34071856,-658.6592814,2.329682808,0.1915245168,0.3504176653,70.47515864,54.12793637,45.13218906,-1.59665238e-12,3.252244367e-09,0.8338058327,1.711715223e-09,
2220630000,-3.031368172,0.7053937241,-100.6891865,-460.6891865,5.788721638,-0.1308372476,-0.6931536053,41.90813352,14.27933275,-39.40041004,1.81904393e-12,-2.823869811e-09,2.759261285,1.048648845e-09,-7.891374764,0.4031171378,53.35328811,-666.6467119,2.350741203,0.2406122326,0.3234334248,77.66448697,61.46502538,47.47444778,-1.509676891e-12,3.402544789e-09,0.7723814883,1.836887808e-09,
2232628000,-2.9369308,0.7131049646,-105.1376764,-465.1376764,5.971190692,-0.1862197492,-0.6883610213,38.85838405,13.06465269,-36.59629572,1.947899904e-12,-2.608800644e-09,2.801168663,9.923503056e-10,-8.04173641,0.3961988216,44.99832651,-675.0016735,2.31234862,0.280163056,0.2801466906,84.82701152,70.64696017,46.95347593,-1.518224573e-12,3.347121773e-09,0.6646213201,1.850937847e-09,
2244626000,-2.860633189,0.7193965331,-109.267788,-469.267788,6.127495686,-0.2373891519,-0.6791007012,36.1728161,12.10827398,-34.08610165,2.080169899e-12,-2.416871037e-09,2.815108223,9.194565103e-10,-8.356976346,0.382077253,36.9760181,-683.0239819,2.236650552,0.3052366794,0.2298120902,90.55345631,79.73870717,42.91464818,-1.652230314e-12,3.042858093e-09,0.5381909201,1.754343481e-09,
2256624000,-2.825938094,0.7222758521,-113.0033603,-473.0033603,6.201390356,-0.2822546512,-0.6648418747,33.86788997,11.46389355,-31.8686855,2.213078294e-12,-2.247631341e-09,2.779918129,8.675978309e-10,-8.831603187,0.3617594133,29.55575944,-690.4442406,2.133614567,0.3146858546,0.1784451905,93.67451836,86.6533708,35.5824215,-1.982099395e-12,2.509553328e-09,0.4106293982,1.582762908e-09,
2268622000,-2.788649365,0.7253832647,-116.6132951,-476.6132951,6.282877344,-0.3249474445,-0.648529135,31.72896695,10.88700876,-29.80269088,2.35397862e-12,-2.090804714e-09,2.737454478,8.34123297e-10,-9.419967056,0.3380661184,23.1870681,-696.8129319,2.021449809,0.3107585675,0.1331082761,93.84210835,89.87037419,27.01216658,-2.597159208e-12,1.895035768e-09,0.3005680884,1.365815222e-09,
2280620000,-2.726944553,0.7305547559,-120.2019127,-480.2019127,6.422658384,-0.3675046916,-0.6313877993,29.66686585,10.27649564,-27.83013774,2.507562967e-12,-1.94214906e-09,2.708135022,8.230642848e-10,-10.06880051,0.3137328354,17.71082064,-702.2891794,1.914316906,0.2988631683,0.09544159801,92.0265374,90.03077562,19.06155887,-3.661076369e-12,1.330226569e-09,0.2117226997,1.128185545e-09,
2292618000,-2.667280839,0.7355902396,-123.6825722,-483.6825722,6.564017293,-0.40795198,-0.612101448,27.73422977,9.734993449,-25.96954762,2.673154433e-12,-1.802821871e-09,2.667649213,8.168820865e-10,-10.74262468,0.2903145258,13.40179563,-706.5982044,1.818149832,0.2824088591,0.06728863333,89.08723246,88.14047325,12.95345375,-5.359235667e-12,8.992366778e-10,0.1469637417,8.935827905e-10,
2304616000,-2.621287038,0.7394956916,-127.2439473,-487.2439473,6.67741621,-0.4475501099,-0.5886873339,25.83110561,9.278350533,-24.10722357,2.864668439e-12,-1.664825635e-09,2.59822298,8.092007803e-10,-11.39789463,0.2692187284,10.08364938,-709.9163506,1.736797011,0.2650601564,0.04713636812,85.94868832,85.50814901,8.690999747,-7.946059663e-12,6.001935117e-10,0.1016394326,6.570167124e-10,
2316614000,-2.593295891,0.7418826344,-130.7339901,-490.7339901,6.748413188,-0.4841140618,-0.5621596022,24.03868343,8.925731547,-22.32016168,3.078003568e-12,-1.53342942e-09,2.500653482,8.011299503e-10,-12.01439439,0.2507727142,7.702482352,-712.2975176,1.669416929,0.2485100908,0.03361084618,83.01609107,82.80332855,5.939710158,-1.156647975e-11,4.080672189e-10,0.07173274628,4.458205639e-10,
2328612000,-2.56050903,0.7446883307,-134.1520275,-494.1520275,6.83356282,-0.5187235325,-0.5343094672,22.33288621,8.592553125,-20.61372934,3.315632829e-12,-1.408898056e-09,2.399022624,7.986814971e-10,-12.50800003,0.2369190587,6.371281552,-713.6287184,1.620953941,0.2354557675,0.02629109996,80.76743157,80.64239111,4.492522497,-1.521362615e-11,3.070529407e-10,0.05570919258,2.540350589e-10,
2340610000,-2.537997655,0.746620856,-137.530055,-497.530055,6.893309481,-0.550731153,-0.5041209177,20.705784,8.322172023,-18.95971899,3.586403745e-12,-1.28920794e-09,2.278217626,8.033688731e-10,-12.90385311,0.2263639921,5.629860315,-714.3701397,1.585195078,0.2252721046,0.02220666075,79.058093,78.9716126,3.696819057,-1.839343666e-11,2.513733713e-10,0.04681199909,9.333880826e-11,
2352608000,-2.477175165,0.7518673774,-141.0945599,-501.0945599,7.060205785,-0.5850908034,-0.4722004923,19.00285564,7.945487956,-17.26203185,3.919030546e-12,-1.16778388e-09,2.172557803,8.121005021e-10,-13.1435887,0.2202016481,5.633717648,-714.3662824,1.564765616,0.2191380305,0.02161687831,78.04597683,77.9655378,3.54251528,-1.909672218e-11,2.396526824e-10,0.04543693765,-1.349695872e-11,
2364606000,-2.48249476,0.751407044,-144.6125994,-504.6125994,7.045280254,-0.6125884702,-0.4351412552,17.44066281,7.803231325,-15.59763765,4.315215782e-12,-1.049832882e-09,1.998869058,8.262384918e-10,-13.21087742,0.2185023586,6.055482065,-713.9445179,1.559188786,0.2172831612,0.02305013154,77.74036083,77.6494213,3.759132046,-1.790497682e-11,2.530165477e-10,0.04841159127,-5.454596e-11,
2376604000,-2.477100135,0.7518738722,-148.1492025,-508.1492025,7.060416764,-0.6386605909,-0.396770676,15.91477439,7.645821633,-13.95784566,4.797830668e-12,-9.347203537e-10,1.82555209,8.273029124e-10,-13.05579465,0.2224386587,6.449956396,-713.5500436,1.572144336,0.2210307001,0.0249877267,78.35087275,78.24280289,4.113764317,-1.627885674e-11,2.754880181e-10,0.05257690376,-5.097835108e-12,
2388602000,-2.489579409,0.7507944085,-151.8465106,-511.8465106,7.025502107,-0.6619654904,-0.3542512291,14.40752063,7.55479026,-12.2679173,5.431321366e-12,-8.174236142e-10,1.623859416,8.22801758e-10,-12.67614704,0.2323767363,6.399737312,-713.6002627,1.605444747,0.2309286645,0.02590172792,79.99930688,79.87962868,4.374245468,-1.523257024e-11,2.914603557e-10,0.05476046321,1.31914461e-10,
2400600000,-2.477999247,0.7517960467,-155.3443689,-515.3443689,7.057889383,-0.6832559246,-0.3136218062,13.01645112,7.415515705,-10.69757574,6.197477518e-12,-7.092277171e-10,1.442593632,8.210514958e-10,-12.07287183,0.2490900665,5.571684911,-714.4283151,1.663435268,0.2479132413,0.02418441733,82.93609321,82.82603652,4.271209753,-1.552206259e-11,2.831726006e-10,0.05156844312,3.66647549e-10,
2412598000,-2.485496734,0.7511473913,-158.7845721,-518.7845721,7.036885812,-0.7002394236,-0.2718219142,11.75064335,7.349435232,-9.168610637,7.195013916e-12,-6.04837484e-10,1.247525877,8.214636368e-10,-11.37203572,0.2700214183,3.645740342,-716.3542597,1.739806414,0.2694749715,0.01716991773,86.8718048,86.812272,3.21557149,-2.051525874e-11,2.12125724e-10,0.03704051762,6.662155618e-10,
2424596000,-2.449184866,0.7542941798,-162.4119283,-522.4119283,7.139815323,-0.7190336402,-0.227926159,10.43178446,7.167216851,-7.579784279,8.660119833e-12,-4.975509881e-10,1.057563129,8.438832877e-10,-10.58272744,0.2957083772,-0.09131224619,-720.0913122,1.839732769,0.2957080017,-0.0004712700471,91.98654822,91.98649915,-0.09500886607,6.909022587e-10,-6.236556801e-12,0.001032856636,9.982660469e-10,
2436594000,-2.41804652,0.7570031279,-166.0533882,-526.0533882,7.230558619,-0.7346872267,-0.1824511294,9.230087696,7.016538071,-5.996891892,1.089207797e-11,-3.91708667e-10,0.8546795915,8.729313107e-10,-9.795365007,0.3237663801,-5.156621867,-725.1566219,1.957557775,0.3224560103,-0.02909966215,97.52561031,97.32014702,-6.327215017,1.032343833e-11,-4.132849157e-10,0.06501444162,1.31773048e-09,
2448592000,-2.40923881,0.7577711374,-169.9348019,-529.9348019,7.256654383,-0.7461086739,-0.1324346761,8.17634905,6.942638283,-4.31884909,1.504997146e-11,-2.807189524e-10,0.6220760631,8.942682494e-10,-9.127829104,0.3496298829,-11.58608684,-731.5860868,2.075172041,0.3425058414,-0.07021968125,101.6540732,100.3773992,-16.06014731,4.047195476e-12,-1.043886377e-09,0.1599976432,1.568684699e-09,
2460590000,-2.441466249,0.7549647727,-173.8753091,-533.8753091,7.162091721,-0.750655478,-0.0805491238,7.475920891,7.000791281,-2.622654115,2.466265677e-11,-1.696375123e-10,0.3746225262,9.006894564e-10,-8.592185136,0.371869657,-19.0651069,-739.0651069,2.184052517,0.3514718672,-0.1214683842,102.8272404,98.96935861,-27.90174608,2.318192491e-12,-1.804730089e-09,0.2819230768,1.737255958e-09,
2472588000,-2.51893447,0.7482612868,-177.8139427,-537.8139427,6.944745465,-0.7477167235,-0.02854215815,7.262585881,7.202254373,-0.9341764424,6.890321132e-11,-6.013084207e-11,0.1297061162,8.920639422e-10,-8.223272422,0.3880041573,-27.01501197,-747.015012,2.267996056,0.3456680709,-0.1762407752,100.1370715,92.49044752,-38.37903335,1.677159407e-12,-2.470372286e-09,0.4149513207,1.816729081e-09,
2484586000,-2.619371821,0.7396587666,178.4345324,-541.5654676,6.682225261,-0.7393826978,0.02020685912,7.513638505,7.483902696,0.6678053799,-9.592154923e-11,4.277756022e-11,0.08923223711,8.667235595e-10,-8.004761603,0.3978889881,-34.96063387,-754.9606339,2.321646607,0.3260883037,-0.2279957566,94.56565208,83.14754321,-45.0460721,1.422031348e-12,-2.885512935e-09,0.5417607106,1.795748297e-09,
2496584000,-2.757273031,0.7280083297,174.6449076,-545.3550924,6.353166359,-0.7248308788,0.06794354442,8.209893065,7.886876446,2.280246492,-2.795710209e-11,1.453636251e-10,0.2891190838,8.530417632e-10,-7.922304112,0.4016842416,-42.87313127,-762.8731313,2.342716571,0.2943791331,-0.2732968276,87.41377315,73.23275761,-47.72977004,1.335625207e-12,-3.042729119e-09,0.6517543733,1.708240629e-09,
2508582000,-2.89162319,0.7168344035,171.1771571,-548.8228429,6.063004915,-0.7083523241,0.1099479285,9.103522726,8.294473867,3.751776818,-1.691043714e-11,2.380284264e-10,0.4523224593,8.670597487e-10,-7.918143709,0.4018766881,-49.91774577,-769.9177458,2.343792091,0.2587630488,-0.3074842387,80.73532186,65.10269905,-47.74757347,1.328741576e-12,-3.029305934e-09,0.7334192616,1.590669098e-09,
2520580000,-3.022010466,0.7061540865,167.3921138,-552.6078862,5.806288289,-0.6891264006,0.1541375938,10.22873227,8.713290204,5.357754917,-1.17851958e-11,3.383003828e-10,0.6148945796,9.01295325e-10,-7.901711553,0.4026376868,-56.42830394,-776.4283039,2.348051854,0.2226505966,-0.3354755113,74.87393177,58.44477481,-46.80079012,1.349169332e-12,-2.955104416e-09,0.8007694489,1.452517456e-09,
2532578000,-3.216109453,0.6905490424,163.3355602,-556.6644398,5.463059658,-0.6615464373,0.1980259863,11.71719601,9.341985756,7.072480788,-8.885574762e-12,4.444563119e-10,0.7570639662,9.586523168e-10,-7.92348115,0.4016298125,-62.53577365,-782.5357736,2.34241251,0.1852295417,-0.3563657155,69.58566902,53.02498747,-45.06124762,1.394614222e-12,-2.831786543e-09,0.8498115656,1.33319978e-09,
2544576000,-3.455250342,0.6717961071,159.1009717,-560.8990283,5.093772936,-0.6275989935,0.2396445553,13.45914452,10.13649306,8.854381941,-7.063931079e-12,5.538127585e-10,0.8735153162,1.004520047e-09,-7.879731136,0.4036578877,-67.93326532,-787.9332653,2.353779582,0.151648725,-0.3740886987,65.30000864,48.68655067,-43.51678886,1.437301451e-12,-2.721833443e-09,0.8938154021,1.225228129e-09,
2556574000,-3.793894404,0.64610824,154.6192892,-565.3807108,4.651445516,-0.5837456447,0.2769420158,15.54831738,11.26800876,10.71364326,-5.810648203e-12,6.669587046e-10,0.9508018217,1.042221273e-09,-7.807163432,0.4070444414,-72.95758081,-792.9575808,2.372934061,0.1192964339,-0.3891703202,61.5368226,44.99631882,-41.97751575,1.483013247e-12,-2.613235185e-09,0.9329099991,1.160792683e-09,
2568572000,-4.264179477,0.6120558118,150.0562326,-569.9437674,4.15538075,-0.5303559753,0.3055075388,17.95095331,12.83992632,12.54484024,-4.939275522e-12,7.773086894e-10,0.9770180864,1.037689449e-09,-7.63112489,0.415378253,-77.67791712,-797.6779171,2.421015401,0.08864460289,-0.4058093487,58.22951867,41.57050995,-40.7746189,1.519632164e-12,-2.526494157e-09,0.9808544314,1.164974101e-09,
2580570000,-4.909941972,0.5682021876,145.3497023,-574.6502977,3.631797435,-0.4674244632,0.3230605163,20.72789413,14.99635644,14.30925884,-4.310100014e-12,8.825140477e-10,0.9541823641,9.522432771e-10,-7.340631365,0.4295052055,-82.73239085,-802.7323909,2.505728745,0.05433405935,-0.426054611,54.81837424,37.90296863,-39.60327162,1.557304086e-12,-2.442505509e-09,1.044859362,1.246280579e-09,
2592568000,-5.774204384,0.5143867591,141.3254088,-578.6745912,3.118503845,-0.4015856548,0.3214384852,23.61939448,17.78263597,15.5452132,-3.949056002e-12,9.543038111e-10,0.8741793531,7.045378315e-10,-6.931779003,0.4502057628,-88.20510697,-808.205107,2.637724561,0.01410119614,-0.4499848721,51.18655121,33.94322787,-38.31344811,1.602281197e-12,-2.352021105e-09,1.128750873,1.345709972e-09,
2604566000,-6.873964779,0.4532123763,138.4196744,-581.5803256,2.657727266,-0.3390146534,0.3007831824,26.45780251,21.09444522,15.96996226,-3.826316361e-12,9.758625564e-10,0.7570695553,3.064001748e-10,-6.448721512,0.475952842,-94.60915979,-814.6091598,2.816450427,-0.03824675026,-0.4744136316,46.97315345,29.67974999,-36.40864713,1.678341073e-12,-2.224791448e-09,1.226716773,1.578163488e-09,
2616564000,-8.22555848,0.3879020511,138.3057657,-581.6942343,2.26745091,-0.2896484479,0.258015073,28.73158462,24.55628508,14.91619315,-4.077845539e-12,9.072913451e-10,0.6074287334,-3.265649441e-10,-5.977923377,0.502462704,-100.8020235,-820.8020235,3.019799151,-0.09416955295,-0.4935593827,42.96989004,25.94139178,-34.25573883,1.77564209e-12,-2.08363723e-09,1.32050505,1.818168766e-09,
2628562000,-9.649502244,0.3292493208,140.2423831,-579.7576169,1.981733843,-0.2531126603,0.2105685078,30.53490173,27.60987483,13.04128196,-4.642817595e-12,7.896273661e-10,0.47234122,-1.166649821e-09,-5.590414419,0.5253869474,-110.5165825,-830.5165825,3.213959117,-0.1841368073,-0.49206207,37.15042699,22.0144234,-29.92522995,2.023319235e-12,-1.811921602e-09,1.359346525,2.014116195e-09,
2640560000,-10.98673125,0.2822691642,147.4666816,-572.5333184,1.786559947,-0.2379751638,0.1518015233,31.14850146,29.58050314,9.758226139,-6.176653135e-12,5.881593017e-10,0.3298870912,-1.960006377e-09,-5.354590609,0.5398467231,-119.5172955,-839.5172955,3.346377828,-0.2659750666,-0.4697784035,32.26935434,19.4299521,-25.76408723,2.339426098e-12,-1.552883418e-09,1.325998495,2.105597858e-09,
2652558000,-11.59557002,0.2631609824,159.0346526,-560.9653474,1.714297088,-0.2457389352,0.09415985538,30.4218473,29.8176289,6.033058919,-9.945295145e-12,3.619868628e-10,0.2023319473,-2.366019923e-09,-5.258962871,0.5458230306,-128.7491828,-848.7491828,3.40356983,-0.3416373749,-0.425683785,27.84962571,17.71850632,-21.48618593,2.792517564e-12,-1.289183007e-09,1.212640927,2.015338766e-09,
2664556000,-11.26541065,0.2733565391,171.2387126,-548.7612874,1.752381474,-0.2701668845,0.04163714657,28.76107892,28.645301,2.578059596,-2.316873526e-11,1.5398848e-10,0.08999938929,-2.132720064e-09,-5.279838034,0.5445128063,-137.159057,-857.159057,3.390902812,-0.3992608323,-0.3702498939,24.3769317,16.78998754,-17.67289217,3.379773932e-12,-1.055608569e-09,1.052585187,1.916196131e-09,
2676554000,-10.22318539,0.3082057454,179.4538803,-540.5461197,1.891032972,-0.3081917451,0.002937645575,26.44156525,26.44100807,0.171654186,-3.464094438e-10,1.020700954e-11,0.006491968292,-1.448679231e-09,-5.383791334,0.5380348825,-145.2197639,-865.2197639,3.329331208,-0.4419128124,-0.3069113896,21.60172101,16.34648057,-14.12185978,4.210679899e-12,-8.397229381e-10,0.8639082716,1.799331864e-09,
2688552000,-8.983668741,0.355481139,-176.6838566,-536.6838566,2.10308995,-0.3548859064,-0.02056291761,23.8163009,23.78995612,-1.119900045,5.285942428e-11,-6.629502721e-11,0.04707448973,-6.648918843e-10,-5.446596633,0.5341585304,-152.6649431,-872.6649431,3.29330605,-0.474512486,-0.2452819525,19.3980485,15.9928965,-10.97777513,5.392465315e-12,-6.498543368e-10,0.6864156929,1.730227444e-09,
2700550000,-7.861663247,0.4044984275,-175.7178066,-535.7178066,2.358513382,-0.4033692247,-0.03020341796,21.27937771,21.22409393,-1.532890304,3.844650197e-11,-9.033977119e-11,0.07222406333,-6.207077602e-11,-5.488433185,0.5315918827,-159.8553304,-879.8553304,3.269780831,-0.4990723014,-0.1830758523,17.65761473,15.72761012,-8.027056621,7.341952707e-12,-4.730687229e-10,0.5103799345,1.700805708e-09,
2712548000,-6.856086658,0.4541461816,-176.8161729,-536.8161729,2.663984629,-0.4534451984,-0.02522313053,18.81922132,18.78132931,-1.193633203,4.9155465e-11,-7.003475126e-11,0.0635542449,3.374237484e-10,-5.485283051,0.5317847115,-167.2079577,-887.2079577,3.271539288,-0.5185858763,-0.1177440796,16.26911174,15.45722641,-5.075248622,1.156073318e-11,-2.977830828e-10,0.3283414817,1.732336407e-09,
2724546000,-6.052599686,0.498161334,-179.1394563,-539.1394563,2.985344565,-0.4981051474,-0.007481763535,16.75264103,16.74932402,-0.3333562129,1.752336202e-10,-1.947307518e-11,0.01990266667,5.921237713e-10,-5.482754932,0.5319395155,-174.679537,-894.679537,3.272952035,-0.5296477312,-0.04932473042,15.45080569,15.3066237,-2.105864993,2.773929772e-11,-1.230145584e-10,0.137578674,1.794142455e-09,
2736544000,-5.421517624,0.5357030498,177.73983,-542.26017,3.307588062,-0.5352863006,0.0211266167,15.14862858,15.12209993,0.8961257868,-6.490060145e-11,5.211787152e-11,0.05925934828,7.277492445e-10,-5.516460735,0.5298793114,177.3349303,-902.6650697,3.25422673,-0.529306198,0.02463804777,15.40819731,15.37216138,1.053185057,-5.52221114e-11,6.125229771e-11,0.06851249026,1.83832636e-09,
2748542000,-4.965099582,0.5646053914,174.2164502,-545.7835498,3.593534142,-0.5617313704,0.05689565421,14.13986073,13.94662681,2.329648514,-2.485577747e-11,1.348988215e-10,0.1670402848,7.744361162e-10,-5.617492485,0.5237516157,169.1262075,-910.8737925,3.199489313,-0.5143477097,0.09880378775,16.32879519,15.75511776,4.290200102,-1.34970919e-11,2.484250024e-10,0.2723051752,1.851883134e-09,
2760540000,-4.663598187,0.5845478812,170.7891101,-549.2108899,3.814032495,-0.5770106387,0.09356788031,13.71119931,13.18866766,3.749137481,-1.537781815e-11,2.161511017e-10,0.2842696151,7.585035313e-10,-5.793826495,0.5132260303,161.1879386,-918.8120614,3.108683135,-0.4858102137,0.1654974153,18.06580499,16.47856809,7.404735201,-7.786038642e-12,4.269093038e-10,0.4493554998,1.814563255e-09,
2772538000,-4.465938256,0.5980026206,167.6108715,-552.3891285,3.975156811,-0.5840769368,0.1283014661,13.6938296,12.71681809,5.079715209,-1.130064572e-11,2.915962865e-10,0.3994486019,7.173799891e-10,-6.033895548,0.4992352272,153.3999499,-926.6000501,2.993891162,-0.4463930981,0.2235375005,20.39656884,17.52466093,10.43581717,-5.500677237e-12,5.990582951e-10,0.5954932429,1.730481488e-09,
2784536000,-4.314485734,0.6085212004,164.6616737,-555.3383263,4.108833484,-0.5868460966,0.1609649346,13.8998627,12.376265,6.327262257,-9.033404525e-12,3.61645554e-10,0.5112416593,6.887900774e-10,-6.314792986,0.4833484728,146.0100252,-933.9899748,2.871081173,-0.400761331,0.2702149177,23.03910718,18.82846113,13.27740604,-4.304810693e-12,7.588929729e-10,0.7051774413,1.624540451e-09,
2796534000,-4.190880135,0.617242744,161.7873432,-558.2126568,4.225243855,-0.5863207543,0.1929159869,14.28185879,12.1202243,7.554578319,-7.533378702e-12,4.299423795e-10,0.6233035077,6.840923797e-10,-6.633669342,0.4659255568,139.3429938,-940.6570062,2.744796302,-0.3534620519,0.3035641652,25.74663846,20.34586824,15.77767529,-3.607090295e-12,8.979311578e-10,0.775473187,1.492210865e-09,
2808532000,-4.091724038,0.6243294166,158.8254882,-561.1745118,4.323813171,-0.5821775532,0.2255138953,14.85440803,11.94555161,8.829339421,-6.418189603e-12,5.003443127e-10,0.7391319975,6.971870126e-10,-6.943821939,0.4495819877,133.1321913,-946.8678087,2.633602017,-0.307371968,0.3280951645,28.42941454,21.95745867,18.05828396,-3.138081924e-12,1.023333598e-09,0.8224214026,1.356105024e-09,
2820530000,-4.069005123,0.6259645575,155.7550315,-564.2449685,4.34708686,-0.5707532992,0.2570453241,15.71721354,12.00329997,10.14650636,-5.561255862e-12,5.725401402e-10,0.8453097385,7.130909892e-10,-7.195336806,0.4367502475,127.6124841,-952.3875159,2.550822687,-0.2665564417,0.3459746263,30.8824653,23.47196125,20.06972094,-2.811564651e-12,1.132480524e-09,0.8550508723,1.250727362e-09,
2832528000,-4.130334336,0.6215603223,152.6210999,-567.3789001,4.28485811,-0.551936118,0.2858386884,16.8397013,12.32150896,11.47849977,-4.895091228e-12,6.449574297e-10,0.9315823099,7.125764504e-10,-7.376045975,0.4277575673,122.5882935,-957.4117065,2.495022189,-0.2303896469,0.3604124679,33.14204207,24.8523366,21.92615602,-2.562615331e-12,1.23199351e-09,0.8822573254,1.175980678e-09,
2844526000,-4.276221256,0.6112078694,149.4893391,-570.5106609,4.14413704,-0.526576794,0.3103094256,18.16854719,12.90677763,12.78714973,-4.375588512e-12,7.154577203e-10,0.9907313889,6.863352674e-10,-7.454634711,0.4239047319,117.6037343,-962.3962657,2.471648025,-0.1964178655,0.3756530897,35.36869181,26.08230944,23.88843851,-2.342191827e-12,1.33658932e-09,0.9158866306,1.174302844e-09,
2856524000,-4.536959286,0.5931329294,146.5692484,-573.4307516,3.91561039,-0.4950004449,0.326773976,19.65314932,13.83959422,13.95392095,-3.992877588e-12,7.774608213e-10,1.008260844,6.059306358e-10,-7.420761144,0.4255611196,112.7396171,-967.2603829,2.481658482,-0.1644980282,0.3924826942,37.55902043,27.11405347,25.99053904,-2.143714609e-12,1.448096625e-09,0.9585633912,1.248263962e-09,
2868522000,-4.948060097,0.5657140894,143.9585863,-576.0414137,3.605261076,-0.4574318467,0.3328491198,21.28919781,15.21250947,14.89327026,-3.72539113e-12,8.2632714e-10,0.9790146909,4.550553412e-10,-7.258256184,0.4335979206,107.1761084,-972.8238916,2.531060483,-0.1280456656,0.4142601408,40.16612552,28.11417815,28.68641885,-1.934129778e-12,1.591615947e-09,1.020354168,1.392471921e-09,
2880520000,-5.483035961,0.5319223051,142.3005559,-577.6994441,3.272794926,-0.4208726016,0.3252807893,22.78444324,16.87445765,15.30958957,-3.608990082e-12,8.458878458e-10,0.9072640965,2.148412653e-10,-7.02580208,0.4453586543,100.8440986,-979.1559014,2.605933844,-0.08378857143,0.4374057684,43.43476046,29.34486661,32.02276096,-1.72540266e-12,1.769326614e-09,1.091255973,1.602138386e-09,
2892518000,-6.088004673,0.4961348867,141.7961282,-578.2038718,2.969316285,-0.3898702865,0.3068403257,23.9908486,18.6054037,15.14594895,-3.632850889e-12,8.333751576e-10,0.8140618287,-1.353480578e-10,-6.774809668,0.4584157354,93.47911293,-986.5208871,2.692869477,-0.02781880642,0.4575708693,47.7516958,31.20026354,36.14924629,-1.522105708e-12,1.989039044e-09,1.158619902,1.82162238e-09,
2904516000,-6.752387756,0.4596006267,143.0106796,-576.9893204,2.700966542,-0.3671049299,0.2765261406,24.75884593,20.27218037,14.21404781,-3.855037319e-12,7.788684827e-10,0.7011602871,-5.53954714e-10,-6.61873709,0.4667272365,84.98769336,-995.0123066,2.75042593,0.04077782557,0.4649424505,53.46841779,34.41786389,40.91799538,-1.339158584e-12,2.242129575e-09,1.188859236,2.00927922e-09,
2916514000,-7.280505397,0.4324886655,146.5265553,-573.4734447,2.524158688,-0.3607567627,0.2385393133,24.69404856,21.29756378,12.49839234,-4.36618278e-12,6.820405875e-10,0.5868461047,-9.438211622e-10,-6.579895746,0.4688190092,75.76382547,-1004.236175,2.76519498,0.1152916944,0.4544217079,60.54333252,39.43603547,45.93793878,-1.187912799e-12,2.506845512e-09,1.164872134,2.118051221e-09,
2928512000,-7.484221737,0.422463228,151.89877,-568.10123,2.46298296,-0.3726618914,0.1989932003,23.72520757,21.35162866,10.34376274,-5.254054497e-12,5.621493e-10,0.4844484189,-1.14574762e-09,-6.712879801,0.4616958916,66.30854463,-1013.691455,2.715371978,0.1855145884,0.4227853282,68.57777171,46.71685141,50.20404931,-1.08251613e-12,2.728424064e-09,1.074645397,2.127987313e-09,
2940510000,-7.286103904,0.432209994,157.7352223,-562.2647777,2.52242903,-0.3999856324,0.1637588859,22.06266191,20.46517113,8.242440246,-6.566616651e-12,4.46121628e-10,0.4027545235,-1.067735147e-09,-7.016824287,0.4458192179,57.0764059,-1022.923594,2.608930632,0.2423117304,0.3742189204,76.76651404,56.09929217,52.40197607,-1.032879854e-12,2.836254092e-09,0.9340933555,2.062529372e-09,
2952508000,-6.68779648,0.4630311151,162.1503699,-557.8496301,2.724610599,-0.4407427604,0.141928266,19.92743348,18.74155335,6.771763662,-7.960260056e-12,3.650319187e-10,0.3613235005,-7.588009645e-10,-7.399283964,0.4266146861,48.37453793,-1031.625462,2.488055852,0.283382417,0.3188957448,84.29758129,66.47862759,51.83313888,-1.039971743e-12,2.79406534e-09,0.7796962838,1.976136757e-09,
2964506000,-5.909237797,0.5064517897,164.4599906,-555.5400094,3.052289033,-0.487937739,0.1356841115,17.72738747,16.65286116,6.078032706,-8.832929523e-12,3.263103362e-10,0.36498429,-3.433791962e-10,-7.860971125,0.4045306607,40.18761949,-1039.812381,2.35869518,0.3090353251,0.2610406544,90.35708559,76.64902685,47.84693928,-1.122053685e-12,2.568750712e-09,0.624234139,1.867650716e-09,
2976504000,-5.126767057,0.55419378,164.923755,-555.076245,3.48625414,-0.5351187369,0.1441481294,15.78331198,14.57219055,6.063348883,-8.818629625e-12,3.242098604e-10,0.4160904197,4.119393126e-11,-8.357300023,0.3820630153,32.07549797,-1047.924502,2.236575977,0.323740749,0.2028893173,94.83891442,85.66137128,40.70072677,-1.313746273e-12,2.176285284e-09,0.4751351299,1.786931489e-09,
2988502000,-4.446868144,0.5993169943,163.7642843,-556.2357157,3.991476982,-0.5754159858,0.1675628329,14.40547646,12.76525626,6.67577595,-7.977463544e-12,3.55523517e-10,0.5229645071,3.281737592e-10,-8.892268815,0.3592415481,24.89139396,-1055.108606,2.121301005,0.3258706111,0.1512046121,96.57735382,91.23416098,31.67827554,-1.681144518e-12,1.687050616e-09,0.3472194537,1.683277262e-09,
3000500000,-3.888409956,0.6391157236,161.6085825,-558.3914175,4.541942752,-0.6064717906,0.2016454199,13.65538134,11.2826786,7.692243045,-6.895622892e-12,4.08018165e-10,0.6817745428,4.997949311e-10,-9.506278892,0.3347233854,17.43136348,-1062.568637,2.006268304,0.3193517133,0.1002707732,96.16041097,93.79802703,21.18383259,-2.503928739e-12,1.123649949e-09,0.2258451832,1.538070761e-09,
3012498000,-3.513225323,0.667327057,159.0302051,-560.9697949,5.011910624,-0.6231294659,0.238820162,13.59768779,10.3038681,8.872847083,-5.954295274e-12,4.687662772e-10,0.8611180768,5.432915501e-10,-10.21294822,0.3085692102,11.15695766,-1068.843042,1.892552703,0.3027374969,0.05970733158,93.17508654,92.37402597,12.19163965,-4.333424624e-12,6.441032373e-10,0.1319812525,1.350426124e-09,
3024496000,-3.308084688,0.6832753693,156.4970233,-563.5029767,5.314633616,-0.6265904053,0.272487971,14.01419983,9.800105617,10.01777054,-5.252862554e-12,5.271548385e-10,1.022210467,4.708173153e-10,-10.95760729,0.2832172071,5.725924728,-1074.274075,1.790245552,0.2818041029,0.02825657344,89.19045301,89.02257865,5.469679958,-9.620667418e-12,2.878253443e-10,0.06144149092,1.142307423e-09,
3036494000,-3.221170732,0.6901467758,154.5869223,-565.4130777,5.454668998,-0.6233663553,0.2961704902,14.5177999,9.616060269,10.87648376,-4.819025105e-12,5.700805446e-10,1.131074832,3.166220871e-10,-11.61975099,0.2624293777,1.579770599,-1078.420229,1.711604746,0.2623296311,0.007234838093,85.55919474,85.54886583,1.329420483,-3.942623793e-11,6.968030936e-11,0.01553989606,1.030993567e-09,
3048492000,-3.194925556,0.6922352684,153.6622648,-566.3377352,5.498470405,-0.6203773904,0.3071181536,14.80385718,9.573914894,11.2913392,-4.62369968e-12,5.894955432e-10,1.179385792,1.600880973e-10,-12.09977022,0.2483198797,-2.449771013,-1082.449771,1.660706258,0.2480929344,-0.01061407168,82.98989231,82.96866306,-1.877012447,2.781428623e-11,-9.799461804e-11,0.02262314924,1.02331096e-09,
3060490000,-3.056611538,0.7033466497,153.6096871,-566.3903129,5.741875654,-0.6300487309,0.3126261448,14.59111784,9.171348122,11.34844014,-4.582399994e-12,5.901539768e-10,1.237379716,8.710660501e-11,-12.51792886,0.2366483915,-7.020943931,-1087.020944,1.62002461,0.2348738923,-0.02892604196,80.66192247,80.51087493,-4.934040293,1.053965694e-11,-2.565853514e-10,0.06128414698,1.080725858e-09,
3072488000,-2.796421117,0.724734514,153.5283143,-566.4716857,6.265712926,-0.6487495451,0.323054397,14.20218817,8.409559822,11.44471286,-4.526109277e-12,5.928363672e-10,1.360916993,1.21206971e-10,-12.98650243,0.2242202737,-12.07355083,-1092.073551,1.578051388,0.2192604983,-0.04689952039,78.00083406,77.62316887,-7.666405245,6.75675488e-12,-3.971199531e-10,0.09876439415,1.086952532e-09,
3084486000,-2.486725634,0.7510411247,152.7727084,-567.2272916,7.033455316,-0.6678246746,0.3436174835,14.033092,7.516905314,11.85005508,-4.35428608e-12,6.114454216e-10,1.576453951,2.224535523e-10,-13.58175104,0.2093690333,-16.94812742,-1096.948127,1.529625178,0.2002759398,-0.06103228696,74.92221708,74.31906689,-9.487618721,5.438512172e-12,-4.895471782e-10,0.1276606276,9.831388005e-10,
3096484000,-2.161277114,0.779715458,151.4631199,-568.5368801,8.079166346,-0.6849876662,0.3724890504,14.13460473,6.582485206,12.50831481,-4.109154667e-12,6.429098719e-10,1.900241994,3.232796628e-10,-14.25366902,0.1937833899,-20.96044092,-1100.960441,1.480722891,0.1809602845,-0.06932083109,71.96101436,71.22581562,-10.26015482,5.00953456e-12,-5.273575956e-10,0.1440510682,7.842527315e-10,
3108482000,-1.902193083,0.8033232671,149.8380884,-570.1619116,9.168971035,-0.6945605285,0.4036259948,14.5286659,5.844087182,13.30145773,-3.849218248e-12,6.810374802e-10,2.276053953,3.885395888e-10,-14.93648195,0.1791331251,-23.80975768,-1103.809758,1.436448663,0.1638872713,-0.07231624171,69.47593756,68.71304131,-10.26761188,4.986574718e-12,-5.25703924e-10,0.1494274113,5.63532457e-10,
3120480000,-1.680782211,0.8240639003,148.0139474,-571.9860526,10.36776366,-0.6989521033,0.4365172038,15.1146208,5.214822856,14.18652123,-3.595198021e-12,7.235601506e-10,2.720422461,4.217710421e-10,-15.48046119,0.1682584719,-25.5797714,-1105.579771,1.404593173,0.1517666213,-0.07264851029,67.77886726,67.03359704,-10.02355801,5.088348168e-12,-5.11235068e-10,0.1495303617,3.820570145e-10,
3132478000,-1.49229133,0.8421422057,146.1062383,-573.8937617,11.66963098,-0.699039513,0.4696245883,15.82146582,4.679273664,15.11367522,-3.361723707e-12,7.678956146e-10,3.229919065,4.35403679e-10,-15.86900057,0.1608977502,-26.80873454,-1106.808735,1.383499747,0.1436039891,-0.07256707469,66.6637979,65.9359785,-9.823883698,5.17188536e-12,-4.991318857e-10,0.1489912476,2.799252824e-10,
3144476000,-1.339222615,0.8571145534,144.2203088,-575.7796912,12.99722678,-0.6953522749,0.5011292961,16.58679718,4.245198942,16.0343421,-3.156608357e-12,8.115644085e-10,3.777053165,4.364603533e-10,-16.13363221,0.156069626,-27.7120086,-1107.712009,1.369863749,0.1381678437,-0.07257668434,65.9326115,65.21480777,-9.702479391,5.216618995e-12,-4.910826336e-10,0.1487772443,2.612366565e-10,
3156474000,-1.22442852,0.8685175008,142.3317557,-577.6682443,14.21114986,-0.6874857493,0.5307409854,17.40874697,3.925443554,16.96040578,-2.972909417e-12,8.55173341e-10,4.320634227,4.304207496e-10,-16.1964998,0.154944088,-28.78901744,-1108.789017,1.366707305,0.1357928449,-0.07461885601,65.61054179,64.85671304,-9.917155257,5.084295723e-12,-5.000403237e-10,0.1529086935,3.199640712e-10,
3168472000,-1.145534364,0.8764422029,140.4752164,-579.5247836,15.1867567,-0.6760431427,0.5577782751,18.25814311,3.715247408,17.87614965,-2.809935016e-12,8.979336352e-10,4.811563724,4.254981881e-10,-16.08796913,0.1568922689,-30.23140127,-1110.231401,1.372176089,0.1355547617,-0.07899424413,65.56666812,64.72312466,-10.48356346,4.791387874e-12,-5.265979773e-10,0.1619755461,4.545386215e-10,
3180470000,-1.06558584,0.8845465807,138.6832459,-581.3167541,16.32300361,-0.6643573796,0.5839965115,19.09407286,3.496749224,18.77115775,-2.665862642e-12,9.393336656e-10,5.368173852,4.253671476e-10,-15.86332734,0.1610028756,-32.45911027,-1112.45911,1.383798397,0.1358501499,-0.08640985314,65.58350931,64.57505595,-11.45682518,4.367818085e-12,-5.733147487e-10,0.1774187418,6.520106203e-10,
3192468000,-1.011308369,0.890091352,136.8553347,-583.1446653,17.19693024,-0.6494368225,0.6086825351,19.97586745,3.360210737,19.69122303,-2.531750403e-12,9.816716974e-10,5.860115501,4.142246359e-10,-15.55269068,0.1668650819,-35.69336007,-1115.69336,1.400571572,0.1355196677,-0.09735694749,65.50330031,64.22767637,-12.86421157,3.8753453e-12,-6.413229075e-10,0.2002907826,8.777620626e-10,
3204466000,-0.9671674638,0.8946262289,134.9552975,-585.0447025,17.98005528,-0.6321025249,0.6330896363,20.91363073,3.257300172,20.65841103,-2.404183153e-12,1.026033115e-09,6.342188296,4.13262257e-10,-15.20537405,0.1736725967,-40.1391202,-1120.13912,1.420348148,0.1327694751,-0.1119573013,65.08766328,63.41932883,-14.64215293,3.392028754e-12,-7.272260078e-10,0.2308783962,1.118796466e-09,
3216464000,-0.9213383404,0.8993589957,133.3934297,-586.6065703,18.87261568,-0.6178633956,0.6535223236,21.69349326,3.13924764,21.46515255,-2.305193877e-12,1.062124474e-09,6.837674187,4.124313254e-10,-14.86332999,0.1806481426,-45.34789691,-1125.347897,1.440953764,0.1269595612,-0.1285107826,64.26798109,62.11301372,-16.50293674,2.998335328e-12,-8.165873945e-10,0.265692095,1.34947304e-09,
3228462000,-0.8815109829,0.90349229,131.4892214,-588.5107786,19.72373286,-0.5985447961,0.6767883312,22.66527629,3.048092169,22.45938297,-2.19496011e-12,1.107190303e-09,7.368341154,4.094900578e-10,-14.56909561,0.1868724242,-51.79381784,-1131.793818,1.459638634,0.1155793208,-0.1468425127,62.75331249,60.0350541,-18.26938719,2.698363618e-12,-9.006341962e-10,0.3043119968,1.539080691e-09,
3240460000,-0.8579920175,0.9059420101,129.6813408,-590.3186592,20.26347802,-0.578459572,0.6972197998,23.60780739,3.010244154,23.41510196,-2.097574591e-12,1.150030928e-09,7.778472697,4.121690203e-10,-14.40260839,0.1904888591,-59.00977082,-1139.009771,1.470626899,0.09808116909,-0.1632975496,60.55956645,57.35548421,-19.43732285,2.526835783e-12,-9.546626136e-10,0.3388921412,1.687478564e-09,
3252458000,-0.8436396835,0.9074402022,127.9678308,-592.0321692,20.60765307,-0.5582744018,0.7153861983,24.5174475,3.002593337,24.33289266,-2.011012149e-12,1.19069951e-09,8.103958786,3.988042551e-10,-14.33970751,0.1918733352,-66.54678548,-1146.546785,1.474859557,0.07636560677,-0.1760217909,57.99812145,54.473582,-19.91007171,2.457738147e-12,-9.742743273e-10,0.3654995868,1.770352093e-09,
3264456000,-0.8468161564,0.9071084074,126.2527579,-593.7472421,20.5304738,-0.5364171649,0.7315068612,25.44653387,3.058941899,25.26200627,-1.92992963e-12,1.231621186e-09,8.258413235,3.869529685e-10,-14.37236494,0.1911532794,-74.41487515,-1154.414875,1.472656375,0.05135710474,-0.1841250228,55.22648607,51.58675583,-19.71728648,2.47264726e-12,-9.612945031e-10,0.3822160585,1.79991653e-09,
3276454000,-0.856307009,0.9061177743,124.5907766,-595.4092234,20.30328701,-0.5144132365,0.7459413134,26.3621447,3.139620562,26.17451921,-1.855826379e-12,1.271436778e-09,8.336841568,3.768048294e-10,-14.50538384,0.1882481896,-82.32449761,-1162.324498,1.463807255,0.02514289213,-0.1865615605,52.49017535,48.95503506,-18.93734539,2.565056622e-12,-9.198884307e-10,0.3868314131,1.804201251e-09,
3288452000,-0.8742908846,0.9042436253,123.0130768,-596.9869232,19.88633792,-0.4926594467,0.758250093,27.24646264,3.252676858,27.051614,-1.789103407e-12,1.30924766e-09,8.316723479,3.591211731e-10,-14.69078806,0.1842725293,-89.99263209,-1169.992632,1.451799249,2.36963997e-05,-0.1842725278,50.00229187,46.71802165,-17.82289667,2.715503303e-12,-8.62594955e-10,0.381499388,1.803845275e-09,
3300450000,-0.917353194,0.8997717225,121.4500435,-598.5499565,18.95444849,-0.4694603454,0.767591126,28.14153371,3.463892404,27.92753782,-1.726689807e-12,1.346727171e-09,8.062472666,3.343151879e-10,-14.93287979,0.1792074294,-97.72215891,-1177.722159,1.436669229,-0.02408000087,-0.1775822523,47.71890454,44.79805718,-16.43861074,2.933471425e-12,-7.927058908e-10,0.3669491888,1.822304178e-09,
3312448000,-1.000025748,0.8912482962,120.0674,-599.9326,17.39051647,-0.4465317988,0.7713189211,28.95542337,3.826699785,28.70144441,-1.674045698e-12,1.379033498e-09,7.500312546,3.032925189e-10,-15.17555003,0.1742699467,-105.6726086,-1185.672609,1.422099077,-0.04707731496,-0.1677907648,45.62190358,43.11288288,-14.92103936,3.220119482e-12,-7.169190792e-10,0.3460923595,1.904584331e-09,
3324446000,-1.083957187,0.8826776715,118.8436105,-601.1563895,16.04705341,-0.4258218326,0.7731724508,29.68796887,4.19802322,29.38965969,-1.628944514e-12,1.407004239e-09,7.000833048,2.633823765e-10,-15.41295392,0.1695712821,-113.8397193,-1193.839719,1.408394552,-0.06853723251,-0.155103409,43.72774689,41.65472279,-13.30413159,3.598440423e-12,-6.369236578e-10,0.3193907125,2.075478156e-09,
3336444000,-1.199885011,0.8709751204,117.7662668,-602.2337332,14.50088639,-0.4057574841,0.770687047,30.35203935,4.696337758,29.9865087,-1.590780972e-12,1.430415462e-09,6.385083494,2.225657745e-10,-15.65021663,0.1650019849,-123.0660169,-1203.066017,1.395215275,-0.09002590801,-0.1382786712,41.88444106,40.2879358,-11.45376059,4.164742843e-12,-5.46366915e-10,0.2842975289,2.311016597e-09,
3348442000,-1.276265035,0.8633497116,116.9124989,-603.0875011,13.63590032,-0.3907773257,0.7698479111,30.87956381,5.038278463,30.46577114,-1.560145762e-12,1.4480699e-09,6.046861316,1.939549735e-10,-16.03235102,0.1579001161,-133.8483112,-1213.848311,1.375015171,-0.1093855436,-0.1138738315,40.25525287,39.20016012,-9.156027013,5.191230175e-12,-4.351955203e-10,0.2335711636,2.526529012e-09,
3360440000,-1.318113195,0.8592001422,116.2263363,-603.7736637,13.2045598,-0.3796962103,0.7707500712,31.30121815,5.240496914,30.85941428,-1.534745283e-12,1.461543228e-09,5.888642773,2.039023631e-10,-16.75916449,0.1452251306,-145.5779515,-1225.577951,1.33979738,-0.1197956332,-0.08209351257,39.36692834,38.82461906,-6.511835522,7.273116827e-12,-3.084092595e-10,0.1677243893,2.591414301e-09,
3372438000,-1.308433657,0.8601581669,115.4248466,-604.5751534,13.30187202,-0.369288978,0.7768511587,31.780502,5.247794488,31.34423329,-1.505630856e-12,1.479223537e-09,5.972839325,2.647635627e-10,-17.84889221,0.1281018464,-157.1476832,-1237.147683,1.293845895,-0.118046995,-0.04974927166,39.46532765,39.26493886,-3.971984821,1.188142627e-11,-1.874492631e-10,0.1011585638,2.433851737e-09,
3384436000,-1.302949249,0.8607014558,114.106536,-605.893464,13.35765185,-0.3515402448,0.7856376088,32.58148356,5.302883325,32.14704496,-1.462826328e-12,1.511732268e-09,6.062182211,3.527026257e-10,-19.28250787,0.1086111986,-167.3815507,-1247.381551,1.243689843,-0.1059878547,-0.02372692826,40.4218369,40.37531196,-1.938835526,2.425452964e-11,-9.117479478e-11,0.04802032311,2.117805334e-09,
3396434000,-1.328003699,0.8582223396,112.2544593,-607.7455407,13.10659475,-0.3250265226,0.7942942426,33.73600754,5.519453765,33.28143379,-1.407974937e-12,1.559548839e-09,6.029841938,4.411989463e-10,-20.87137997,0.0904546717,-175.5089472,-1255.508947,1.198900855,-0.09017693729,-0.007082909929,41.72861298,41.72435741,-0.5959357052,7.863167829e-11,-2.792520427e-11,0.01428268144,1.77224192e-09,
3408432000,-1.431366371,0.8480699627,110.1944229,-609.8055771,12.16395385,-0.292759557,0.7959362433,35.06780801,6.091297111,34.5347254,-1.35210211e-12,1.612580874e-09,5.669519113,4.927337583e-10,-22.40381709,0.07582442851,177.8657094,-1262.134291,1.16409096,-0.0757718279,0.002823836961,42.95656746,42.95587445,0.2440036328,-1.913679504e-10,1.139362155e-11,0.005680332105,1.550778162e-09,
3420430000,-1.697089514,0.8225182149,107.8525942,-612.1474058,10.26876202,-0.2521587308,0.7829126313,36.65735057,7.415990119,35.89936547,-1.296142205e-12,1.670421985e-09,4.840805461,4.799151476e-10,-23.80824454,0.06450416724,171.9546413,-1268.045359,1.137903698,-0.0638692902,0.009027810448,43.99697141,43.98974152,0.7975806599,-5.833978312e-11,3.711197263e-11,0.01813106039,1.584732995e-09,
3432428000,-2.079526708,0.7870886768,105.6661932,-614.3338068,8.393582124,-0.2125394222,0.7578493116,38.21619686,9.304845795,37.06612398,-1.250954522e-12,1.71868335e-09,3.983529099,3.707249872e-10,-25.01094458,0.05616331979,165.3954295,-1274.604571,1.119010674,-0.05434863012,0.01416138745,44.84627168,44.82818123,1.273676066,-3.640488871e-11,5.905785694e-11,0.02841239664,1.938942291e-09,
3444426000,-2.64960152,0.7370889897,104.1541347,-615.8458653,6.607136719,-0.1802413033,0.7147120059,39.41124827,11.99453595,37.54167814,-1.230805961e-12,1.734670348e-09,3.129898339,8.67445338e-11,-26.08780413,0.0496146342,156.5016651,-1283.498335,1.104409508,-0.04550017505,0.01978246691,45.64963107,45.61376722,1.809159129,-2.554033003e-11,8.35949497e-11,0.03966256767,2.598936402e-09,
3456424000,-3.456240289,0.6717195456,104.0373276,-615.9626724,5.092351748,-0.16292825,0.6516605967,39.78894697,15.44100158,36.67063909,-1.255667463e-12,1.688540954e-09,2.374887335,-4.077417238e-10,-27.2330853,0.04348562688,143.7180243,-1296.281976,1.090925193,-0.03505439347,0.02573303797,46.61544804,46.55360069,2.400470437,-1.918212681e-11,1.105323698e-10,0.05156358266,3.57698724e-09,
3468422000,-4.305295873,0.6091653698,106.7936573,-613.2063427,4.117253809,-0.1760036037,0.583185373,38.45202286,18.24970483,33.84532959,-1.355780714e-12,1.553055397e-09,1.854568603,-9.883714456e-10,-28.46268296,0.03774555815,126.6656738,-1313.334326,1.078452344,-0.0225395597,0.03027697819,47.7977027,47.71006223,2.893154984,-1.586048634e-11,1.327577546e-10,0.06064035234,4.840306311e-09,
3480420000,-4.893017875,0.5693103853,113.1521852,-606.8478148,3.643715409,-0.2238384573,0.5234602754,35.16609796,19.07351368,29.54412837,-1.547808739e-12,1.351013404e-09,1.548960976,-1.405595854e-09,-29.77483578,0.03245325118,103.0633779,-1336.936622,1.067083583,-0.007335366773,0.03161338177,49.27252669,49.17412794,3.11239898,-1.469241584e-11,1.42325835e-10,0.06329342502,6.129065373e-09,
3492418000,-4.886781991,0.5697192586,120.9419709,-599.0580291,3.648128088,-0.2929323651,0.488641651,31.09147384,17.67703467,25.57737655,-1.781713688e-12,1.165600999e-09,1.446926876,-1.413700729e-09,-30.80713801,0.02881662397,72.29579707,-1367.704203,1.059343322,0.008763220142,0.02745184492,50.88339764,50.80675179,2.791796444,-1.632338275e-11,1.272265245e-10,0.05494931964,7.006959757e-09,
3504416000,-4.248681263,0.6131488765,127.3189811,-592.6810189,4.169947504,-0.3717226672,0.4876205528,27.31468875,14.72231231,23.0075149,-1.973943716e-12,1.044898701e-09,1.562765034,-1.042586244e-09,-30.92962279,0.02841311575,38.53721521,-1401.462785,1.05848806,0.02222484288,0.01770201982,52.2722728,52.23949047,1.850983299,-2.453589909e-11,8.406340506e-11,0.03543264459,7.043403147e-09,
3516414000,-3.395062772,0.6764673833,130.2411058,-589.7588942,5.181756944,-0.4370016456,0.5163697148,25.01504893,11.63126661,22.14647399,-2.04369245e-12,1.002362295e-09,1.904046629,-5.162394076e-10,-30.30136085,0.03054442524,7.603649471,-1432.396351,1.063013564,0.03027585159,0.004041623861,53.12205705,53.12031842,0.4297856666,-1.053096583e-10,1.945234927e-11,0.008090796127,6.272658214e-09,
3528412000,-2.62150945,0.7394767562,131.0187273,-588.9812727,6.676858199,-0.4853227904,0.5579315927,23.92031678,9.000581245,22.16238011,-2.035281298e-12,9.99671338e-10,2.462327655,-7.648350735e-11,-29.434335,0.03375073617,-16.70270004,-1456.7027,1.069859274,0.03232675724,-0.00970015249,53.34034357,53.3302856,-1.035803702,4.354751549e-11,-4.672166381e-11,0.01942242931,5.097284149e-09,
3540410000,-1.96847306,0.7972166254,130.2410106,-589.7589894,8.862741478,-0.5150053075,0.6085424234,23.8313215,6.836180272,22.82977275,-1.96908736e-12,1.026285425e-09,3.339551012,1.747280413e-10,-28.75182325,0.03650974816,-35.55108116,-1475.551081,1.07578644,0.02970423903,-0.02122780945,53.05993692,53.01205434,-2.253663624,1.994699496e-11,-1.01310782e-10,0.04251228615,3.923568924e-09,
3552408000,-1.456394212,0.8456298201,128.9707971,-591.0292029,11.95587011,-0.5318370654,0.657448955,24.20880077,5.12656374,23.65976287,-1.893594156e-12,1.060004429e-09,4.615130929,2.991912054e-10,-28.34476824,0.03826146442,-49.96840687,-1489.968407,1.07956729,0.02461015317,-0.02929641652,52.52088986,52.43070289,-3.07656733,1.456232999e-11,-1.378363348e-10,0.05867873517,2.974890383e-09,
3564406000,-1.077840723,0.8832994578,127.4915742,-592.5084258,16.13788095,-0.5376155814,0.7008476431,24.84410045,3.848467624,24.54421773,-1.819213921e-12,1.095928347e-09,6.377659923,3.495226794e-10,-28.25440697,0.03866158473,-60.49846102,-1500.498461,1.08043283,0.01903877901,-0.03364881911,51.93859055,51.82102433,-3.492653079,1.278431656e-11,-1.559510903e-10,0.06739837979,2.207910494e-09,
3576404000,-0.7734081517,0.9148072387,125.9319925,-594.0680075,22.47617296,-0.5368313665,0.7407323186,25.60386262,2.802366492,25.45003975,-1.748578341e-12,1.132562101e-09,9.081624341,3.602048445e-10,-28.30737953,0.03842651716,-68.47593278,-1508.475933,1.079924245,0.01409838244,-0.03574678774,51.42814752,51.29683004,-3.672817061,1.211641842e-11,-1.634454582e-10,0.0715992988,1.595685438e-09,
3588402000,-0.5280306213,0.941019166,124.2119813,-595.7880187,32.90932047,-0.5290939719,0.7781880491,26.50708787,1.944538066,26.4356668,-1.677755891e-12,1.172490441e-09,13.59483121,3.602656893e-10,-28.38568104,0.03808166674,-73.98023639,-1513.980236,1.079178586,0.01050935633,-0.03660282463,51.06066131,50.9239955,-3.733338291,1.188014378e-11,-1.655832438e-10,0.07331196726,1.068761124e-09,
3600400000,-0.3311445806,0.9625931592,122.8314657,-597.1685343,52.46615636,-0.5218888936,0.8088371733,27.25827038,1.23578163,27.23024326,-1.623371277e-12,1.203707315e-09,22.03483415,3.409598287e-10,-28.63035954,0.03702388794,-77.68858017,-1517.68858,1.076894717,0.007894422967,-0.03617245311,50.79467595,50.66190892,-3.670161992,1.204437157e-11,-1.622387576e-10,0.07244421045,5.973752187e-10,
3612398000,-0.1631748141,0.981389166,121.2613957,-598.7386043,106.4642866,-0.5092853164,0.8388999711,28.14179415,0.6183613818,28.13499968,-1.565949036e-12,1.239571131e-09,45.49928329,3.349954847e-10,-28.81805676,0.03623240497,-78.97353006,-1518.97353,1.075189092,0.006929899433,-0.03556351591,50.69693815,50.56884858,-3.601540157,1.223309299e-11,-1.586765685e-10,0.07122052922,1.736018714e-10,
3624396000,-0.0349936135,0.995979316,120.0437805,-599.9562195,496.4278059,-0.4986485932,0.8621626172,28.84220503,0.1342333863,28.84189266,-1.52251203e-12,1.266508899e-09,214.8637792,3.265234328e-10,-28.94084795,0.03572379616,-78.88044012,-1518.88044,1.07409453,0.006889582485,-0.03505314914,50.69288051,50.56844656,-3.549696685,1.237067064e-11,-1.558747372e-10,0.07019588154,-1.902204273e-10,
3636394000,0.08549739268,1.009891855,118.3711274,-601.6288726,nan,-0.479881295,0.8885918647,29.82394617,-0.3336230481,29.82208009,-1.467612043e-12,1.305230253e-09,-89.38854873,3.09051289e-10,-28.93792644,0.03573581391,-77.13348187,-1517.133482,1.07412038,0.007957667401,-0.0348385408,50.80116972,50.67798646,-3.535609342,1.237898185e-11,-1.547438764e-10,0.06976617639,-4.514580983e-10,
3648392000,0.1952571882,1.02273439,117.2248692,-602.7751308,nan,-0.4678845528,0.9094337122,30.50969663,-0.7711169381,30.49995028,-1.430274861e-12,1.330508852e-09,-39.55295075,2.941778838e-10,-28.60724907,0.03712252827,-74.50052783,-1514.500528,1.077107481,0.009920234621,-0.03577249014,51.00066969,50.87028275,-3.644535845,1.196951107e-11,-1.589867249e-10,0.07164371119,-6.182126793e-10,
3660390000,0.3035658514,1.035567215,115.9964561,-604.0035439,nan,-0.4539052163,0.9307897244,31.25596594,-1.214670426,31.23235474,-1.392156446e-12,1.357992903e-09,-25.71261641,2.697407329e-10,-28.00887365,0.03977006653,-71.41361653,-1511.413617,1.082834465,0.01267607477,-0.0376958263,51.28203663,51.13645577,-3.861369274,1.126033821e-11,-1.678935871e-10,0.07551108532,-6.439095874e-10,
3672388000,0.3617756686,1.042530534,114.8779329,-605.1220671,nan,-0.4385784581,0.9457900663,31.94258892,-1.465403629,31.90895767,-1.358185077e-12,1.382879026e-09,-21.77485918,2.621082331e-10,-27.23458115,0.04347813858,-68.38920448,-1508.389204,1.090908824,0.01601298679,-0.04042193449,51.62465906,51.45614569,-4.167792481,1.039837523e-11,-1.806249163e-10,0.08099698152,-5.87788766e-10,
3684386000,0.4450370835,1.0525721,113.7191668,-606.2808332,nan,-0.4234014062,0.9636593147,32.66541441,-1.826033603,32.6143358,-1.324483248e-12,1.408846076e-09,-17.86075336,2.491296158e-10,-26.14477289,0.049290288,-66.28301454,-1506.283015,1.103691563,0.01982550066,-0.0451273976,52.01845478,51.80685044,-4.687204393,9.215971356e-12,-2.02473831e-10,0.0904746062,-4.122721017e-10,
3696384000,0.5092536365,1.060382818,112.7029196,-607.2970804,nan,-0.4092579839,0.9782226855,33.3069192,-2.113740687,33.23977988,-1.295343382e-12,1.431202839e-09,-15.7255713,2.41658877e-10,-24.92347798,0.05673173964,-64.37170752,-1504.371708,1.120287604,0.02453823711,-0.05115041742,52.50881775,52.23444167,-5.360880934,8.031689089e-12,-2.308230692e-10,0.1026311522,-1.402883579e-10,
3708382000,0.5640637024,1.067095246,111.7036599,-608.2963401,nan,-0.3946183385,0.991447745,33.9444703,-2.368436307,33.86174204,-1.267436968e-12,1.453265501e-09,-14.29708789,2.333884969e-10,-23.51504133,0.06671875496,-64.51877179,-1504.518772,1.14297674,0.02870343319,-0.06022877374,52.94416214,52.56081317,-6.359655971,6.748419075e-12,-2.729413216e-10,0.1209961488,2.006502042e-10,
3720380000,0.6032823027,1.071924297,110.6667246,-609.3332754,nan,-0.3783158609,1.002945067,34.61214726,-2.564340568,34.51702327,-1.239365764e-12,1.476611226e-09,-13.46038966,2.300088634e-10,-22.06719263,0.07882071471,-66.24160236,-1506.241602,1.17113002,0.03175535571,-0.07214085147,53.26213155,52.70951486,-7.652561674,5.590182576e-12,-3.27370596e-10,0.1451836864,6.107664515e-10,
3732378000,0.6415845104,1.076661604,109.696913,-610.303087,nan,-0.3628829077,1.01366474,35.24427354,-2.759134914,35.13610667,-1.213614827e-12,1.498263321e-09,-12.73446488,2.323402994e-10,-20.55269896,0.09383504181,-69.68138919,-1509.681389,1.207103665,0.03258330604,-0.08799626833,53.34130111,52.51985198,-9.325210594,4.572733195e-12,-3.976428329e-10,0.1775559192,1.033702693e-09,
3744376000,0.6679078857,1.079929474,108.7389296,-611.2610704,nan,-0.3469343615,1.022684808,35.87467292,-2.906309496,35.75675492,-1.188728242e-12,1.519843171e-09,-12.30314767,2.409284105e-10,-19.03790451,0.1117132726,-74.98075542,-1514.980755,1.251525255,0.02894976477,-0.1078970176,52.9459363,51.72535606,-11.30308416,3.760483761e-12,-4.804383202e-10,0.2185211474,1.466191791e-09,
3756374000,0.6965956969,1.083502168,107.6498433,-612.3501567,nan,-0.328516758,1.03249876,36.60024226,-3.072700565,36.47103296,-1.16172475e-12,1.545252197e-09,-11.86937425,2.517682727e-10,-17.61756143,0.1315594134,-82.47345211,-1522.473452,1.302978501,0.01723238373,-0.1304259338,51.72361152,49.99231866,-13.27026991,3.192798784e-12,-5.622520689e-10,0.2654461779,1.857377328e-09,
3768372000,0.6992298569,1.083830811,106.4870731,-613.5129269,nan,-0.3075901123,1.039267795,37.38281544,-3.130777793,37.25148481,-1.133764294e-12,1.573294236e-09,-11.89847612,2.566486978e-10,-16.37560034,0.1517818992,-91.5100353,-1531.510035,1.357884132,-0.003999762203,-0.1517291891,49.61054751,47.37764017,-14.71616921,2.869931894e-12,-6.215286264e-10,0.3106142297,2.176343228e-09,
3780370000,0.7022301623,1.084205255,105.3855529,-614.6144471,nan,-0.2876537638,1.045349869,38.13520388,-3.189989997,38.00154917,-1.107859082e-12,1.599878952e-09,-11.91274869,2.500919006e-10,-15.34406637,0.1709214944,-101.529413,-1541.529413,1.412316791,-0.03416224241,-0.1674726797,46.78394682,44.22558831,-15.25893242,2.75906336e-12,-6.424065691e-10,0.3450249733,2.363923661e-09,
3792368000,0.7149545536,1.085794726,104.3283869,-615.6716131,nan,-0.268711475,1.052019168,38.86863931,-3.29391761,38.72881652,-1.083616059e-12,1.62533873e-09,-11.75767615,2.321081758e-10,-14.59446589,0.1863273922,-112.4539539,-1552.453954,1.457991065,-0.0711660383,-0.1722013126,43.53603603,41.00429568,-14.62990667,2.868587507e-12,-6.139757439e-10,0.3567896103,2.413246188e-09,
3804366000,0.673445247,1.080618162,103.3281017,-616.6718983,nan,-0.2491116864,1.05151271,39.56745126,-3.145877569,39.44219383,-1.060661431e-12,1.650056833e-09,-12.53773962,2.123670823e-10,-14.07407981,0.1978317576,-123.0537338,-1563.053734,1.493242557,-0.107902451,-0.1658145512,40.49913563,38.28313823,-13.21292225,3.166204492e-12,-5.527601414e-10,0.3451368633,2.35262894e-09,
3816364000,0.6537889989,1.078175478,102.5030977,-617.4969023,nan,-0.2334167937,1.052605796,40.15278349,-3.089465092,40.03375111,-1.041703339e-12,1.669539221e-09,-12.95814969,1.822396277e-10,-13.81784957,0.2037546465,-132.8653049,-1572.865305,1.511788598,-0.1386096317,-0.149342981,38.06468077,36.34103458,-11.32471317,3.682503177e-12,-4.722778225e-10,0.3116233013,2.195835151e-09,
3828362000,0.6045884467,1.0720855,101.7118331,-618.2881669,nan,-0.2176221276,1.049765655,40.7186491,-2.889550628,40.61599293,-1.023552351e-12,1.688512226e-09,-14.05616241,1.35205939e-10,-13.67675084,0.2070915878,-142.1320531,-1582.132053,1.522359416,-0.1634838176,-0.1271218592,36.14637972,34.93484278,-9.279952985,4.479828196e-12,-3.857917274e-10,0.2656360312,2.031335921e-09,
3840360000,0.515244449,1.061114435,101.2008013,-618.7991987,nan,-0.2061194308,1.040902793,41.08444427,-2.481359022,41.00944304,-1.010565163e-12,1.69954264e-09,-16.52700906,8.380454631e-11,-13.61907754,0.2084712273,-150.3369285,-1590.336928,1.526755905,-0.1811512123,-0.103172142,34.8046985,34.02209217,-7.339228992,5.646739535e-12,-3.041575718e-10,0.2157195083,1.935077606e-09,
3852358000,0.4229672573,1.049901033,101.0592884,-618.9407116,nan,-0.201396907,1.030403544,41.18310248,-2.041689958,41.13246202,-1.004404817e-12,1.699331851e-09,-20.14628218,2.070711825e-11,-13.48649831,0.2116776884,-158.187465,-1598.187465,1.537033356,-0.1965225308,-0.07865328133,33.66336146,33.21594366,-5.470191208,7.552504369e-12,-2.259935267e-10,0.1646857083,1.942529821e-09,
3864356000,0.3397337833,1.039888293,101.0194935,-618.9805065,nan,-0.1987673265,1.02071505,41.20878475,-1.641203495,41.17609005,-1.000225444e-12,1.695852625e-09,-25.08896074,-4.323660385e-11,-13.32595331,0.2156265998,-166.6283089,-1606.628309,1.549805997,-0.2097810192,-0.0498673691,32.69678782,32.51937867,-3.401462123,1.210813805e-11,-1.400904861e-10,0.1045980047,2.06636227e-09,
3876354000,0.284955933,1.03335084,101.3552877,-618.6447123,nan,-0.2034588233,1.013123124,40.96162829,-1.370127522,40.93870715,-1.002911421e-12,1.68085722e-09,-29.87948677,-9.803915231e-11,-13.21905886,0.2182966431,-175.9380139,-1615.938014,1.558515302,-0.2177482818,-0.01546318656,32.12246234,32.10553832,-1.042590883,3.938064069e-11,-4.280658904e-11,0.03247386393,2.213185528e-09,
3888352000,0.3220228357,1.037770071,101.9865566,-618.0134434,nan,-0.2155263513,1.015142903,40.50495263,-1.534412382,40.47587882,-1.011249387e-12,1.6567266e-09,-26.37874883,-1.359293918e-10,-13.34810338,0.2150774263,173.9123598,-1626.08764,1.548022018,-0.2138645712,0.02280886868,32.38942223,32.35243645,1.547426256,-2.645115235e-11,6.333802538e-11,0.04783028499,2.23017036e-09,
3900350000,0.4083970389,1.048141344,102.6930496,-617.3069504,nan,-0.2303058577,1.022526033,40.0011342,-1.926379615,39.95472186,-1.021288495e-12,1.630364322e-09,-20.74083506,-1.27204559e-10,-13.8136383,0.203853459,163.7453606,-1636.254639,1.512100345,-0.195704864,0.05705995927,33.67888332,33.44265647,3.98194799,-1.024757176e-11,1.624845734e-10,0.1190679333,2.039338357e-09,
3912348000,0.6065887902,1.072332428,103.2861981,-616.7138019,nan,-0.2464384022,1.043630658,39.59167725,-2.835975692,39.4899753,-1.03013891e-12,1.606458518e-09,-13.92465225,-7.688037815e-11,-14.55122716,0.1872572504,155.3663527,-1644.633647,1.46080325,-0.1702152468,0.07805157009,35.53191693,35.07588836,5.674431846,-7.169027882e-12,2.308367961e-10,0.1617758555,1.631137155e-09,
3924346000,0.7905875106,1.095290638,103.4526275,-616.5473725,nan,-0.2548098627,1.065238713,39.49041379,-3.68477022,39.31812876,-1.031478072e-12,1.594577681e-09,-10.6704425,-1.544795587e-13,-15.50185291,0.1678445926,149.2926228,-1650.707377,1.403397229,-0.1443105197,0.08571044969,37.47099895,36.90133172,6.509030627,-6.230695473e-12,2.63978864e-10,0.1763901281,1.088515683e-09,
3936344000,0.9905080287,1.120792978,103.267107,-616.732893,nan,-0.2572119087,1.09087989,39.6438959,-4.623129173,39.37340675,-1.026890399e-12,1.591952408e-09,-8.516614023,6.683760322e-11,-16.42150625,0.1509818309,145.9120383,-1654.087962,1.355662191,-0.1250398475,0.08462003189,38.95713334,38.3857145,6.647944067,-6.081906372e-12,2.687908271e-10,0.1731879725,5.553510785e-10,
3948342000,1.138969912,1.14011457,102.7059313,-617.2940687,nan,-0.2507649981,1.112195193,40.06064764,-5.352005617,39.70153051,-1.015308726e-12,1.600341315e-09,-7.418065927,1.112116019e-10,-17.19792689,0.1380713768,144.9644977,-1655.035502,1.320377751,-0.1130523575,0.07926455429,39.9007739,39.3897034,6.365769724,-6.332197379e-12,2.565997875e-10,0.1616099938,1.400755485e-10,
3960340000,1.302132771,1.161733836,102.2160946,-617.7839054,nan,-0.245822122,1.135428109,40.43285752,-6.152627812,39.96199617,-1.005635244e-12,1.605960404e-09,-6.495110284,1.420117155e-10,-17.65145537,0.1310470447,145.5368312,-1654.463169,1.301620574,-0.1080469934,0.07415642344,40.29759795,39.84645747,6.01300485,-6.683379239e-12,2.416457791e-10,0.1509043772,-1.014608427e-10,
3972338000,1.419189352,1.177496074,101.5763635,-618.4236365,nan,-0.2362926055,1.153543587,40.90888489,-6.759109641,40.34663927,-9.930396091e-13,1.616520819e-09,-5.969223967,1.693740702e-10,-17.86139277,0.1279176174,146.4550988,-1653.544901,1.293361315,-0.1066133255,0.0706860359,40.40959873,39.9985942,5.748750457,-6.969481662e-12,2.303283487e-10,0.1437238126,-1.476266179e-10,
3984336000,1.520660894,1.191332651,100.7649492,-619.2350508,nan,-0.2225175447,1.170367219,41.51068497,-7.318930108,40.8603748,-9.776014346e-13,1.632174251e-09,-5.582834404,1.950311323e-10,-17.78845167,0.1289963484,147.3579267,-1652.642073,1.296201625,-0.108622219,0.06957924585,40.24515765,39.84813592,5.639040452,-7.083680524e-12,2.252523789e-10,0.1415132809,-6.077835308e-11,
3996334000,1.617878719,1.204741681,99.77363389,-620.2263661,nan,-0.2045121537,1.187256205,42.2496064,-7.890474828,41.50626035,-9.594994891e-13,1.652996597e-09,-5.260299444,2.067696731e-10,-17.47366048,0.1337571405,147.2421534,-1652.757847,1.308821341,-0.1124850629,0.0723746037,39.93683325,39.51000754,5.823225442,-6.839033796e-12,2.319113252e-10,0.1473860879,1.219877758e-10,
4008332000,1.711712333,1.217827051,98.90548904,-621.094511,nan,-0.188525758,1.203146194,42.90518123,-8.445396392,42.06578011,-9.43903287e-13,1.670265048e-09,-4.980912459,2.004602983e-10,-16.9606267,0.1418955138,146.4558975,-1653.544103,1.330718499,-0.1182643385,0.07840843749,39.48292963,38.9868108,6.239416345,-6.363740761e-12,2.477424408e-10,0.1600391573,3.697570927e-10,
4020330000,1.788502219,1.228641303,98.04061297,-621.959387,nan,-0.1718561995,1.216562739,43.56245238,-8.929388415,42.63746334,-9.284682775e-13,1.68791195e-09,-4.774958973,1.785390466e-10,-16.33283127,0.152531112,144.2716166,-1655.728383,1.359968641,-0.123823895,0.08906954108,39.06033183,38.42646399,7.00830851,-5.648657174e-12,2.774416384e-10,0.1823823423,6.431237884e-10,
4032328000,1.886164782,1.242533879,97.30223883,-622.6977612,nan,-0.1579302393,1.232456279,44.13330114,-9.509402321,43.09663023,-9.158428655e-13,1.701012847e-09,-4.532001988,1.674569063e-10,-15.62974467,0.1653913403,140.857773,-1659.142227,1.396332673,-0.1282744454,0.1044028836,38.74148303,37.87846759,8.131678833,-4.853824423e-12,3.209552601e-10,0.2146781364,9.710105477e-10,
4044326000,1.989477616,1.25740123,96.71945833,-623.2805417,nan,-0.147126032,1.248764102,44.59049718,-10.10426475,43.43059143,-9.061043861e-13,1.709108837e-09,-4.298243613,1.680286241e-10,-14.87004177,0.1805086057,136.1520571,-1663.847943,1.440538136,-0.1301793437,0.1250467722,38.6413518,37.41144654,9.671490904,-4.068933092e-12,3.805987906e-10,0.2585168925,1.303224011e-09,
4056324000,2.102793701,1.273912752,95.94960003,-624.0504,nan,-0.1320456381,1.267050768,45.19525607,-10.78741898,43.88898225,-8.939886076e-13,1.722039086e-09,-4.068534128,1.828277408e-10,-14.13436649,0.196463409,129.545345,-1670.454655,1.488996796,-0.1250860326,0.151497048,39.1077402,37.29921462,11.7551662,-3.337787782e-12,4.612286415e-10,0.3151585449,1.636435816e-09,
4068322000,2.181792939,1.285551996,95.08811899,-624.911881,nan,-0.1140127182,1.280486249,45.87171781,-11.327991,44.45099678,-8.800823438e-13,1.738946884e-09,-3.923996477,1.991899874e-10,-13.55769974,0.2099495814,121.7828836,-1678.217116,1.531484008,-0.1105808386,0.1784676578,40.32380609,37.7762635,14.10543349,-2.773437446e-12,5.518121389e-10,0.3733940889,1.930420854e-09,
4080320000,2.269338912,1.298574725,94.16948748,-625.8305125,nan,-0.09441556729,1.295137837,46.60056421,-11.93505901,45.04627566,-8.6589856e-13,1.757052741e-09,-3.77428177,2.054464264e-10,-13.15125931,0.2200072711,112.7012373,-1687.298763,1.564126467,-0.08490651834,0.202963254,42.46205229,39.05697414,16.66069192,-2.341169587e-12,6.498587059e-10,0.4265740572,2.102415365e-09,
4092318000,2.340981125,1.309329812,93.30772796,-626.692272,nan,-0.07554660336,1.307148525,47.29008685,-12.46484158,45.61776013,-8.525439966e-13,1.774127039e-09,-3.659714391,2.195552976e-10,-13.0595741,0.2223418911,102.88397,-1697.11603,1.571824272,-0.04957721503,0.2167441263,45.47927759,41.3795957,18.87044645,-2.060955348e-12,7.338933171e-10,0.4560326444,2.154771936e-09,
4104316000,2.436007564,1.323732947,92.40289234,-627.5971077,nan,-0.05549894697,1.322569008,48.02258989,-13.13654934,46.19091048,-8.395040936e-13,1.791166111e-09,-3.516213374,2.265997413e-10,-13.22426777,0.2181657703,93.59019866,-1706.409801,1.558087027,-0.01366149483,0.2177376101,48.71249106,44.30117233,20.25618217,-1.914351782e-12,7.854832621e-10,0.4572380618,2.05282062e-09,
4116314000,2.496277215,1.332950005,91.22981253,-628.7701875,nan,-0.02860861251,1.332642962,48.9801104,-13.70436015,47.02384212,-8.222303908e-13,1.81815015e-09,-3.431305192,2.429601024e-10,-13.63577918,0.2080707539,84.80308628,-1715.196914,1.525478141,0.0188468275,0.2072154332,51.84031993,47.56895223,20.60615332,-1.876353703e-12,7.967252154e-10,0.4331849316,1.800196416e-09,
4128312000,2.546351868,1.340656732,90.31470654,-629.6852935,nan,-0.007363741704,1.340636509,49.73745039,-14.17737436,47.67406032,-8.086590999e-13,1.837933363e-09,-3.362686145,2.614558058e-10,-14.27900611,0.1932189396,77.40814394,-1722.591856,1.478987297,0.04212260292,0.188571591,54.23982906,50.50247643,19.78532111,-1.948518424e-12,7.6276494e-10,0.3917693251,1.471806267e-09,
4140310000,2.612074709,1.35083945,89.10475731,-630.8952427,nan,0.02110591655,1.350674558,50.75284072,-14.82031992,48.54079684,-7.919182849e-13,1.865924957e-09,-3.275286708,2.663955811e-10,-14.9364546,0.179133689,72.09723548,-1727.902765,1.436450337,0.05506614955,0.1704599593,55.65316585,52.49222919,18.48893571,-2.07909991e-12,7.107210599e-10,0.3522223384,1.097992867e-09,
4152308000,2.654857945,1.357509562,87.81891579,-632.1810842,nan,0.05166397341,1.356526094,51.85160333,-15.38293299,49.51721055,-7.740595978e-13,1.897958636e-09,-3.218970698,2.707770967e-10,-15.62486146,0.1654843494,68.1574072,-1731.842593,1.39659975,0.0615697686,0.1536041454,56.39943772,53.78046642,16.98699522,-2.256389172e-12,6.510991616e-10,0.3158580866,7.281403893e-10,
4164306000,2.692021941,1.363330331,86.72452238,-633.2754776,nan,0.07789624395,1.361103144,52.80338536,-15.88436247,50.35756681,-7.589492907e-13,1.924607769e-09,-3.170260494,2.525046842e-10,-16.21839497,0.1545540008,65.71576149,-1734.284239,1.36561531,0.06356243864,0.1408785134,56.6462653,54.4243062,15.70968704,-2.432819922e-12,6.004060093e-10,0.2886520406,4.103239601e-10,
4176304000,2.691912214,1.363313109,85.65701351,-634.3429865,nan,0.1032394067,1.359398491,53.7519093,-16.18733167,51.25659028,-7.4349545e-13,1.953339534e-09,-3.166463214,2.337476692e-10,-16.66783978,0.146760104,64.87366983,-1735.12633,1.344006661,0.06231661941,0.1328727477,56.52252635,54.54653259,14.81457956,-2.572401161e-12,5.645694295e-10,0.2715952574,1.473451013e-10,
4188302000,2.690006368,1.363014006,84.73251628,-635.2674837,nan,0.1251321587,1.357257942,54.58832602,-16.44857294,52.05122271,-7.300476489e-13,1.97793984e-09,-3.16448259,2.150090966e-10,-16.888449,0.1430795448,64.8775838,-1735.122416,1.333938918,0.06074494755,0.1295446158,56.35342285,54.47986696,14.41014791,-2.637021702e-12,5.475837869e-10,0.264504095,-1.613542818e-11,
4200300000,2.659719641,1.358269604,83.76681067,-636.2331893,nan,0.1474744108,1.350239837,55.48281654,-16.56693558,52.95167208,-7.155832112e-13,2.006409151e-09,-3.196226111,1.945398571e-10,-16.80960472,0.144384231,65.3943723,-1734.605628,1.337497826,0.06011727629,0.1312734522,56.28068619,54.36041926,14.57602333,-2.599565511e-12,5.523048745e-10,0.2681366982,-1.756195798e-11,
4212298000,2.448853462,1.325692115,83.02620135,-636.9737987,nan,0.1609594908,1.315884351,56.22168514,-15.55013254,54.02843008,-6.993244226e-13,2.041377822e-09,-3.474467497,1.361479527e-10,-16.55911741,0.1486086638,65.80387741,-1734.196123,1.349096021,0.06090894109,0.1355530739,56.36102872,54.31254518,15.05699156,-2.509359225e-12,5.689043451e-10,0.2772286129,7.43553837e-11,
4224296000,2.239541336,1.294127502,82.30881041,-637.6911896,nan,0.173198001,1.282485261,56.95488956,-14.49009382,55.08081904,-6.840146449e-13,2.075229723e-09,-3.801274147,5.294628399e-11,-16.06490632,0.1573094035,64.78979809,-1735.210202,1.373350324,0.06700442953,0.1423258755,57.02837461,54.74417956,15.97843284,-2.357933801e-12,6.020048237e-10,0.2918745512,2.698084316e-10,
4236294000,1.945124643,1.250996896,82.52121077,-637.4787892,nan,0.1628286959,1.240354808,56.80782881,-12.61519651,55.3894054,-6.782773831e-13,2.080945672e-09,-4.390689067,-8.399058907e-11,-15.45951752,0.1686646711,63.57406229,-1736.425938,1.405768082,0.07506262994,0.1510409642,57.91902561,55.30725993,17.19652659,-2.18470752e-12,6.460628583e-10,0.3109271117,5.256964092e-10,
4248292000,1.605376341,1.203008836,82.87585684,-637.1241432,nan,0.1491966894,1.193721327,56.51825992,-10.40633337,55.55197503,-6.743824627e-13,2.081159069e-09,-5.338285165,-2.649952433e-10,-14.8592879,0.180732229,60.68238905,-1739.317611,1.441204293,0.08849562191,0.1575838301,59.44932774,56.52486291,18.41636343,-2.03423862e-12,6.89937338e-10,0.3258099619,7.871618102e-10,
4260290000,1.316030517,1.163594141,84.55657249,-635.4434275,nan,0.110381886,1.158346738,54.93132486,-8.29630111,54.30121397,-6.879730565e-13,2.028572379e-09,-6.545231814,-4.653297615e-10,-14.17840327,0.1954698757,56.504432,-1743.495568,1.485923074,0.1078744451,0.1630079029,61.7382204,58.47044332,19.81956395,-1.884893746e-12,7.404147541e-10,0.3389672256,1.060609242e-09,
4272288000,1.070112411,1.131112028,87.01407282,-632.9859272,nan,0.05892038817,1.129576384,52.65530352,-6.463217678,52.25713163,-7.128760799e-13,1.946727564e-09,-8.085312028,-6.920315452e-10,-13.49740174,0.2114121353,51.32475192,-1748.675248,1.536179023,0.1321125956,0.1650495473,64.75130473,61.20062473,21.14745839,-1.761576189e-12,7.878032885e-10,0.3455431783,1.272789952e-09,
4284286000,0.9534234386,1.11601793,90.50155044,-629.4984496,nan,-0.009769168695,1.115975171,49.56682022,-5.419255973,49.26967963,-7.539836677e-13,1.830296357e-09,-9.091594838,-8.788101608e-10,-12.8727574,0.2271758335,45.34753943,-1754.652461,1.587910791,0.1596602427,0.1616089917,68.41265909,64.75530505,22.06903694,-1.683287488e-12,8.198323638e-10,0.3408066246,1.444992974e-09,
4296284000,1.031477499,1.126092005,94.84875792,-625.1512421,nan,-0.09518384413,1.122062048,45.96553052,-5.452278991,45.64101938,-8.116556457e-13,1.690762026e-09,-8.370998522,-9.893521123e-10,-12.22096722,0.244879054,38.77315442,-1761.226846,1.648582337,0.190915417,0.1533527132,72.90611348,69.31026742,22.61389427,-1.638142932e-12,8.377269882e-10,0.3262704807,1.571979683e-09,
4308282000,1.302827675,1.161826783,99.6183657,-620.3816343,nan,-0.1941235853,1.145494438,42.32050565,-6.388424896,41.83554978,-8.830199762e-13,1.545473241e-09,-6.548648605,-9.81541556e-10,-11.663718,0.2611043456,31.57358448,-1768.426416,1.706742134,0.2224526571,0.1367124526,77.90456274,74.75285781,21.93470187,-1.684163587e-12,8.103035566e-10,0.2934296094,1.747514822e-09,
4320280000,1.897846852,1.244206147,103.8221092,-616.1778908,nan,-0.2972510244,1.208176628,39.422191,-8.719809776,38.44572877,-9.582087654e-13,1.416303521e-09,-4.409010031,-8.495815013e-10,-11.11578236,0.2781063353,24.26262736,-1775.737373,1.770491137,0.2535416208,0.1142793955,83.34309461,80.89792734,20.03987954,-1.838286214e-12,7.382498098e-10,0.2477180838,1.916988905e-09,
4332278000,2.610068384,1.35052746,107.2126389,-612.7873611,nan,-0.3996464221,1.290041534,37.37625798,-11.37006645,35.60486273,-1.031797565e-12,1.308016222e-09,-3.131455993,-6.356118161e-10,-10.60506397,0.2949489142,14.86277385,-1785.137226,1.836673881,0.2850807904,0.07565583176,89.53163658,88.32685234,14.63834365,-2.50964259e-12,5.377689867e-10,0.1657292574,2.07534066e-09,
4344276000,3.483723345,1.493434457,109.3995233,-610.6004767,nan,-0.4960491588,1.408645345,36.40341547,-14.56912449,33.36089431,-1.098158527e-12,1.222194731e-09,-2.289835216,-4.046662289e-10,-10.13875891,0.3112160989,5.728500533,-1794.271499,1.90366833,0.3096618989,0.03106394344,94.7873196,94.56383847,6.505106548,-5.631814068e-12,2.383181599e-10,0.06879063554,2.251749073e-09,
4356274000,4.452403919,1.669629832,110.5565857,-609.4434143,nan,-0.586260919,1.563317598,36.30518656,-18.02012985,31.5173205,-1.159192748e-12,1.151474253e-09,-1.749006293,-1.892264047e-10,-9.710381027,0.3269497041,-3.979239131,-1803.979239,1.971546127,0.3261615136,-0.02268867678,98.3621736,98.23545726,-4.991205526,7.319804637e-12,-1.823519438e-10,0.05080859463,2.382777881e-09,
4368272000,5.398643434,1.861796338,110.8894695,-609.1105305,nan,-0.6638538208,1.739420509,36.79997067,-21.2831246,30.02110006,-1.213623163e-12,1.093797838e-09,-1.410558864,-1.55225488e-11,-9.436076935,0.3374396821,-14.94603984,-1814.94604,2.018593094,0.3260238106,-0.08702881142,97.77307776,95.93980944,-18.84483214,1.933384291e-12,-6.865983131e-10,0.1964234893,2.508019248e-09,
4380270000,6.385808508,2.085885309,110.5542749,-609.4457251,nan,-0.7323428819,1.953097905,37.75567167,-24.58269196,28.6562733,-1.267942444e-12,1.041211511e-09,-1.165709327,1.086119072e-10,-9.410910455,0.3384187969,-26.25938019,-1826.25938,2.023060496,0.3034940854,-0.1497284951,92.08538531,87.23196875,-29.50087821,1.231641477e-12,-1.071899813e-09,0.3381888387,2.52652476e-09,
4392268000,7.413583596,2.347897751,109.7359098,-610.2640902,nan,-0.7928504478,2.209980094,38.99961284,-27.86146512,27.28934889,-1.3278167e-12,9.888364668e-10,-0.9794656804,2.048484928e-10,-9.53924294,0.3334554754,-37.29561582,-1837.295616,2.00054974,0.265270449,-0.2020498526,84.0743452,76.53534065,-34.7970854,1.041330122e-12,-1.2608812e-09,0.4546538253,2.394663338e-09,
4404266000,8.396600135,2.629238644,108.7877393,-611.2122607,nan,-0.8467807877,2.489148076,40.23095324,-30.77563136,25.91119667,-1.394630376e-12,9.363410457e-10,-0.8419387525,3.007438526e-10,-9.900405673,0.3198745709,-47.36829046,-1847.36829,1.940634057,0.2166456885,-0.2353388765,75.75099871,67.08835582,-35.17621809,1.027300373e-12,-1.271146881e-09,0.524326728,2.152958006e-09,
4416264000,9.459575848,2.971520922,107.3487473,-612.6512527,nan,-0.8860691403,2.836338849,41.66874005,-33.74369101,24.44682422,-1.474153319e-12,8.810236248e-10,-0.7244857776,3.911502354e-10,-10.35597079,0.3035298871,-56.10769202,-1856.107692,1.871623581,0.1692584861,-0.2519562606,68.89092119,60.2344374,-33.433091,1.077925073e-12,-1.204874006e-09,0.5550494442,1.849355933e-09,
4428262000,10.70248055,3.428656896,105.2528716,-614.7471284,nan,-0.9020095764,3.307879508,43.36444941,-36.93648477,22.71940944,-1.58193919e-12,8.165520281e-10,-0.6150939806,5.485287055e-10,-10.63471674,0.2939437044,-63.34948438,-1863.349484,1.832635319,0.1318476424,-0.2627148655,64.05159106,55.52380215,-31.93295652,1.125505687e-12,-1.147693582e-09,0.5751219347,1.597954231e-09,
4440260000,12.07573065,4.015933682,103.0559067,-616.9440933,nan,-0.907206226,3.912122212,44.95625038,-39.93140875,20.65301535,-1.735514565e-12,7.402786059e-10,-0.5172122896,7.828887133e-10,-10.80246084,0.2883214532,-69.24444934,-1869.244449,1.810257537,0.1021758264,-0.2696096453,60.52027783,52.1673932,-30.68007685,1.16830245e-12,-1.099684677e-09,0.5881082986,1.485921785e-09,
4452258000,13.63155427,4.803720315,99.08791427,-620.9120857,nan,-0.7587465804,4.743419915,46.94183767,-43.12807673,18.53389116,-1.928737837e-12,6.625313253e-10,-0.4297407297,1.235524268e-09,-10.57662706,0.2959161358,-75.30997055,-1875.309971,1.840570707,0.07504125978,-0.2862431986,57.44957704,48.66396634,-30.53313417,1.170761474e-12,-1.091468471e-09,0.6274279813,1.666359247e-09,
4464256000,15.50828326,5.962304651,93.52364817,-626.4763518,nan,-0.3664462424,5.951033011,49.00723953,-46.33483351,15.96222821,-2.233456637e-12,5.690685128e-10,-0.3444973684,2.145227187e-09,-9.916835843,0.3192700703,-82.21801017,-1882.21801,1.93802272,0.04323048839,-0.3163297372,54.08990668,44.21915462,-31.15099307,1.144456116e-12,-1.110562326e-09,0.7044683087,2.377551796e-09,
4476254000,17.63594215,7.617230676,83.3361246,-636.6638754,nan,0.8839379279,7.565768759,51.52075279,-49.79728681,13.21431779,-2.690671401e-12,4.698401823e-10,-0.2653622041,3.618812814e-09,-8.897196794,0.3590377886,-92.8500648,-1892.850065,2.120308755,-0.01785225771,-0.3585936844,48.44286087,37.39835159,-30.79081141,1.154740175e-12,-1.094779214e-09,0.8233200154,3.769528658e-09,
4488252000,20.05172497,10.05972824,64.60261714,-655.3973829,nan,4.314555782,9.087504644,54.41607695,-53.54236451,9.712086947,-3.651155561e-12,3.443939078e-10,-0.1813906994,5.083652775e-09,-7.438732287,0.4246815421,-111.8209618,-1911.820962,2.476335536,-0.1578573143,-0.3942530666,38.01121866,27.39330758,-26.35259843,1.34561077e-12,-9.344721071e-10,0.962008635,5.210634306e-09,
4500250000,21.05188735,11.28741175,35.39510073,-684.6048993,nan,9.201242126,6.537798348,57.76203233,-57.45545915,5.943281248,-5.950551369e-12,2.101888981e-10,-0.1034415412,5.739569475e-09,-7.29746743,0.4316449144,-141.9167434,-1941.916743,2.518926901,-0.3397543178,-0.2662411232,26.05892327,21.80489183,-14.26934386,2.478446151e-12,-5.046467664e-10,0.654410211,5.928468095e-09,
4512248000,19.70176186,9.662468541,7.705561319,-712.2944387,nan,9.575218285,1.29556671,61.42542278,-61.4012658,1.722533461,-2.047667812e-11,6.075679238e-11,-0.02805371254,5.104143877e-09,-9.476593301,0.33586932,-170.2156136,-1970.215614,2.011455516,-0.3309838473,-0.05707795491,25.20053192,24.99447402,-3.216065481,1.096736476e-11,-1.134363002e-10,0.1286710606,5.393527237e-09,
4524246000,16.9557598,7.043491425,-12.16938571,-732.1693857,nan,6.885214804,-1.484785694,66.09790823,-65.97491909,-4.030325507,8.728383055e-12,-1.417796969e-10,-0.06108875254,3.616929373e-09,-13.07756153,0.2218819242,168.3136927,-1991.686307,1.570303997,-0.2172825883,0.04494290974,32.1812223,32.03836382,3.028912774,-1.161414259e-11,1.065517746e-10,0.09454018285,4.074313002e-09,
4536244000,14.36476019,5.226825602,-21.84627247,-741.8462725,nan,4.851464283,-1.944993621,71.45602519,-70.6881364,-10.44753122,3.358226987e-12,-3.665535267e-10,-0.1477975195,2.135071118e-09,-16.46053106,0.1503050066,156.5830485,-2003.416952,1.353785789,-0.1379254482,0.05973412557,37.91783702,37.6377241,4.600444453,-7.626476452e-12,1.614074276e-10,0.122229613,2.790522277e-09,
4548242000,12.01628135,3.988541064,-27.9416359,-747.9416359,nan,3.523578325,-1.868918299,77.93033169,-75.5907184,-18.9520418,1.846377766e-12,-6.6318176e-10,-0.250719165,1.12596208e-09,-19.7582466,0.1028223843,146.6934322,-2013.306568,1.229212995,-0.08593323409,0.05646168598,42.11002666,41.83842176,4.775019281,-7.328269592e-12,1.670904763e-10,0.1141300049,1.995053635e-09,
4560240000,10.2164093,3.24205565,-30.51816348,-750.5181635,nan,2.792927913,-1.646353093,84.93378293,-80.26003428,-27.78622646,1.256038238e-12,-9.697549452e-10,-0.3462025243,5.893777592e-10,-22.62736578,0.07389783435,140.3292813,-2019.670719,1.159588946,-0.0568810771,0.04717449512,44.62937018,44.4298889,4.214932436,-8.280218831e-12,1.471035147e-10,0.09486704874,1.672774652e-09,
4572238000,8.507292914,2.662960017,-32.15016767,-752.1501677,nan,2.254611898,-1.417067831,93.77659545,-85.02416465,-39.5593387,8.799181578e-13,-1.377020247e-09,-0.4652717127,2.46053264e-10,-25.60771158,0.0524341728,133.3546,-2026.6454,1.110671304,-0.03599666638,0.03812587686,46.53028171,46.39485714,3.547442354,-9.81241609e-12,1.234828515e-10,0.07646197388,1.636559069e-09,
4584236000,7.019743058,2.243815547,-32.47044443,-752.4704444,nan,1.893036487,-1.204624867,104.492114,-89.71459985,-53.57137731,6.480676636e-13,-1.859884506e-09,-0.5971310957,5.28726859e-11,-28.63744544,0.03699369639,127.1265541,-2032.873446,1.076829604,-0.02232856532,0.02949523255,47.81776898,47.73455856,2.819742724,-1.231242731e-11,9.789548198e-11,0.05907130617,2.028033326e-09,
4596234000,5.671252744,1.921156025,-32.27936014,-752.2793601,nan,1.624249565,-1.025989193,117.3081451,-93.28029337,-71.13359106,4.867918143e-13,-2.463160631e-09,-0.762578981,-1.017322104e-10,-31.89381134,0.02542783783,117.9510116,-2042.048988,1.052182565,-0.01191844621,0.02246164679,48.82278003,48.77352622,2.192485043,-1.579360824e-11,7.591972738e-11,0.04495235865,2.986197523e-09,
4608232000,4.46440942,1.671939164,-31.59542692,-751.5954269,nan,1.424105538,-0.8759588952,132.4212303,-94.77609772,-92.48174708,3.734476843e-13,-3.194050819e-09,-0.9757918853,-2.139529585e-10,-35.76146513,0.01629021228,104.2328566,-2055.767143,1.033119956,-0.004005165024,0.01579017635,49.60118028,49.57645156,1.566057412,-2.20535301e-11,5.408707252e-11,0.03158873544,5.424096481e-09,
4620230000,3.404170247,1.479818704,-30.39062691,-750.3906269,nan,1.276486347,-0.7486294172,150.1415032,-93.41189861,-117.5444095,2.930586586e-13,-4.049100109e-09,-1.258345149,-3.075256896e-10,-40.15967639,0.009817845204,80.31033252,-2079.689667,1.019830382,0.001652457416,0.009677782232,50.16550373,50.15610761,0.9708933586,-3.548011392e-11,3.344475864e-11,0.01935743033,7.862116958e-09,
4632228000,2.399021696,1.31810827,-28.79419737,-748.7941974,nan,1.155131386,-0.6348865191,171.8806861,-86.31806311,-148.6343239,2.311591518e-13,-5.106805486e-09,-1.721937664,-3.854350195e-10,-42.82076568,0.007227060927,28.8059364,-2131.194064,1.014559343,0.006332760999,0.003482319309,50.63730427,50.63607607,0.3526803915,-9.742017155e-11,1.211745787e-11,0.006965002403,8.732950254e-09,
4644226000,1.532597152,1.192970921,-27.03852711,-747.0385271,nan,1.062580449,-0.5423120926,195.3325945,-70.99883182,-181.9724934,1.883219925e-13,-6.236092263e-09,-2.563035035,-4.489847634e-10,-39.76240364,0.01027731856,-14.12895098,-2174.128951,1.020768077,0.009966417291,-0.002508745332,51.00666827,51.00602609,-0.2559492939,1.338914517e-10,-8.771234497e-12,0.005018020683,7.701943958e-09,
4656224000,0.7161167047,1.085940012,-24.94746797,-744.947468,nan,0.984616256,-0.4580355207,222.2140354,-42.6755655,-218.077678,1.567382712e-13,-7.454138896e-09,-5.110129776,-5.006767211e-10,-36.33596096,0.01524761621,-37.14778849,-2197.147788,1.030967412,0.0121535781,-0.009207623988,51.23020489,51.22151643,-0.9434762754,3.622891124e-11,-3.224907413e-11,0.01841953033,5.328115797e-09,
4668222000,-0.03063852891,0.9964788229,-22.61753707,-742.6175371,566.9918859,0.9198421766,-0.3832237136,250.016704,2.293089256,-250.006188,1.36369696e-13,-8.523527935e-09,109.0259297,-5.477906592e-10,-33.73362246,0.0205740067,-53.04706752,-2213.047068,1.042012376,0.01236824424,-0.01644129818,51.25197062,51.22426115,-1.685099989,2.023219279e-11,-5.745056532e-11,0.03289652113,3.663601512e-09,
4680220000,-0.6908164076,0.9235473779,-20.19187765,-740.1918777,25.15999223,0.8667879693,-0.3187763721,274.0753749,61.60168135,-267.062809,1.273328474e-13,-9.081702607e-09,4.335316881,-5.814263248e-10,-32.03601262,0.02501493444,-66.80312531,-2226.803125,1.051313472,0.009853176874,-0.02299264774,50.99459172,50.94069197,-2.343989517,1.450768771e-11,-7.970939788e-11,0.04601408866,2.976453448e-09,
4692218000,-1.276675525,0.8633089112,-17.58601608,-737.5860161,13.63153171,0.8229616836,-0.2608377724,292.0796072,128.1447575,-262.4679372,1.292306987e-13,-8.902627628e-09,2.048214396,-6.067377311e-10,-31.07621497,0.02793761008,-78.42188627,-2238.421886,1.057481105,0.005607182301,-0.02736913524,50.56345555,50.4877564,-2.765771178,1.22638182e-11,-9.381195725e-11,0.05478102762,2.603279696e-09,
4704216000,-1.818499312,0.8111011822,-14.90651298,-734.906513,9.587678753,0.7838050676,-0.2086498113,298.8714825,189.4848521,-231.1269216,1.463802019e-13,-7.819579726e-09,1.219764636,-6.192702976e-10,-30.51582193,0.02979949496,-88.74105837,-2248.741058,1.06142956,0.0006547219781,-0.02979230167,50.06545696,49.97666137,-2.980486246,1.135130401e-11,-1.008370191e-10,0.05963756209,2.271968708e-09,
4716214000,-2.282041599,0.7689496792,-12.15686867,-732.1568687,7.656123016,0.7517057513,-0.1619323085,296.7245092,232.5632146,-184.2818102,1.831235331e-13,-6.218835918e-09,0.7923944919,-6.147528209e-10,-30.22565743,0.03081180415,-98.29957063,-2258.299571,1.063582706,-0.00444764651,-0.03048910815,49.55761417,49.46556,-3.019187935,1.117728902e-11,-1.01886531e-10,0.06103616203,1.960522941e-09,
4728212000,-2.715641909,0.73150602,-9.532442304,-729.5324423,6.448956583,0.7214053771,-0.1211418144,284.0193206,251.8677082,-131.2616931,2.56439658e-13,-4.418360956e-09,0.521153323,-6.129535966e-10,-30.26859724,0.03065985794,-105.9306281,-2265.930628,1.063259235,-0.008415312075,-0.02948235763,49.16621018,49.08080087,-2.896758479,1.162012778e-11,-9.750692881e-11,0.05902019583,1.621615908e-09,
4740210000,-3.061058911,0.7029866124,-6.996603596,-726.9966036,5.733703205,0.6977517341,-0.08563115539,270.561858,256.2704886,-86.77070728,3.86945154e-13,-2.913370289e-09,0.338590322,-6.127058508e-10,-30.4859137,0.02990228078,-112.167339,-2272.167339,1.061647977,-0.0112825175,-0.02769207819,48.88518122,48.81024431,-2.705733526,1.24090212e-11,-9.084636869e-11,0.05543372225,1.300240584e-09,
4752208000,-3.35515992,0.679582214,-4.249054463,-724.2490545,5.241850757,0.6777143197,-0.05035162771,257.2799095,252.89055,-47.32147019,7.077281363e-13,-1.584830861e-09,0.1871223349,-6.104077107e-10,-30.74879823,0.02901082561,-116.82824,-2276.82824,1.059755199,-0.01309309108,-0.02588820134,48.70846679,48.64319944,-2.520691366,1.328632944e-11,-8.441980883e-11,0.05182001585,1.042165443e-09,
4764206000,-3.614985963,0.6595545213,-1.566321948,-721.5663219,4.874655783,0.6593080817,-0.0180283096,243.1944341,242.700702,-15.48877033,2.156813831e-12,-5.174239654e-10,0.06381839938,-5.990676249e-10,-30.9949743,0.02820014134,-120.9312805,-2280.93128,1.058036932,-0.01449514432,-0.02418964164,48.57202008,48.51518673,-2.348997998,1.422155068e-11,-7.847155281e-11,0.04841778743,8.746072926e-10,
4776204000,-3.822793877,0.6439620973,0.9350259564,-719.064974,4.617379456,0.6438763496,0.01050853231,230.7056416,230.557056,8.27870568,-4.025082818e-12,2.758669712e-10,0.03590740541,-5.648554162e-10,-31.28565848,0.02727200551,-124.0556792,-2284.055679,1.056073241,-0.01527227633,-0.02259468654,48.49650195,48.44698729,-2.190918506,1.520936351e-11,-7.300682931e-11,0.04522300826,7.226524037e-10,
4788202000,-3.995960601,0.6312508413,3.349060248,-716.6509398,4.423741188,0.6301727663,0.03687694743,219.3650503,217.7344766,26.69687173,-1.245051435e-12,8.873767442e-10,0.1226120555,-5.423207039e-10,-31.55255019,0.026446761,-127.4419883,-2287.441988,1.054330385,-0.01607851599,-0.02099791634,48.41827773,48.37557804,-2.032994622,1.634976212e-11,-6.757466441e-11,0.04202522644,5.043808494e-10,
4800200000,-4.116686805,0.6225377042,5.492097949,-714.5079021,4.298542456,0.6196798874,0.05958213103,210.5127422,206.6376542,40.20565263,-8.246576326e-13,1.33305453e-09,0.1945707949,-5.133742127e-10,-31.92027957,0.02535047035,-129.1795764,-2289.179576,1.052019664,-0.01601523637,-0.01965091731,48.42431987,48.38691621,-1.902917481,1.742371839e-11,-6.309293851e-11,0.03932710804,2.443875883e-10,
4812198000,-4.21561832,0.6154872829,7.867316905,-712.1326831,4.201388435,0.6096941345,0.08424759753,201.8430171,194.8035993,52.84090488,-6.259020835e-13,1.747619531e-09,0.2712522,-4.814382512e-10,-32.29036841,0.02429302402,-129.2621424,-2289.262142,1.049795737,-0.01537431222,-0.01880908131,48.48637534,48.45206409,-1.823753917,1.813470126e-11,-6.031743724e-11,0.03764037613,-3.45008492e-11,
4824196000,-4.315182355,0.6084723981,9.762932476,-710.2370675,4.108196689,0.5996603848,0.1031798533,193.867753,184.2292057,60.36808288,-5.464970265e-13,1.991602082e-09,0.3276792225,-4.481249448e-10,-32.41686729,0.023941791,-128.4234943,-2288.423494,1.049058121,-0.0148790829,-0.01875692534,48.53441402,48.50025995,-1.820475023,1.812218095e-11,-6.005925106e-11,0.03753536631,-2.869039333e-10,
4836194000,-4.356779107,0.6055653883,11.61097603,-708.389024,4.070548934,0.5931735291,0.1218794647,188.1166502,175.5606008,67.57477016,-4.870032288e-13,2.22382698e-09,0.3849085151,-4.073772469e-10,-32.4720967,0.02379003961,-127.0749353,-2287.074935,1.048739596,-0.0143420399,-0.01898082917,48.5865767,48.55156617,-1.844141688,1.784522928e-11,-6.068910086e-11,0.03798315552,-5.453028564e-10,
4848192000,-4.405459165,0.6021809906,13.29815394,-706.7018461,4.027411845,0.5860342808,0.1385126968,182.3577146,167.2439612,72.6897072,-4.516140052e-13,2.38623516e-09,0.4346327765,-3.750613302e-10,-32.31697639,0.02421871967,-124.0770879,-2284.077088,1.049639648,-0.0135699379,-0.02005998923,48.66170542,48.62254351,-1.951880266,1.681849567e-11,-6.407571992e-11,0.0401435245,-7.761698289e-10,
4860190000,-4.405219963,0.6021975744,14.89758815,-705.1024119,4.02762143,0.5819558485,0.1548202472,178.2798686,160.3576136,77.90473235,-4.203422497e-13,2.551119039e-09,0.485818731,-3.359417868e-10,-31.89463075,0.02542543913,-119.658767,-2279.658767,1.052177514,-0.01258135721,-0.0220943976,48.75809547,48.71049991,-2.153850668,1.520377014e-11,-7.053139496e-11,0.04421737966,-8.696978577e-10,
4872188000,-4.430557316,0.6004434812,16.21960093,-703.7803991,4.005549668,0.5765447417,0.1677156371,174.0486658,154.1310053,80.84906479,-4.040369585e-13,2.641016378e-09,0.524547703,-3.0051884e-10,-31.00456191,0.02816903077,-115.3691043,-2275.369104,1.05797105,-0.01206896388,-0.02545259134,48.80825886,48.74504207,-2.483345792,1.315403209e-11,-8.112099905e-11,0.05094560772,-7.687372636e-10,
4884186000,-4.427126613,0.6006806878,17.40538574,-702.5946143,4.008523101,0.5731768495,0.1796819076,170.9563338,149.0189342,83.78201064,-3.889351181e-13,2.730101011e-09,0.5622239288,-2.717775406e-10,-29.87212456,0.03209177746,-112.6465843,-2272.646584,1.066311612,-0.01235680446,-0.02961741994,48.78045912,48.69492843,-2.887409981,1.128546567e-11,-9.408846657e-11,0.05929590768,-4.834000719e-10,
4896184000,-4.402699417,0.6023723506,18.53438022,-701.4656198,4.029831308,0.5711291559,0.1914782911,168.4947944,144.416248,86.80116971,-3.744870668e-13,2.821551483e-09,0.6010485035,-2.445611564e-10,-28.43309584,0.03787435173,-110.9812218,-2270.981222,1.078730573,-0.01356136453,-0.03536319995,48.66365765,48.54205181,-3.43813646,9.454515788e-12,-1.11759773e-10,0.0708280003,-6.134462408e-11,
4908182000,-4.382281303,0.6037900263,19.60961498,-700.390385,4.047828507,0.5687708969,0.2026377622,165.9931108,139.9515283,89.25963564,-3.632824046e-13,2.894373565e-09,0.6377896456,-2.182779403e-10,-26.81756881,0.04561645789,-111.4130069,-2271.413007,1.095593555,-0.01665402765,-0.04246768881,48.36478017,48.19054574,-4.101617096,7.905773335e-12,-1.330009025e-10,0.0851124849,4.185738539e-10,
4920180000,-4.343750729,0.6064743861,20.39912687,-699.6008731,4.082261305,0.5684407406,0.211391356,164.6672871,136.8790631,91.53926767,-3.533716519e-13,2.96105568e-09,0.6687601856,-1.82650703e-10,-25.15849147,0.05521733302,-114.6610699,-2274.66107,1.116888963,-0.02303941475,-0.05018106449,47.75347715,47.51332783,-4.783122255,6.762817361e-12,-1.547214838e-10,0.1006690643,9.484372907e-10,
4932178000,-4.306550425,0.609077391,21.18703013,-698.8129699,4.116102149,0.5679071929,0.2201287999,163.2474516,133.7434877,93.60774527,-3.4472248e-13,3.020599697e-09,0.6999050714,-1.439342216e-10,-23.48990773,0.06691209279,-119.8463486,-2279.846349,1.143420769,-0.03330052695,-0.05803708354,46.78774877,46.47292306,-5.418565992,5.955209208e-12,-1.748500484e-10,0.1165961948,1.496458927e-09,
4944176000,-4.284819434,0.610603133,21.69027029,-698.3097297,4.136148155,0.5673695899,0.2256721835,162.2631992,131.703423,94.78161325,-3.396269251e-13,3.051056893e-09,0.7196594524,-1.10346356e-10,-21.91962709,0.08017124824,-127.2473821,-2287.247382,1.17431777,-0.04852425868,-0.06381869133,45.39008628,45.02012818,-5.783423874,5.565974164e-12,-1.861706577e-10,0.1284630699,2.037202684e-09,
4956174000,-4.241886745,0.6136286986,22.0725043,-697.9274957,4.176367894,0.568655281,0.2305891392,162.0810626,130.3057343,96.38820702,-3.331575693e-13,3.095262516e-09,0.7397080989,-8.602318607e-11,-20.53362564,0.09404132038,-137.4379764,-2297.437976,1.207606202,-0.06926571773,-0.06360841364,43.54665928,43.19233261,-5.543819785,5.792479194e-12,-1.780256953e-10,0.1283519423,2.496493756e-09,
4968172000,-4.212589183,0.6157019667,22.33947383,-697.6605262,4.204294133,0.5694923478,0.23402431,161.9214266,129.30033,97.46780527,-3.286717081e-13,3.122372374e-09,0.7538094083,-7.302951139e-11,-19.57164648,0.1050552295,-149.8615,-2309.8615,1.234774777,-0.09085325791,-0.05274738643,41.69272249,41.45751858,-4.422359322,7.243850557e-12,-1.416698831e-10,0.10667207,2.756790655e-09,
4980170000,-4.227011059,0.6146805158,22.72021949,-697.2797805,4.190497969,0.5669824431,0.2374090262,160.4669264,127.562816,97.35174605,-3.282707736e-13,3.111141106e-09,0.7631671133,-7.774410491e-11,-19.09249557,0.1110133534,-162.4545674,-2322.454567,1.249752578,-0.1058488131,-0.03346630239,40.43806832,40.3455316,-2.734126803,1.168846044e-11,-8.737649433e-11,0.06776777241,2.743519972e-09,
4992168000,-4.230237134,0.6144522563,22.94358723,-697.0564128,4.187424989,0.5658423955,0.2395286177,159.7316068,126.5824553,97.42211355,-3.272452808e-13,3.105907281e-09,0.7696336217,-8.254594347e-11,-19.00151445,0.1121822839,-174.2758403,-2334.27584,1.252714678,-0.1116228984,-0.01118898494,39.95970934,39.94945124,-0.9053817235,3.521269104e-11,-2.886440855e-11,0.02266318298,2.51796249e-09,
5004166000,-4.24238784,0.6135932989,23.44944038,-696.5505596,4.175893675,0.5629176016,0.2441731154,157.9787299,124.371549,97.41148241,-3.264963055e-13,3.098122432e-09,0.7832296306,-8.067518909e-11,-19.13853971,0.1104264256,175.519039,-2344.480961,1.248268224,-0.1100888907,0.008627376178,40.08354916,40.07743536,0.7000627847,-4.543090965e-11,2.226513922e-11,0.01746775407,2.183620479e-09,
5016164000,-4.257539515,0.6125238791,23.7575586,-696.2424414,4.161608399,0.5606175887,0.246765925,156.7669481,123.0190387,97.17094274,-3.265216545e-13,3.083080191e-09,0.789885401,-8.674816506e-11,-19.37650187,0.1074422035,166.7727717,-2353.227228,1.240751252,-0.1045917914,0.02458422799,40.53641684,40.4863594,2.013899892,-1.575471408e-11,6.389785555e-11,0.04974267684,1.814304061e-09,
5028162000,-4.268780151,0.6117317087,24.05552746,-695.9444725,4.151077347,0.5586033268,0.2493551819,155.6752207,121.743644,97.02195367,-3.26242739e-13,3.07100756e-09,0.7969365011,-8.432420503e-11,-19.71510014,0.1033344169,159.8627853,-2360.137215,1.230485967,-0.09701767087,0.03557489643,41.16652189,41.06047317,2.952976044,-1.071891794e-11,9.346968818e-11,0.07191773051,1.484736614e-09,
5040160000,-4.25889586,0.6124282379,24.51399176,-695.4860082,4.160334667,0.5572239411,0.2541059348,154.5337089,119.8930511,97.50037677,-3.238690999e-13,3.078804426e-09,0.8132279216,-8.42153714e-11,-19.95823622,0.1004819811,154.3698503,-2365.63015,1.223412937,-0.09059505987,0.0434645102,41.70754469,41.54765311,3.648534684,-8.654805833e-12,1.152110905e-10,0.08781566253,1.225802201e-09,
5052158000,-4.252098502,0.6129076964,24.89232306,-695.1076769,4.166726337,0.5559688287,0.2579815997,153.56409,118.3733597,97.82472827,-3.22028684e-13,3.08171064e-09,0.8264083114,-8.319916619e-11,-20.17019187,0.09805966526,149.6555339,-2370.344466,1.217441579,-0.08462585752,0.04953950131,42.21543204,42.00575447,4.202296269,-7.496465384e-12,1.323822857e-10,0.1000409663,1.072569003e-09,
5064156000,-4.264387184,0.6120411758,25.15790964,-694.8420904,4.15518626,0.5539827003,0.2601875643,152.568955,117.2801155,97.58412027,-3.220578615e-13,3.066847686e-09,0.832060233,-8.372049818e-11,-20.3174901,0.09641075753,145.4034827,-2374.596517,1.213395098,-0.07936252845,0.05474142166,42.66776283,42.40958582,4.686684936,-6.705749057e-12,1.472918832e-10,0.1105100379,9.924985956e-10,
5076154000,-4.242495103,0.6135857216,25.53037099,-694.469629,4.175792179,0.5536733433,0.2644489869,151.8943322,115.8339195,98.25676185,-3.190971277e-13,3.080688517e-09,0.8482555217,-7.914713209e-11,-20.35205385,0.09602787258,141.1823399,-2378.81766,1.212457596,-0.07481961678,0.06019449524,43.06238649,42.74796553,5.194282727,-6.036146305e-12,1.628586863e-10,0.1215094721,9.963663637e-10,
5088152000,-4.255981518,0.612633758,26.00302916,-693.9969708,4.163072522,0.550617375,0.2685900739,150.2972565,113.9571724,97.99504165,-3.19194907e-13,3.065237689e-09,0.8599286872,-8.156189779e-11,-20.31251131,0.09646603643,137.1720506,-2382.827949,1.213530515,-0.07074803096,0.06557752892,43.41921623,43.04365617,5.698420988,-5.489155376e-12,1.78243863e-10,0.1323870111,1.043124266e-09,
5100150000,-4.252756784,0.6128612474,26.17905643,-693.8209436,4.166106433,0.5499937539,0.2703808042,149.8512813,113.2756282,98.10218423,-3.180962178e-13,3.061370263e-09,0.8660484675,-7.160302301e-11,-20.22760122,0.09741367753,132.2533234,-2387.746677,1.21585454,-0.06550190575,0.07210357073,43.88246086,43.42465804,6.322139268,-4.93597696e-12,1.972882593e-10,0.1455886944,1.085625998e-09,
5112148000,-4.251603966,0.6129425936,26.5950103,-693.4049897,4.167192171,0.548089116,0.2744028864,148.6882576,111.6736733,98.16918373,-3.171330711e-13,3.056271229e-09,0.8790718602,-6.531563328e-11,-20.21973232,0.09750196851,127.3402621,-2392.659738,1.216071316,-0.05913954937,0.07751869171,44.44787516,43.91318925,6.873530092,-4.529360359e-12,2.139915141e-10,0.1565254132,1.063908639e-09,
5124146000,-4.267886726,0.6117946343,26.78074795,-693.219252,4.151912304,0.5461718705,0.2756609556,147.8895017,110.9611087,97.76981672,-3.176828975e-13,3.036710823e-09,0.8811178786,-5.863754891e-11,-20.358063,0.09596146066,122.6526209,-2397.347379,1.212295066,-0.05177545644,0.08079544568,45.10777292,44.51956532,7.260818227,-4.277727068e-12,2.255195523e-10,0.1630927475,9.380811054e-10,
5136144000,-4.240801082,0.6137054017,27.11276594,-692.8872341,4.177395721,0.5462661029,0.2796920895,147.4035564,109.7080325,98.44773249,-3.147583229e-13,3.050623826e-09,0.8973612073,-3.476663284e-11,-20.44284481,0.09502935023,118.9958053,-2401.004195,1.210016425,-0.04606505821,0.08311791514,45.62530172,44.99658534,7.548209413,-4.105244234e-12,2.338982006e-10,0.1677507161,7.889757022e-10,
5148142000,-4.239086272,0.6138265744,27.18653857,-692.8134614,4.179020273,0.5460133115,0.2804505786,147.2234644,109.4298229,98.48787908,-3.138967572e-13,3.044755329e-09,0.9000094901,-3.633638775e-11,-20.54231946,0.09394724023,116.166377,-2403.833623,1.207376975,-0.04142878224,0.08431927389,46.04894796,45.39657242,7.723782802,-4.002575766e-12,2.387809451e-10,0.1701402196,6.680422459e-10,
5160140000,-4.215257657,0.6155128402,27.1429491,-692.8570509,4.201734177,0.5477270738,0.2808043965,147.7391826,109.5871136,99.08345275,-3.112845135e-13,3.05604524e-09,0.9041524091,-2.787976164e-11,-20.45773688,0.09486656075,113.5443492,-2406.455651,1.20961895,-0.03789528157,0.08696902888,46.37528644,45.67704938,8.01712872,-3.847155942e-12,2.472734587e-10,0.1755176578,6.184065906e-10,
5172138000,-4.162996069,0.6192274449,27.55039154,-692.4496085,4.252479395,0.5490097667,0.2864103778,147.4277636,108.0076179,100.3459015,-3.06655239e-13,3.087803582e-09,0.9290631854,-1.061123174e-11,-20.2566088,0.09708889538,110.9510414,-2409.048959,1.215057484,-0.03471608453,0.09066998997,46.67134711,45.90842161,8.404252872,-3.661431525e-12,2.586122775e-10,0.1830656027,6.916960962e-10,
5184136000,-4.119754511,0.6223178735,27.53294194,-692.4670581,4.295458428,0.5518373911,0.2876717389,148.1822323,108.0236592,101.4340329,-3.026635017e-13,3.114063315e-09,0.9389983055,7.981101395e-12,-19.76088769,0.1027911241,108.248117,-2411.751883,1.229135326,-0.03218725149,0.09762169861,46.91020293,46.02273187,9.081590744,-3.380506837e-12,2.788082832e-10,0.1973283718,8.587902913e-10,
5196134000,-4.095662851,0.6240463645,27.22070655,-692.7792934,4.31980492,0.5549339293,0.28545087,149.4986143,109.1989228,102.1049997,-2.999803318e-13,3.127424237e-09,0.9350366933,4.923863645e-11,-19.07344802,0.111257065,103.8763475,-2416.123653,1.250369507,-0.02668248107,0.1080100908,47.43031691,46.33489387,10.13472113,-3.022233298e-12,3.104213565e-10,0.2187276216,1.13151383e-09,
5208132000,-4.067096098,0.6261021499,27.13542854,-692.8645715,4.34905456,0.5571876815,0.2855622344,150.2316181,109.4981265,102.8576656,-2.970992019e-13,3.14322024e-09,0.939355484,7.212015982e-11,-18.26093117,0.1221668684,98.5349175,-2421.465083,1.278337338,-0.01813104332,0.1208139438,48.24436087,46.85538421,11.49309906,-2.658893845e-12,3.512168139e-10,0.2452887594,1.50788985e-09,
5220130000,-4.07070346,0.6258421757,26.68577095,-693.314229,4.345337903,0.5591793111,0.2810639197,151.5215896,111.2838434,102.8333523,-2.964864291e-13,3.135254549e-09,0.9240636301,8.686891248e-11,-17.39793269,0.1349283985,91.37101587,-2428.628984,1.311947354,-0.003228358609,0.1348897714,49.68393544,47.908186,13.1643137,-2.316010853e-12,4.013627243e-10,0.2747821364,1.917313261e-09,
5232128000,-4.059343741,0.62666121,26.24287392,-693.7571261,4.357064558,0.5620698251,0.2770952613,153.0642421,113.0632403,103.1763824,-2.948230774e-13,3.13849953e-09,0.9125546206,1.076945705e-10,-16.58288797,0.1482025245,81.93579048,-2438.06421,1.347975966,0.02079026136,0.1467370209,52.07746678,49.88027879,14.96730882,-2.032347894e-12,4.552872529e-10,0.3000646585,2.351450559e-09,
5244126000,-4.065343785,0.6262284741,25.79092808,-694.2090719,4.350862389,0.5638483982,0.2724648338,154.3383179,114.9182683,103.0247931,-2.945813599e-13,3.126718367e-09,0.8965049219,1.108356395e-10,-15.90834624,0.1601705577,70.76884687,-2449.231153,1.381435919,0.05275699093,0.151232627,55.43787436,52.94546101,16.43581674,-1.84652726e-12,4.988136209e-10,0.3104291932,2.736641599e-09,
5256124000,-4.110296288,0.6229958958,25.25703495,-694.742965,4.304982035,0.5634392096,0.265819757,155.1367955,117.1075083,101.7509548,-2.975884257e-13,3.081009395e-09,0.8688679,1.081921244e-10,-15.51931947,0.1675074112,58.05313515,-2461.946865,1.40242379,0.08863362711,0.1421365996,59.51284316,57.11982852,16.70639671,-1.812473808e-12,5.058681298e-10,0.2924798121,2.994943839e-09,
5268122000,-4.172441603,0.6185544275,24.78503963,-695.2149604,4.243211992,0.5615775048,0.2593073194,155.3851372,118.9785209,99.94324602,-3.022810048e-13,3.019379891e-09,0.840010829,5.401787256e-11,-15.44270021,0.16899155,44.2107369,-2475.789263,1.406714396,0.1211297548,0.1178377124,63.56497247,61.77308554,14.98638142,-2.015893229e-12,4.527527423e-10,0.2426037373,3.030197632e-09,
5280120000,-4.236197874,0.6140307297,24.40925775,-695.5907423,4.181759673,0.5591467597,0.2537491637,155.2750902,120.3845055,98.07101737,-3.073517274e-13,2.956085693e-09,0.814648172,2.862111773e-11,-15.74599257,0.1631925662,30.53484034,-2489.46516,1.390036129,0.1405610828,0.08291197539,66.22262553,65.28206501,11.12151608,-2.71026867e-12,3.352280362e-10,0.1703609725,2.997764461e-09,
5292118000,-4.35118316,0.6059556538,25.0482251,-694.9517749,4.075570858,0.5489665874,0.2565500738,151.2904521,117.5153034,95.28354716,-3.156259452e-13,2.865553551e-09,0.8108182035,5.736516191e-12,-16.3780411,0.1517392542,19.08663413,-2500.913366,1.357765593,0.143397422,0.04961834977,66.69127369,66.34986726,6.739517901,-4.462330996e-12,2.026839893e-10,0.1015754542,2.821573188e-09,
5304116000,-4.36574189,0.6049408406,24.50732911,-695.4926709,4.062532921,0.5504406417,0.2509352917,152.530955,119.5988734,94.66679309,-3.169636453e-13,2.84056534e-09,0.7915358267,-9.582438913e-12,-17.22689708,0.1376116321,5.874266126,-2514.125734,1.319140743,0.1368890177,0.01408396774,65.85624187,65.82911406,1.890062273,-1.587563132e-11,5.671307972e-11,0.02871164682,2.562416776e-09,
5316114000,-4.435393727,0.6001092399,24.61211585,-695.3878841,4.001365871,0.545588152,0.2499293263,150.9486546,118.9547296,92.92614605,-3.221720943e-13,2.782042576e-09,0.7811891661,-7.816517766e-12,-18.3072935,0.1215165203,-4.394799199,-2524.394799,1.276650667,0.1211592267,-0.009311631621,63.78487435,63.77348223,-1.205470646,2.483528834e-11,-3.608963466e-11,0.0189023808,2.243477796e-09,
5328112000,-4.498959964,0.5957334715,24.83425855,-695.1657414,3.947231243,0.5406439216,0.2502049542,149.1965719,117.8868446,91.4456611,-3.26650767e-13,2.731554627e-09,0.7757070893,-4.575390766e-11,-19.54161695,0.1054190631,-13.06342066,-2533.063421,1.235683679,0.1026908673,-0.02382781242,61.43699943,61.36578311,-2.957289627,1.010073382e-11,-8.83365932e-11,0.04819118207,1.79454148e-09,
5340110000,-4.562400113,0.5913981945,25.05356902,-694.946431,3.894740976,0.5357548759,0.2504366935,147.495734,116.8493624,90.00676679,-3.311271318e-13,2.682533103e-09,0.7702803419,-5.746772233e-11,-20.82600581,0.09092843351,-19.89556636,-2539.895566,1.20004681,0.08550132116,-0.03094356317,59.33967838,59.22447612,-3.695789349,8.064226533e-12,-1.101481324e-10,0.06240307371,1.417397999e-09,
5352108000,-4.599638015,0.5888681959,25.27472222,-694.7252778,3.864620008,0.5324964346,0.2514225515,146.2807998,115.9150307,89.22879615,-3.332654019e-13,2.653385166e-09,0.7697776175,-7.686158006e-11,-22.15158421,0.07805860566,-25.1309859,-2545.130986,1.169335288,0.07066952005,-0.0331506388,57.59532084,57.4675996,-3.833533554,7.757039346e-12,-1.139972913e-10,0.06670773759,1.033465817e-09,
5364106000,-4.639753115,0.5861548249,25.63297994,-694.3670201,3.832725185,0.5284676152,0.2535733789,144.6944616,114.5020535,88.46336516,-3.353971163e-13,2.624739677e-09,0.7725919532,-1.022164003e-10,-23.43443499,0.06734079677,-28.97171073,-2548.971711,1.144406009,0.05891370016,-0.03261838199,56.25308629,56.13267898,-3.678595964,8.065674477e-12,-1.091452576e-10,0.06553394619,6.960518852e-10,
5376104000,-4.658395666,0.5848981082,26.20448652,-693.7955135,3.818094159,0.5247845004,0.2582770319,142.9653584,112.4464018,88.2887333,-3.353105239e-13,2.613712146e-09,0.7851628141,-1.252438353e-10,-24.63029666,0.0586793328,-30.84448964,-2550.84449,1.124674481,0.05037984776,-0.03008546222,55.30019837,55.19967188,-3.332891311,8.882420294e-12,-9.86673857e-11,0.06037882468,4.336682047e-10,
5388102000,-4.670213243,0.5841028669,26.79619313,-693.2038069,3.80888143,0.5213794326,0.2633242231,141.320517,110.3863372,88.24026902,-3.347476213e-13,2.606460493e-09,0.7993767278,-1.175440614e-10,-25.64150701,0.05223055605,-32.07102943,-2552.071029,1.110217852,0.04425967728,-0.02773286774,54.62720031,54.5429066,-3.033538015,9.737217733e-12,-8.960531374e-11,0.05561746163,2.879732828e-10,
5400100000,-4.621409678,0.5873940136,27.39793158,-692.6020684,3.847239414,0.5215072007,0.270299772,140.5967984,108.432235,89.49810127,-3.293096882e-13,2.637741008e-09,0.8253827957,-1.053266934e-10,-26.45653122,0.0475525093,-32.94699857,-2552.946999,1.099853293,0.03990483073,-0.02586204991,54.15344308,54.08082011,-2.803621401,1.051232945e-11,-8.262998919e-11,0.05184132555,3.417629616e-10,
5412098000,-4.54581053,0.5925288127,27.57478597,-692.425214,3.908322508,0.5252219095,0.2742851429,141.3143493,107.9190086,91.2317538,-3.223357356e-13,2.6828754e-09,0.8453724228,-7.119528846e-11,-26.97412924,0.04480160142,-34.13964247,-2554.139642,1.093805855,0.03708104158,-0.02514318685,53.8483695,53.78014154,-2.709847457,1.085199626e-11,-7.968917372e-11,0.05038751068,5.024566429e-10,
5424096000,-4.513756779,0.594719476,28.0898675,-691.9101325,3.934853469,0.5246675572,0.2800271585,140.4941491,106.1763931,92.00640995,-3.189148037e-13,2.699671049e-09,0.8665429973,-3.128668077e-11,-27.43737583,0.04247478688,-37.19103274,-2557.191033,1.088717845,0.03383645726,-0.02567492318,53.49975536,53.4291061,-2.748535043,1.067558016e-11,-8.064808187e-11,0.05144265445,7.900609069e-10,
5436094000,-4.396357699,0.6028123136,27.9877871,-692.0122129,4.03540283,0.5323119928,0.2828897803,142.5393132,106.5437282,94.68838243,-3.091978577e-13,2.772233909e-09,0.8887278866,9.07991065e-12,-27.93616297,0.04010438416,-40.80026698,-2560.800267,1.083559886,0.03035869841,-0.02620517238,53.12870269,53.05565021,-2.785144439,1.051200239e-11,-8.154191312e-11,0.05249477535,1.190447943e-09,
5448092000,-4.35267574,0.6058515356,27.86711069,-692.1328893,4.074230095,0.5355934102,0.2831885983,143.535248,106.9634457,95.71409869,-3.05210721e-13,2.796093005e-09,0.8948299865,4.574689775e-11,-28.58408446,0.03722166337,-46.67915768,-2566.679158,1.077321356,0.02553715223,-0.02707962481,52.61866698,52.54145182,-2.849553525,1.025177061e-11,-8.324391899e-11,0.05423438877,1.535957684e-09,
5460090000,-4.232017161,0.6143263475,27.490071,-692.509929,4.185731478,0.5449632745,0.2835699045,146.4827699,108.2899889,98.64319631,-2.954970803e-13,2.875328483e-09,0.9109170414,6.360223456e-11,-29.70247638,0.03272473821,-55.10496995,-2575.10497,1.067663755,0.01872099577,-0.02684087943,51.90641565,51.83162698,-2.785395805,1.046485977e-11,-8.11908798e-11,0.05373930874,1.729324819e-09,
5472088000,-4.165867118,0.6190227982,27.35075725,-692.6492427,4.24965796,0.5498225955,0.2844017196,147.9563558,108.7680752,100.3024878,-2.899715259e-13,2.917284359e-09,0.9221684543,8.683064869e-11,-31.67686645,0.02607093925,-63.20983778,-2583.209838,1.053537655,0.01175080521,-0.02327256863,51.18840145,51.13296763,-2.381609762,1.221227167e-11,-6.926879943e-11,0.04657679521,1.685866036e-09,
5484086000,-4.094973666,0.6240958816,26.87238452,-693.1276155,4.320505688,0.5567031942,0.2820943512,150.5452853,110.5628455,102.1750465,-2.840344585e-13,2.965245934e-09,0.9241354634,1.107615191e-10,-34.796232,0.01820490429,-69.88211744,-2589.882117,1.037084936,0.006261627404,-0.0170941675,50.62992301,50.60034013,-1.730514904,1.677028839e-11,-5.022167797e-11,0.03419966939,-5.490836126e-09,
5496084000,-4.045024179,0.627695176,26.30072451,-693.6992755,4.371942213,0.5627166909,0.2781207647,153.1420786,112.8204216,103.5569829,-2.796323298e-13,2.998790724e-09,0.9178921817,1.307876732e-10,-40.84102089,0.009077138363,-75.6992212,-2595.699221,1.018320575,0.002242163773,-0.008795859394,50.22470281,50.21693185,-0.883474937,3.277725171e-11,-2.558356155e-11,0.01759316837,-9.333675882e-09,
5508082000,-4.022366257,0.6293347127,25.6230373,-694.3769627,4.395703533,0.5674451327,0.2721547391,155.6498692,115.6207433,104.2052086,-2.772875096e-13,3.010988952e-09,0.9012674164,1.369823114e-10,-47.86280012,0.004044454871,69.72201508,-2450.277985,1.008121758,0.001401707981,0.003793788336,50.14036553,50.13892222,0.3804391397,-7.595118316e-11,1.099271391e-11,0.007587700789,-9.167934458e-09,
5520080000,-4.014398254,0.6299122979,25.15088796,-694.849112,4.404124452,0.5701913737,0.2677149613,157.282444,117.6276528,104.4102604,-2.761414374e-13,3.010356561e-09,0.8876336292,1.353976254e-10,-35.3461111,0.0170881263,68.56189378,-2451.438106,1.034770414,0.006245640601,0.01590584904,50.62832941,50.60271636,1.610228529,-1.790553258e-11,4.642610792e-11,0.03182098995,-5.25228964e-09,
5532078000,-3.994917,0.6313266901,24.48897801,-695.511022,4.424857038,0.5745331904,0.2616963941,159.7708845,120.5229892,104.885388,-2.742943411e-13,3.017496852e-09,0.8702521292,1.346691333e-10,-30.65516074,0.0293252662,55.98170479,-2464.018295,1.060422436,0.01640624294,0.02430651004,51.66698817,51.60594102,2.510879932,-1.145792278e-11,7.22366808e-11,0.04865486186,2.28188608e-09,
5544076000,-3.99869935,0.6310518329,23.94365288,-696.0563471,4.420815655,0.5767466788,0.2561048307,161.4507903,122.9448912,104.6466025,-2.743252751e-13,3.004111789e-09,0.8511667425,1.397659462e-10,-27.8583002,0.04046550737,44.60148192,-2475.398518,1.084344039,0.02881176032,0.02841372475,52.96418431,52.8785913,3.009884033,-9.537645875e-12,8.64053671e-11,0.05692065464,2.800703746e-09,
5556074000,-4.000143592,0.6309469138,23.31828637,-696.6817136,4.419274557,0.5794112288,0.2497531502,163.4491786,125.7788464,104.3806293,-2.744303878e-13,2.990005734e-09,0.8298742779,1.246805993e-10,-25.88778699,0.05077040764,32.42169646,-2487.578304,1.106971818,0.04285656837,0.02722037545,54.47407937,54.39311743,2.968854779,-9.648574523e-12,8.504348816e-11,0.0545814419,2.798866744e-09,
5568072000,-4.006156497,0.6305102849,22.7177925,-697.2822075,4.412870556,0.5815941662,0.2434983473,165.2779904,128.5351436,103.9015446,-2.751017071e-13,2.969868999e-09,0.8083512548,1.125317996e-10,-24.69516989,0.05824270081,19.85677957,-2500.14322,1.123689407,0.05477985896,0.01978330736,55.7930545,55.74913612,2.213312616,-1.291434933e-11,6.32642041e-11,0.03970128993,2.765077925e-09,
5580070000,-4.005910294,0.630528157,22.4092561,-697.5907439,4.413132389,0.5829134826,0.2403697746,166.2946238,129.981312,103.7244447,-2.749788974e-13,2.958432079e-09,0.7979950584,1.033717683e-10,-24.0587841,0.0626701588,7.908610215,-2512.09139,1.133720609,0.06207409022,0.008622999907,56.61770294,56.60921857,0.9801320896,-2.910019347e-11,2.795536023e-11,0.0173140014,2.561805667e-09,
5592068000,-4.02522863,0.6291273541,21.96788625,-698.0321137,4.392686741,0.5834487274,0.2353482744,167.298598,131.9765866,102.8153758,-2.768150005e-13,2.926211785e-09,0.7790425443,1.035676326e-10,-23.92664692,0.06363083967,-2.857703865,-2522.857704,1.13590973,0.06355171047,-0.003172357821,56.78638911,56.78523685,-0.3617508677,7.867524542e-11,-1.029573295e-11,0.006370509093,2.21083052e-09,
5604066000,-4.008533502,0.6303377612,21.46078144,-698.5392186,4.410344337,0.5866353207,0.230618069,169.3595051,134.4924611,102.9291985,-2.759168984e-13,2.923179478e-09,0.7653157482,1.129947898e-10,-24.1248951,0.06219496745,-11.54684173,-2531.546842,1.132639441,0.06093622747,-0.01244950429,56.48796558,56.47032743,-1.41151521,2.012015527e-11,-4.008689815e-11,0.02499569729,1.79540764e-09,
5616064000,-4.020086523,0.6294999121,20.95534181,-699.0446582,4.398109381,0.5878644521,0.2251344606,170.7499183,136.8745986,102.0827059,-2.776105137e-13,2.892945532e-09,0.7458119111,1.186861199e-10,-24.51583181,0.05945774166,-18.1614747,-2538.161475,1.126432898,0.05649566688,-0.01853274578,55.98566859,55.9469774,-2.081059227,1.361769625e-11,-5.897562116e-11,0.03719699122,1.323115581e-09,
5628062000,-4.018328539,0.6296273329,20.47524764,-699.5247524,4.399966514,0.5898496156,0.220245339,172.3824348,139.2436834,101.6213584,-2.782763272e-13,2.873731936e-09,0.7298094672,1.272890522e-10,-25.03571545,0.05600337849,-23.21384592,-2543.213846,1.11865165,0.05146935133,-0.02207451643,55.42342556,55.36915105,-2.452185451,1.153208799e-11,-6.934490697e-11,0.04428793659,8.59623687e-10,
5640060000,-4.01163732,0.6301125564,19.89746023,-700.1025398,4.407050265,0.5924968621,0.2144511649,174.4752829,142.1748507,101.1332595,-2.790245412e-13,2.853845201e-09,0.7113301616,1.359560257e-10,-25.47122877,0.0532645867,-25.5987351,-2545.598735,1.112522646,0.04803624487,-0.02301380835,55.04320383,54.98465945,-2.538013469,1.111840488e-11,-7.161934256e-11,0.04615857393,4.877313444e-10,
5652058000,-4.03326578,0.6285454849,19.24073694,-700.7592631,4.384239304,0.5934363857,0.2071296278,176.0785236,145.2786484,99.4874906,-2.830381945e-13,2.801444342e-09,0.6848046267,1.398531252e-10,-25.85744093,0.05094809544,-26.39298853,-2546.392989,1.107366299,0.04563758007,-0.02264773089,54.77942272,54.72302218,-2.485155298,1.133078473e-11,-6.997889089e-11,0.04541334158,1.920292872e-10,
5664056000,-4.062694393,0.626419517,18.63643645,-701.3635635,4.353598732,0.5935734481,0.2001798517,177.2537685,148.0110166,97.52762398,-2.881143896e-13,2.740439615e-09,0.6589213847,1.38426983e-10,-26.01697475,0.05002087245,-27.10514461,-2547.105145,1.105309414,0.04452717494,-0.0227907519,54.65768705,54.60071064,-2.495025272,1.126205501e-11,-7.010799418e-11,0.0456958388,1.8715239e-11,
5676054000,-4.113739069,0.6227490111,18.0854355,-701.9145645,4.301510291,0.5919818934,0.1933229647,177.5942309,150.1535515,94.83470794,-2.95669347e-13,2.659138293e-09,0.6315848476,1.349105766e-10,-26.06927192,0.04972060496,-26.60778246,-2546.607782,1.104644182,0.04445486522,-0.02226889121,54.64988612,54.5954963,-2.437588392,1.150305616e-11,-6.834928663e-11,0.04464815886,-5.916889014e-11,
5688052000,-4.152128569,0.6200026869,17.48558645,-702.5144135,4.263195109,0.5913539544,0.1862896463,178.3792473,152.6055127,92.36186107,-3.029450763e-13,2.584337615e-09,0.6052327956,1.354223344e-10,-25.80937913,0.0512307889,-25.89551992,-2545.89552,1.107994206,0.0460868043,-0.02237409665,54.82880204,54.77370131,-2.457474045,1.138590705e-11,-6.87615271e-11,0.04486594819,-6.100705041e-11,
5700050000,-4.171580033,0.6186157862,16.90257916,-703.0974208,4.244055541,0.5918918917,0.1798596101,179.6051491,155.1807969,90.42637819,-3.087779857e-13,2.524855935e-09,0.5827162896,1.269211531e-10,-25.27746049,0.05446618737,-25.71996585,-2545.719966,1.115207276,0.04906999612,-0.0236368578,55.15717384,55.09527814,-2.612308093,1.06885076e-11,-7.294001735e-11,0.04741437345,2.986197015e-11,
5712048000,-4.275957099,0.6112264578,16.30322972,-703.6967703,4.144382997,0.5866487177,0.1715839875,178.293164,156.3657341,85.66334996,-3.252619261e-13,2.386840165e-09,0.5478396558,1.146356495e-10,-24.72675556,0.05803128961,-26.23152025,-2546.23152,1.123212775,0.0520549574,-0.02564979499,55.4875287,55.41416837,-2.852329709,9.768515229e-12,-7.947453742e-11,0.05147293179,1.564688839e-10,
5724046000,-4.352545264,0.6058606365,15.93557388,-704.0644261,4.074347262,0.5825780351,0.1663428505,177.0683583,156.7355819,82.38422718,-3.374993528e-13,2.290662407e-09,0.5256255547,1.026699107e-10,-24.10062812,0.06236897318,-27.08469335,-2547.084693,1.133035216,0.05552924682,-0.02839703439,55.87437248,55.78377489,-3.180559571,8.742053948e-12,-8.843426093e-11,0.05701585412,3.140612834e-10,
5736044000,-4.396732554,0.6027862987,15.49337175,-704.5066282,4.035073044,0.5808818657,0.1610204335,176.9614601,157.9086978,79.87616356,-3.473685213e-13,2.216281163e-09,0.5058376434,8.602696652e-11,-23.35108012,0.0679901492,-28.59232077,-2548.592321,1.145900066,0.05969855507,-0.03253832987,56.34170809,56.22167929,-3.675710655,7.548598742e-12,-1.019879764e-10,0.06537888412,5.265286133e-10,
5748042000,-4.491908497,0.5962173023,15.09020768,-704.9097923,3.95315924,0.575658024,0.155218913,175.204311,157.8487488,76.02843621,-3.6418675e-13,2.105117088e-09,0.4816537147,7.246568526e-11,-22.56094058,0.07446513324,-31.32215869,-2551.322159,1.160912648,0.06361242435,-0.03871066438,56.78248805,56.61118437,-4.407352131,6.282354635e-12,-1.220331858e-10,0.07785302817,7.291152298e-10,
5760040000,-4.588500406,0.5896237651,14.86804003,-705.13196,3.873576562,0.5698827837,0.1512937448,172.9526713,156.8959256,72.77564856,-3.796719806e-13,2.010854821e-09,0.463846644,7.489256244e-11,-21.7829959,0.08144233277,-35.48391012,-2555.48391,1.177326554,0.06631674546,-0.04727518206,57.08566707,56.82882556,-5.409063677,5.10825464e-12,-1.494571603e-10,0.09518169034,9.066032128e-10,
5772038000,-4.639673591,0.5861601915,14.68324181,-705.3167582,3.832787854,0.5670173321,0.1485769674,171.927089,156.6258722,70.90317408,-3.88888654e-13,1.955044412e-09,0.4526913279,7.554050656e-11,-20.97640431,0.08936753614,-39.38516282,-2559.385163,1.196275753,0.06907198243,-0.05670641726,57.39402847,57.02258391,-6.519158502,4.229601095e-12,-1.797556254e-10,0.1143259048,1.051865529e-09,
5784036000,-4.72260483,0.5805902769,14.07944495,-705.920555,3.768606663,0.563148968,0.1412384847,170.9282812,157.2474843,67.0052684,-4.106579106e-13,1.843733282e-09,0.4261134522,6.139601229e-11,-20.2023858,0.09769688348,-44.14018433,-2564.140184,1.21655003,0.07011100031,-0.0680377004,57.50218649,56.96706995,-7.826518499,3.515770584e-12,-2.153563889e-10,0.1373867132,1.203691848e-09,
5796034000,-4.804448926,0.5751452716,13.85310223,-706.1468978,3.707491446,0.5584158991,0.137708994,169.11252,156.3860125,64.36194171,-4.266385253e-13,1.76733283e-09,0.4115581739,4.067185226e-11,-19.40577484,0.107080714,-49.7105303,-2569.71053,1.239844106,0.06924370075,-0.08167979683,57.38631135,56.61842147,-9.356445946,2.93479854e-12,-2.569213055e-10,0.1652544473,1.392703501e-09,
5808032000,-4.888242504,0.5696234696,13.95717699,-706.042823,3.647093554,0.5528060591,0.1373912593,166.6090444,154.3299077,62.77621578,-4.365118105e-13,1.720228995e-09,0.4067663664,8.66436097e-12,-18.70574978,0.1160680027,-56.31663701,-2576.316637,1.262617493,0.06437164267,-0.09658194902,56.81185093,55.75316175,-10.91656361,2.510181829e-12,-2.99141785e-10,0.1958016957,1.595100472e-09,
5820030000,-4.963509249,0.5647087766,13.8660102,-706.1339898,3.594625144,0.5482524977,0.1353336659,164.7805752,153.1320909,60.85392919,-4.493722847e-13,1.664115758e-09,0.3973950127,-9.432109537e-12,-18.06600316,0.1249395225,-63.37431836,-2583.374318,1.285556315,0.05599287501,-0.111690117,55.85380782,54.46900312,-12.36024058,2.212422081e-12,-3.380039943e-10,0.2269224674,1.797255906e-09,
5832028000,-5.013059867,0.5614964394,13.88587196,-706.114128,3.560966386,0.5450870921,0.1347527866,163.4469121,152.0900437,59.86243974,-4.558753591e-13,1.633634679e-09,0.3935986753,-1.717098754e-11,-17.55524651,0.13250665,-71.75671813,-2591.756718,1.305493177,0.04148153126,-0.1258463144,54.25721167,52.55977405,-13.46533217,2.026671966e-12,-3.674663727e-10,0.2561908305,1.987963705e-09,
5844026000,-5.026466092,0.560630467,14.09245435,-705.9075456,3.55197698,0.5437577829,0.1365063881,162.7149874,151.173022,60.19040234,-4.524605779e-13,1.63921243e-09,0.3981557128,-2.528593274e-11,-17.09917325,0.1396501278,-80.80474719,-2600.804747,1.324635668,0.02231600648,-0.1378555551,52.23899506,50.28863826,-14.14091464,1.925885625e-12,-3.85110618e-10,0.2811950199,2.164041489e-09,
5856024000,-5.011246469,0.5616136782,14.21478643,-705.7852136,3.562186137,0.5444181966,0.1379084869,162.8751761,151.0745927,60.86698947,-4.465143924e-13,1.654242237e-09,0.4028936194,-5.572959375e-12,-16.82771178,0.1440835536,-90.53428195,-2610.534282,1.33667668,-0.001343556666,-0.1440772892,49.86854963,47.84027672,-14.07764773,1.930577277e-12,-3.826021244e-10,0.2942635096,2.25315273e-09,
5868022000,-4.990511157,0.562955987,14.24763809,-705.7523619,3.576198141,0.5456400553,0.1385509772,163.3461252,151.3655773,61.4037347,-4.417063183e-13,1.665417734e-09,0.4056651175,7.658039565e-14,-16.84609955,0.1437788555,-100.7210421,-2620.721042,1.335845141,-0.02674681681,-0.14126913,47.44469646,45.58548898,-13.15151763,2.062303252e-12,-3.567009532e-10,0.2885022828,2.267586654e-09,
5880020000,-4.959183356,0.5649900925,13.92863595,-706.071364,3.597596435,0.5483772912,0.1360005553,164.7746587,153.0137049,61.13504938,-4.427423451e-13,1.654746974e-09,0.3995396975,1.608135298e-11,-17.04436378,0.1405341305,-110.4585583,-2630.458558,1.32702667,-0.0491208666,-0.1316699749,45.39419506,43.83978288,-11.77736737,2.298227973e-12,-3.187788873e-10,0.2686456591,2.18084329e-09,
5892018000,-4.937954454,0.5663726553,14.23387573,-705.7661243,3.612255257,0.5489850965,0.1392600034,164.7404108,152.4233084,62.50230404,-4.321753969e-13,1.688309615e-09,0.4100573901,4.113618945e-11,-17.44388338,0.1342164758,-119.8143174,-2639.814317,1.310046269,-0.06673119539,-0.1164517494,43.82319905,42.64029607,-10.11325495,2.670946019e-12,-2.731788186e-10,0.2371760021,1.985068802e-09,
5904016000,-4.839350999,0.5728388313,13.87436828,-706.1256317,3.682073528,0.556125601,0.1373631776,168.1050301,155.599136,63.6255452,-4.236830493e-13,1.715157958e-09,0.4089068027,6.703025111e-11,-18.07687909,0.1247831789,-128.0860083,-2648.086008,1.285148036,-0.07697171607,-0.09821505316,42.91676657,42.08709463,-8.397935395,3.20996337e-12,-2.263836903e-10,0.1995370664,1.707231725e-09,
5916014000,-4.761228878,0.5780142643,13.38637833,-706.6136217,3.739496695,0.5623101642,0.1338199124,171.2983437,158.9409484,63.88190248,-4.211270103e-13,1.718576148e-09,0.4019222429,1.231048602e-10,-18.82603117,0.1144717814,-134.7776569,-2654.777657,1.25853898,-0.08062905231,-0.08125727452,42.58429805,42.01840237,-6.91927037,3.888039224e-12,-1.861449418e-10,0.1646723811,1.368824206e-09,
5928012000,-4.687483766,0.5829426242,12.90477254,-707.0952275,3.795503248,0.5682190062,0.1301893396,174.465535,162.2983131,64.01156507,-4.194233568e-13,1.71857901e-09,0.3944068416,1.601737717e-10,-19.62119295,0.1044576744,-139.8469478,-2659.846948,1.233283612,-0.07983957607,-0.06735761157,42.63748027,42.24741895,-5.754156406,4.665835199e-12,-1.544872776e-10,0.1362013716,1.034423628e-09,
5940010000,-4.616994674,0.5876926595,12.06005179,-707.9399482,3.850750408,0.5747217836,0.1227906086,178.4142777,167.0461268,62.6677431,-4.275519595e-13,1.679101733e-09,0.3751523265,1.902308062e-10,-20.39386005,0.09556678972,-143.4955228,-2663.495523,1.211329678,-0.0768175773,-0.05685130708,42.88771425,42.60810615,-4.88930715,5.480064052e-12,-1.31002709e-10,0.114750633,7.520095541e-10,
5952008000,-4.552249566,0.5920897212,11.0783547,-708.9216453,3.903038987,0.5810563218,0.1137707731,182.5710963,172.3012979,60.36942875,-4.429345514e-13,1.614260767e-09,0.3503712942,2.338953425e-10,-21.04785345,0.08863542415,-146.0669018,-2666.066902,1.194511453,-0.07353992088,-0.04947846452,43.16544324,42.95232345,-4.284086831,6.241634891e-12,-1.145552217e-10,0.09974051429,5.816875367e-10,
5964006000,-4.516526859,0.5945298399,10.19128666,-709.8087133,3.932545467,0.5851496614,0.105193176,185.5972562,176.4882212,57.43038659,-4.64665384e-13,1.532582279e-09,0.3254063428,2.478912764e-10,-21.52616007,0.08388648488,-147.9083791,-2667.908379,1.183135569,-0.07106859855,-0.04456676615,43.37704538,43.20333288,-3.878156027,6.881082775e-12,-1.034921329e-10,0.08976520488,4.576799548e-10,
5976004000,-4.568814746,0.5909616012,8.78785773,-711.2121423,3.8895165,0.5840241732,0.09028498889,186.3683974,179.5833654,49.82965416,-5.344675953e-13,1.327080064e-09,0.2774736628,2.567184259e-10,-21.90794865,0.08027911337,-150.2028764,-2670.202876,1.174572774,-0.06966544401,-0.03989313167,43.49689699,43.35732246,-3.481757757,7.64910637e-12,-9.272734048e-11,0.08030380013,4.121506841e-10,
5988002000,-4.526747705,0.5938306571,7.851741117,-712.1482589,3.924054548,0.5882634224,0.08112333353,189.4823464,183.7977644,46.06453507,-5.769942733e-13,1.224348031e-09,0.250626199,2.567184259e-10,-22.22663451,0.07738704699,-151.3117749,-2671.311775,1.167756255,-0.06788738734,-0.03714912759,43.65107555,43.52964599,-3.253662131,8.168940679e-12,-8.647899771e-11,0.07474589001,4.121506841e-10,
6000000000,-4.565638803,0.5911777222,6.703933658,-713.2960663,3.892101308,0.5871356256,0.06901345073,189.7590875,185.6264881,39.38677696,-6.734702836e-13,1.044766708e-09,0.212182956,2.567184259e-10,-22.43390201,0.07556225313,-153.266175,-2673.266175,1.163477213,-0.06748509963,-0.03399140222,43.68498899,43.58323429,-2.979924834,8.901507698e-12,-7.904496122e-11,0.06837319172,4.121506841e-10,
