Frequency,S11_Magnitude,S11_Magnitude (linear),S11_Phase,S11_Unwrapped Phase,S11_VSWR,S11_Real,S11_Imaginary,S11_Impedance (absolute),S11_Resistance,S11_Reactance,S11_Capacitance,S11_Inductance,S11_Quality Factor,S11_Group delay,S21_Magnitude,S21_Magnitude (linear),S21_Phase,S21_Unwrapped Phase,S21_VSWR,S21_Real,S21_Imaginary,S21_Impedance (absolute),S21_Resistance,S21_Reactance,S21_Capacitance,S21_Inductance,S21_Quality Factor,S21_Group delay,
1000000,-35.19864165,0.01738072618,-88.07986129,-88.07986129,1.035376318,0.0005823667792,-0.01737096691,50.05825302,50.02805191,-1.738596481,9.15421979e-08,-2.767062239e-07,0.03475243217,2.658176788e-09,-0.0201013693,0.9976884202,-1.14401341,-1.14401341,864.2091376,0.997489551,-0.01991932222,4974.844892,572.8138592,-4941.757378,3.220614266e-11,-0.0007865051143,8.627160986,2.382920841e-09,
12998000,-13.85643182,0.2028515868,-105.7709983,-105.7709983,1.508943086,-0.05513367405,-0.1952153791,44.9573841,41.63791099,-16.95437268,7.222072997e-10,-2.075990321e-07,0.407185958,2.658176788e-09,-0.2300482086,0.9738623802,-13.03884045,-13.03884045,75.51806141,0.9487536253,-0.2197145738,434.618334,50.67914571,-431.6534726,2.836667023e-11,-5.285411899e-06,8.517378629,2.382920841e-09,
24996000,-8.731772051,0.3659412754,-117.0492134,-117.0492134,2.154281966,-0.1664138625,-0.3259132453,36.95155384,29.52420145,-22.22023538,2.865503614e-10,-1.414810488e-07,0.7526108848,2.658176788e-09,-0.7143124641,0.9210524811,-23.91160292,-23.91160292,24.33328506,0.8420002889,-0.3733271841,231.810628,46.14366796,-227.1715853,2.802822576e-11,-1.446450661e-06,4.923136702,2.382920841e-09,
36994000,-6.018093625,0.5001442944,-126.601561,-126.601561,3.001154688,-0.2982094084,-0.4015164553,29.74990865,20.30409012,-21.74398743,1.978561942e-10,-9.354660437e-08,1.070916614,2.110141312e-09,-1.370832428,0.8540009988,-33.77777388,-33.77777388,12.69872385,0.7098458047,-0.4748016843,159.4550207,43.71115632,-153.3467914,2.805525019e-11,-6.597258977e-07,3.508184279,2.113338088e-09,
48992000,-4.370517604,0.6046083209,-135.0716291,-135.0716291,4.05827539,-0.428056783,-0.4269878361,23.9428729,14.27867926,-19.21927369,1.690277425e-10,-6.243554889e-08,1.346012005,1.825656939e-09,-2.100134552,0.7852234707,-42.23705834,-42.23705834,8.312004466,0.5813558847,-0.5278268981,123.7296614,42.23996523,-116.2962357,2.793375405e-11,-3.777988402e-07,2.753227544,1.850879441e-09,
60990000,-3.304539467,0.6835543111,-142.3312463,-142.3312463,5.320199863,-0.5410721395,-0.4177169329,19.43299813,10.44864344,-16.38497076,1.592633431e-10,-4.27569944e-08,1.568143353,1.584118629e-09,-2.865462237,0.7189966852,-49.51660742,-49.51660742,6.117353763,0.4667925026,-0.5468646934,102.4774969,41.40106191,-93.74214342,2.783726853e-11,-2.446224873e-07,2.264244904,1.611727488e-09,
72988000,-2.593552572,0.7418607109,-148.6119883,-148.6119883,6.747755126,-0.6332966602,-0.3863840765,15.86934604,7.981018197,-13.71639502,1.589749454e-10,-2.990946551e-08,1.718627207,1.367896559e-09,-3.633471908,0.6581523019,-56.01451891,-56.01451891,4.850558629,0.3678958199,-0.54572623,88.17853485,40.64078333,-78.25458925,2.786498747e-11,-1.706390735e-07,1.925518724,1.414086984e-09,
84986000,-2.087264078,0.7863878523,-154.042641,-154.042641,8.362763408,-0.7070570804,-0.3442036304,12.97757419,6.291700366,-11.35041578,1.649912725e-10,-2.125614546e-08,1.804029932,1.194161097e-09,-4.393293178,0.603025033,-61.69655513,-61.69655513,4.038101054,0.2859189804,-0.5309326954,78.17284949,40.18437872,-67.05378516,2.792861788e-11,-1.255729339e-07,1.668653026,1.245017375e-09,
96984000,-1.716737986,0.8206596879,-158.757573,-158.757573,10.15198237,-0.7649005942,-0.2973371896,10.5894204,5.096609082,-9.282262669,1.76793456e-10,-1.523259493e-08,1.821262435,1.054964193e-09,-5.11798041,0.5547546861,-66.68627263,-66.68627263,3.491905782,0.2195527877,-0.5094598465,70.90504536,39.84628335,-58.64980104,2.798037278e-11,-9.624686285e-08,1.47190142,1.090863337e-09,
108982000,-1.428822441,0.8483183825,-163.0480346,-163.0480346,12.1855134,-0.8114585527,-0.2473440828,8.505583634,4.193729098,-7.399837107,1.973527572e-10,-1.080656121e-08,1.764500504,9.465203188e-10,-5.808694355,0.5123482796,-71.0686238,-71.0686238,3.101287695,0.1662239513,-0.4846342514,65.47711613,39.64824337,-52.10824823,2.80258559e-11,-7.609775268e-08,1.31426373,9.53147702e-10,
120980000,-1.208654884,0.8700961676,-166.8927202,-166.8927202,14.39600459,-0.8474276929,-0.1973161075,6.71237787,3.518802104,-5.7161218,2.301468723e-10,-7.519830052e-09,1.624451058,8.614090022e-10,-6.462745238,0.4751850165,-74.88720555,-74.88720555,2.810866806,0.1238902838,-0.4587504741,61.37381862,39.57991739,-46.90603108,2.804644784e-11,-6.170711445e-08,1.18509674,8.294146552e-10,
132978000,-1.038489084,0.8873103468,-170.4164988,-170.4164988,16.74785832,-0.8749270601,-0.1477236979,5.145857478,3.006359911,-4.176320063,2.8658045e-10,-4.998435696e-09,1.389161706,7.885535431e-10,-7.084218644,0.4423734641,-78.18064771,-78.18064771,2.586629888,0.09060988074,-0.4329943779,58.25092782,39.6414943,-42.6816415,2.804136956e-11,-5.108359446e-08,1.076691034,7.34491606e-10,
144976000,-0.9045845296,0.9010954018,-173.6766743,-173.6766743,19.22150674,-0.8956133168,-0.09924570457,3.793988967,2.60916824,-2.754377131,3.985663365e-10,-3.023760729e-09,1.055653326,7.33076003e-10,-7.661874073,0.4139103596,-81.04263134,-81.04263134,2.412447282,0.06444564645,-0.4088625007,55.84106802,39.74740857,-39.2220396,2.79894165e-11,-4.30580336e-08,0.9867823088,6.679045115e-10,
156974000,-0.7963125719,0.9123980983,-176.6859753,-176.6859753,21.8305546,-0.9108722916,-0.05274427182,2.70885601,2.292280504,-1.443381784,7.024431577e-10,-1.463435637e-09,0.6296706626,6.833940362e-10,-8.211858967,0.3885143387,-83.85328542,-83.85328542,2.270722646,0.04160007287,-0.3862807597,53.75506911,39.75939966,-36.17730772,2.802568024e-11,-3.667994287e-08,0.9099057842,6.135992888e-10,
168972000,-0.7071220201,0.9218152721,-179.5897845,-179.5897845,24.58044332,-0.9217916461,-0.006599782161,2.041997262,2.034163463,-0.1786947844,5.271005997e-09,-1.683128461e-10,0.08784681646,6.434332718e-10,-8.72592918,0.3661875216,-86.47521968,-86.47521968,2.155507454,0.02251329132,-0.3654948053,52.02615646,39.75452947,-33.56036863,2.806588004e-11,-3.161055417e-08,0.8441898087,5.625437292e-10,
180970000,-0.6366057005,0.9293294821,177.7812053,-182.2187947,27.30034448,-0.9286327363,0.03597954299,2.07167219,1.832164614,0.9669531996,-9.095112817e-10,8.503916751e-10,0.5277654597,6.090287308e-10,-9.199919269,0.3467400732,-88.71588921,-88.71588921,2.061568478,0.007770474505,-0.3466529938,50.69852971,39.81991011,-31.38017963,2.802580655e-11,-2.759745097e-08,0.7880524979,5.083732078e-10,
192968000,-0.5791356871,0.9354987588,175.1938931,-184.8061069,30.00715527,-0.9322094841,0.07837987928,2.679414313,1.669200496,2.095955812,-3.935072277e-10,1.728689357e-09,1.255664503,5.770492217e-10,-9.637721127,0.3296962015,-90.76024884,-90.76024884,1.983721716,-0.004374559536,-0.3296671784,49.6069779,39.88104381,-29.50177285,2.795675247e-11,-2.433228814e-08,0.7397442501,4.603289517e-10,
204966000,-0.5332995719,0.9404485072,172.7693579,-187.2306421,32.5843806,-0.9329696191,0.1183684272,3.512099909,1.540597542,3.156169352,-2.460243016e-10,2.450747703e-09,2.048665706,5.52938939e-10,-10.034389,0.3149782386,-92.68980199,-92.68980199,1.919615277,-0.01478150624,-0.3146312093,48.67286892,39.9011878,-27.8737041,2.785759502e-11,-2.164377404e-08,0.6985682793,4.307025142e-10,
216964000,-0.4928728036,0.9448358422,170.4539534,-189.5460466,35.25542527,-0.9317523603,0.1566917607,4.409208747,1.428101201,4.171528346,-1.758479273e-10,3.060043862e-09,2.921031327,5.301828333e-10,-10.39311883,0.3022345146,-94.42971147,-94.42971147,1.866292532,-0.0233434008,-0.30133169,47.90489864,39.92215932,-26.47830261,2.770398934e-11,-1.942328103e-08,0.6632482576,4.104865664e-10,
228962000,-0.4605689455,0.9483563418,168.2096847,-191.7903153,37.72692347,-0.9283478634,0.1937782123,5.330102097,1.339433268,5.159060659,-1.347367562e-10,3.586140956e-09,3.851674274,5.126663083e-10,-10.70660277,0.2915210111,-96.18278168,-96.18278168,1.822948925,-0.03139698552,-0.2898253426,47.18531878,39.86028329,-25.25098265,2.75282395e-11,-1.755233928e-08,0.6334872853,3.999400836e-10,
240960000,-0.433064114,0.951364177,166.0236891,-193.9763109,40.1219524,-0.9231996749,0.2297741446,6.25412324,1.264912384,6.124871767,-1.078395772e-10,4.045499741e-09,4.842131238,4.987633302e-10,-10.97636727,0.2826061681,-97.87879107,-97.87879107,1.787868965,-0.03873905555,-0.2799384429,46.53252976,39.75194366,-24.18799911,2.730707814e-11,-1.597626005e-08,0.6084733697,4.05584595e-10,
252958000,-0.410158097,0.9538763806,163.9127433,-196.0872567,42.36173151,-0.916523353,0.2643200575,7.163734517,1.20386871,7.061854739,-8.909491807e-11,4.443145064e-09,5.86596751,4.857454284e-10,-11.21233805,0.2750319179,-99.60252821,-99.60252821,1.758742142,-0.04587869418,-0.271178357,45.90208121,39.59043551,-23.22925903,2.708546874e-11,-1.461527763e-08,0.586739164,4.196261546e-10,
264956000,-0.3913558785,0.9559434594,161.8309317,-198.1690683,44.39621068,-0.9082806253,0.2980842218,8.073742744,1.155001517,7.990700432,-7.517293788e-11,4.799889312e-09,6.918346268,4.746636067e-10,-11.42428589,0.2684019739,-101.4790054,-101.4790054,1.733741657,-0.05341436853,-0.263033315,45.24269366,39.3581003,-22.31235689,2.692160358e-11,-1.340268532e-08,0.5669063477,4.42506127e-10,
276954000,-0.3687401362,0.9584357246,159.8157108,-200.1842892,47.11824535,-0.8995759538,0.3306994732,8.96226371,1.094760824,8.895148652,-6.460398081e-11,5.111704029e-09,8.12519818,4.648249935e-10,-11.61623733,0.2625355585,-103.4450888,-103.4450888,1.711995165,-0.0610430238,-0.2553402998,44.58103672,39.08759475,-21.43895454,2.680457257e-11,-1.232015277e-08,0.5484848755,4.639367385e-10,
288952000,-0.3515608484,0.9603332317,157.8211803,-202.1788197,49.42003883,-0.8892783643,0.3625243531,9.852021932,1.050585747,9.795846351,-5.622797749e-11,5.395558323e-09,9.324175943,4.543637553e-10,-11.79682774,0.2571334713,-105.5140501,-105.5140501,1.692273676,-0.06877669031,-0.2477647855,43.91592987,38.79309113,-20.58409523,2.675855421e-11,-1.133773258e-08,0.5306124011,4.793091952e-10,
300950000,-0.3323659414,0.9624578143,155.8790725,-204.1209275,52.27340328,-0.8784207837,0.3933217144,10.72563477,1.000157792,10.67890095,-4.95221197e-11,5.647449322e-09,10.67721617,4.443121944e-10,-11.9837384,0.2516593555,-107.6043692,-107.6043692,1.67257968,-0.07611250416,-0.2398735457,43.28795346,38.52831377,-19.73362491,2.679902013e-11,-1.043596594e-08,0.5121850136,4.869732121e-10,
312948000,-0.3195744874,0.9638762418,153.9866294,-206.0133706,54.36522492,-0.8662276007,0.4227376884,11.5860109,0.9687607024,11.54543855,-4.404914847e-11,5.871626004e-09,11.91774038,4.352250887e-10,-12.17757615,0.246105428,-109.7507183,-109.7507183,1.652890834,-0.0831660422,-0.2316274835,42.68658901,38.28478866,-18.87908468,2.693810348e-11,-9.601274486e-09,0.4931223428,4.855423585e-10,
324946000,-0.3050866767,0.9654853008,152.1374424,-207.8625576,56.94632563,-0.8535577775,0.45122166,12.43364238,0.9320275171,12.39866072,-3.950337127e-11,6.072726363e-09,13.30289127,4.263710074e-10,-12.3754171,0.2405631739,-111.843623,-111.843623,1.633530442,-0.08950745745,-0.2232914143,42.14674491,38.08474257,-18.0527142,2.713103925e-11,-8.842018984e-09,0.4740143422,4.772434596e-10,
336944000,-0.2887084841,0.9673075461,150.2927003,-209.7072997,60.17619707,-0.8401727519,0.4793679545,13.28654559,0.8893195298,13.25674939,-3.563078232e-11,6.261803728e-09,14.90662124,4.20256483e-10,-12.57672556,0.2350518762,-113.8803902,-113.8803902,1.614556383,-0.09515573472,-0.2149296877,41.66582607,37.92470727,-17.25565532,2.737353889e-11,-8.15068035e-09,0.4549977194,4.637591741e-10,
348942000,-0.2700576951,0.9693868302,148.5179583,-211.4820417,64.3313595,-0.8266968598,0.5062441394,14.11427991,0.838956571,14.08932395,-3.237253663e-11,6.426241471e-09,16.79386566,4.10747122e-10,-12.7775603,0.2296793683,-115.8462739,-115.8462739,1.596321477,-0.1001305772,-0.2067038454,41.24175149,37.79876219,-16.49653427,2.764866536e-11,-7.524187323e-09,0.436430542,4.407916592e-10,
360940000,-0.255513565,0.9710113845,146.7203443,-213.2796557,67.99260151,-0.8117677055,0.5328192011,14.96143892,0.8010446803,14.93997931,-2.951447902e-11,6.587719724e-09,18.65061922,4.052170659e-10,-12.98552218,0.2242455797,-117.7649214,-117.7649214,1.578135487,-0.1044636777,-0.1984273672,40.87059227,37.71060145,-15.75804083,2.798226701e-11,-6.948440436e-09,0.4178676611,4.126275745e-10,
372938000,-0.2341314521,0.9734046743,145.0529612,-214.9470388,74.20118466,-0.7978821714,0.5575847025,15.75381314,0.7406036952,15.73639522,-2.711928529e-11,6.715660743e-09,21.24806469,4.020580121e-10,-13.19755336,0.218837796,-119.4208704,-119.4208704,1.560287722,-0.1074977355,-0.1906153661,40.60532808,37.69581863,-15.0936386,2.82741493e-11,-6.441358062e-09,0.4004061764,3.827715948e-10,
384936000,-0.2217144953,0.9747972049,143.273969,-216.726031,78.35627743,-0.781303902,0.5829183505,16.60906062,0.7084075311,16.59394629,-2.491620655e-11,6.860903053e-09,23.42429401,3.9874422e-10,-13.40506643,0.2136715392,-121.0043621,-121.0043621,1.543466375,-0.1100629218,-0.1831438776,40.37913408,37.69784008,-14.46883972,2.857576706e-11,-5.982260328e-09,0.3838108413,3.549522752e-10,
396934000,-0.2067933315,0.9764732116,141.5581403,-218.4418597,84.00947795,-0.7648123359,0.6070930932,17.44233141,0.6675050753,17.42955427,-2.300464576e-11,6.988566657e-09,26.11149325,3.958597546e-10,-13.58734165,0.209234318,-122.493042,-122.493042,1.52919423,-0.1124000863,-0.176480085,40.1742292,37.68866071,-13.91163349,2.882197277e-11,-5.578018604e-09,0.3691198687,3.278439281e-10,
408932000,-0.1966703978,0.9776119016,139.8563151,-220.1436849,88.333179,-0.7473159339,0.6302728973,18.27815414,0.6415998564,18.26688995,-2.130612266e-11,7.109411417e-09,28.47084481,3.904630449e-10,-13.77264429,0.2048178417,-123.8945269,-123.8945269,1.515146975,-0.1142199098,-0.1700122363,40.01133401,37.70690595,-13.38267885,2.908211444e-11,-5.208493075e-09,0.3549132051,2.949537135e-10,
420930000,-0.1836982773,0.979073027,138.2126425,-221.7873575,94.5704393,-0.7300194208,0.6524228977,19.09398855,0.6057411091,19.08437782,-1.981217916e-11,7.21586265e-09,31.50583232,3.872524048e-10,-13.94759728,0.2007336289,-125.0560366,-125.0560366,1.502294695,-0.1152968421,-0.1643186782,39.90971001,37.7573105,-12.92944149,2.924357658e-11,-4.888662068e-09,0.3424354468,2.548169591e-10,
432928000,-0.1733674958,0.980238205,136.5141218,-223.4858782,100.2053812,-0.7112059569,0.6745761821,19.94691901,0.5783304193,19.93853334,-1.843789119e-11,7.329893515e-09,34.47602388,3.873276578e-10,-14.10561257,0.1971148625,-126.0928032,-126.0928032,1.491016344,-0.1161193529,-0.1592814016,39.83039778,37.80784529,-12.53105829,2.933706792e-11,-4.606724142e-09,0.331440689,2.185625614e-10,
444926000,-0.1630799356,0.981399886,134.8659792,-225.1340208,106.526223,-0.6923293852,0.6955758469,20.78436443,0.550424369,20.77707481,-1.721662194e-11,7.432189081e-09,37.74737454,3.884550565e-10,-14.22130512,0.1945067798,-126.8970329,-126.8970329,1.482950756,-0.1167777494,-0.1555501355,39.76800584,37.83922848,-12.23466701,2.923749717e-11,-4.376475485e-09,0.3233328876,1.915974111e-10,
456924000,-0.1518939475,0.9826645808,133.1647637,-226.8352363,114.3707321,-0.6722395319,0.7167452059,21.65944546,0.5191720912,21.65322235,-1.6086206e-11,7.542211332e-09,41.70721562,3.875534995e-10,-14.29525958,0.1928577168,-127.6941933,-127.6941933,1.477877868,-0.1179222433,-0.1526055159,39.66982059,37.81526782,-11.98750121,2.905678083e-11,-4.175464789e-09,0.3170016214,1.786810753e-10,
468922000,-0.1455580006,0.9833816498,131.4980908,-228.5019092,119.3488901,-0.6515838535,0.7365310252,22.528095,0.5039517228,22.52245762,-1.506967009e-11,7.644257382e-09,44.69169684,3.883594763e-10,-14.33666112,0.1919406425,-128.3931559,-128.3931559,1.475065701,-0.1192055348,-0.1504368662,39.56310891,37.76346081,-11.79663574,2.877142377e-11,-4.003849018e-09,0.3123822734,1.796770392e-10,
480920000,-0.1456916844,0.9833665148,129.8283056,-230.1716944,119.2393831,-0.629835606,0.7551932281,23.4102278,0.5112110318,23.40464546,-1.413986381e-11,7.745498245e-09,45.78274724,3.883358815e-10,-14.33276323,0.1920267972,-129.2036097,-129.2036097,1.475329619,-0.1213759377,-0.1488024617,39.38874792,37.63308905,-11.62858854,2.845904284e-11,-3.848347639e-09,0.308999044,1.965074022e-10,
492918000,-0.1418508958,0.983801443,128.1470417,-231.8529583,122.4677875,-0.6076762124,0.7736891495,24.31049462,0.5047521696,24.30525404,-1.328450233e-11,7.847758295e-09,48.15284709,3.873682212e-10,-14.28069619,0.1931813473,-130.0227019,-130.0227019,1.478871793,-0.1242332019,-0.1479362853,39.16369789,37.43552149,-11.50551881,2.806333285e-11,-3.714938775e-09,0.3073422875,2.312892588e-10,
504916000,-0.1341417021,0.9846750072,126.4536313,-233.5463687,129.5057709,-0.5850663588,0.7920115059,25.23021489,0.4843609235,25.22556516,-1.249568571e-11,7.951368917e-09,52.08009965,3.885920655e-10,-14.18643071,0.1952893071,-131.1232727,-131.1232727,1.485365259,-0.1284381211,-0.1471107152,38.8356882,37.13712635,-11.35977661,2.774796944e-11,-3.580723526e-09,0.305887335,2.813894269e-10,
516914000,-0.1351345689,0.9845624574,124.8196689,-235.1803311,128.5542982,-0.5621806573,0.8082797418,26.13112034,0.4951437505,26.12642882,-1.178478832e-11,8.044181997e-09,52.76534097,3.898827199e-10,-14.06559134,0.1980251873,-132.4283397,-132.4283397,1.493843907,-0.1336011701,-0.1461666931,38.43626061,36.77181669,-11.18837015,2.751914971e-11,-3.444836888e-09,0.3042648191,3.450981148e-10,
528912000,-0.1341826375,0.9846703666,123.0998023,-236.9001977,129.4662639,-0.5377275719,0.8248786512,27.09394229,0.4995724255,27.08933621,-1.110806335e-11,8.151453857e-09,54.22504291,3.908817409e-10,-13.92920172,0.2011592066,-134.0777894,-134.0777894,1.503627777,-0.1399332567,-0.144511972,37.94951601,36.33689511,-10.94512762,2.749260431e-11,-3.293499038e-09,0.3012125165,4.060942096e-10,
540910000,-0.1296236937,0.985187324,121.403893,-238.596107,134.0194928,-0.5133492192,0.8408725483,28.05869235,0.4905416573,28.05440403,-1.04880337e-11,8.25460257e-09,57.19066589,3.938976269e-10,-13.79576114,0.2042734589,-135.9983205,-135.9983205,1.51342628,-0.1469378695,-0.1419045754,37.41442296,35.87413617,-10.6247541,2.769339714e-11,-3.126180204e-09,0.2961675244,4.591748173e-10,
552908000,-0.1295653369,0.9851939431,119.7198808,-240.2801192,134.0798535,-0.4884197896,0.8556010838,29.03283366,0.4986162206,29.02855167,-9.916122651e-12,8.355888302e-09,58.2182257,3.935519643e-10,-13.67519196,0.2071287584,-138.1084553,-138.1084553,1.522477667,-0.1541887382,-0.1383045754,36.86384299,35.41448922,-10.23508052,2.81239291e-11,-2.946174874e-09,0.2890082772,4.949215173e-10,
564906000,-0.1272331431,0.9854585069,118.0028589,-241.9971411,136.5374578,-0.4626881609,0.8700851306,30.04327418,0.4983856987,30.03914005,-9.378998112e-12,8.463138337e-09,60.27287728,3.953667944e-10,-13.57433785,0.2095478009,-140.3295298,-140.3295298,1.530197275,-0.1612949497,-0.1337692791,36.32697705,34.98315379,-9.789188547,2.878042817e-11,-2.757976984e-09,0.2798257872,5.158178228e-10,
576904000,-0.1310267877,0.9850281925,116.3010137,-243.6989863,132.5844051,-0.4364532374,0.8830566865,31.0630887,0.5226434253,31.0586916,-8.882463368e-12,8.568400104e-09,59.42615959,3.962840809e-10,-13.49526995,0.2114640289,-142.6007078,-142.6007078,1.536345929,-0.167991703,-0.1284360669,35.82298678,34.59414279,-9.302239864,2.9657125e-11,-2.566280449e-09,0.2688963828,5.221704776e-10,
588902000,-0.1328137204,0.9848255652,114.5748271,-245.4251729,130.8006258,-0.4095705155,0.8956189964,32.11683011,0.5399491559,32.11229097,-8.416001652e-12,8.678574436e-09,59.47280521,3.953856878e-10,-13.4417634,0.2127707037,-144.8920023,-144.8920023,1.540555858,-0.1740612117,-0.12236857,35.36680733,34.25911004,-8.782052161,3.077379739e-11,-2.373411895e-09,0.2563420985,5.170623035e-10,
600900000,-0.1403106474,0.9839759136,112.8755872,-247.1244128,123.812108,-0.3825023467,0.9065873115,33.17438333,0.5815755673,33.16928518,-7.98512677e-12,8.785248287e-09,57.03349152,3.96074508e-10,-13.4027344,0.2137289144,-147.1042216,-147.1042216,1.543651975,-0.1794595954,-0.1160788632,34.96202324,33.97125401,-8.264198064,3.204920127e-11,-2.188863326e-09,0.2432703268,5.039133782e-10,
612898000,-0.1435490572,0.9836091206,111.1766647,-248.8233353,121.0190788,-0.3553237048,0.9171869858,34.2526153,0.6070102168,34.24723629,-7.582394866e-12,8.893187679e-09,56.41953848,3.938512854e-10,-13.37227049,0.2144798392,-149.2444572,-149.2444572,1.546083601,-0.1843147393,-0.10967989,34.59888205,33.718982,-7.753250409,3.349254247e-11,-2.013333585e-09,0.2299372623,4.825600588e-10,
624896000,-0.1408719991,0.9839123233,109.4463114,-250.5536886,123.3187587,-0.3275674526,0.9277839317,35.37338631,0.6083469931,35.36815479,-7.201118943e-12,9.007925578e-09,58.13812706,3.981007715e-10,-13.33708551,0.2153504207,-151.3071952,-151.3071952,1.548908523,-0.188906781,-0.1033926101,34.25760975,33.4795435,-7.259751588,3.508250748e-11,-1.848988233e-09,0.2168414151,4.612212754e-10,
636894000,-0.1484050777,0.983059368,107.7836951,-252.2163049,117.0593496,-0.3002502595,0.9360852005,36.47331866,0.6543729283,36.46744809,-6.852477224e-12,9.112936572e-09,55.72884591,4.039212843e-10,-13.32126209,0.2157430903,-153.2120755,-153.2120755,1.550184736,-0.1925897197,-0.09723312649,33.98295086,33.29742927,-6.791329275,3.679579466e-11,-1.697101283e-09,0.2039595676,4.366309192e-10,
648892000,-0.1524718388,0.9825992042,105.9745285,-254.0254715,113.9372719,-0.2704211156,0.9446552897,37.69685963,0.6882297844,37.69057662,-6.507511288e-12,9.244437559e-09,54.7645241,4.083666956e-10,-13.28978268,0.2165264052,-155.0811316,-155.0811316,1.552734404,-0.1963689469,-0.0912300435,33.70412882,33.10301576,-6.337085029,3.870420732e-11,-1.554308586e-09,0.1914352781,4.098534107e-10,
660890000,-0.1612563875,0.9816059464,104.1893105,-255.8106895,107.7307914,-0.2406176451,0.951658228,38.93317888,0.7454593776,38.92604151,-6.186581088e-12,9.37413476e-09,52.21752208,4.143910276e-10,-13.24890364,0.2175478612,-156.787145,-156.787145,1.556066884,-0.1999366941,-0.08574608024,33.44336829,32.9143389,-5.924962202,4.06448352e-11,-1.426844138e-09,0.1800115816,3.821637229e-10,
672888000,-0.1766588612,0.9798668313,102.4242532,-257.5757468,98.33856046,-0.210817105,0.956919618,40.18548628,0.8367923677,40.17677296,-5.88711199e-12,9.502817727e-09,48.0128339,4.160659741e-10,-13.19619748,0.2188719595,-158.3710187,-158.3710187,1.560399699,-0.2034612203,-0.0806750672,33.18847952,32.72192569,-5.54533607,4.265298962e-11,-1.311611511e-09,0.1694685124,3.530514447e-10,
684886000,-0.1926130481,0.97806867,100.6094784,-259.3905216,90.19373983,-0.1800760899,0.9613484931,41.50575834,0.9362532168,41.49519738,-5.600206073e-12,9.642722698e-09,44.32048578,4.203958071e-10,-13.12979482,0.2205516235,-159.8204926,-159.8204926,1.565917205,-0.2070133848,-0.07608204221,32.93460452,32.52124947,-5.201587044,4.467514518e-11,-1.208753413e-09,0.1599442558,3.231944963e-10,
696884000,-0.2168457314,0.9753437681,98.77891736,-261.2210826,80.11539549,-0.1488591077,0.963917233,42.87322963,1.082797637,42.85955399,-5.32858614e-12,9.788300314e-09,39.58223821,4.272347196e-10,-13.03965133,0.2228524604,-161.189098,-161.189098,1.573513906,-0.2109494478,-0.07185784291,32.6572056,32.29006684,-4.883099544,4.676964361e-11,-1.115206304e-09,0.1512260587,2.942851358e-10,
708882000,-0.2441331255,0.9722844583,96.9329424,-263.0670576,71.16167811,-0.1173621314,0.9651752162,44.29059431,1.253701706,44.27284694,-5.071176577e-12,9.939937022e-09,35.31370081,4.360492911e-10,-12.91848256,0.2259830532,-162.3579429,-162.3579429,1.583922753,-0.2153547224,-0.06848856725,32.35191341,32.02003935,-4.622053855,4.857481792e-11,-1.037722383e-09,0.1443487875,2.753074988e-10,
720880000,-0.2676009535,0.9696610531,95.03578924,-264.9642108,64.9218663,-0.08511489701,0.9659182223,45.78976028,1.415736198,45.76786905,-4.823879635e-12,1.010457024e-08,32.32796415,4.445353118e-10,-12.73017677,0.2309357461,-163.457793,-163.457793,1.600562944,-0.2213773743,-0.06575239128,31.94197626,31.63817583,-4.394960471,5.02345113e-11,-9.703136218e-10,0.1389132071,2.70412658e-10,
732878000,-0.3027406837,0.9657461063,93.06394751,-266.9360525,57.38752275,-0.05161960115,0.9643655731,47.39676941,1.653674084,47.36791227,-4.584629061e-12,1.028661985e-08,28.64404343,4.487455294e-10,-12.50565673,0.236982984,-164.631796,-164.631796,1.621173523,-0.2285090945,-0.062805481,31.46226513,31.18728809,-4.150564862,5.232162715e-11,-9.013545424e-10,0.1330851483,2.834926791e-10,
744876000,-0.3425387577,0.9613312543,91.11305239,-268.8869476,50.72135703,-0.01867405877,0.9611498635,49.03873301,1.933265138,49.00061042,-4.360483625e-12,1.046978203e-08,25.34603736,4.513485989e-10,-12.23129654,0.2445880153,-165.8921114,-165.8921114,1.647561914,-0.2372108653,-0.05961797233,30.88514057,30.6397181,-3.885818187,5.498619571e-11,-8.302686252e-10,0.1268229092,3.118350854e-10,
756874000,-0.3898414836,0.9561101438,89.20302287,-270.7969771,44.56861588,0.01329894368,0.9560176489,50.69966628,2.274203365,50.64863434,-4.15172716e-12,1.065035992e-08,22.27093457,4.548427644e-10,-11.90636535,0.2539111267,-167.263205,-167.263205,1.680645794,-0.247663176,-0.0559804567,30.20280017,29.98880663,-3.58895735,5.859064076e-11,-7.546834781e-10,0.1196765645,3.538423825e-10,
768872000,-0.4389136844,0.9507236901,87.21874668,-272.7812533,39.58745479,0.04613193385,0.9496038014,52.48471987,2.65300966,52.41762451,-3.949014702e-12,1.085034186e-08,19.75779632,4.654630475e-10,-11.52579757,0.2652834282,-168.8766037,-168.8766037,1.722138137,-0.2602998051,-0.05117918302,29.39213301,29.21556771,-3.216844136,6.434815028e-11,-6.658802055e-10,0.1101071924,4.159908977e-10,
780870000,-0.4973512434,0.944348811,85.1881341,-274.8118659,34.93813599,0.07921595805,0.9410204614,54.37837239,3.121254411,54.28872033,-3.754324337e-12,1.10649893e-08,17.39323784,4.763759706e-10,-11.11453463,0.2781462879,-170.7812715,-170.7812715,1.770644476,-0.2745537369,-0.04456010591,28.49506102,28.36305116,-2.739677236,7.439469923e-11,-5.583940664e-10,0.09659317753,5.030835175e-10,
792868000,-0.5548538068,0.9381176558,83.06817062,-276.9318294,31.3193962,0.1132198478,0.9312604374,56.43293954,3.626434679,56.31629992,-3.564389276e-12,1.130455197e-08,15.52938489,4.84487621e-10,-10.65846152,0.2931412424,-173.116984,-173.116984,1.829419567,-0.2910285471,-0.03513079492,27.48113731,27.40030889,-2.106176803,9.530691591e-11,-4.227796421e-10,0.07686689999,6.019060372e-10,
804866000,-0.625749525,0.9304917432,80.99030489,-279.0096951,27.77356005,0.1457164876,0.919011202,58.528175,4.261517329,58.37282534,-3.387550946e-12,1.154269617e-08,13.69766232,4.952107486e-10,-10.20503044,0.3088506204,-176.0078077,-176.0078077,1.893730443,-0.3081012089,-0.02150234528,26.45587821,26.4260337,-1.256278149,1.574021803e-10,-2.484175966e-10,0.04753941371,6.945167511e-10,
816864000,-0.6968196203,0.9229092929,78.85447282,-281.1455272,24.94346421,0.1783998799,0.9055026481,60.77286173,4.957933933,60.57028656,-3.216701389e-12,1.180130415e-08,12.21684019,5.136134085e-10,-9.765802016,0.3248702175,-179.2623391,-179.2623391,1.962393382,-0.3248432933,-0.004182462221,25.48098708,25.47987289,-0.2382860814,8.176580176e-10,-4.642683203e-11,0.009351933678,7.792191116e-10,
828862000,-0.7801703444,0.9140953144,76.60021359,-283.3997864,22.28161713,0.2118363579,0.8892106619,63.24844961,5.823006023,62.97982993,-3.048852531e-12,1.20931485e-08,10.81569033,5.393484474e-10,-9.314433647,0.3421986703,177.2923445,-182.7076555,2.040431677,-0.3418166301,0.01616543624,24.53144746,24.5150163,0.8977141269,-2.138946109e-10,1.723756678e-10,0.03661894881,8.653278061e-10,
840860000,-0.8921059027,0.9023908954,74.17101566,-285.8289843,19.48989188,0.2461424317,0.8681723512,66.04437814,7.022966553,65.66991568,-2.882238928e-12,1.24297644e-08,9.350737353,5.631143382e-10,-8.85688749,0.3607078763,173.4046122,-186.5953878,2.128460254,-0.3583207168,0.04142989133,23.65849429,23.55189039,2.243392734,-8.43705984e-11,4.246212721e-10,0.09525319183,9.601613079e-10,
852858000,-1.027589629,0.8884244837,71.68404866,-288.3159513,16.9250795,0.2791934061,0.8434151441,69.05204338,8.558778571,68.51957388,-2.723508598e-12,1.278668768e-08,8.005765462,5.843589194e-10,-8.399211585,0.3802239075,168.9707512,-191.0292488,2.226971844,-0.3732010388,0.07274066605,22.94355314,22.61878139,3.846733564,-4.851223655e-11,7.178529854e-10,0.1700681172,1.091362929e-09,
864856000,-1.218216349,0.869138889,69.15131279,-290.8486872,14.28337934,0.3093275772,0.8122307914,72.25762284,10.75866208,71.45218855,-2.575495488e-12,1.314897394e-08,6.641363769,5.775637355e-10,-7.944476576,0.4006601702,164.1624299,-195.8375701,2.337004986,-0.3854508083,0.1093446222,22.45716833,21.73186049,5.661329252,-3.25055797e-11,1.041824922e-09,0.2605082641,1.299391299e-09,
876854000,-1.500682636,0.8413290179,66.49001605,-293.5099839,11.60469919,0.3356136021,0.7714907818,75.74705021,14.09238967,74.42459384,-2.438801037e-12,1.350856813e-08,5.281190455,4.786160419e-10,-7.445061607,0.4243721936,158.3439253,-201.6560747,2.474467317,-0.3944182056,0.1566079111,22.28872425,20.82118215,7.953967723,-2.281965215e-11,1.443699043e-09,0.3820132626,1.688933071e-09,
888852000,-1.943853776,0.7994794613,64.2947345,-295.7052655,8.974040631,0.3467677341,0.7203607066,78.53055203,19.07891302,76.17770462,-2.350513746e-12,1.364013159e-08,3.992769638,5.509939079e-11,-6.975765894,0.4479316039,150.6558509,-209.3441491,2.622739527,-0.3904583604,0.2195107984,23.0117363,20.16990409,11.07767921,-1.616374138e-11,1.983533146e-09,0.5492182391,2.370743516e-09,
900850000,-2.630190395,0.7387380696,63.77595432,-296.2240457,6.655152808,0.3264353305,0.6627019771,78.4605034,25.43872491,74.22211172,-2.380314501e-12,1.311296661e-08,2.917682076,-3.520733237e-10,-6.701326805,0.4623103962,139.2491665,-220.7508335,2.719618133,-0.350225778,0.3017827146,25.89138204,20.53798723,15.76561907,-1.120615487e-11,2.78534296e-09,0.7676321391,2.463544884e-09,
912848000,-2.98852049,0.7088820435,69.31839518,-290.6816048,5.87006746,0.2503590579,0.6631998897,70.7043358,24.82972727,66.20111588,-2.633639658e-12,1.154215689e-08,2.666203907,-2.394226361e-10,-7.689454786,0.4125981351,122.510284,-237.489716,2.404824056,-0.2217512721,0.3479419412,33.55376014,25.7093119,21.56121753,-8.086272677e-12,3.75919578e-09,0.8386540106,8.504704789e-10,
924846000,-1.837727674,0.8093075954,71.58170204,-288.418298,9.488094709,0.2557023967,0.7678509414,68.81855464,15.08521613,67.14484133,-2.562937746e-12,1.15548247e-08,4.451036085,2.895852094e-10,-11.49839684,0.2661216198,119.213008,-240.786992,1.725247199,-0.1298827399,0.2322739555,39.03675544,34.91616274,17.45651324,-9.858099721e-12,3.004057292e-09,0.4999550885,-9.553721379e-10,
936844000,-1.213622129,0.8695987234,65.56252766,-294.4374723,14.33727317,0.3597529422,0.7916942341,77.26698673,11.75841554,76.36705378,-2.22457379e-12,1.297355173e-08,6.494672135,9.887585451e-10,-12.2388399,0.2443756922,142.3068295,-217.6931705,1.646817975,-0.1933736102,0.1494192953,34.10471035,32.50266741,10.32995058,-1.644578499e-11,1.754894836e-09,0.3178185486,-1.950236282e-09,
948842000,-1.235591224,0.8674020392,59.39989006,-300.6001099,14.08318822,0.4415449947,0.7466085422,87.05939467,14.24219222,85.88654238,-1.952994913e-12,1.440626339e-08,6.030429939,1.30934191e-09,-10.37618216,0.3028244184,149.9834926,-210.0165074,1.868717799,-0.2622100052,0.1514877603,29.62324194,28.10112766,9.373531233,-1.789464143e-11,1.572278451e-09,0.333564238,-1.41210002e-09,
960840000,-1.502191914,0.8411828395,54.05567612,-305.9443239,11.59309758,0.4937733405,0.6810113492,96.73450315,20.30516802,94.57940712,-1.751348077e-12,1.566627134e-08,4.657898276,1.225957036e-09,-8.924694948,0.357902929,149.2431246,-210.7568754,2.114793838,-0.3075621107,0.1830302016,27.12315258,25.00849375,10.49955457,-1.577604666e-11,1.739161577e-09,0.4198395422,8.171004397e-11,
972838000,-1.913994186,0.8022325713,49.05805619,-310.9419438,9.112888725,0.5256981637,0.6059855931,106.664548,30.09409618,102.3311838,-1.598717052e-12,1.674123927e-08,3.400374053,1.140531603e-09,-7.850133188,0.4050357344,146.2411373,-213.7588627,2.361546425,-0.3367400934,0.2250778878,25.83476134,22.74640887,12.24890922,-1.335617773e-11,2.003904504e-09,0.5384985951,7.125663428e-10,
984836000,-2.459539777,0.7533954815,44.25718607,-315.7428139,7.110151476,0.5395927082,0.5257798596,116.3947352,44.26475545,107.6492722,-1.501222684e-12,1.739671762e-08,2.431940968,1.076401964e-09,-6.932462061,0.45017036,142.4133643,-217.5866357,2.637490333,-0.3567293713,0.274586068,25.26389921,20.80636746,14.330376,-1.127713113e-11,2.315868e-09,0.6887495395,9.475802574e-10,
996834000,-3.161335803,0.694917438,39.66775838,-320.3322416,5.55560248,0.5349188703,0.4435899546,124.2970528,62.59067695,107.387916,-1.486763446e-12,1.714560063e-08,1.715717439,9.911684076e-10,-6.114952341,0.4945980309,138.009505,-221.990495,2.957246157,-0.3676128647,0.3308897004,25.36200829,19.07648725,16.71284233,-9.553158277e-12,2.668379559e-09,0.8760964274,1.112605994e-09,
1008832000,-4.050823595,0.6272762149,35.50441765,-324.4955824,4.365903868,0.5106472139,0.3643005253,127.3593304,81.4824661,97.88261727,-1.611742688e-12,1.54421176e-08,1.20127215,8.467985915e-10,-5.315727354,0.5422675698,132.8946185,-227.1053815,3.369364869,-0.3690955393,0.3972689266,26.14964817,17.3686198,19.54827732,-8.07035782e-12,3.083967364e-09,1.125493997,1.287557317e-09,
1020830000,-5.161279175,0.5519961406,32.028771,-327.971229,3.464247256,0.4679723319,0.2927484172,123.2501539,94.27670385,79.38830859,-1.963858342e-12,1.237722416e-08,0.8420776857,5.840151721e-10,-4.557203101,0.5917521506,126.9722262,-233.0277738,3.898984778,-0.355896205,0.4727668549,27.8207345,15.75754237,22.92799875,-6.799869183e-12,3.574644491e-09,1.455049158,1.484741375e-09,
1032828000,-6.543550055,0.4707848701,29.78887866,-330.2111213,2.779181447,0.4085762527,0.2338885198,112.2547327,96.21616329,57.82365378,-2.66493486e-12,8.910409407e-09,0.6009765076,9.313927348e-11,-3.863200291,0.6409733683,120.1254009,-239.8745991,4.570617395,-0.321700838,0.5543964553,30.56097415,14.33987006,26.9877985,-5.709849609e-12,4.158719104e-09,1.88201137,1.684840802e-09,
1044826000,-8.284083924,0.3852971564,29.91290261,-330.0870974,2.253604601,0.3339695919,0.1921411211,97.2123805,88.60770282,39.98652177,-3.809452228e-12,6.091016683e-09,0.4512759105,-8.53322069e-10,-3.280649053,0.6854370053,112.3290451,-247.6709549,5.358026956,-0.2604147436,0.6340410472,34.5226406,13.31663559,31.85090157,-4.782493962e-12,4.851744144e-09,2.391812958,1.865521678e-09,
1056824000,-10.35043287,0.3037234726,34.55087884,-325.4491212,1.872421978,0.2501536052,0.1722530743,82.01213752,76.67592336,29.09971613,-5.175218753e-12,4.382341492e-09,0.3795156923,-2.315264236e-09,-2.841969494,0.7209439892,103.8297131,-256.1702869,6.167019964,-0.1723323225,0.7000441459,39.69484932,12.87903228,37.54745784,-4.01085467e-12,5.6545494e-09,2.915394342,2.008173647e-09,
1068822000,-12.4045722,0.239757052,48.07645564,-311.9235444,1.630737984,0.1601908827,0.1783881305,68.36119903,63.93395805,24.20129212,-6.152848098e-12,3.603738761e-09,0.3785358025,-3.513827185e-09,-2.562025855,0.7445582965,94.83151771,-265.1684823,6.829575095,-0.06271115909,0.7419126414,46.11585938,13.26454821,44.16700405,-3.371450643e-12,6.576770516e-09,3.329702855,2.05745051e-09,
1080820000,-12.86824607,0.227293856,70.7084747,-289.2915253,1.588306066,0.07509216,0.2145312669,57.7320467,52.5990272,23.79772161,-6.187730346e-12,3.504306942e-09,0.452436535,-3.762748329e-09,-2.504136005,0.7495372134,85.50484324,-274.4951568,6.98521819,0.05874484837,0.7472316087,53.91410926,15.16959805,51.7360075,-2.846255273e-12,7.618328056e-09,3.410506155,1.991524559e-09,
1092818000,-11.26325043,0.2734245328,87.7201221,-272.2798779,1.752639045,0.01087706748,0.2732080975,51.02249814,43.93319158,25.94551973,-5.613192254e-12,3.778632596e-09,0.5905676049,-2.917272186e-09,-2.666502465,0.7356561615,77.05795587,-282.9420441,6.565903603,0.1647614852,0.7169683682,62.12722255,18.93300739,59.17206277,-2.46124917e-12,8.617652969e-09,3.125338809,1.868493989e-09,
1104816000,-9.311373723,0.3423192436,95.99086362,-264.0091364,2.040989083,-0.03572781684,0.3404496845,46.89799833,37.13567388,28.64199667,-5.029524021e-12,4.126040308e-09,0.7712798416,-1.476183296e-09,-2.831140137,0.7218434053,69.70673304,-290.293267,6.190194437,0.2503536526,0.677038367,70.38184579,23.46948685,66.35350332,-2.171032471e-12,9.558594413e-09,2.827224291,1.752433005e-09,
1116814000,-7.415117245,0.4258377297,98.43783821,-261.5621618,2.483335815,-0.06248585861,0.4212283104,44.9628863,31.33492617,32.24567485,-4.419445796e-12,4.595267023e-09,1.02906497,-3.312846719e-10,-2.974902218,0.7099943441,62.37782922,-297.6221708,5.896417223,0.3291810107,0.6290721985,79.95167885,29.31834405,74.38215951,-1.915889685e-12,1.060005369e-08,2.537051867,1.7058485e-09,
1128812000,-5.897454079,0.5071393341,97.22986156,-262.7701384,3.057942007,-0.06382363197,0.5031071935,45.15667726,26.81937987,36.32968986,-3.880939063e-12,5.122243316e-09,1.354605887,3.490148202e-10,-3.157995851,0.6951847034,54.99866241,-305.0013376,5.561350503,0.3987548589,0.569452662,91.18489549,37.67419693,83.03818429,-1.697933471e-12,1.170782867e-08,2.204112922,1.712018517e-09,
1140810000,-4.725667968,0.5803855639,94.25517941,-265.7448206,3.766280252,-0.043063819,0.5787857206,46.87608893,23.30162435,40.67434101,-3.429938135e-12,5.674496567e-09,1.745558181,7.019110703e-10,-3.406999965,0.6755383391,47.57180464,-312.4281954,5.16405647,0.4557625473,0.4986306731,104.2366138,49.89180044,91.52092609,-1.524356006e-12,1.276812772e-08,1.834388121,1.701039267e-09,
1152808000,-3.870854777,0.6404087559,90.54472935,-269.4552706,4.561870688,-0.006088479746,0.6403798132,49.57007896,20.7367112,45.02423277,-3.066315434e-12,6.215978033e-09,2.171233053,8.322051239e-10,-3.727970486,0.6510307106,40.13630864,-319.8636914,4.731163345,0.4977214825,0.4196597573,118.8200412,67.24576044,97.96024648,-1.409331895e-12,1.352424467e-08,1.456749776,1.654145673e-09,
1164806000,-3.271493738,0.6861598674,86.62165208,-273.3783479,5.372671281,0.04043480708,0.6849674372,52.82905684,19.03616154,49.28015625,-2.772646206e-12,6.733465027e-09,2.588765395,8.249365416e-10,-4.156686391,0.6196774328,33.07268167,-326.9273183,4.258693994,0.5192766754,0.3381595113,132.4085782,89.1598841,97.89048292,-1.395809216e-12,1.337540693e-08,1.097920706,1.552855701e-09,
1176804000,-2.860295445,0.7194245069,83.07399049,-276.9260095,6.128206308,0.08675359568,0.7141746528,56.08437501,17.946624,53.13544775,-2.545257062e-12,7.186217215e-09,2.960748928,7.635279707e-10,-4.675278555,0.5837623375,26.52463227,-333.4753677,3.804947222,0.5223169453,0.260698054,141.9057016,111.3006259,88.03066982,-1.536321079e-12,1.190556477e-08,0.7909269973,1.413857803e-09,
1188802000,-2.48388904,0.751286436,80.17488932,-279.8251107,7.041378877,0.128200533,0.7402674735,58.99240406,16.64979435,56.59406405,-2.365591345e-12,7.576724335e-09,3.399084868,7.048073419e-10,-5.227245445,0.5478198034,20.84154995,-339.1584501,3.42301546,0.5119748104,0.1949059532,145.0492044,126.7202488,70.57797276,-1.896886845e-12,9.448868053e-09,0.5569589187,1.268308656e-09,
1200800000,-2.134800221,0.7820958636,77.27865527,-282.7213447,8.178348024,0.1722250256,0.7628974245,62.1214406,15.32191997,60.20226034,-2.20159107e-12,7.979253264e-09,3.929159038,6.715580281e-10,-5.775805293,0.5142919604,15.71763584,-344.2823642,3.117700011,0.4950617658,0.1393200221,143.3297087,134.0337084,50.77765673,-2.610218101e-12,6.73010915e-09,0.3788424371,1.136998941e-09,
1212798000,-1.842179432,0.8088929093,74.29801841,-285.7019816,9.465336436,0.2189137139,0.7787069568,65.57107928,14.20870762,64.01311635,-2.050041671e-12,8.400412839e-09,4.505203291,6.669486136e-10,-6.33282708,0.4823459607,11.08527883,-348.9147212,2.863584263,0.4733463965,0.09274057774,138.0311872,134.1672622,32.43076319,-4.046452909e-12,4.255874654e-09,0.2417189011,1.027293801e-09,
1224796000,-1.62920273,0.8289720034,71.50919014,-288.4908099,10.69399186,0.2629105788,0.7861759408,69.02021595,13.46704733,67.69363962,-1.919590126e-12,8.796385163e-09,5.02661333,6.589935793e-10,-6.90843441,0.4514173838,6.847683905,-353.1523161,2.645758982,0.4481972537,0.0538226364,130.6945347,129.5162655,17.50995034,-7.421154237e-12,2.275313726e-09,0.135194991,9.126781665e-10,
1236794000,-1.441623357,0.8470690856,68.65593284,-291.3440672,12.07780057,0.308305789,0.7889699464,72.80420189,12.82906052,71.66496368,-1.795625965e-12,9.222096175e-09,5.586142769,6.524618052e-10,-7.467443139,0.4232800921,3.090678079,-356.9093219,2.467887917,0.4226644125,0.0228217185,123.1291756,122.9392553,6.836181742,-1.882388071e-11,8.797035853e-10,0.05560617496,7.918065272e-10,
1248792000,-1.318098507,0.8592015951,65.86780912,-294.1321909,13.20470638,0.351278781,0.7841113436,76.75807982,12.63784143,75.71055264,-1.683346838e-12,9.64909184e-09,5.990781976,6.407745905e-10,-8.026466431,0.3968959602,0.004373457945,-359.9956265,2.316177422,0.396895959,3.02955611e-05,115.8088707,115.8088704,0.008329031844,-1.530155266e-08,1.061511116e-12,7.192049985e-05,6.636739343e-10,
1260790000,-1.20685577,0.8702764099,63.02788279,-296.9721172,14.41739631,0.394719819,0.7756141399,81.1044449,12.53273042,80.13027924,-1.575363286e-12,1.011518971e-08,6.393680912,6.248983533e-10,-8.561588275,0.3731819126,-2.593236426,-362.5932364,2.190718392,0.3727997437,-0.01688463904,109.40735,109.3232454,-4.289085441,2.943151908e-11,-5.414296983e-10,0.03923305996,5.434837754e-10,
1272788000,-1.128752571,0.8781371923,60.4847908,-299.5152092,15.41189824,0.4326183089,0.7641768952,85.29727574,12.63263191,84.35663495,-1.482329708e-12,1.054832025e-08,6.677676952,6.062463169e-10,-9.079479441,0.3515815107,-4.643326597,-364.6433266,2.084427778,0.3504276018,-0.02846145755,103.8708533,103.6524439,-6.732386602,1.857355399e-11,-8.418468798e-10,0.0649515472,4.340802382e-10,
1284786000,-1.063584638,0.8847504009,57.8518872,-302.1481128,16.35363954,0.4707843084,0.7490963935,89.98045614,12.91089777,89.0493751,-1.39110035e-12,1.103113532e-08,6.89722564,5.870603887e-10,-9.5335293,0.333674897,-6.3227649,-366.3227649,2.001537824,0.331645245,-0.03674735795,99.50876943,99.17019794,-8.201648328,1.510386838e-11,-1.015992448e-09,0.08270275243,3.278863449e-10,
1296784000,-1.024453678,0.888745298,55.36306896,-304.636931,16.97676831,0.505139893,0.731233132,94.7606012,13.47709831,93.79733131,-1.308464686e-12,1.151179296e-08,6.959757149,5.740562224e-10,-9.937345782,0.3185170692,-7.505432761,-367.5054328,1.934776367,0.3157881679,-0.04160476328,96.02426277,95.61515919,-8.854398513,1.386096362e-11,-1.086704718e-09,0.0926045471,2.316965131e-10,
1308782000,-0.994857709,0.89177874,52.91035274,-307.0896473,17.48065713,0.5377995318,0.7113655774,99.86420946,14.22392247,98.84604373,-1.230250433e-12,1.202021151e-08,6.949281672,5.636617857e-10,-10.27352162,0.3064248053,-8.243348003,-368.243348,1.88360947,0.3032588363,-0.04393449092,93.3929601,92.95689692,-9.014450153,1.349005054e-11,-1.09620571e-09,0.0969745167,1.48512211e-10,
1320780000,-0.9728630821,0.8940397859,50.55801023,-309.4419898,17.87500905,0.5679804792,0.6904384941,105.1777256,15.12730962,104.0841893,-1.157723593e-12,1.254221992e-08,6.880548616,5.567937594e-10,-10.50091829,0.2985067014,-8.68684562,-368.6868456,1.851060736,0.2950824082,-0.04508462254,91.72878084,91.28263222,-9.036055022,1.333554536e-11,-1.088851151e-09,0.09898986041,1.03396685e-10,
1332778000,-0.9655568925,0.8947921294,48.08135117,-311.9186488,18.0099846,0.597788056,0.6658095786,111.2633789,16.47287015,110.0371939,-1.085232546e-12,1.314019539e-08,6.679904163,5.495465634e-10,-10.63739009,0.2938532479,-8.939387584,-368.9393876,1.832272462,0.2902838941,-0.04566171391,90.77064044,90.32057009,-9.027944659,1.322736775e-11,-1.078080534e-09,0.0999544694,1.012100955e-10,
1344776000,-0.9468783591,0.8967184016,45.75282899,-314.247171,18.36453378,0.6256898303,0.6423520282,117.5589578,17.72096256,116.2156446,-1.018369975e-12,1.375418233e-08,6.558088715,5.428339866e-10,-10.62381778,0.2943127733,-9.390409139,-369.3904091,1.834116765,0.2903688312,-0.04802031211,90.77361437,90.27593061,-9.492387406,1.246794068e-11,-1.123429015e-09,0.1051485966,1.556524086e-10,
1356774000,-0.9371642008,0.897721838,43.44471596,-316.555284,18.55451643,0.6517803642,0.6173223269,124.3976987,19.31899161,122.888421,-9.545565349e-13,1.441529661e-08,6.361016322,5.338817559e-10,-10.51282617,0.2980977455,-10.07733995,-370.07734,1.849399595,0.2934988304,-0.05216035319,91.3683072,90.77525341,-10.39331179,1.128648381e-11,-1.219176478e-09,0.1144949907,2.657814699e-10,
1368772000,-0.9306989497,0.8983902966,41.15306793,-318.8469321,18.68315951,0.6764467484,0.5912063274,131.8816363,21.2340309,130.1609846,-8.93322338e-13,1.513456156e-08,6.129829291,5.342990428e-10,-10.30640811,0.3052668142,-11.47940111,-371.4794011,1.87880303,0.2991603539,-0.06075286448,92.44060974,91.62178444,-12.27660154,9.471327608e-12,-1.427470623e-09,0.1339921681,4.221442958e-10,
1380770000,-0.9262055389,0.8988551748,38.85130775,-321.1486922,18.77362655,0.7000073191,0.5638531534,140.2146749,23.5409585,138.2243767,-8.339003358e-13,1.593248174e-08,5.871654579,5.3603491e-10,-10.044817,0.3146003127,-13.63481453,-373.6348145,1.918005416,0.3057342285,-0.07416156873,93.65579705,92.41206024,-15.21247659,7.577027549e-12,-1.753471502e-09,0.1646157065,6.051467593e-10,
1392768000,-0.909955547,0.9005383716,36.51059725,-323.4894028,19.10825714,0.7238048617,0.5357946256,149.7324037,26.01150802,147.4557363,-7.74960701e-13,1.6850121e-08,5.668865341,5.393688035e-10,-9.795590774,0.3237579648,-16.72846892,-376.7284689,1.95752097,0.3100563962,-0.09318932824,94.32278299,92.34257376,-19.22593203,5.943659876e-12,-2.19699341e-09,0.2082022543,7.842932659e-10,
1404766000,-0.9072307416,0.9008209191,34.18952697,-325.810473,19.16554279,0.7451440233,0.5062002695,160.3105029,29.34734992,157.6013654,-7.188796148e-13,1.785566873e-08,5.37020773,5.404922634e-10,-9.573807715,0.3321311538,-20.52179752,-380.5217975,1.99459993,0.3110537419,-0.1164331269,94.18807569,91.11862969,-23.84929611,4.75051374e-12,-2.702039603e-09,0.2617389681,9.323524692e-10,
1416764000,-0.8983303235,0.901744462,31.8355339,-328.1644661,19.35508676,0.7660911834,0.4756546789,172.5307049,33.25321297,169.2958002,-6.635542487e-13,1.901817342e-08,5.091111056,5.350730645e-10,-9.425686306,0.337843591,-24.97382071,-384.9738207,2.020434406,0.3062554832,-0.1426389534,92.76442874,88.29878904,-28.43524388,3.950623669e-12,-3.194328499e-09,0.3220343584,1.028205945e-09,
1428762000,-0.8988400146,0.9016915489,29.51615231,-330.4838477,19.34413092,0.7846671719,0.4442353866,186.2694838,38.35497415,182.2778554,-6.111197657e-13,2.030458656e-08,4.752391559,5.265426182e-10,-9.373288114,0.3398878141,-29.6475955,-389.6475955,2.029788031,0.2953911674,-0.1681302603,90.16247189,84.2773496,-32.04059429,3.476639642e-12,-3.569117152e-09,0.3801803739,1.073856204e-09,
1440760000,-0.9015288175,0.9014124646,27.29163265,-332.7083674,19.28654019,0.801071018,0.413315443,201.4281116,44.54691888,196.4404647,-5.623381351e-13,2.169998541e-08,4.409743022,5.132413417e-10,-9.411245038,0.3384057612,-34.3711168,-394.3711168,2.023000931,0.2793195052,-0.1910473062,86.74572948,79.6469039,-34.36847803,3.214165156e-12,-3.796547076e-09,0.4315105339,1.062335331e-09,
1452758000,-0.908242168,0.9007160293,25.09005259,-334.9099474,19.14423865,0.815726656,0.3819416031,218.7680543,52.46740875,212.3832211,-5.158300668e-13,2.326735731e-08,4.047907571,5.03714195e-10,-9.524287564,0.334030114,-39.01457759,-399.0145776,2.003138794,0.2595366621,-0.2102780019,82.94784481,74.97212618,-35.48979084,3.08690608e-12,-3.888036164e-09,0.4733731408,1.011656856e-09,
1464756000,-0.9228957652,0.8991977505,22.96441844,-337.0355816,18.84082705,0.8279339242,0.3508304598,238.1672473,62.69073873,229.7683812,-4.728948469e-13,2.496577835e-08,3.665108847,4.998536759e-10,-9.707907205,0.3270428357,-43.23294839,-403.2329484,1.971957364,0.2382751858,-0.2240132858,79.24459684,70.83070833,-35.53472788,3.057749135e-12,-3.861071464e-09,0.5016853385,9.330152182e-10,
1476754000,-0.9431539566,0.8971029859,20.80134617,-339.1986538,18.43690997,0.8386274206,0.31858722,261.2558603,76.52809954,249.7960659,-4.31445935e-13,2.692139561e-08,3.264109097,5.019950337e-10,-9.922186556,0.319073453,-47.06482584,-407.0648258,1.937174367,0.2173434083,-0.233601608,75.88102919,67.31852706,-35.01637482,3.077802821e-12,-3.773837174e-09,0.5201595511,8.286479533e-10,
1488752000,-0.9581495594,0.8955555342,18.64094593,-341.3590541,18.14893226,0.8485748938,0.2862522744,288.8198319,94.39325935,272.9593521,-3.916515008e-13,2.918070314e-08,2.891725045,5.158488107e-10,-10.16462794,0.3102905883,-50.49576254,-410.4957625,1.899771942,0.1973867922,-0.2394132483,72.89550776,64.41277012,-34.12843531,3.132430155e-12,-3.648498326e-09,0.5298395838,7.335850923e-10,
1500750000,-1.000338555,0.8912162,16.4105033,-343.5894967,17.38509043,0.854910013,0.2517840043,322.0824928,121.8133366,298.158755,-3.556839049e-13,3.161981654e-08,2.447669223,5.308712434e-10,-10.42507908,0.3011244683,-53.27898318,-413.2789832,1.861739908,0.1800481037,-0.2413682369,70.45889016,62.23304639,-33.0379046,3.209957518e-12,-3.503678712e-09,0.5308739732,6.301413086e-10,
1512748000,-1.000372666,0.8912127001,14.01936262,-345.9806374,17.38449894,0.8646669632,0.2158960849,368.3435835,158.4414925,332.5256215,-3.163941394e-13,3.49847406e-08,2.098728157,5.46673557e-10,-10.70234933,0.2916638024,-55.96866681,-415.9686668,1.823517994,0.1632285368,-0.2417110225,68.2032054,60.30314536,-31.86232708,3.301992274e-12,-3.352208598e-09,0.5283692399,5.204765676e-10,
1524746000,-1.028769127,0.8883038485,11.64723011,-348.3527699,16.90571988,0.8700129297,0.1793355219,424.0804403,214.9668157,365.5591442,-2.855386993e-13,3.815753234e-08,1.70053756,5.600369399e-10,-10.94157775,0.283740358,-57.93715746,-417.9371575,1.792283528,0.1506233115,-0.24046041,66.58000446,58.99758023,-30.85745487,3.382692546e-12,-3.220940717e-09,0.5230291607,4.043895538e-10,
1536744000,-1.066263095,0.8844776136,9.216401726,-350.7835983,16.31266175,0.8730594113,0.1416612627,493.7588199,300.8407432,391.5260139,-2.645196763e-13,4.05489141e-08,1.301439458,5.7047443e-10,-11.1595461,0.2767086242,-59.40709554,-419.4070955,1.765137352,0.140826653,-0.2381921839,65.3574425,58.08376271,-29.964509,3.456300067e-12,-3.103314361e-09,0.5158844331,2.758256063e-10,
1548742000,-1.113448861,0.8796857501,6.717201984,-353.282798,15.62313484,0.8736472146,0.1028958857,575.7822838,425.8586147,387.5173269,-2.651855954e-13,3.982283564e-08,0.9099670959,5.85425886e-10,-11.32671985,0.2714338506,-60.29312737,-420.2931274,1.74511793,0.1345125345,-0.2357598636,64.5886008,57.56056715,-29.29963247,3.507348195e-12,-3.010947813e-09,0.5090226507,1.615635679e-10,
1560740000,-1.154810106,0.8755067418,4.164182701,-355.8358173,15.06512697,0.8731954616,0.06357468731,660.6582744,580.205793,315.959797,-3.227436784e-13,3.221969291e-08,0.5445650506,5.954609595e-10,-11.4158203,0.2686636961,-60.74752198,-420.747522,1.734719977,0.1312849267,-0.2344023243,64.1995457,57.30039415,-28.95248691,3.522116336e-12,-2.952401685e-09,0.505275528,5.727394565e-11,
1572738000,-1.222270522,0.8687333096,1.530248015,-358.469752,14.23615774,0.8684234899,0.02319925475,699.2823879,687.0992138,129.9635659,-7.786497215e-13,1.315180528e-08,0.1891481802,6.039681777e-10,-11.41916225,0.2685603459,-60.75613568,-420.7561357,1.734333569,0.1311991963,-0.2343318806,64.1894908,57.2956182,-28.93964173,3.496798451e-12,-2.928578716e-09,0.5050934547,-1.655811892e-11,
1584736000,-1.301665356,0.8608286886,-1.049934356,-361.0499344,13.37077786,0.8606841601,-0.01577364057,663.5777212,658.7083536,-80.24149189,1.251596134e-12,-8.058648302e-09,0.1218164176,6.06658112e-10,-11.2513837,0.2737983428,-60.41250243,-420.4125024,1.754055957,0.1351885132,-0.2380957757,64.65461541,57.48494171,-29.59224174,3.39379294e-12,-2.971947094e-09,0.5147824953,-3.463399686e-11,
1596734000,-1.392435156,0.8518796469,-3.71927784,-363.7192778,12.5025333,0.8500854599,-0.05525978436,579.2245053,537.2550264,-216.4672358,4.604636875e-13,-2.157643703e-08,0.4029133749,6.013087833e-10,-10.92843765,0.2841699281,-60.10304139,-420.1030414,1.793959179,0.1416421484,-0.2463535058,65.39226104,57.63536357,-30.89195155,3.226578336e-12,-3.079164589e-09,0.5359895321,2.630378488e-11,
1608732000,-1.486739449,0.8426806616,-6.312685622,-366.3126856,11.71299524,0.8375711814,-0.09265642731,491.9580815,414.5025858,-264.9723765,3.733669139e-13,-2.621422555e-08,0.6392538565,5.947447434e-10,-10.43335509,0.3008376902,-60.32609947,-420.3260995,1.860566098,0.1489335903,-0.2613849681,66.17375189,57.371639,-32.97666564,3.00005827e-12,-3.262444797e-09,0.5747903706,1.812794251e-10,
1620730000,-1.581130031,0.8335727301,-8.824481359,-368.8244814,11.01726136,0.8237056658,-0.1278767861,419.7138604,321.6767627,-269.5993044,3.64242563e-13,-2.647452812e-08,0.8381062474,5.889027762e-10,-9.788818233,0.324010503,-61.36740422,-421.3674042,1.95862585,0.1552630039,-0.2843874218,66.7407604,56.32887753,-35.79646148,2.743275105e-12,-3.515196109e-09,0.6354904101,4.207960074e-10,
1632728000,-1.666360206,0.8254333082,-11.34167797,-371.341678,10.45693935,0.8093141346,-0.1623292265,362.7020381,254.066589,-258.849255,3.765818387e-13,-2.523208915e-08,1.018824459,5.97403769e-10,-9.06494845,0.3521701785,-63.69530399,-423.695304,2.087230525,0.1560623362,-0.3157029963,66.49953879,53.94611831,-38.88450819,2.506857691e-12,-3.790381306e-09,0.7208027085,7.048166411e-10,
1644726000,-1.73248171,0.8191735376,-13.92296158,-373.9229616,10.06032808,0.7951063264,-0.1971071142,317.5917548,203.478909,-243.8459684,3.968359367e-13,-2.359620461e-08,1.198384489,6.275242821e-10,-8.316137254,0.3838779238,-67.50611802,-427.506118,2.246109947,0.1468658505,-0.3546726411,64.96525934,49.94184722,-41.54872822,2.328996516e-12,-4.020539272e-09,0.8319421593,1.005289224e-09,
1656724000,-1.793955088,0.8133963994,-16.66521627,-376.6652163,9.717906801,0.7792311252,-0.2332649913,279.3607505,164.0240104,-226.1383492,4.248109968e-13,-2.172421966e-08,1.378690526,6.700746444e-10,-7.613354372,0.4162289481,-72.47824468,-432.4782447,2.426000644,0.1253131778,-0.3969170501,62.114664,44.80464872,-43.02063385,2.23302283e-12,-4.132822686e-09,0.9601823711,1.271364606e-09,
1668722000,-1.866831312,0.8066004025,-19.71497762,-379.7149776,9.341283158,0.7593194171,-0.2720996732,245.0291644,132.3816154,-206.1902017,4.625600449e-13,-1.966546245e-08,1.557544083,7.078059899e-10,-7.008329288,0.4462554526,-78.68656206,-438.6865621,2.611773713,0.08754466703,-0.4375841179,57.92135021,39.1022156,-42.73054582,2.232018036e-12,-4.075440719e-09,1.092790911,1.473676581e-09,
1680720000,-1.991864527,0.7950725757,-22.91687,-382.91687,8.759552712,0.7323181278,-0.3095974163,214.9869842,109.8061184,-184.8297047,5.12333783e-13,-1.750235681e-08,1.683236848,7.229166475e-10,-6.560347346,0.469875318,-85.56198055,-445.5619806,2.772697382,0.03635924345,-0.4684664555,53.07259559,33.93612913,-40.80489605,2.320665189e-12,-3.863999303e-09,1.202402781,1.603927723e-09,
1692718000,-2.179110628,0.7781162204,-26.08319599,-386.083196,8.013727833,0.6988701915,-0.3421188504,190.1160057,94.96597795,-164.698387,5.708817681e-13,-1.54854869e-08,1.734288327,7.043095754e-10,-6.248433394,0.4870553636,-92.790359,-452.790359,2.899056269,-0.02371068444,-0.486477883,48.11891482,29.68825982,-37.86868353,2.482877607e-12,-3.560538833e-09,1.275544062,1.64843461e-09,
1704716000,-2.415383196,0.7572352807,-29.09350417,-389.0935042,7.238429397,0.6616929025,-0.3681952921,170.1929947,85.31230339,-147.2666505,6.339626692e-13,-1.374904405e-08,1.726206474,6.591456709e-10,-6.06503626,0.4974485703,-100.0654109,-460.0654109,2.97969219,-0.08694025836,-0.4897922739,43.4548039,26.47316093,-34.46000192,2.709273175e-12,-3.217239495e-09,1.301695782,1.632721945e-09,
1716714000,-2.684988181,0.7340921686,-31.83721185,-391.8372118,6.521403147,0.6236482016,-0.3872392447,154.5557697,79.0666562,-132.8004135,6.981082259e-13,-1.231180165e-08,1.679600731,6.092761622e-10,-5.991819251,0.501659496,-107.0351001,-467.0351001,3.013320177,-0.1469649088,-0.4796494193,39.3590549,24.20877299,-31.0333774,2.987398371e-12,-2.877075281e-09,1.28190625,1.593861115e-09,
1728712000,-2.985459947,0.7091318678,-34.27503564,-394.2750356,5.875968105,0.585986687,-0.3993589972,142.1589346,75.11938032,-120.6906848,7.628229202e-13,-1.111146279e-08,1.606651762,5.533662268e-10,-5.976907778,0.502521458,-113.7005262,-473.7005262,3.020273903,-0.2019916088,-0.4601382463,35.78575419,22.56164219,-27.77755397,3.314389045e-12,-2.557357745e-09,1.231184935,1.543971999e-09,
1740710000,-3.314867075,0.6827420412,-36.65060196,-396.650602,5.30401837,0.5477575176,-0.4075517105,131.4512283,72.02268017,-109.9643531,8.314608092e-13,-1.005415627e-08,1.526801736,5.022891891e-10,-5.986807713,0.5019490243,-120.3944635,-480.3944635,3.015653211,-0.2539613182,-0.432962437,32.51054985,21.25284415,-24.60187934,3.716425431e-12,-2.24937566e-09,1.157580565,1.524450199e-09,
1752708000,-3.646242777,0.6571853312,-38.63752749,-398.6375275,4.834056072,0.5133351363,-0.4103408308,123.1583888,70.09824716,-101.2631447,8.967247415e-13,-9.195216791e-09,1.444588828,4.238179482e-10,-5.971300478,0.5028459726,-126.7299661,-486.7299661,3.022898115,-0.3007242176,-0.403012428,29.63503659,20.14627939,-21.73390946,4.178041113e-12,-1.973551283e-09,1.078805125,1.543050445e-09,
1764706000,-4.051456502,0.6272305094,-40.50360417,-400.5036042,4.36524595,0.4769241958,-0.4073836317,115.5413189,68.99723297,-92.67781943,9.731324671e-13,-8.358408187e-09,1.343210669,2.907891471e-10,-5.948246626,0.5041823854,-133.4430165,-493.4430165,3.033741322,-0.3466923525,-0.3660659646,26.83068236,19.14679672,-18.79589559,4.7982707e-12,-1.695160379e-09,0.9816731152,1.635828441e-09,
1776704000,-4.466754291,0.5979464412,-41.50147648,-401.5014765,3.974461627,0.4478251976,-0.39622284,110.4332557,69.54693514,-85.78302732,1.044248074e-12,-7.684337308e-09,1.233455179,9.830886755e-11,-5.884886239,0.5078736583,-140.5005844,-500.5005844,3.063997048,-0.3918910948,-0.3230433758,24.09525938,18.17254891,-15.8221361,5.661609817e-12,-1.417327349e-09,0.870661357,1.851791287e-09,
1788702000,-4.862362899,0.5713231935,-41.49862621,-401.4986262,3.6655195,0.4279048511,-0.3785599421,107.6695933,71.56705359,-80.44189304,1.106113917e-12,-7.157550508e-09,1.124007333,-1.236005987e-10,-5.823512018,0.5114749859,-148.8371597,-508.8371597,3.093956179,-0.4376691718,-0.2646740587,21.25777841,17.27684468,-12.38562799,7.183963339e-12,-1.102047137e-09,0.7168917833,2.172951503e-09,
1800700000,-5.099433002,0.5559405468,-40.2631341,-400.2631341,3.503901416,0.4242295234,-0.3593037755,108.2134491,75.00150247,-78.0059305,1.133055401e-12,-6.894557355e-09,1.040058238,-2.251372773e-10,-5.922495996,0.505679328,-159.0249198,-519.0249198,3.04595663,-0.4721710963,-0.1810139183,18.81010909,16.91523238,-8.227704265,1.074236969e-11,-7.272059777e-10,0.4864079948,2.484711069e-09,
1812698000,-4.939621032,0.5662639948,-38.45344739,-398.4534474,3.611099784,0.4434490861,-0.3521474405,112.7982766,78.30945622,-81.18546833,1.081474729e-12,-7.128086748e-09,1.036726243,-1.003505618e-10,-6.435402217,0.4766832472,-171.1087786,-531.1087786,2.821777135,-0.4709552107,-0.0736756926,18.13384589,17.81291271,-3.396543467,2.584981857e-11,-2.982166264e-10,0.190678724,2.572638581e-09,
1824696000,-4.456912068,0.598624375,-38.16191119,-398.1619112,3.98286362,0.4706790835,-0.3698815251,117.4200082,76.93760995,-88.70209981,9.83321898e-13,-7.736838163e-09,1.152909479,2.569776287e-10,-7.622106527,0.4158097549,176.9744109,-543.0255891,2.423542274,-0.4152301415,0.02194725066,20.67194579,20.64289641,1.09552313,-7.961741268e-11,9.55545041e-11,0.0530702237,2.236362166e-09,
1836694000,-3.853602746,0.6416820085,-40.38202679,-400.3820268,4.581634323,0.4887958669,-0.4157335691,117.2958719,67.74445952,-95.75494646,9.04944837e-13,-8.297448053e-09,1.413472735,7.214802252e-10,-9.479456461,0.3357586244,167.6034431,-552.3965569,2.010953659,-0.3279304728,0.07207953192,25.41285951,25.08392952,4.075525493,-2.126178442e-11,3.53156284e-10,0.1624755599,1.33339734e-09,
1848692000,-3.374844326,0.6780438539,-44.84863606,-404.8486361,5.212026155,0.4807143415,-0.4781811265,110.2125252,54.20835872,-95.95965062,8.971538222e-13,-8.261220762e-09,1.770200259,1.118437487e-09,-11.86155871,0.2552243254,163.3215975,-556.6784025,1.685372345,-0.2444872285,0.07324924131,30.44402124,30.07696333,4.713247896,-1.826565656e-11,4.057661853e-10,0.156706242,-1.35303203e-10,
1860690000,-3.085929195,0.7009766317,-50.69146049,-410.6914605,5.688440477,0.444066033,-0.542377725,99.3045617,42.1585927,-89.91133986,9.513309772e-13,-7.690606269e-09,2.132693102,1.376742546e-09,-14.459162,0.1892526198,166.9210458,-553.0789542,1.466859652,-0.1843432469,0.04282664386,34.45989235,34.32471889,3.049238229,-2.805141363e-11,2.608179421e-10,0.0888350532,-1.882128852e-09,
1872688000,-2.972730959,0.7101718474,-57.16141769,-417.1614177,5.900640887,0.3851078102,-0.5966875458,88.0101274,33.75812224,-81.27835941,1.04563419e-12,-6.907639002e-09,2.40766826,1.517399011e-09,-16.49053565,0.1497866878,-179.7623283,-539.7623283,1.352350841,-0.1497853991,-0.0006213363044,36.97275615,36.97272628,-0.04699947693,1.808263348e-09,-3.994364825e-12,0.001271193165,-3.178169789e-09,
1884686000,-3.017285665,0.7065383125,-63.9583187,-423.9583187,5.815199685,0.3101878991,-0.6348069426,77.6504539,28.4929381,-72.2339634,1.169067756e-12,-6.099897985e-09,2.535153207,1.590084349e-09,-16.8177658,0.1442486343,-160.2073865,-520.2073865,1.337127442,-0.1357270642,-0.04884498506,38.07484406,37.88676311,-3.7798057,2.234146519e-11,-3.191909746e-10,0.09976586516,-3.385515128e-09,
1896684000,-3.210089069,0.6910278433,-70.98556295,-430.985563,5.473075184,0.2251412872,-0.6533229531,68.49611138,25.43135458,-63.60002735,1.319373779e-12,-5.33681875e-09,2.500850954,1.642423668e-09,-15.25498319,0.1726834992,-144.4771603,-504.4771603,1.417454503,-0.1405443318,-0.1003338511,37.78737657,37.00413075,-7.653766066,1.096351883e-11,-6.422444133e-10,0.2068354508,-2.453427935e-09,
1908682000,-3.535648023,0.6656065681,-78.1194855,-438.1194855,4.980978719,0.1370293535,-0.6513486469,60.59884162,23.82295004,-55.71971516,1.496503256e-12,-4.646173692e-09,2.338909122,1.694408506e-09,-12.89382161,0.2266255753,-137.6065993,-497.6065993,1.586069485,-0.1673704663,-0.15279489,35.95146828,34.2197818,-11.02336633,7.564362163e-12,-9.19180482e-10,0.3221343255,-9.107895129e-10,
1920680000,-4.02309357,0.6292820176,-85.55127279,-445.5512728,4.394936569,0.04881148301,-0.6273860827,53.6278238,23.26004133,-48.32094745,1.714863973e-12,-4.004059834e-09,2.077423113,1.73028025e-09,-10.54540142,0.296981864,-138.0775109,-498.0775109,1.844876821,-0.2209691655,-0.1984209048,32.49439923,29.79478424,-12.96752918,6.390103368e-12,-1.074539418e-09,0.435228162,5.181905669e-10,
1932678000,-4.717109222,0.5809577357,-93.26858765,-453.2685877,3.772788261,-0.03312428048,-0.5800126487,47.58184334,23.59690746,-41.31849192,1.993040696e-12,-3.402554502e-09,1.751013008,1.721735069e-09,-8.522655953,0.3748583613,-143.7374366,-503.7374366,2.199274974,-0.3022538921,-0.2217236473,27.71123209,24.62659369,-12.7060327,6.481128912e-12,-1.046334626e-09,0.5159476322,1.515166603e-09,
1944676000,-5.737693918,0.5165534947,-100.7788363,-460.7788363,3.136962369,-0.09660504298,-0.5074396305,42.87585175,25.10800022,-34.75524403,2.354791909e-12,-2.844416698e-09,1.384229876,1.607132201e-09,-6.938094989,0.4498785126,-152.6027925,-512.6027925,2.635560591,-0.3994191547,-0.2070145282,22.45285446,19.92798749,-10.34436987,7.911682246e-12,-8.465973756e-10,0.5190875332,2.102888763e-09,
1956674000,-7.108796165,0.4411234971,-107.688983,-467.688983,2.578608136,-0.1340353195,-0.4202671446,39.79472075,27.5323637,-28.7330602,2.830869013e-12,-2.337133606e-09,1.043610368,1.36085917e-09,-5.821402299,0.5115992334,-163.0661025,-523.0661025,3.094997668,-0.4894170226,-0.1490125955,17.76671861,16.47498053,-6.650662128,1.223029049e-11,-5.409617302e-10,0.4036825486,2.383681098e-09,
1968672000,-8.863309794,0.3604412692,-113.049345,-473.049345,2.127156122,-0.1411213181,-0.3316665225,38.73849327,30.80676962,-23.48646007,3.442145335e-12,-1.898734891e-09,0.7623798392,8.533316701e-10,-5.090696916,0.5564999814,-173.8280048,-533.8280048,3.509582675,-0.5532743032,-0.05983121944,14.49777954,14.28474679,-2.476210921,3.264819176e-11,-2.001863226e-10,0.1733465042,2.461761475e-09,
1980670000,-11.176503,0.2761689508,-116.5229923,-476.5229923,1.763075723,-0.1233251522,-0.2471036143,39.59520728,34.91257953,-18.67865708,4.30192029e-12,-1.500906564e-09,0.5350122313,-3.547756272e-10,-4.619706929,0.5875091754,175.3962391,-544.6037609,3.848592698,-0.5856136429,0.04715604344,13.14558966,13.0113346,1.873952867,-4.287946366e-11,1.505797846e-10,0.1440246466,2.434787968e-09,
1992668000,-14.29260286,0.1929167145,-114.7907237,-474.7907237,1.478059001,-0.08089096344,-0.1751385473,42.72406515,40.14946274,-14.60706628,5.46792042e-12,-1.166670415e-09,0.363817229,-2.843470661e-09,-4.367504124,0.6048181198,165.0008512,-554.9991488,4.060960789,-0.5842117677,0.156529769,13.95404943,12.51258605,6.176624146,-1.293105653e-11,4.933286751e-10,0.4936329006,2.375068264e-09,
2004666000,-18.18213956,0.1232801125,-99.15641729,-459.1564173,1.281230332,-0.01961759694,-0.1217092274,48.10354722,46.69817076,-11.54262116,6.878182028e-12,-9.163946583e-10,0.2471750172,-4.961856498e-09,-4.268892569,0.6117237914,154.9368146,-565.0631854,4.150972312,-0.5541245982,0.2591368877,16.36570976,12.60433632,10.43873373,-7.605544068e-12,8.287545523e-10,0.8281859092,2.304663368e-09,
2016664000,-19.26938803,0.1087753773,-60.32390269,-420.3239027,1.244103169,0.05385428128,-0.09450819588,55.63858204,54.64783823,-10.45301817,7.549963994e-12,-8.249512625e-10,0.1912796281,-5.28259584e-09,-4.319335525,0.6081815257,145.1087832,-574.8912168,4.104404542,-0.4988545555,0.3478920819,19.8239586,13.30708018,14.69390865,-5.370927008e-12,1.159641961e-09,1.104217338,2.236422748e-09,
2028662000,-15.87325889,0.1608188882,-36.59816511,-396.5981651,1.383275758,0.1291112844,-0.09588008682,64.66780187,63.45012636,-12.49023873,6.281157711e-12,-9.798986891e-10,0.1968512822,-3.70766679e-09,-4.514202956,0.5946889271,135.5698412,-584.4301588,3.934481523,-0.4246699189,0.416305633,23.92292346,14.66969174,18.89725935,-4.151562819e-12,1.482549699e-09,1.288183807,2.157720007e-09,
2040660000,-12.77095608,0.2298540688,-31.984797,-391.984797,1.596910428,0.1949596183,-0.1217523722,73.76279822,71.43970396,-18.36624892,4.246479324e-12,-1.432418581e-09,0.2570874164,-1.173428361e-09,-4.841323149,0.5727087818,126.3856577,-593.6143423,3.680648501,-0.3397408068,0.4610548048,28.41870662,16.73754329,22.96687899,-3.395842174e-12,1.791230445e-09,1.372177421,2.039307193e-09,
2052658000,-10.56108701,0.2964460374,-33.25371508,-393.2537151,1.842710163,0.2479031774,-0.1625554297,81.77426865,77.02752558,-27.45526026,2.824086343e-12,-2.12877176e-09,0.3564344051,3.124428422e-10,-5.320290807,0.5419827443,117.699393,-602.300607,3.366647708,-0.2519312839,0.479870736,33.14391705,19.64429283,26.69496201,-2.904519044e-12,2.069821256e-09,1.358916925,1.878187677e-09,
2064656000,-8.933721395,0.3575311866,-36.65429944,-396.6542994,2.11299157,0.2868301345,-0.2134409129,87.61202575,78.69193182,-38.51554131,2.001411648e-12,-2.96898795e-09,0.4894471443,8.305447993e-10,-5.895805702,0.5072355863,110.0023134,-609.9976866,3.05873465,-0.1735040333,0.4766385323,37.66302715,23.14760047,29.71013643,-2.594584283e-12,2.290219326e-09,1.283508261,1.674277613e-09,
2076654000,-7.704232814,0.4118967444,-41.01105449,-401.0110545,2.400763354,0.3108102761,-0.2702885501,90.39537162,75.75574162,-49.31927434,1.553958122e-12,-3.779833473e-09,0.6510301831,1.05689594e-09,-6.537624362,0.4711061589,103.1994209,-616.8005791,2.781477197,-0.1075728658,0.4586601045,41.85035037,27.07070363,31.91596515,-2.401308768e-12,2.446042343e-09,1.178985429,1.436945569e-09,
2088652000,-6.731868028,0.4606876804,-46.042905,-406.042905,2.708426319,0.319772307,-0.3316305332,89.90941975,68.77795056,-57.90766163,1.315885246e-12,-4.412554409e-09,0.8419509618,1.184915256e-09,-7.203741728,0.4363278294,97.47727467,-622.5227253,2.548161688,-0.05678062473,0.4326175394,45.43728427,31.04498763,33.17763622,-2.296722921e-12,2.52813049e-09,1.068695424,1.177173817e-09,
2100650000,-5.968057412,0.5030337561,-51.38455977,-411.3845598,3.024418207,0.3139384276,-0.393046592,86.727621,59.7406861,-62.87074573,1.205085391e-12,-4.763377983e-09,1.052394103,1.256976466e-09,-7.844482608,0.4052993149,92.9290611,-627.0709389,2.363036314,-0.02071059067,0.4047698186,48.25169484,34.65788699,33.57166848,-2.256802257e-12,2.543544611e-09,0.9686588361,9.112607015e-10,
2112648000,-5.400738807,0.5369861193,-57.05745064,-417.0574506,3.319524929,0.2920118832,-0.4506474813,81.52270073,50.51932889,-63.98240495,1.177422765e-12,-4.820072259e-09,1.266493565,1.277615665e-09,-8.447499594,0.3781159698,89.71477673,-630.2852233,2.216033702,0.001882285709,0.3781112847,50.1649556,37.61512292,33.19074115,-2.269739619e-12,2.500402584e-09,0.8823775804,6.763919145e-10,
2124646000,-4.966609898,0.5645072255,-62.64994822,-422.6499482,3.592498698,0.2593490975,-0.5014044807,75.77588291,42.58481013,-62.67789384,1.195141032e-12,-4.695133508e-09,1.471836874,1.26031888e-09,-8.902610944,0.3588140604,87.40071929,-632.5992807,2.11921999,0.01627237803,0.3584448906,51.46302691,39.73956693,32.6987761,-2.290878488e-12,2.449430093e-09,0.8228266845,5.067299703e-10,
2136644000,-4.634075917,0.5865380678,-68.00210972,-428.0021097,3.837204695,0.2197010027,-0.5438367166,70.20428764,36.25663496,-60.11737207,1.239047558e-12,-4.478039828e-09,1.658106775,1.200333957e-09,-9.174267064,0.347765621,85.63381523,-634.3661848,2.066382369,0.02647559393,0.3467563555,52.42042733,41.15484637,32.46813548,-2.294196509e-12,2.418495667e-09,0.7889261739,4.494410895e-10,
2148642000,-4.367069899,0.6048483567,-73.13058089,-433.1305809,4.061348052,0.1755218308,-0.578820889,65.03555611,31.24555551,-57.03804712,1.298647917e-12,-4.224941681e-09,1.825477134,1.13195757e-09,-9.219721977,0.345950451,84.02599872,-635.9740013,2.057872302,0.03600554564,0.3440716717,53.32609474,42.01312253,32.84158819,-2.255443332e-12,2.432653322e-09,0.7816983411,5.047127709e-10,
2160640000,-4.13150762,0.621476368,-77.74002657,-437.7400266,4.28368596,0.1319691238,-0.6073030762,60.62909055,27.34429572,-54.11262434,1.361253856e-12,-3.985991024e-09,1.978936481,1.065421637e-09,-9.086218189,0.3513088501,81.69582747,-638.3041725,2.083131318,0.05073892669,0.347625473,54.74026046,42.88813653,34.01622936,-2.165466894e-12,2.505670102e-09,0.7931384321,6.714060767e-10,
2172638000,-3.901872059,0.6381259369,-82.22719826,-442.2271983,4.526784603,0.08630350189,-0.6322629334,56.56006973,24.00762957,-51.21206118,1.430409892e-12,-3.751500564e-09,2.133157754,1.027241075e-09,-8.835501389,0.3615970931,78.46973429,-641.5302657,2.132817815,0.07227802964,0.3542997942,56.85856939,44.07071165,35.92588604,-2.03903778e-12,2.631723439e-09,0.8151873362,9.21789552e-10,
2184636000,-3.66137875,0.6560411217,-86.46307288,-446.4630729,4.81464857,0.04047237377,-0.6547915243,52.9142572,21.10534182,-48.52301683,1.501389074e-12,-3.534995295e-09,2.299086992,1.029347817e-09,-8.488670007,0.3763279716,73.91199325,-646.0880067,2.206813692,0.1042855746,0.3615899074,60.14717642,45.99838124,38.7534741,-1.879881198e-12,2.823265278e-09,0.842496476,1.206894877e-09,
2196634000,-3.419581935,0.6745604945,-90.9537669,-450.9537669,5.145535395,-0.01122846679,-0.6744670357,49.2341653,18.44237809,-45.64955337,1.587178959e-12,-3.307493223e-09,2.475253091,1.05502243e-09,-8.153703825,0.3911243089,68.01057995,-651.98942,2.28474273,0.1464507784,0.3626711933,64.82872996,49.24106224,42.16730982,-1.718250723e-12,3.055190712e-09,0.8563444389,1.488249947e-09,
2208632000,-3.207732945,0.6912153161,-95.60694944,-455.6069494,5.477005189,-0.06753423216,-0.6879082356,45.62097307,16.18942658,-42.6517954,1.689504894e-12,-3.073506166e-09,2.634546394,1.074102525e-09,-7.937728251,0.4009715759,60.86082013,-659.1391799,2.338739732,0.1952461992,0.3502243944,70.95578971,54.47470201,45.46681134,-1.584901491e-12,3.276357389e-09,0.8346408454,1.71445839e-09,
2220630000,-3.048335992,0.7040170878,-100.4399464,-460.4399464,5.75714684,-0.1275713061,-0.6923623486,42.0873733,14.40384201,-39.54587623,1.812352729e-12,-2.834295529e-09,2.745508886,1.049174825e-09,-7.87170513,0.4040310512,52.85447969,-667.1455203,2.355879537,0.2439707004,0.3220549452,78.1842486,61.95463455,47.69066981,-1.502832252e-12,3.418041655e-09,0.7697675913,1.842231232e-09,
2232628000,-2.964657877,0.710832222,-104.9167309,-464.9167309,5.916399932,-0.1829788572,-0.6868778535,39.0147656,13.21897537,-36.7070923,1.942020369e-12,-2.61669888e-09,2.776848529,9.933238805e-10,-8.004122213,0.3979182788,44.46391421,-675.5360858,2.321808202,0.2839909933,0.2787258013,85.50143948,71.28407779,47.21309572,-1.509876018e-12,3.365629008e-09,0.6623231608,1.852205112e-09,
2244626000,-2.900469704,0.7161046846,-108.9572754,-468.9572754,6.044850308,-0.2326359192,-0.6772639429,36.38583998,12.31483643,-34.23848938,2.070911536e-12,-2.427676071e-09,2.78026343,9.166865485e-10,-8.327083838,0.3833944379,36.42347033,-683.5765297,2.243564643,0.3084985818,0.2276398913,91.21837758,80.47341038,42.95139846,-1.650816625e-12,3.045463867e-09,0.5337340403,1.754157603e-09,
2256624000,-2.867970505,0.7187890869,-112.8005048,-472.8005048,6.112099519,-0.2785478126,-0.6626227188,34.01167342,11.65380257,-31.9528217,2.207250953e-12,-2.25356529e-09,2.741836538,8.646221543e-10,-8.799261334,0.363108933,29.07536233,-690.9246377,2.140254438,0.3173504066,0.176456274,94.25194082,87.31335066,35.49376205,-1.987050458e-12,2.503300363e-09,0.406510136,1.588897928e-09,
2268622000,-2.817725837,0.7229590659,-116.2951888,-476.2951888,6.219149785,-0.3202679095,-0.6481498878,31.92922526,11.03293608,-29.96247231,2.341425515e-12,-2.102014163e-09,2.71572971,8.308519057e-10,-9.38128386,0.3395750764,22.66526636,-697.3347336,2.028353305,0.3133503257,0.1308541397,94.40915863,90.53106929,26.78086492,-2.619590419e-12,1.878808824e-09,0.2958196024,1.371625747e-09,
2280620000,-2.742235978,0.7292697527,-119.9205001,-479.9205001,6.387427228,-0.3637582052,-0.6320714678,29.83266533,10.36062287,-27.97580051,2.494506733e-12,-1.952314256e-09,2.700204502,8.110722302e-10,-10.02326175,0.3153820068,17.02854099,-702.971459,1.921337184,0.3015553433,0.09235900148,92.60342863,90.71470676,18.60744396,-3.750424986e-12,1.298535786e-09,0.2051204774,1.131718719e-09,
2292618000,-2.714538873,0.7315989211,-123.3406878,-483.3406878,6.451534875,-0.4020986312,-0.6111903731,27.95020965,9.933235351,-26.12556325,2.657190992e-12,-1.813652572e-09,2.630116204,8.097755515e-10,-10.71166164,0.2913512716,12.82470271,-707.1752973,1.822272756,0.2840831483,0.06467092315,89.43055294,88.55044656,12.51567869,-5.546691719e-12,8.688460655e-10,0.1413395321,8.905494896e-10,
2304616000,-2.663069876,0.7359469439,-126.7939956,-486.7939956,6.574235382,-0.4407878282,-0.5893420016,26.09527143,9.458222882,-24.32088014,2.839502605e-12,-1.679580587e-09,2.571400616,8.013832135e-10,-11.35232058,0.2706350061,9.554594019,-710.445406,1.742111311,0.2668807272,0.04492197624,86.29590074,85.89322235,8.326874402,-8.293532386e-12,5.750473057e-10,0.09694448728,6.514921101e-10,
2316614000,-2.640522929,0.7378598064,-130.3466778,-490.3466778,6.629505313,-0.4776984783,-0.5623533211,24.27095466,9.111862967,-22.4956261,3.05399534e-12,-1.545484095e-09,2.468828403,7.992584561e-10,-11.98382525,0.251656839,7.169576847,-712.8304232,1.672570693,0.2496891623,0.03140838882,83.23150256,83.04496127,5.569328956,-1.233569391e-11,3.826214609e-10,0.06706402014,4.422051162e-10,
2328612000,-2.611317392,0.7403449705,-133.7244975,-493.7244975,6.70252748,-0.5117201223,-0.5350263469,22.58477326,8.786318815,-20.80559023,3.28505738e-12,-1.422011279e-09,2.367953026,7.970061631e-10,-12.4890334,0.2374369636,5.786219716,-714.2137803,1.622733996,0.2362272188,0.02393768573,80.90443635,80.8005086,4.099467204,-1.66723026e-11,2.801885713e-10,0.05073566088,2.490314252e-10,
2340610000,-2.580327937,0.7429910857,-137.1365422,-497.1365422,6.781831246,-0.5445953033,-0.5054223075,20.93076251,8.480232013,-19.13589517,3.553385225e-12,-1.301187429e-09,2.256529673,7.987045353e-10,-12.88844168,0.2267659877,5.158851292,-714.8411487,1.586539092,0.2258474113,0.02039019264,79.15700069,79.08395155,3.399906786,-1.999972689e-11,2.311841661e-10,0.04299110906,8.407754632e-11,
2352608000,-2.521594455,0.7480321728,-140.6115273,-500.6115273,6.937521319,-0.5781250867,-0.4746825419,19.26797585,8.108982521,-17.47853815,3.870485594e-12,-1.182430624e-09,2.155453918,8.156476077e-10,-13.12760338,0.2206072753,5.181774526,-714.8182255,1.566100422,0.2197056926,0.0199243204,78.14172938,78.0732682,3.2702697,-2.068649877e-11,2.212351518e-10,0.04188718848,-2.274078732e-11,
2364606000,-2.524470261,0.7477845483,-144.1523055,-504.1523055,6.929728281,-0.6061366597,-0.4379270264,17.6898235,7.952830937,-15.80133968,4.259586435e-12,-1.06354349e-09,1.986882382,8.287758261e-10,-13.18956922,0.219039046,5.656027121,-714.3439729,1.560947496,0.2179726548,0.0215876218,77.85533923,77.7753991,3.527200178,-1.908232274e-11,2.374058695e-10,0.04535110354,-6.016400766e-11,
2376604000,-2.518234608,0.7483215801,-147.8316679,-507.8316679,6.946648746,-0.63344491,-0.3984127674,16.09982584,7.782707259,-14.09375251,4.751564915e-12,-9.438216796e-10,1.810906159,8.302710074e-10,-13.02951026,0.2231128004,6.028750941,-713.9712491,1.574376307,0.2218788344,0.02343297959,78.49354168,78.39824483,3.866690155,-1.731904478e-11,2.589421088e-10,0.04932113166,-1.118761911e-11,
2388602000,-2.531501553,0.7471794561,-151.4250461,-511.4250461,6.910749535,-0.6561671299,-0.3573819208,14.6352427,7.693881179,-12.44967957,5.352025408e-12,-8.295346159e-10,1.61812735,8.26723094e-10,-12.64359578,0.2332492258,6.034689059,-713.9653109,1.608409495,0.2319566583,0.02452162306,80.17601785,80.06839917,4.152745143,-1.604504949e-11,2.767015672e-10,0.05186497027,1.382362006e-10,
2400600000,-2.515037164,0.7485971025,-154.9060218,-514.9060218,6.955357793,-0.6779395501,-0.3174832094,13.24103584,7.537048436,-10.88659409,6.089873891e-12,-7.217592532e-10,1.444410791,8.187351901e-10,-12.03440181,0.2501957392,5.234055853,-714.7659441,1.66736281,0.249152511,0.02282398238,83.15831191,83.05988924,4.044704965,-1.639130312e-11,2.681557896e-10,0.048696248,3.728879429e-10,
2412598000,-2.497359388,0.7501222206,-158.4693712,-518.4693712,7.003912972,-0.6977798271,-0.2752937681,11.88425856,7.391493095,-9.305988999,7.088798528e-12,-6.139000984e-10,1.25901342,8.25011264e-10,-11.32717156,0.271419735,3.067970381,-716.9320296,1.745064746,0.2710307214,0.01452654714,87.16838003,87.12553891,2.732571405,-2.414146653e-11,1.802630386e-10,0.03136360979,6.752852517e-10,
2424596000,-2.45953401,0.7533959817,-161.991238,-521.991238,7.110167926,-0.7164865464,-0.2329217337,10.59113038,7.205185278,-7.762560655,8.45620963e-12,-5.095487658e-10,1.077357536,8.455841254e-10,-10.52979196,0.2975160517,-0.5409268904,-720.5409269,1.847040142,0.2975027928,-0.002808794005,92.34879859,92.34704474,-0.5691460718,1.153339071e-10,-3.735979547e-11,0.006163121661,1.003385383e-09,
2436594000,-2.429804908,0.7559790401,-165.6997113,-525.6997113,7.196017262,-0.7325546415,-0.1867297679,9.359139079,7.055485955,-6.149276562,1.062216236e-11,-4.016622225e-10,0.8715596063,8.731271189e-10,-9.759368743,0.3251109243,-5.661549979,-725.66155,1.963449954,0.3235250324,-0.03207283187,97.74405252,97.49358358,-6.992922333,9.340674892e-12,-4.56767995e-10,0.07172700065,1.315241176e-09,
2448592000,-2.416592894,0.7571298267,-169.5524247,-529.5524247,7.234852278,-0.7445775519,-0.137294733,8.285379204,6.967645164,-4.48323872,1.449812504e-11,-2.914040409e-10,0.6434367156,8.95990528e-10,-9.087501067,0.3512569667,-12.07069605,-732.0706961,2.082884744,0.343490787,-0.07345431171,101.8381562,100.437532,-16.83188164,3.861633354e-12,-1.094047993e-09,0.1675855759,1.567902918e-09,
2460590000,-2.448012098,0.7543960315,-173.5451803,-533.5451803,7.143190894,-0.7496137737,-0.08480897696,7.54592955,7.021492054,-2.764001106,2.340144442e-11,-1.787800644e-10,0.3936486839,9.031945841e-10,-8.55962278,0.3732663681,-19.57161956,-739.5716196,2.191148357,0.3517003427,-0.125038596,102.8001491,98.71744909,-28.68337323,2.255021324e-12,-1.855286998e-09,0.2905603163,1.738491678e-09,
2472588000,-2.52363337,0.7478566013,-177.4186733,-537.4186733,6.931994294,-0.7470977519,-0.03368152458,7.300331183,7.216516603,-1.103051909,5.835424091e-11,-7.100097702e-11,0.152851018,8.922803628e-10,-8.193867195,0.3893199333,-27.44695068,-747.4469507,2.275037305,0.3454972948,-0.1794481254,100.0071353,92.105435,-38.96172424,1.6520767e-12,-2.507878791e-09,0.4230122169,1.816576557e-09,
2484586000,-2.632807347,0.7385155305,178.7276615,-541.2723385,6.648637809,-0.7383334465,0.01639849432,7.540792239,7.521243685,0.5426241956,-1.180502586e-10,3.475883828e-11,0.07214554112,8.657243668e-10,-7.983651839,0.3988571742,-35.51858434,-755.5185843,2.326996371,0.324640671,-0.2317228519,94.16968391,82.47386692,-45.45316979,1.409295038e-12,-2.911590362e-09,0.5511220886,1.795507547e-09,
2496584000,-2.768280913,0.7270862878,175.0411107,-544.9588893,6.328323609,-0.7243647875,0.06285001708,8.192069219,7.915430507,2.110914015,-3.019975401e-11,1.345688348e-10,0.266683412,8.535559359e-10,-7.900698873,0.4026846327,-43.32872762,-763.3287276,2.348314993,0.2929244002,-0.2763154161,87.07922731,72.69097687,-47.94594572,1.329603224e-12,-3.05651012e-09,0.6595859319,1.710186379e-09,
2508582000,-2.902235034,0.7159591575,171.5283979,-548.4716021,6.041240908,-0.7081473283,0.1054745303,9.066463173,8.32059455,3.60117492,-1.76176352e-11,2.284736116e-10,0.4328025958,8.621473974e-10,-7.892999562,0.4030417371,-50.40723028,-770.4072303,2.350317977,0.2568692811,-0.3105814132,80.37244367,64.55619632,-47.87720981,1.325143764e-12,-3.037530606e-09,0.7416361641,1.588403019e-09,
2520580000,-3.029300467,0.7055616654,167.7472231,-552.2527769,5.792593778,-0.6894895504,0.1497378492,10.16233268,8.728159257,5.205020803,-1.213101601e-11,3.286564163e-10,0.5963480558,9.005703396e-10,-7.8679187,0.4042072185,-56.93649682,-776.9364968,2.356871822,0.2205226176,-0.3387524916,74.5177809,57.91030281,-46.89665765,1.34641132e-12,-2.961157702e-09,0.8098154452,1.453926265e-09,
2532578000,-3.238721937,0.6887536337,163.7553253,-556.2446747,5.42577783,-0.6612557363,0.1926717914,11.65113429,9.396470018,6.888779392,-9.122524211e-12,4.329119546e-10,0.7331241816,9.55521027e-10,-7.898808129,0.4027722986,-63.0184867,-783.0184867,2.348806486,0.182738996,-0.3589317259,69.23555532,52.57465139,-45.04961877,1.39497422e-12,-2.831055751e-09,0.8568695668,1.333121195e-09,
2544576000,-3.4765354,0.6701518642,159.4785698,-560.5214302,5.063396402,-0.6276247884,0.2349268951,13.38676463,10.18536521,8.686990442,-7.200047496e-12,5.433429653e-10,0.8528894414,1.004351697e-09,-7.857017751,0.4047148243,-68.42267261,-788.4226726,2.359734261,0.1488365479,-0.376353253,64.94941682,48.27304254,-43.45273419,1.43942021e-12,-2.717827032e-09,0.9001449237,1.223854053e-09,
2556574000,-3.815908676,0.6444727607,155.0269103,-564.9730897,4.625448008,-0.58421854,0.2720915965,15.45644756,11.31393459,10.53074808,-5.911565965e-12,6.555728924e-10,0.9307768217,1.046639556e-09,-7.790672749,0.4078179738,-73.45476097,-793.454761,2.377339925,0.1161352671,-0.3909323464,61.18299125,44.62764272,-41.85369664,1.487400563e-12,-2.605527048e-09,0.9378424244,1.157261419e-09,
2568572000,-4.287910362,0.6103858847,150.4210496,-569.5789504,4.133284245,-0.5308381606,0.3013001418,17.86875337,12.88753786,12.37754882,-5.006033361e-12,7.669429079e-10,0.9604277371,1.047113523e-09,-7.605174024,0.416621136,-78.14920136,-798.1492014,2.428303841,0.08555891571,-0.4077411469,57.90935624,41.22013203,-40.67424561,1.523382214e-12,-2.520274785e-09,0.9867568008,1.156770094e-09,
2580570000,-4.931269801,0.566808703,145.6804389,-574.3195611,3.616897924,-0.4681306266,0.3195713101,20.6485425,15.03251085,14.15577355,-4.356832673e-12,8.730479443e-10,0.9416772548,9.631288562e-10,-7.30858657,0.4310927028,-83.14790283,-803.1479028,2.515511244,0.05143228662,-0.4280135959,54.54279115,37.5889596,-39.52197089,1.560507619e-12,-2.43749134e-09,1.051424975,1.234293786e-09,
2592568000,-5.786725207,0.5136457981,141.537923,-578.462077,3.112229301,-0.4021949409,0.3194858924,23.56605272,17.79712318,15.44737024,-3.97406915e-12,9.482973374e-10,0.8679700691,7.54723009e-10,-6.891678797,0.4522890361,-88.55817133,-808.5581713,2.651561009,0.01138049747,-0.4521458354,50.95387759,33.65339659,-38.25894066,1.604563965e-12,-2.348674952e-09,1.136852281,1.389866806e-09,
2604566000,-6.891886774,0.4522782065,138.6683575,-581.3316425,2.65148881,-0.3396154895,0.298691974,26.40389675,21.11291276,15.85593512,-3.853833118e-12,9.688947994e-10,0.7510065192,3.464167472e-10,-6.425445302,0.4772299979,-94.90657829,-814.9065783,2.825774226,-0.04081810969,-0.4754811803,46.77889432,29.48910029,-36.31332975,1.682746482e-12,-2.218966972e-09,1.231415316,1.603707334e-09,
2616564000,-8.220537433,0.3881263502,137.6277903,-582.3722097,2.268648684,-0.2867408823,0.261575477,28.92903868,24.63158163,15.17150176,-4.009222859e-12,9.228207297e-10,0.6159369704,-2.920333754e-10,-5.937511045,0.5048059298,-102.2859831,-822.2859831,3.038820576,-0.1074183376,-0.4932446933,42.06063233,25.3517168,-33.56169315,1.812361832e-12,-2.041421255e-09,1.323843013,1.822233348e-09,
2628562000,-9.693609585,0.3275816158,140.1541506,-579.8458494,1.974338666,-0.2515076802,0.2098894991,30.62932987,27.71770429,13.03398316,-4.645417492e-12,7.891854359e-10,0.4702403569,-1.14115834e-09,-5.552170771,0.5277053066,-110.918302,-830.918302,3.234644234,-0.18841,-0.4929244998,36.90220092,21.79454505,-29.77868767,2.033276081e-12,-1.803048717e-09,1.366336742,1.990831082e-09,
2640560000,-11.06521564,0.2797301112,147.101896,-572.898104,1.77673693,-0.234871986,0.151934477,31.34855908,29.77245764,9.814933668,-6.14096642e-12,5.915772448e-10,0.3296648798,-1.971890504e-09,-5.30609524,0.5428692445,-119.9059898,-839.9059898,3.37511582,-0.2706628594,-0.4705832904,32.02854514,19.2069828,-25.63044118,2.351624681e-12,-1.544828146e-09,1.334433495,2.054880112e-09,
2652558000,-11.7580403,0.2582842864,158.5762166,-561.4237834,1.696450895,-0.2404379466,0.09434175333,30.76310213,30.1530521,6.096056228,-9.842519382e-12,3.657667361e-10,0.2021704538,-2.387923473e-09,-5.22296187,0.5480900355,-129.0913594,-849.0913594,3.425660324,-0.3456029767,-0.4253954272,27.65328862,17.56362417,-21.35938852,2.809095004e-12,-1.281575092e-09,1.216115097,2.01333435e-09,
2664556000,-11.47129515,0.2669532685,171.0024933,-548.9975067,1.728339018,-0.2636684478,0.04174921781,29.16556145,29.04839874,2.611609732,-2.287109728e-11,1.559924424e-10,0.0899054628,-2.188020413e-09,-5.250101177,0.5463801854,-137.5774673,-857.5774673,3.408978478,-0.403332444,-0.3685841106,24.16836675,16.66041138,-17.50830215,3.41154612e-12,-1.045777545e-09,1.050892547,1.917175105e-09,
2676554000,-10.40347496,0.3018743771,179.7744024,-540.2255976,1.864813917,-0.3018720371,0.001188603207,26.81249247,26.81240075,0.0701293701,-8.478991185e-10,4.170076863e-12,0.002615557284,-1.501086223e-09,-5.337030436,0.5409392296,-145.5633372,-865.5633372,3.356721657,-0.4461406112,-0.3058983576,21.40256504,16.18806105,-14.0005882,4.247152352e-12,-8.32511811e-10,0.8648712252,1.804591399e-09,
2688552000,-9.137881783,0.3492254703,-176.2438328,-536.2438328,2.073261028,-0.3484752912,-0.02287794765,24.16923983,24.13648966,-1.257784062,4.706473347e-11,-7.445738481e-11,0.05211130865,-6.994350843e-10,-5.40718344,0.5365878417,-153.0740813,-873.0740813,3.315812532,-0.4784178411,-0.2429874096,19.20252816,15.86077781,-10.82463925,5.468752378e-12,-6.407891103e-10,0.6824784622,1.735003336e-09,
2700550000,-7.963564239,0.3997806668,-175.3825618,-535.3825618,2.332115261,-0.398483148,-0.03218326096,21.531105,21.46819642,-1.644695983,3.583292639e-11,-9.692895728e-11,0.07661081306,-6.876754414e-11,-5.440503054,0.5345334004,-160.3157301,-880.3157301,3.296763724,-0.5032969019,-0.1800505058,17.44766594,15.57972095,-7.854510915,7.503238677e-12,-4.628998677e-10,0.5041496532,1.70775549e-09,
2712548000,-6.965536458,0.4484594471,-176.3137447,-536.3137447,2.626206612,-0.447531616,-0.02883276554,19.10530072,19.05572194,-1.375491504,4.265645767e-11,-8.07050316e-11,0.07218259734,3.359063944e-10,-5.438822043,0.5346368605,-167.6710969,-887.6710969,3.297718986,-0.5223070577,-0.1141573914,16.08640187,15.32243165,-4.898511348,1.197784203e-11,-2.874132715e-10,0.3196954283,1.737938867e-09,
2724546000,-6.131879513,0.4936350905,-178.7055102,-538.7055102,2.94972077,-0.4935091082,-0.01115180241,16.96004132,16.95267165,-0.4999252839,1.168478928e-10,-2.920324345e-11,0.02948946893,5.891001788e-10,-5.445604037,0.5342195758,-175.1462,-895.1462,3.293868733,-0.532303783,-0.04520218781,15.32565523,15.20446843,-1.923498892,3.036924859e-11,-1.123616032e-10,0.1265087892,1.799663149e-09,
2736544000,-5.48618624,0.5317294175,178.1632725,-541.8367275,3.271034899,-0.5314562257,0.01704269965,15.30649679,15.28924279,0.7265666082,-8.004648422e-11,4.225646186e-11,0.04752142524,7.329170233e-10,-5.471205664,0.5326472839,176.8079308,-903.1920692,3.279423081,-0.5318208717,0.0296595597,15.30954973,15.25731962,1.263531136,-4.602902205e-11,7.348583692e-11,0.08281475175,1.845597743e-09,
2748542000,-5.022616523,0.5608789923,174.6564865,-545.3435135,3.554553221,-0.558441558,0.05223284773,14.25743385,14.09466739,2.148201827,-2.695520706e-11,1.243921103e-10,0.1524123818,7.721671252e-10,-5.582879792,0.5258428952,168.5785109,-911.4214891,3.218011245,-0.5154296142,0.1041300304,16.31440033,15.67779022,4.512931665,-1.283095543e-11,2.613223237e-10,0.2878550869,1.85065178e-09,
2760540000,-4.709332125,0.5814781416,171.1768877,-548.8231123,3.778722926,-0.5745972716,0.08918971111,13.77991448,13.30519327,3.585787935,-1.607835027e-11,2.067334198e-10,0.2695028822,7.54779404e-10,-5.748642556,0.5159027849,160.6082805,-919.3917195,3.131401581,-0.4866359567,0.1712925248,18.08211157,16.38464038,7.648942301,-7.537454479e-12,4.409887111e-10,0.4668361419,1.806930973e-09,
2772538000,-4.490175449,0.5963362741,168.1116521,-551.8883479,3.954619085,-0.5835453978,0.1228483643,13.66854669,12.77165476,4.869702583,-1.178800162e-11,2.795407087e-10,0.38128987,7.137769594e-10,-5.994411194,0.5015098188,152.986209,-927.013791,3.012115134,-0.4467937051,0.2277882426,20.42406154,17.44646108,10.61900587,-5.405784936e-12,6.095740705e-10,0.6086624571,1.723435807e-09,
2784536000,-4.325902991,0.6077218489,165.1351718,-554.8648282,4.098423133,-0.5873836726,0.1559046721,13.82702034,12.39487132,6.128103825,-9.326982887e-12,3.502623114e-10,0.4944064096,6.866560886e-10,-6.275710578,0.4855282132,145.5808777,-934.4191223,2.887482368,-0.4005243107,0.274441109,23.09865076,18.76147651,13.47422228,-4.241930874e-12,7.701423434e-10,0.7181856009,1.616797463e-09,
2796534000,-4.204391867,0.6162833103,162.2623317,-557.7376683,4.212178812,-0.5869860603,0.1877564473,14.19501965,12.14269733,7.352107475,-7.740841603e-12,4.184194602e-10,0.6054756429,6.844205027e-10,-6.597679811,0.4678601001,138.8722033,-941.1277967,2.758410148,-0.3524129918,0.3077306558,25.84693683,20.30200106,15.99665267,-3.557713016e-12,9.103934888e-10,0.7879347764,1.491073751e-09,
2808532000,-4.130465569,0.6215509313,159.2722484,-560.7277516,4.28472697,-0.5813196257,0.2199842108,14.81179818,12.03771894,8.630335333,-6.566184544e-12,4.890670745e-10,0.7169410896,6.922184473e-10,-6.909917032,0.4513403365,132.7482787,-947.2517213,2.645247014,-0.3063601997,0.3314385727,28.52003616,21.91916448,18.24671728,-3.105675044e-12,1.034011807e-09,0.8324549639,1.35857486e-09,
2820530000,-4.093704641,0.6241870698,156.2620949,-563.7379051,4.321796669,-0.5713786445,0.2512686666,15.61080177,12.05177909,9.92228566,-5.686927375e-12,5.598879677e-10,0.8233046413,7.058901024e-10,-7.15577728,0.4387439451,127.2006833,-952.7993167,2.563435944,-0.2652683687,0.349469515,30.99123776,23.43262598,20.28223009,-2.782106193e-12,1.144471846e-09,0.8655551499,1.25168344e-09,
2832528000,-4.147666028,0.6203213068,153.1858638,-566.8141362,4.267611894,-0.5536209786,0.2798255452,16.68661367,12.34332831,11.22877206,-5.003957981e-12,6.309256529e-10,0.9097037507,7.075356036e-10,-7.313364774,0.4308556191,122.0763115,-957.9236885,2.514046817,-0.2288051435,0.3650818687,33.28067511,24.77909618,22.21710441,-2.529056106e-12,1.248341407e-09,0.8966067306,1.180481377e-09,
2844526000,-4.292911223,0.610034559,150.060839,-569.939161,4.128659593,-0.5286290071,0.3044561314,18.0009686,12.92207523,12.53215235,-4.464620593e-12,7.01190284e-10,0.9698250575,6.894292115e-10,-7.415943358,0.4257972303,117.1763306,-962.8236694,2.48309013,-0.1944745656,0.3787913999,35.51770847,26.06895274,24.12296245,-2.31942099e-12,1.349711241e-09,0.9253521878,1.174811107e-09,
2856524000,-4.548099629,0.5923726769,147.0926544,-572.9073456,3.906442446,-0.4973266111,0.3218254655,19.48613094,13.83667432,13.72063201,-4.060767623e-12,7.644628251e-10,0.9916134251,6.182182709e-10,-7.364065728,0.4283479706,112.266307,-967.733693,2.498631855,-0.1623061954,0.3964072184,37.73282819,27.07118433,26.28530582,-2.119674719e-12,1.464519938e-09,0.970969925,1.250064428e-09,
2868522000,-4.945089145,0.5659076213,144.4195105,-575.5804895,3.607314244,-0.4602520686,0.3292711179,21.11861974,15.16784277,14.69464684,-3.775746197e-12,8.153068657e-10,0.9688026876,4.641374585e-10,-7.201251049,0.4364529644,106.733995,-973.266005,2.548949553,-0.1256673645,0.4179699793,40.35362608,28.07234906,28.98893505,-1.913946021e-12,1.608400531e-09,1.032650848,1.400492975e-09,
2880520000,-5.469434251,0.5327559238,142.6552389,-577.3447611,3.280418098,-0.4235408652,0.3231748906,22.63614284,16.80434468,15.16604638,-3.643148357e-12,8.379567744e-10,0.9025074566,2.176193438e-10,-6.966417211,0.4484139754,100.3005879,-979.6994121,2.625907675,-0.08018193919,0.4411869784,43.71555863,29.34119425,32.40593134,-1.705001358e-12,1.790497604e-09,1.104451682,1.609343451e-09,
2892518000,-6.087464004,0.4961657705,142.2558485,-577.7441515,2.969559595,-0.3923441061,0.3037212112,23.834788,18.55904161,14.95523633,-3.679177843e-12,8.228815816e-10,0.8058194298,-1.290352142e-10,-6.712093108,0.4617377099,92.91358363,-987.0864164,2.71566063,-0.02346999581,0.4611408375,48.10146711,31.21864329,36.59436363,-1.503591501e-12,2.013530723e-09,1.172195835,1.830201395e-09,
2904516000,-6.75067949,0.4596910259,143.474691,-576.525309,2.701585751,-0.3694049658,0.2735978993,24.6117398,20.22136655,14.02975662,-3.905676075e-12,7.687701206e-10,0.6938085306,-5.413290752e-10,-6.556376667,0.4700901666,84.42048778,-995.5795122,2.774226999,0.04570546642,0.4678629875,53.89458001,34.48270548,41.41942512,-1.32294653e-12,2.269605762e-09,1.20116518,2.014834311e-09,
2916514000,-7.270347674,0.4329947357,146.7964806,-573.2035194,2.527304111,-0.3622999787,0.2371142479,24.60100147,21.24685394,12.40082541,-4.400534934e-12,6.76716334e-10,0.5836546645,-9.15308339e-10,-6.521100329,0.4720032441,75.14828363,-1004.851716,2.787902061,0.1209830827,0.4562347598,61.10227509,39.62053317,46.51560354,-1.173160429e-12,2.538368831e-09,1.174027703,2.126345553e-09,
2928512000,-7.490090427,0.4221778838,152.0756821,-567.9243179,2.461272845,-0.3730224245,0.1977079573,23.69588842,21.35256447,10.27439139,-5.289529191e-12,5.583791962e-10,0.4811783334,-1.10855949e-09,-6.671885076,0.4638801043,65.67007021,-1014.32993,2.730508821,0.1911141475,0.4226820718,69.24165958,47.11022065,50.74479808,-1.070980578e-12,2.757811971e-09,1.077150508,2.139282984e-09,
2940510000,-7.306208494,0.4312107461,157.722718,-562.277282,2.516240833,-0.3990252197,0.1634673718,22.10830676,20.51562763,8.239311313,-6.569110367e-12,4.459522747e-10,0.4016114672,-1.043269477e-09,-6.978248063,0.4478036167,56.36738331,-1023.632617,2.621899854,0.2480230258,0.3728440127,77.59280743,56.74182517,52.92455991,-1.022681066e-12,2.864538913e-09,0.932725723,2.071311209e-09,
2952508000,-6.70669683,0.4620246625,161.9524665,-558.0475335,2.71764254,-0.4392929676,0.1431379663,20.00455296,18.79812115,6.841986566,-7.878559723e-12,3.688172843e-10,0.3639718305,-7.419856143e-10,-7.357767829,0.4286586665,47.61012691,-1032.389873,2.500534414,0.288989609,0.3165963648,85.26795215,67.37318197,52.26354384,-1.031407284e-12,2.817266319e-09,0.775732158,1.981537681e-09,
2964506000,-5.925915246,0.5054803036,164.3889534,-555.6110466,3.044328294,-0.4868334896,0.1360275367,17.7787654,16.69875378,6.10214072,-8.798032854e-12,3.276046191e-10,0.3654249174,-3.380690742e-10,-7.827357996,0.4060991685,39.44538989,-1040.55461,2.367565583,0.3136021621,0.2580120511,91.28064546,77.65152523,47.98329779,-1.118865043e-12,2.576071369e-09,0.6179311694,1.872063505e-09,
2976504000,-5.153259899,0.5525060081,164.7667825,-555.2332175,3.469333748,-0.5330933377,0.1451701838,15.87564001,14.64794195,6.121580067,-8.734742911e-12,3.273235068e-10,0.4179140038,4.239920989e-11,-8.336193083,0.3829925674,31.33698654,-1048.663013,2.241452038,0.3271228692,0.1991831698,95.61867393,86.64211955,40.44841065,-1.321941387e-12,2.162793833e-09,0.4668446578,1.777799104e-09,
2988502000,-4.463892514,0.5981434816,163.6166349,-556.3833651,3.976900731,-0.5738564082,0.1687140994,14.47766043,12.81635079,6.733780793,-7.908745608e-12,3.586126089e-10,0.5254054685,3.314882643e-10,-8.885614832,0.359516857,24.07412122,-1055.925879,2.122642683,0.3282455468,0.14665344,97.17590424,92.09168265,31.02061172,-1.716786237e-12,1.65202623e-09,0.3368448792,1.674403378e-09,
3000500000,-3.931775074,0.6359328304,161.4229554,-558.5770446,4.493491771,-0.6027982653,0.2025952028,13.79979641,11.40972828,7.762247203,-6.833434422e-12,4.117313821e-10,0.6803183226,4.904490491e-10,-9.511506161,0.3345220056,16.90170068,-1063.098299,2.00535858,0.3200723125,0.09725578143,96.35682584,94.12565436,20.61550573,-2.572956876e-12,1.093504297e-09,0.2190211146,1.514823873e-09,
3012498000,-3.572025221,0.662824784,158.9019138,-561.0980862,4.931634073,-0.6183926949,0.2385941515,13.75575923,10.47529388,8.915667673,-5.925697704e-12,4.710285554e-10,0.8511138471,5.180877136e-10,-10.22689278,0.3080742223,10.50194771,-1069.498052,1.890483437,0.3029135824,0.05615236504,93.23897301,92.52939527,11.48116278,-4.601585438e-12,6.065676421e-10,0.1240812473,1.323827051e-09,
3024496000,-3.372880859,0.6781971447,156.5322093,-563.4677907,5.214985253,-0.6220994503,0.2700808047,14.12317948,9.985551456,9.987640405,-5.268709087e-12,5.255693313e-10,1.000209197,4.223187018e-10,-10.95116765,0.2834272596,5.408331009,-1074.591669,1.791063471,0.282165518,0.02671388949,89.26547067,89.11521632,5.177110613,-1.016435145e-11,2.724297685e-10,0.05809457495,1.13711109e-09,
3036494000,-3.296035805,0.6842238522,154.8731785,-565.1268215,5.333600603,-0.6194758325,0.2905373865,14.54903202,9.822965174,10.73236637,-4.883736399e-12,5.625267687e-10,1.092579091,2.669334749e-10,-11.56742568,0.2640150692,1.230907532,-1078.769092,1.717446943,0.2639541453,0.005671502201,85.85941627,85.85303477,1.046797262,-5.007086869e-11,5.486688224e-11,0.01219289761,1.051644977e-09,
3048492000,-3.236176356,0.6889555169,154.3167595,-565.6832405,5.429948476,-0.6208893516,0.2985902165,14.63986604,9.66965226,10.99197448,-4.749625423e-12,5.738663815e-10,1.136749718,1.335037084e-10,-12.01668704,0.2507065313,-3.020285173,-1083.020285,1.669181147,0.2503582856,-0.01320960449,83.38876751,83.35565106,-2.349889785,2.221711068e-11,-1.226824853e-10,0.02819112748,1.076045453e-09,
3060490000,-3.053470992,0.7036010039,154.2448366,-565.7551634,5.74766118,-0.6337046355,0.3057332293,14.35327063,9.139407654,11.06741187,-4.698758175e-12,5.755396381e-10,1.210955052,9.216723333e-11,-12.435764,0.2388976071,-7.995489779,-1087.99549,1.627767326,0.2365752885,-0.03322949812,80.94128357,80.74098574,-5.690747594,9.138182842e-12,-2.959364708e-10,0.07048152239,1.130539041e-09,
3072488000,-2.775589271,0.7264747706,153.9631807,-566.0368193,6.311939758,-0.6527464122,0.3188851104,14.00457841,8.333768726,11.2550662,-4.602373735e-12,5.830126661e-10,1.350537382,1.431754189e-10,-12.97007062,0.2246448511,-13.21717836,-1093.217178,1.579463105,0.2186940977,-0.05136341814,77.89194319,77.44006992,-8.377970242,6.182884345e-12,-4.339790349e-10,0.1081865015,1.107451575e-09,
3084486000,-2.439729316,0.7551157594,153.0594874,-566.9405126,7.167124171,-0.6731686339,0.3421166475,13.85246205,7.368330632,11.73023481,-4.3987636e-12,6.052628715e-10,1.591979974,2.434022089e-10,-13.60110558,0.2089030212,-18.08621922,-1098.086219,1.52813505,0.1985812124,-0.06485348388,74.64408518,73.9668989,-10.03181533,5.14348881e-12,-5.176269233e-10,0.1356257391,9.673083992e-10,
3096484000,-2.111862621,0.7841639431,151.8173604,-568.1826396,8.266292335,-0.6911986359,0.3703478572,13.9261285,6.423874473,12.3560063,-4.159806892e-12,6.350814279e-10,1.92345077,3.38843011e-10,-14.27053126,0.193407556,-21.89188764,-1101.891888,1.479566992,0.1794607544,-0.07211324681,71.72880729,70.93698123,-10.62856947,4.835890693e-12,-5.462935927e-10,0.1498311499,7.607520402e-10,
3108482000,-1.867966276,0.8064950129,150.0611352,-569.9388648,9.335650932,-0.6988750412,0.4025020282,14.39588511,5.734000327,13.20464874,-3.877438533e-12,6.76080839e-10,2.302868501,4.004050669e-10,-14.96614997,0.1785223115,-24.54851425,-1104.548514,1.43463703,0.1623856458,-0.07416952015,69.25680721,68.45787424,-10.48927068,4.881198643e-12,-5.37052902e-10,0.153222267,5.401304862e-10,
3120480000,-1.641525442,0.8277967708,148.1445676,-571.8554324,10.61418406,-0.7031160719,0.4368927594,15.02106957,5.090644985,14.13215711,-3.609028164e-12,7.207873984e-10,2.776103451,4.350490857e-10,-15.52204249,0.167454906,-26.4155362,-1106.415536,1.402272279,0.1499711337,-0.07449701072,67.52601931,66.74635022,-10.23171618,4.984828757e-12,-5.218518325e-10,0.1532925193,3.651273947e-10,
3132478000,-1.463274343,0.8449602581,146.2485758,-573.7514242,11.89991828,-0.7025471095,0.4694522306,15.73410596,4.585402182,15.0511188,-3.375695917e-12,7.647172482e-10,3.28239884,4.448506971e-10,-15.90266834,0.1602752944,-27.48926897,-1107.489269,1.38173295,0.1421797808,-0.07398026709,66.46732242,65.71389657,-9.97941618,5.091279826e-12,-5.0703418e-10,0.1518615803,2.677579348e-10,
3144476000,-1.314976251,0.8595105019,144.3281461,-575.6718539,13.23593953,-0.6982406225,0.5012168552,16.52051323,4.166215901,15.98655693,-3.166043727e-12,8.09145803e-10,3.837188785,4.479873366e-10,-16.15317665,0.1557188427,-28.30694755,-1108.306948,1.368879114,0.1370979617,-0.07384109198,65.78635902,65.04556196,-9.844790655,5.141210215e-12,-4.982855956e-10,0.1513522269,2.511797633e-10,
3156474000,-1.203469213,0.8706157897,142.3621724,-577.6378276,14.45783674,-0.6894290152,0.5316573015,17.38238363,3.857846229,16.94887263,-2.974932385e-12,8.545918193e-10,4.39335101,4.449456446e-10,-16.21589446,0.1545985004,-29.38541604,-1109.385416,1.36573983,0.134707662,-0.07585869838,65.46315327,64.68642995,-10.05436304,5.014912419e-12,-5.0695858e-10,0.1554323379,3.248058674e-10,
3168472000,-1.118190963,0.8792056127,140.4128556,-579.5871444,15.55706067,-0.6775652949,0.5602747366,18.27464657,3.628322125,17.91083432,-2.804493525e-12,8.996758741e-10,4.93639586,4.426406983e-10,-16.10099806,0.1566571052,-30.89204131,-1110.892041,1.371514614,0.1344331378,-0.08043121323,65.41391652,64.542186,-10.64362257,4.719334846e-12,-5.346378771e-10,0.1649095456,4.705316497e-10,
3180470000,-1.047076628,0.8864335166,138.5969969,-581.4030031,16.6108297,-0.6648928672,0.5862438523,19.12823442,3.438166823,18.8167043,-2.65940982e-12,9.416128756e-10,5.472888685,4.346474553e-10,-15.87844432,0.1607229088,-33.21135952,-1113.21136,1.383003207,0.1344697437,-0.08803261589,65.39574335,64.35314915,-11.63079717,4.302484814e-12,-5.820205383e-10,0.180733924,6.649286772e-10,
3192468000,-0.9884081796,0.8924411579,136.6512882,-583.3487118,17.59447314,-0.6489737725,0.6126044914,20.06855241,3.28898754,19.79720579,-2.518196879e-12,9.869552835e-10,6.019240129,4.260173731e-10,-15.56071814,0.1667109371,-36.55576553,-1116.555766,1.400127506,0.1339151521,-0.09929384977,65.28498328,63.96419598,-13.06562952,3.815603508e-12,-6.513642494e-10,0.2042647347,8.925812695e-10,
3204466000,-0.9498300695,0.8964137232,134.8561358,-585.1438642,18.30757685,-0.6322666638,0.6354497848,20.95752727,3.201379031,20.71156975,-2.398012529e-12,1.028673328e-09,6.469577499,4.247395332e-10,-15.21688846,0.1734425209,-40.91361961,-1120.91362,1.419674433,0.1310701334,-0.1135910568,64.85962663,63.15044885,-14.79161846,3.357753169e-12,-7.346494532e-10,0.2342282396,1.131627359e-09,
3216464000,-0.9162708914,0.8998838453,133.0828446,-586.9171554,18.97679601,-0.6146702668,0.6572453104,21.85132712,3.129332623,21.62609013,-2.288039028e-12,1.07008788e-09,6.91076748,4.172321938e-10,-14.8890582,0.1801138418,-46.31745339,-1126.317453,1.439363051,0.1243978131,-0.1302542902,63.93297152,61.73449377,-16.62158614,2.976932395e-12,-8.224583256e-10,0.2692430945,1.355918593e-09,
3228462000,-0.8881950712,0.9027972894,131.2083739,-588.7916261,19.57555789,-0.5947623309,0.6791912215,22.81387293,3.077931311,22.60529002,-2.180792623e-12,1.114383148e-09,7.3443127,4.166933501e-10,-14.61145626,0.1859632754,-52.76959268,-1132.769593,1.456891611,0.1125118272,-0.1480656225,62.36819788,59.62616901,-18.28967129,2.695371006e-12,-9.016341508e-10,0.3067389972,1.547799584e-09,
3240460000,-0.8544927325,0.9063070606,129.4644558,-590.5355442,20.34632569,-0.5760482335,0.6996863017,23.72170829,3.003332359,23.53081892,-2.087259397e-12,1.155714357e-09,7.834903404,4.138430683e-10,-14.44101501,0.189648429,-59.91073929,-1139.910739,1.468064568,0.09507996827,-0.1640924321,60.20077815,56.98900225,-19.4007039,2.531605202e-12,-9.528640762e-10,0.3404289096,1.688365095e-09,
3252458000,-0.8402813631,0.9077911235,127.6662539,-592.3337461,20.68988579,-0.5547156782,0.7185925412,24.67876884,2.998369044,24.4959469,-1.997626095e-12,1.198678364e-09,8.169757138,4.064732818e-10,-14.39400818,0.1906775622,-67.54387561,-1147.543876,1.471202955,0.07283422152,-0.1762189232,57.5997269,54.09528676,-19.78455177,2.473330875e-12,-9.681321671e-10,0.3657352231,1.769696184e-09,
3264456000,-0.8461086269,0.9071823011,125.9163841,-594.0836159,20.54761456,-0.5321567392,0.7347032954,25.63007882,3.065505647,25.44609235,-1.915967833e-12,1.240596099e-09,8.300781428,3.931444652e-10,-14.44374363,0.1895888615,-75.39291986,-1155.39292,1.467883158,0.0478122136,-0.1834609731,54.84950082,51.26215367,-19.51049311,2.498855058e-12,-9.512125209e-10,0.3806022907,1.787674772e-09,
3276454000,-0.8599599302,0.9057367792,124.2040502,-595.7959498,20.21718295,-0.5091525413,0.749081306,26.57754163,3.164179951,26.38851425,-1.840776739e-12,1.281831664e-09,8.339764066,3.67545265e-10,-14.59721625,0.1862684014,-83.24756908,-1163.247569,1.457812875,0.02190135126,-0.1849763449,52.16345801,48.70878457,-18.66763664,2.602116387e-12,-9.067872302e-10,0.3832498965,1.776381824e-09,
3288452000,-0.8800686652,0.9036423301,122.7050526,-597.2949474,19.75600211,-0.4882510772,0.7603817109,27.42117184,3.283670535,27.22385301,-1.777784164e-12,1.317583707e-09,8.290677374,3.505120088e-10,-14.80937088,0.1817738711,-90.66623201,-1170.666232,1.444312067,-0.002113608424,-0.1817615825,49.79581642,46.61077791,-17.52309093,2.761963341e-12,-8.480849165e-10,0.3759450435,1.769014887e-09,
3300450000,-0.9369621993,0.8977427159,121.3342651,-598.6657349,18.55850889,-0.4668531616,0.7668051313,28.21236643,3.541659262,27.98918129,-1.722886939e-12,1.349699755e-09,7.90284418,3.386397271e-10,-15.08702471,0.1760551625,-98.27067195,-1178.270672,1.427346964,-0.02532547748,-0.1742241098,47.60106893,44.79303967,-16.10730769,2.993808513e-12,-7.767297304e-10,0.3595939863,1.796523202e-09,
3312448000,-0.9919994678,0.8920722434,119.7814791,-600.2185209,17.53091422,-0.4430864218,0.7742527431,29.11879527,3.807041794,28.86885295,-1.664338019e-12,1.387077065e-09,7.583014454,3.140691448e-10,-15.29832284,0.171824013,-106.0857215,-1186.085722,1.414945653,-0.04760817489,-0.1650967992,45.57102521,43.14226602,-14.67866552,3.273290033e-12,-7.052736148e-10,0.3402386307,1.890812249e-09,
3324446000,-1.085166761,0.8825547606,118.3524379,-601.6475621,16.02921302,-0.4191198154,0.776686221,29.9759814,4.224017061,29.6768789,-1.613179239e-12,1.420754607e-09,7.025747875,2.788422421e-10,-15.5306722,0.1672886167,-114.336258,-1194.336258,1.401792554,-0.06893813865,-0.1524237984,43.68859936,41.68652551,-13.07391698,3.661804262e-12,-6.259023346e-10,0.3136245302,2.068263161e-09,
3336444000,-1.196968602,0.8712676116,117.4132033,-602.5867967,14.53610575,-0.4011354085,0.7734323726,30.55990593,4.702405163,30.19594734,-1.579747339e-12,1.440406097e-09,6.421383589,2.247997681e-10,-15.78230609,0.1625117232,-123.4681766,-1203.468177,1.38809313,-0.08962094799,-0.1355660202,41.91252643,40.37607764,-11.24420854,4.242358835e-12,-5.363708699e-10,0.2784868962,2.305525358e-09,
3348442000,-1.272257898,0.8637481001,116.4964144,-603.5035856,13.6786944,-0.3853541386,0.7730219714,31.12641639,5.044944803,30.71485519,-1.547493662e-12,1.459909125e-09,6.088244051,1.901338523e-10,-16.18239894,0.1551958318,-134.2464829,-1214.246483,1.367412562,-0.1082873467,-0.1111737233,40.33831703,39.33043332,-8.960850188,5.304300677e-12,-4.25918562e-10,0.2278350232,2.511959178e-09,
3360440000,-1.312692041,0.8597365652,115.8546251,-604.1453749,13.25888367,-0.374921878,0.7736798737,31.5226757,5.240136829,31.08408032,-1.523652623e-12,1.472183712e-09,5.931921499,2.084036508e-10,-16.90926664,0.142737034,-145.9216569,-1225.921657,1.333006416,-0.1182251154,-0.07997926569,39.48840877,38.97228521,-6.363600619,7.44253817e-12,-3.013886558e-10,0.163285283,2.572828559e-09,
3372438000,-1.316696904,0.8593402519,115.0255203,-604.9744797,13.21870881,-0.3635197466,0.778664923,32.02463147,5.303869072,31.5823684,-1.494278206e-12,1.49046181e-09,5.954590502,2.676613623e-10,-18.03622763,0.1253685545,-157.3587931,-1237.358793,1.286677446,-0.1157068507,-0.04826177755,39.6511756,39.4618827,-3.8698243,1.21950872e-11,-1.826280176e-10,0.09806486755,2.403298281e-09,
3384436000,-1.318990613,0.8591133533,113.6478818,-606.3521182,13.19580951,-0.3446029882,0.7869717493,32.86780461,5.395423263,32.42193683,-1.450423643e-12,1.524659208e-09,6.009155399,3.566918985e-10,-19.51255391,0.1057723869,-167.4758563,-1247.475856,1.236567033,-0.1032555028,-0.02293684723,40.64534392,40.60167421,-1.883622384,2.496548359e-11,-8.857836677e-11,0.04639272691,2.063365347e-09,
3396434000,-1.353995656,0.855658004,111.8192643,-608.1807357,12.85598132,-0.3180309623,0.7943594444,34.01594299,5.655095881,33.54257397,-1.397013381e-12,1.571785717e-09,5.931389082,4.412934672e-10,-21.11516853,0.08795116038,-175.3719742,-1255.371974,1.192865023,-0.08766439831,-0.007096469629,41.94050037,41.93621068,-0.5998380823,7.81201228e-11,-2.810806742e-11,0.01430358329,1.705451771e-09,
3408432000,-1.474724491,0.8438471257,109.7544922,-610.2455078,11.80796149,-0.2852123192,0.794186316,35.36156582,6.30715661,34.79454142,-1.342005762e-12,1.624712847e-09,5.516676305,4.865493821e-10,-22.66397609,0.07358701653,178.5236703,-1261.47633,1.15886439,-0.07356258962,0.001895893156,43.14782923,43.14751566,0.1644969182,-2.838623094e-10,7.681097247e-12,0.003812430812,1.487266344e-09,
3420430000,-1.754460478,0.8171033219,107.4418648,-612.5581352,9.935135734,-0.2449168792,0.7795341949,36.94329794,7.702049958,36.13150549,-1.287814667e-12,1.681223618e-09,4.691154392,4.694857574e-10,-24.07246256,0.06257154405,172.809825,-1267.190175,1.133496148,-0.06207949262,0.007831648728,44.15524974,44.14979159,0.6942494425,-6.702300337e-11,3.230390053e-11,0.01572486341,1.535575317e-09,
3432428000,-2.150058057,0.7807232217,105.3288664,-614.6711336,8.120892852,-0.2063911901,0.752948488,38.46334741,9.654084516,37.23207953,-1.245378609e-12,1.726378383e-09,3.856614211,3.447827313e-10,-25.27389178,0.05448857004,166.3136452,-1273.686355,1.115257348,-0.05294139415,0.01289236406,44.9728432,44.95781142,1.162676937,-3.988041214e-11,5.391104539e-11,0.02586151105,1.902457775e-09,
3444426000,-2.775563658,0.7264769127,103.8928749,-616.1071251,6.311997024,-0.1744324292,0.7052248098,39.62957885,12.58187279,37.57924955,-1.229575412e-12,1.736406392e-09,2.986777102,3.879424528e-11,-26.41073853,0.04780387185,157.5701395,-1282.42986,1.100407617,-0.04418738026,0.01823967078,45.76960231,45.73903951,1.67235172,-2.762966706e-11,7.727355524e-11,0.03656289545,2.576320889e-09,
3456424000,-3.562219462,0.6635734891,104.0829214,-615.9170786,4.944834712,-0.1614646184,0.6436295149,39.80305314,15.87033501,36.50226713,-1.261459409e-12,1.680788077e-09,2.300031292,-4.623965426e-10,-27.57952608,0.04178531651,145.057274,-1294.942726,1.087214937,-0.03425246828,0.02393284547,46.69002607,46.63644485,2.236190072,-2.059133028e-11,1.02967895e-10,0.04794941122,3.61061524e-09,
3468422000,-4.410176463,0.6018540355,107.2270213,-612.7729787,4.023283364,-0.1782442105,0.5748541393,38.24817228,18.55371858,33.44670701,-1.3719391e-12,1.534763864e-09,1.802695608,-1.027176391e-09,-28.91520239,0.03582942847,127.7987542,-1312.201246,1.074321763,-0.02195949387,0.02831127997,47.85292115,47.77619776,2.708687894,-1.694061734e-11,1.242931419e-10,0.05669534248,4.967554959e-09,
3480420000,-4.972669456,0.5641135443,113.6478939,-606.3521061,3.588350874,-0.2262743403,0.5167436635,34.95957363,19.25080169,29.18181665,-1.567025817e-12,1.334445374e-09,1.515875397,-1.400767177e-09,-30.3371467,0.03041884117,103.2230469,-1336.776953,1.062746354,-0.006958080821,0.02961234556,49.3096012,49.22319032,2.917928219,-1.567161926e-11,1.334329476e-10,0.05927954282,6.359971596e-09,
3492418000,-4.909467638,0.5682332178,121.2937009,-598.7062991,3.632130313,-0.2951546352,0.4855643429,30.93979711,17.69578784,25.37971903,-1.795589693e-12,1.156593437e-09,1.434223741,-1.374101875e-09,-31.44691761,0.02677035433,71.20594912,-1368.794051,1.055013438,0.008624535485,0.02534303175,50.86939324,50.80408178,2.57690566,-1.768460624e-11,1.174336158e-10,0.05072241382,7.263082814e-09,
3504416000,-4.246117172,0.613329906,127.3011098,-592.6988902,4.172367946,-0.371680259,0.4878804757,27.32042911,14.71612155,23.01828867,-1.973019806e-12,1.045387997e-09,1.564154563,-9.981590821e-10,-31.45287612,0.02675199621,36.00118593,-1403.998814,1.054974675,0.02164249409,0.01572487681,52.2115661,52.18572741,1.642403687,-2.765187378e-11,7.459064944e-11,0.03147227736,7.258350621e-09,
3516414000,-3.429063218,0.6738245642,130.0760671,-589.9239329,5.131669588,-0.43381099,0.5156040809,25.12893233,11.7579684,22.20840875,-2.037993005e-12,1.005165498e-09,1.888796431,-4.82127355e-10,-30.59442629,0.02953103618,4.55324302,-1435.446757,1.060859311,0.02943783605,0.002344334983,53.03305345,53.03246951,0.2488687811,-1.818652444e-10,1.12639458e-11,0.004692762441,6.387939927e-09,
3528412000,-2.655646752,0.7365761668,130.8133536,-589.1866464,6.592327451,-0.481423984,0.5574723286,24.05096228,9.129419154,22.25089869,-2.027184537e-12,1.003664117e-09,2.437274301,-6.148418719e-11,-29.57856639,0.03319492415,-20.20484338,-1460.204843,1.068669321,0.03115223567,-0.01146478096,53.21495357,53.20093895,-1.221219889,3.693575429e-11,-5.508517202e-11,0.02295485594,5.112032945e-09,
3540410000,-2.025226474,0.79202461,129.9497942,-590.0502058,8.616522416,-0.5085717627,0.6071719238,24.01730563,7.046786842,22.96026491,-1.957896267e-12,1.032151546e-09,3.258260173,1.821601073e-10,-28.83807215,0.03614900873,-38.64754208,-1478.647542,1.075009538,0.02823246726,-0.02257606309,52.90374547,52.84975918,-2.389401347,1.881384097e-11,-1.074127108e-10,0.04521120596,3.884901066e-09,
3552408000,-1.522594461,0.8392092787,128.6920834,-591.3079166,11.43852869,-0.5246189394,0.6550169325,24.38701809,5.370014576,23.78843405,-1.883351742e-12,1.065769154e-09,4.429863963,2.964116077e-10,-28.42968406,0.03788923155,-52.79992982,-1492.79993,1.078762722,0.02290783283,-0.03017987844,52.34230588,52.24694341,-3.158146618,1.41861649e-11,-1.414912491e-10,0.06044653355,2.888813853e-09,
3564406000,-1.161882783,0.8747941313,127.2026997,-592.7973003,14.97369214,-0.5289325888,0.6967747762,25.02862394,4.157357825,24.68093175,-1.809136828e-12,1.10203279e-09,5.936686903,3.331929616e-10,-28.30512708,0.03843648336,-63.04909114,-1503.049091,1.079945802,0.01742044885,-0.03426209589,51.77081388,51.64933625,-3.544465485,1.259743754e-11,-1.582645755e-10,0.06862557668,2.122894068e-09,
3576404000,-0.8430158191,0.9075053814,125.7854772,-594.2145228,20.62287959,-0.5306656556,0.7361793119,25.70095038,3.057890153,25.51838863,-1.74389492e-12,1.135603721e-09,8.345096571,3.481777256e-10,-28.34877304,0.03824382725,-70.39204833,-1510.392048,1.079529154,0.01283395181,-0.0360261017,51.29837303,51.16534366,-3.691975596,1.205354346e-11,-1.642980395e-10,0.07215774061,1.499640487e-09,
3588402000,-0.6115012458,0.9320193687,124.2073288,-595.7926712,28.42014456,-0.5239711919,0.7707880991,26.52334464,2.251590625,26.42760206,-1.67826788e-12,1.172132749e-09,11.73730329,3.519343153e-10,-28.46388343,0.03774034173,-75.69835228,-1515.698352,1.078441076,0.00932287886,-0.03657071675,50.93979245,50.80369532,-3.721155269,1.191903925e-11,-1.650428952e-10,0.07324575989,9.789509353e-10,
3600400000,-0.4000120062,0.954991266,122.6703834,-597.3296166,43.43581992,-0.5155093138,0.8039020248,27.35635924,1.494918048,27.31548299,-1.618305442e-12,1.20747532e-09,18.27222772,3.411087787e-10,-28.64211972,0.03697379371,-78.86213507,-1518.862135,1.076786682,0.007142243597,-0.03627740037,50.71840991,50.58507589,-3.675214346,1.202781406e-11,-1.624620959e-10,0.07265412339,5.399482398e-10,
3612398000,-0.2695169687,0.9694471798,121.1597323,-598.8402677,64.46040542,-0.5016169134,0.8295832125,28.20629288,1.022271576,28.18776186,-1.563017875e-12,1.241895726e-09,27.57365315,3.289174093e-10,-28.82733907,0.03619370535,-79.95586375,-1519.955864,1.075105767,0.006312426375,-0.03563898961,50.63444164,50.50596918,-3.604685503,1.222241874e-11,-1.588151461e-10,0.07137147473,1.307837965e-10,
3624396000,-0.1153723623,0.9868050921,119.9425538,-600.0574462,150.5736239,-0.4925454568,0.8550925464,28.9026386,0.443001281,28.89924338,-1.519490596e-12,1.269027291e-09,65.23512373,3.110293629e-10,-28.90599942,0.03586741098,-79.92423076,-1519.924231,1.074403482,0.006275016378,-0.03531423707,50.63067258,50.50453741,-3.571653244,1.229462256e-11,-1.568388964e-10,0.07071945268,-1.99801822e-10,
3636394000,-0.004512926938,0.999480565,118.4678116,-601.5321884,3849.33767,-0.4764173753,0.8786284109,29.76589573,0.01759268014,29.76589053,-1.470382478e-12,1.302770991e-09,1691.947463,2.922072723e-10,-28.88002242,0.03597484067,-77.99176361,-1517.991764,1.074634651,0.007484648322,-0.03518762852,50.75316944,50.62762881,-3.567549474,1.226815331e-11,-1.56141808e-10,0.07046645396,-4.638766722e-10,
3648392000,0.1145367706,1.013273859,117.2992292,-602.7007708,nan,-0.464725491,0.9004188641,30.46227082,-0.4520015531,30.45891722,-1.432201672e-12,1.328718854e-09,-67.38675346,2.794574673e-10,-28.54734639,0.0373794305,-75.52918507,-1515.529185,1.077661815,0.009340627054,-0.03619357002,50.94162446,50.8083114,-3.68301434,1.184445895e-11,-1.606652843e-10,0.07248842244,-6.255036047e-10,
3660390000,0.2189887996,1.025532528,116.1707695,-603.8292305,nan,-0.4523091141,0.9203985178,31.1453753,-0.874680352,31.13309071,-1.396595166e-12,1.353676871e-09,-35.59367789,2.617031998e-10,-27.94953326,0.04004269849,-72.13532043,-1512.13532,1.083425999,0.01228389627,-0.03811198754,51.24184019,51.0931514,-3.900777675,1.114657835e-11,-1.696070771e-10,0.07634639024,-6.460044261e-10,
3672388000,0.2809638781,1.032876018,115.0557996,-604.9442004,nan,-0.4374237199,0.9356780206,31.82788212,-1.135964177,31.8076039,-1.362512884e-12,1.378486529e-09,-28.00053429,2.535801089e-10,-27.13979343,0.04395520689,-69.3438263,-1509.343826,1.091952191,0.01550560393,-0.04112950839,51.57227917,51.39800723,-4.236134005,1.023061831e-11,-1.835867197e-10,0.0824182538,-5.756954628e-10,
3684386000,0.3677432907,1.043247048,113.9376794,-606.0623206,nan,-0.423289916,0.953514578,32.52319531,-1.505384707,32.48833714,-1.329619957e-12,1.403403294e-09,-21.58141834,2.43108191e-10,-26.07461597,0.04969002345,-67.13307301,-1507.133073,1.104576453,0.01930915289,-0.04578487791,51.9647325,51.74716404,-4.750203897,9.093744681e-12,-2.051952295e-10,0.0917964102,-3.800223552e-10,
3696384000,0.4340679082,1.051243674,112.9393568,-607.0606432,nan,-0.4097291872,0.9681091134,33.15133905,-1.797071081,33.10259531,-1.300711576e-12,1.425296093e-09,-18.42030383,2.398390423e-10,-24.8206546,0.05740731961,-65.59735929,-1505.597359,1.121807268,0.02371762754,-0.05227881491,52.42259613,52.13650742,-5.469294251,7.872483529e-12,-2.354910137e-10,0.1049033493,-1.097276902e-10,
3708382000,0.4949162441,1.058633937,111.9787292,-608.0212708,nan,-0.3962068301,0.9816954519,33.76273808,-2.071762138,33.699114,-1.273553473e-12,1.446285892e-09,-16.26591846,2.346331696e-10,-23.42084964,0.06744620498,-65.80143915,-1505.801439,1.144648395,0.02764620773,-0.06151973476,52.83219306,52.43319012,-6.480833146,6.622238639e-12,-2.78141958e-10,0.1236017326,2.28468757e-10,
3720380000,0.5298078794,1.062895073,110.8556149,-609.1443851,nan,-0.3784057342,0.9932547694,34.4829815,-2.24741653,34.40966626,-1.243232544e-12,1.472018577e-09,-15.31076496,2.34294696e-10,-21.97452891,0.07966609949,-67.63992014,-1507.63992,1.17312434,0.03030706494,-0.07367611026,53.10801505,52.53352571,-7.790374739,5.491291288e-12,-3.332661309e-10,0.1482933923,6.270263723e-10,
3732378000,0.5523281641,1.065654463,109.9123186,-610.0876814,nan,-0.3629424137,1.00194423,35.09469614,-2.369722749,35.01459854,-1.21782633e-12,1.493082008e-09,-14.77582074,2.27910975e-10,-20.47763616,0.09464947119,-71.04589525,-1511.045895,1.209089117,0.03074315794,-0.08951748788,53.14579536,52.29923742,-9.448033121,4.513288585e-12,-4.028801943e-10,0.180653363,1.052805772e-09,
3744376000,0.5830081793,1.069425189,108.9126401,-611.0873599,nan,-0.3466286452,1.011691068,35.75129003,-2.532144946,35.66150559,-1.19190325e-12,1.515794592e-09,-14.08351668,2.282271919e-10,-18.95216368,0.1128214861,-76.51664359,-1516.516644,1.254337733,0.0263057843,-0.1097118656,52.66863545,51.41410837,-11.42692525,3.719728927e-12,-4.85702194e-10,0.2222527165,1.488403193e-09,
3756374000,0.6131892873,1.073147614,108.02816,-611.97184,nan,-0.3321224312,1.020460922,36.33926475,-2.692679152,36.23936591,-1.169151297e-12,1.535436626e-09,-13.45847904,2.52628749e-10,-17.53086929,0.1328790564,-84.09989201,-1524.099892,1.306483328,0.01365922441,-0.132175146,51.36073227,49.59633806,-13.34646285,3.174571579e-12,-5.654803104e-10,0.2691017799,1.89494251e-09,
3768372000,0.6158652954,1.073478288,106.8688085,-613.1311915,nan,-0.3115032884,1.027288341,37.11619766,-2.744788294,37.01456829,-1.141021098e-12,1.563288208e-09,-13.48540009,2.617540063e-10,-16.30949191,0.1529415208,-93.25707248,-1533.257072,1.361112071,-0.008689529514,-0.152694469,49.15799692,46.9176059,-14.67129571,2.878709843e-12,-6.19633421e-10,0.3127034176,2.210843215e-09,
3780370000,0.6240432095,1.074489462,105.4783629,-614.5216371,nan,-0.2867537879,1.03551913,38.06393708,-2.832214277,37.95842289,-1.10911777e-12,1.598063321e-09,-13.40238385,2.587166803e-10,-15.28202275,0.1721467636,-103.5996172,-1543.599617,1.415887155,-0.04047783591,-0.167320211,46.21177987,43.68692922,-15.06588245,2.794417221e-12,-6.342790954e-10,0.344860184,2.39164474e-09,
3792368000,0.613274826,1.073158183,104.5345944,-615.4654056,nan,-0.2693246206,1.038813137,38.7157781,-2.81878388,38.613028,-1.086865487e-12,1.620479414e-09,-13.69847056,2.324537918e-10,-14.57707169,0.1867009017,-114.5130354,-1554.513035,1.459119903,-0.0774622522,-0.1698729707,42.99927077,40.55965679,-14.27765835,2.939359276e-12,-5.991928795e-10,0.3520162516,2.429193056e-09,
3804366000,0.5719263265,1.068061637,103.6079181,-616.3920819,nan,-0.2512897321,1.03807954,39.36173167,-2.66246341,39.27158271,-1.065269359e-12,1.642919349e-09,-14.75009293,1.992550147e-10,-14.08591375,0.1975624086,-125.122827,-1565.122827,1.492405667,-0.1136638102,-0.1615903572,40.03043567,37.94222075,-12.76023764,3.278529362e-12,-5.338221651e-10,0.3363070844,2.343061726e-09,
3816364000,0.5442177361,1.064659875,102.7838658,-617.2161342,nan,-0.235581434,1.03826877,39.9442093,-2.56272354,39.86191546,-1.046193885e-12,1.662373109e-09,-15.55451255,1.807203769e-10,-13.86355624,0.20268527,-134.9572925,-1574.957292,1.50841973,-0.1432132602,-0.143426918,37.69863505,36.11725118,-10.80422381,3.859906363e-12,-4.505717026e-10,0.2991430259,2.177762292e-09,
3828362000,0.4897269845,1.05800166,102.0505362,-617.9494638,nan,-0.2208836187,1.034687363,40.46672279,-2.33036378,40.39956754,-1.029035645e-12,1.679514861e-09,-17.33616352,1.348354895e-10,-13.78095907,0.2046218687,-143.9791869,-1583.979187,1.514527269,-0.165498868,-0.1203338432,35.97919614,34.89519746,-8.765143975,4.742944915e-12,-3.643897809e-10,0.2511848224,2.002628913e-09,
3840360000,0.4041634823,1.047630598,101.4103758,-618.5896242,nan,-0.2072578488,1.02692456,40.92607863,-1.941244023,40.88001325,-1.013764703e-12,1.694178718e-09,-21.05866793,7.48950209e-11,-13.68152077,0.206977893,-152.116681,-1592.116681,1.521997788,-0.1829481374,-0.09679786792,34.66022788,33.97230099,-6.871256181,6.031315588e-12,-2.847635082e-10,0.202260547,1.90332753e-09,
3852358000,0.3163303216,1.037090166,101.3827019,-618.6172981,nan,-0.2046815457,1.016691436,40.94270379,-1.520291181,40.9144682,-1.009756324e-12,1.690325733e-09,-26.91225781,1.308118003e-11,-13.57451033,0.2095436399,-159.7927078,-1599.792708,1.530183956,-0.1966460336,-0.07238006974,33.64138252,33.26228295,-5.036184199,8.20336218e-12,-2.08063116e-10,0.1514082544,1.922315064e-09,
3864356000,0.2448497252,1.028590446,101.5003201,-618.4996799,nan,-0.2050735843,1.007940044,40.85484955,-1.174936953,40.83795116,-1.008507327e-12,1.681926249e-09,-34.75756811,-6.418499846e-11,-13.42791712,0.2131101546,-168.1555547,-1608.155555,1.54165181,-0.2085727119,-0.04374199165,32.77074355,32.63398333,-2.990779929,1.377078018e-11,-1.231763868e-10,0.09164618056,2.04272853e-09,
3876354000,0.1905309138,1.022178038,101.7230577,-618.2769423,nan,-0.2076875137,1.000856552,40.69174768,-0.911460911,40.68153842,-1.009251335e-12,1.670298412e-09,-44.63333307,-1.184698593e-10,-13.33615015,0.2153736124,-177.4748351,-1617.474835,1.548983863,-0.2151644776,-0.009488968374,32.29476208,32.28836877,-0.6425728724,6.389609446e-11,-2.638269078e-11,0.01990106335,2.177105227e-09,
3888352000,0.1928515485,1.022451173,102.6263628,-617.3736372,nan,-0.2234999078,0.997724507,40.04093604,-0.9108948706,40.03057369,-1.022498652e-12,1.638499724e-09,-43.94642563,-1.409901597e-10,-13.48748304,0.2116536917,172.6088002,-1627.3912,1.536956131,-0.2098950469,0.02722782543,32.66290952,32.60995993,1.859078251,-2.201693641e-11,7.609431792e-11,0.05700952271,2.198638355e-09,
3900350000,0.3133250541,1.036731401,103.378203,-616.621797,nan,-0.2398766462,1.008598628,39.50934562,-1.464280389,39.48220199,-1.033511195e-12,1.611083008e-09,-26.96355308,-1.398072098e-10,-13.9491369,0.2006980509,162.8074794,-1637.192521,1.502183314,-0.191730251,0.05932300129,33.96077172,33.70419287,4.166701262,-9.793190149e-12,1.700234857e-10,0.1236256058,1.991775652e-09,
3912348000,0.5306457451,1.062997608,103.7176273,-616.2823727,nan,-0.2520761028,1.032676887,39.2814644,-2.466935941,39.2039242,-1.03765531e-12,1.594821914e-09,-15.89174795,-7.016966798e-11,-14.71509017,0.1837576768,154.2206146,-1645.779385,1.450252753,-0.1654692503,0.07991752609,35.88188068,35.40079519,5.856027756,-6.946715729e-12,2.382241468e-10,0.165420797,1.590242148e-09,
3924346000,0.7487224568,1.090024157,104.1967579,-615.8032421,nan,-0.2673311805,1.056733979,38.96384089,-3.455112838,38.81034774,-1.044973571e-12,1.573984222e-09,-11.23272946,3.685731559e-12,-15.62210549,0.1655368647,148.704074,-1651.295926,1.396750576,-0.1414505503,0.08598950737,37.68918883,37.1134438,6.562563849,-6.179869422e-12,2.66149946e-10,0.1768244382,1.050392094e-09,
3936344000,0.9300474178,1.113018469,103.7324976,-616.2675024,nan,-0.2642185213,1.081202426,39.30895101,-4.314940063,39.07140798,-1.034827652e-12,1.579741942e-09,-9.054913258,5.958848191e-11,-16.55251706,0.1487216336,145.3169974,-1654.683003,1.34940776,-0.1222957159,0.08462790409,39.17320763,38.59929338,6.680924106,-6.051883353e-12,2.701242818e-10,0.1730841039,5.200103239e-10,
3948342000,1.092480733,1.134028676,103.2911694,-616.7088306,nan,-0.2607129028,1.103652944,39.64028644,-5.093970678,39.31162388,-1.025378918e-12,1.584624448e-09,-7.717285073,1.123043257e-10,-17.28331793,0.1367206465,144.5746002,-1655.4254,1.316747171,-0.1114096782,0.07924909319,40.03284886,39.52066313,6.383272985,-6.31483417e-12,2.573053319e-10,0.1615173552,1.239556005e-10,
3960340000,1.269967113,1.15743965,102.8835249,-617.1164751,nan,-0.2580741094,1.12830151,39.95398049,-5.946928829,39.50891791,-1.017167614e-12,1.587752461e-09,-6.643583443,1.325777101e-10,-17.71217426,0.1301341521,145.0550006,-1654.944999,1.299205107,-0.1066712594,0.07453951945,40.40977041,39.95298497,6.058757029,-6.632910279e-12,2.434844307e-10,0.1516471682,-1.120938408e-10,
3972338000,1.394531189,1.174158049,102.1958751,-617.8041249,nan,-0.2480460877,1.1476586,40.46174437,-6.585764546,39.92218008,-1.00359777e-12,1.599514518e-09,-6.061889976,1.662009316e-10,-17.89919005,0.1273621839,146.1580777,-1653.841922,1.291901592,-0.105784128,0.0709284439,40.4773759,40.06301441,5.776922732,-6.935493644e-12,2.314570937e-10,0.1441959078,-1.472175865e-10,
3984336000,1.498033105,1.188233125,101.4169435,-618.5830565,nan,-0.235207441,1.164721177,41.03611618,-7.145268088,40.40925606,-9.885151304e-13,1.61415424e-09,-5.655386972,2.003640173e-10,-17.83666239,0.1282823421,146.9460821,-1653.053918,1.294320852,-0.1075208285,0.0699687839,40.33497562,39.93281466,5.6815994,-7.030619059e-12,2.269524029e-10,0.1422789615,-4.498129824e-11,
3996334000,1.592303174,1.201199544,100.4351182,-619.5648818,nan,-0.2175636288,1.181332473,41.76179788,-7.694217769,41.04688508,-9.702377055e-13,1.634701869e-09,-5.334770384,2.070237598e-10,-17.51291545,0.1331540032,146.8084293,-1653.191571,1.3072149,-0.1114292434,0.07289384256,40.02253531,39.58887379,5.875747196,-6.777901477e-12,2.340030164e-10,0.148419155,1.373220384e-10,
4008332000,1.695187673,1.215512372,99.43676185,-620.5632382,nan,-0.199294106,1.199063045,42.50950767,-8.300775528,41.69119053,-9.523841275e-13,1.655391583e-09,-5.022565709,2.021212043e-10,-17.0021368,0.1412190092,145.7012589,-1654.298741,1.328882476,-0.1166625311,0.07957802709,39.6122874,39.10006848,6.349642319,-6.253270046e-12,2.521190765e-10,0.1623946598,3.724039998e-10,
4020330000,1.789140145,1.228731543,98.714998,-621.285002,nan,-0.1861768722,1.214544926,43.05846473,-8.843812202,42.14046002,-9.394186045e-13,1.668236815e-09,-4.764965499,1.866398136e-10,-16.35280618,0.1521807398,143.8148276,-1656.185172,1.358993354,-0.122827073,0.08984702393,39.14017126,38.49428274,7.081186525,-5.590522436e-12,2.803266991e-10,0.18395424,6.508221646e-10,
4032328000,1.892214331,1.243399581,97.91191326,-622.0880867,nan,-0.1711545682,1.23156349,43.67415347,-9.452493717,42.6389733,-9.256728825e-13,1.682949247e-09,-4.510870314,1.72609168e-10,-15.62533419,0.1654753433,140.4002972,-1659.599703,1.396573887,-0.1275014905,0.1054772921,38.80395898,37.92222529,8.225087345,-4.798701785e-12,3.246420699e-10,0.2168935837,9.748012054e-10,
4044326000,1.974328185,1.255210054,97.16679447,-622.8332055,nan,-0.1565977929,1.245403313,44.24821187,-9.961968069,43.11221922,-9.127957247e-13,1.696580047e-09,-4.327680929,1.73219419e-10,-14.87438449,0.1804183785,135.4034944,-1664.596506,1.440269459,-0.1284703105,0.1266734804,38.77774271,37.51282092,9.823522605,-4.005961097e-12,3.865816408e-10,0.2618710714,1.326630793e-09,
4056324000,2.104352741,1.274141429,96.48312698,-623.516873,nan,-0.1438640886,1.265993485,44.78637578,-10.70768018,43.48752742,-9.022414579e-13,1.706287503e-09,-4.061339777,1.83530648e-10,-14.11661815,0.1968652636,128.8547287,-1671.145271,1.490242184,-0.1235030188,0.1533066742,39.23590943,37.38032741,11.92341023,-3.290690279e-12,4.678299062e-10,0.3189755429,1.668512445e-09,
4068322000,2.16785572,1.283490877,95.68847528,-624.3115247,nan,-0.1272190998,1.277170361,45.40466506,-11.15431325,44.01323556,-8.888357544e-13,1.721821429e-09,-3.945848978,1.931450761e-10,-13.53631531,0.2104671086,120.9371626,-1679.062837,1.533143358,-0.1082006551,0.1805242976,40.51838961,37.90375701,14.31939597,-2.731996344e-12,5.60182466e-10,0.3777830247,1.961704086e-09,
4080320000,2.260710008,1.29728531,94.68747157,-625.3125284,nan,-0.1060149074,1.292946254,46.19304403,-11.79540816,44.66168003,-8.73355082e-13,1.742051394e-09,-3.78636156,2.005352208e-10,-13.13885416,0.2203217091,111.5996009,-1688.400399,1.565160558,-0.08110440376,0.2048505094,42.78003197,39.29209088,16.91930052,-2.305385213e-12,6.599458649e-10,0.4306032115,2.14331327e-09,
4092318000,2.323245387,1.306659016,93.89338386,-626.1066161,nan,-0.08872225706,1.303643412,46.82359915,-12.26007384,45.19004345,-8.606131919e-13,1.757492647e-09,-3.685951981,2.021035119e-10,-13.0801294,0.2218163373,101.6653121,-1698.334688,1.570087366,-0.0448500256,0.21723481,45.89335047,41.74182953,19.0740474,-2.038956218e-12,7.418115913e-10,0.4569528362,2.171720986e-09,
4104316000,2.421392987,1.321507552,93.04983385,-626.9501661,nan,-0.07031016062,1.319635818,47.50220679,-12.92659431,45.70954834,-8.483448172e-13,1.772500111e-09,-3.536085935,2.100909479e-10,-13.25540502,0.2173850878,92.20280327,-1707.797197,1.555535256,-0.008355565243,0.2172244483,49.20841235,44.77316304,20.41645702,-1.89932359e-12,7.916983134e-10,0.4559976475,2.038405362e-09,
4116314000,2.473272427,1.329424326,92.14258586,-627.8574141,nan,-0.04970247305,1.328494901,48.23510931,-13.38384266,46.34111054,-8.343440982e-13,1.791752721e-09,-3.462466776,2.235276817e-10,-13.78094439,0.2046222145,83.73420634,-1716.265794,1.514528362,0.0223326493,0.2033998609,52.19149788,48.04076371,20.39699668,-1.895594371e-12,7.886382927e-10,0.4245768614,1.748616729e-09,
4128312000,2.550261508,1.341260316,91.02566242,-628.9743376,nan,-0.02400886837,1.341045417,49.14946081,-14.03196498,47.1038582,-8.184480886e-13,1.815950895e-09,-3.35689679,2.257137494e-10,-14.40013098,0.1905431984,76.54293625,-1723.457064,1.470792754,0.04434257003,0.1853117561,54.47876121,50.84800302,19.55545989,-1.971421942e-12,7.539033159e-10,0.384586586,1.376855946e-09,
4140310000,2.58558424,1.346725898,90.07807635,-629.9219237,nan,-0.001835168392,1.346724648,49.9348192,-14.44040055,47.80126568,-8.04170016e-13,1.837497124e-09,-3.310245135,2.332920894e-10,-15.11115884,0.1755666643,71.73141931,-1728.268581,1.425908698,0.05503519335,0.1667176689,55.65715794,52.62953612,18.10666059,-2.122994707e-12,6.960262722e-10,0.3440399046,9.913191718e-10,
4152308000,2.667481569,1.359483931,89.20748419,-630.7925158,nan,0.01880379607,1.359353881,50.66461685,-15.08930277,48.36544575,-7.924928941e-13,1.85381233e-09,-3.205280355,2.467781624e-10,-15.79268721,0.16231761,68.46906503,-1731.530935,1.387539745,0.05957113451,0.1509910145,56.1840269,53.66225248,16.64354343,-2.302951426e-12,6.379349045e-10,0.3101536492,6.370768152e-10,
4164306000,2.692312998,1.363376016,88.01340569,-631.9865943,nan,0.04726233601,1.36255658,51.68148472,-15.5338357,49.29174181,-7.75359892e-13,1.883873174e-09,-3.173185474,2.541994439e-10,-16.35513907,0.1521398721,66.36221659,-1733.637783,1.358879648,0.06100097405,0.139375112,56.36424136,54.20070582,15.46645379,-2.471079676e-12,5.911099166e-10,0.2853552099,3.65609547e-10,
4176304000,2.690629372,1.363111773,86.72847784,-633.2715222,nan,0.07778980635,1.360890315,52.80004262,-15.87558891,50.35682851,-7.567800193e-13,1.919050475e-09,-3.171966017,2.667495631e-10,-16.73271866,0.1456679697,65.46897188,-1734.531028,1.341010203,0.06047929654,0.1325194781,56.31871525,54.36097511,14.72012475,-2.58890752e-12,5.609698471e-10,0.2707847811,1.594772087e-10,
4188302000,2.659913955,1.358299991,85.82778665,-634.1722133,nan,0.0988224671,1.35470033,53.60308316,-15.95905328,51.17224973,-7.425874954e-13,1.944538979e-09,-3.206471514,2.516863744e-10,-16.87812307,0.1432497414,65.33561587,-1734.664384,1.334402564,0.05977843963,0.1301807458,56.24495085,54.35732929,14.44905704,-2.629920601e-12,5.49062329e-10,0.2658161692,4.814585737e-11,
4200300000,2.583411633,1.346389083,84.53946345,-635.4605366,nan,0.1281225652,1.34027914,54.78284715,-15.89590658,52.4259525,-7.227589722e-13,1.986488938e-09,-3.2980788,2.282853105e-10,-16.76129362,0.1451895366,65.5382318,-1734.461768,1.339699952,0.06012094862,0.1321570016,56.27956156,54.33384721,14.67044977,-2.582833392e-12,5.558828176e-10,0.2700057243,7.068866118e-11,
4212298000,2.430039173,1.322823674,83.67239327,-636.3276067,nan,0.1457926524,1.314764988,55.61536125,-15.25178857,53.48318757,-7.064537921e-13,2.020776705e-09,-3.506682991,1.675438039e-10,-16.42282539,0.1509589028,65.28780944,-1734.712191,1.355598577,0.0631099338,0.1371339732,56.60304891,54.49729535,15.29542239,-2.470242384e-12,5.779130727e-10,0.2806638806,1.882022279e-10,
4224296000,2.185081451,1.286038803,82.87603365,-637.1239664,nan,0.1594900957,1.276110776,56.41866519,-14.00255752,54.6534003,-6.893640042e-13,2.059126258e-09,-3.903101289,6.886476151e-11,-15.93000807,0.1597716044,63.96625449,-1736.033746,1.380305177,0.07012382647,0.1435604909,57.37690847,55.03760342,16.21640637,-2.323331447e-12,6.109707354e-10,0.2946423057,4.006599954e-10,
4236294000,1.880086773,1.241664712,83.04115854,-636.9588415,nan,0.1504355202,1.232517915,56.31455706,-12.08757362,55.00199906,-6.830548269e-13,2.066391056e-09,-4.550292787,-8.975800188e-11,-15.32906114,0.1712170237,62.05711393,-1737.942886,1.41317698,0.08023078793,0.1512557102,58.50991064,55.86007968,17.40865134,-2.158086816e-12,6.540322542e-10,0.3116474492,6.350355017e-10,
4248292000,1.554143573,1.195933906,83.36784988,-636.6321501,nan,0.1381238353,1.187930854,56.04676962,-9.987369131,55.14973112,-6.793011855e-13,2.066089694e-09,-5.521947812,-2.95044434e-10,-14.77236341,0.1825499967,58.50076603,-1741.499234,1.446632812,0.09538003028,0.1556507344,60.26624759,57.36507808,18.47345163,-2.027952246e-12,6.920760492e-10,0.32203306,8.711990583e-10,
4260290000,1.282261615,1.159079116,85.36493487,-634.6350651,nan,0.09366395459,1.155288475,54.17016177,-7.964811097,53.58141665,-6.972150884e-13,2.001682354e-09,-6.727267728,-5.174871021e-10,-14.08992009,0.1974713046,54.30607296,-1745.693927,1.492122726,0.1152156463,0.1603754065,62.64935947,59.42668306,19.83460569,-1.883464322e-12,7.409766798e-10,0.3337659897,1.091565993e-09,
4272288000,1.055550911,1.129217358,88.0860431,-631.9139569,nan,0.03771432104,1.128587379,51.68608964,-6.253840121,51.30634801,-7.260867435e-13,1.911308156e-09,-8.203975001,-7.494442578e-10,-13.48785819,0.2116445506,49.02701163,-1750.972988,1.536926714,0.1387759994,0.1597956125,65.6411894,62.24941479,20.82729229,-1.788655896e-12,7.758761861e-10,0.3345781219,1.259688017e-09,
4284286000,0.9788933195,1.119295264,91.85792038,-628.1420796,nan,-0.03628883449,1.118706846,48.4143141,-5.436095623,48.108156,-7.721878543e-13,1.787147457e-09,-8.84976265,-9.208631757e-10,-12.89707909,0.2265405996,43.22009531,-1756.779905,1.585785368,0.1650865895,0.155135622,69.2041976,65.77568415,21.51232996,-1.726848455e-12,7.991515158e-10,0.3270559667,1.415474748e-09,
4296284000,1.081226205,1.132560238,96.30665509,-623.6933449,nan,-0.1244114727,1.125706213,44.81684349,-5.583467231,44.46767763,-8.33072313e-13,1.647295826e-09,-7.964169178,-1.011985828e-09,-12.26407971,0.2436666063,36.83902857,-1763.160971,1.644336501,0.1950120244,0.1460949189,73.57619502,70.26424708,21.8264073,-1.697246393e-12,8.08554698e-10,0.3106331912,1.667225448e-09,
4308282000,1.436657056,1.179866452,101.1419584,-618.8580416,nan,-0.2279980148,1.157627639,41.22460316,-6.883316562,40.64588366,-9.08865126e-13,1.50152504e-09,-5.904985379,-9.670419416e-10,-11.68889875,0.2603484897,29.83090563,-1770.169094,1.703976092,0.2258516007,0.1295082645,78.5236085,75.65750278,21.02140252,-1.757334038e-12,7.765647934e-10,0.2778495423,1.768845633e-09,
4320280000,2.032088282,1.263584861,105.2992748,-614.7007252,nan,-0.3334105656,1.218804372,38.44938207,-9.141298957,37.3469093,-9.864011503e-13,1.375824073e-09,-4.085514486,-8.053949924e-10,-11.11147782,0.2782441926,19.71553881,-1780.284461,1.771020309,0.2619332645,0.09386583868,85.04030002,83.33255049,16.95696483,-2.172501663e-12,6.246782089e-10,0.2034854895,1.881191504e-09,
4332278000,2.837016306,1.386279546,108.2462351,-611.7537649,nan,-0.434046068,1.316576997,36.80649875,-12.16100622,34.73943405,-1.057501703e-12,1.276222959e-09,-2.856624971,-5.835101358e-10,-10.59898496,0.2951554127,13.58114235,-1786.418858,1.837504942,0.2869023774,0.06930904357,89.94020256,88.92090467,13.50232385,-2.720791701e-12,4.960350152e-10,0.1518464516,1.995148283e-09,
4344276000,3.705849962,1.532118999,110.1481491,-609.8518509,nan,-0.5277364761,1.438361164,36.07462338,-15.30128307,32.66878003,-1.121423896e-12,1.196838743e-09,-2.135035335,-3.569415133e-10,-10.13387185,0.311391252,4.336946024,-1795.663054,1.904406901,0.3104996073,0.02354794389,94.99250811,94.86358497,4.947407728,-7.404999261e-12,1.81251006e-10,0.05215286487,2.124013516e-09,
4356274000,4.577164854,1.693784845,111.3192395,-608.6807605,nan,-0.6157993037,1.577877789,35.95372167,-18.32080197,30.93571265,-1.180986188e-12,1.130225414e-09,-1.688556685,-1.536387524e-10,-9.808412152,0.3232804131,-5.567818357,-1805.567818,1.955433888,0.3217551932,-0.03136592305,97.36276348,97.1247383,-6.803890239,5.369670597e-12,-2.485777441e-10,0.0700531127,2.414531236e-09,
4368272000,5.555788662,1.89578653,111.4714243,-608.5285757,nan,-0.6939282891,1.764219401,36.60527599,-21.68226273,29.49280782,-1.235362284e-12,1.074549879e-09,-1.360227398,9.9399369e-12,-9.545204207,0.333226698,-16.58102634,-1816.581026,1.999520218,0.319370175,-0.0950932362,96.23940941,94.10973595,-20.13408854,1.809582904e-12,-7.335714708e-10,0.2139426738,2.533969816e-09,
4380270000,6.489412096,2.110914314,110.9026415,-609.0973585,nan,-0.7531342626,1.971990878,37.65975024,-24.81934919,28.32413624,-1.282810706e-12,1.029143476e-09,-1.141211884,1.287162383e-10,-9.574763643,0.3320946031,-28.10505384,-1828.105054,1.994436052,0.292935773,-0.1564463431,89.92191269,84.82906674,-29.83252954,1.217949191e-12,-1.0839502e-09,0.3516781533,2.533967599e-09,
4392268000,7.481012335,2.36619546,110.1417813,-609.8582187,nan,-0.8147861817,2.221486987,38.85607091,-27.94499025,26.9976252,-1.342164465e-12,9.78265785e-10,-0.9660989309,2.149332782e-10,-9.771834552,0.3246446665,-39.11906197,-1839.119062,1.961404021,0.2518711955,-0.2048293446,81.76997318,74.34581656,-34.04450137,1.064349652e-12,-1.233611127e-09,0.457920875,2.381280543e-09,
4404266000,8.449454766,2.645286639,109.2042536,-610.7957464,nan,-0.870132007,2.498081602,40.08041062,-30.79513887,25.6534352,-1.408643391e-12,9.270264375e-10,-0.8330352174,2.867297057e-10,-10.2276613,0.3080469654,-49.0233784,-1849.023378,1.890369577,0.2020021149,-0.2325684382,73.64646019,65.50310225,-33.66221465,1.073504591e-12,-1.216436032e-09,0.5139026015,2.109499651e-09,
4416264000,9.493177617,2.983038653,107.6788332,-612.3211668,nan,-0.9058924529,2.84216088,41.55014157,-33.72465506,24.27059755,-1.484857016e-12,8.746727035e-10,-0.7196692601,3.701087729e-10,-10.72995733,0.2907382241,-57.54895118,-1857.548951,1.819833336,0.1560039828,-0.2453395041,67.22659289,59.25221335,-31.75830608,1.134769813e-12,-1.144517492e-09,0.5359851437,1.793815711e-09,
4428262000,10.6954052,3.425865118,105.9417861,-614.0582139,nan,-0.9409499927,3.294110642,43.08511566,-36.72260223,22.5339228,-1.594960828e-12,8.098855038e-10,-0.6136254359,5.304012694e-10,-11.07799595,0.2793188224,-64.44770751,-1864.447708,1.775152262,0.1204798964,-0.2519992046,62.76403001,55.07262703,-30.10530211,1.193833699e-12,-1.082006359e-09,0.5466472863,1.550544411e-09,
4440260000,12.02156855,3.990969674,103.779998,-616.220002,nan,-0.950626703,3.876099561,44.66686433,-39.64035723,20.58569521,-1.741190112e-12,7.378656093e-10,-0.5193115464,7.882404469e-10,-11.26347438,0.2734174831,-70.14685905,-1870.146859,1.752612337,0.09285542815,-0.2571672404,59.53518835,52.03569925,-28.92619326,1.239140202e-12,-1.03681916e-09,0.5558913145,1.473682594e-09,
4452258000,13.61632104,4.795302979,99.69891327,-620.3010867,nan,-0.8078679715,4.726762106,46.73925553,-42.94095699,18.45622442,-1.936854274e-12,6.597549711e-10,-0.4298046834,1.197830144e-09,-10.99168413,0.2821082542,-76.21060178,-1876.210602,1.785935361,0.06724156272,-0.2739774431,56.66987011,48.69394995,-28.98919482,1.233115213e-12,-1.036277244e-09,0.5953346328,1.646268942e-09,
4464256000,15.55659252,5.995558242,93.77711361,-626.2228864,nan,-0.3949593802,5.982535058,48.94218988,-46.30343487,15.85338671,-2.248790444e-12,5.651882105e-10,-0.3423803603,2.046201131e-09,-10.2413151,0.3075631108,-83.49374282,-1883.493743,1.888349872,0.03485050496,-0.3055822466,53.29202635,44.17065971,-29.81598385,1.195699083e-12,-1.062967987e-09,0.6750178523,2.365489346e-09,
4476254000,17.75786643,7.724908101,85.07440938,-634.9255906,nan,0.6632754636,7.696380372,51.10539134,-49.43262368,12.96829752,-2.741715858e-12,4.610928364e-10,-0.2623428933,3.521329454e-09,-9.113743463,0.350197327,-93.32774821,-1893.327748,2.077857453,-0.02032808449,-0.3496068318,48.22088926,37.71022537,-30.05317061,1.183082724e-12,-1.06855211e-09,0.7969501726,3.830628094e-09,
4488252000,19.92812057,9.917587218,66.90167182,-653.0983282,nan,3.89077139,9.122523456,54.08200636,-53.1566568,9.961588728,-3.559707314e-12,3.532413258e-10,-0.1874005878,5.153674836e-09,-7.88857585,0.4032470579,-112.6743399,-1912.67434,2.351470699,-0.1554488547,-0.3720804259,38.01369278,28.41494597,-25.25136995,1.404293721e-12,-8.954221705e-10,0.8886650701,5.489901964e-09,
4500250000,21.18710755,11.46450683,37.08859475,-682.9114053,nan,9.14528281,6.913661781,57.45609868,-57.1359491,6.056946054,-5.838883168e-12,2.14208745e-10,-0.1060093715,5.951464801e-09,-7.547325669,0.419405109,-144.3480798,-1944.34808,2.444742679,-0.340797234,-0.2444542713,25.79313809,22.1830827,-13.16042608,2.687283843e-12,-4.654290014e-10,0.5932640766,6.361480455e-09,
4512248000,20.07224187,10.08351836,6.469197704,-713.5308023,nan,10.01931227,1.136100452,60.92966016,-60.91414833,1.37477986,-2.565629906e-11,4.849090971e-11,-0.02256913866,5.317107948e-09,-9.485428751,0.3355278411,-176.5456958,-1976.545696,2.009907899,-0.334918244,-0.02021637964,24.91960294,24.89377779,-1.134212564,3.109801843e-11,-4.000567702e-11,0.04556209082,5.823686473e-09,
4524246000,17.26479355,7.298601929,-13.239568,-733.239568,nan,7.104612194,-1.671548887,65.37183353,-65.23853336,-4.172575204,8.430818652e-12,-1.467837887e-10,-0.06395875243,3.722638479e-09,-13.15449988,0.2199252053,161.2228532,-1998.777147,1.563856714,-0.2082202856,0.07079130326,32.84074455,32.48320327,4.832805347,-7.279048571e-12,1.700095132e-10,0.1487785951,4.368241743e-09,
4536244000,14.50125748,5.309613077,-22.76463689,-742.7646369,nan,4.896005643,-2.054536389,70.87818342,-70.08252428,-10.59040482,3.312921639e-12,-3.715662728e-10,-0.1511133471,2.106002063e-09,-16.80684811,0.144430061,148.769531,-2011.230469,1.337623038,-0.1235005074,0.07488435877,39.06295557,38.61385093,5.906353723,-5.940243834e-12,2.072254911e-10,0.1529594583,2.93110679e-09,
4548242000,12.14159422,4.046501548,-28.6900776,-748.6900776,nan,3.549709781,-1.942610421,77.16727083,-74.81528492,-18.90663457,1.85081213e-12,-6.615928415e-10,-0.2527108543,1.102120956e-09,-20.16541664,0.09811359023,138.6560108,-2021.343989,1.217574163,-0.07365948351,0.06481170479,43.16628121,42.80123579,5.601968213,-6.246488247e-12,1.960275931e-10,0.1308833287,2.147094287e-09,
4560240000,10.25537009,3.256630641,-31.28761044,-751.2876104,nan,2.783022593,-1.691280101,84.30871858,-79.52220675,-28.00319021,1.246306677e-12,-9.773271023e-10,-0.3521430221,5.698565984e-10,-23.05682169,0.07033296328,131.4363707,-2028.563629,1.151307856,-0.04654550364,0.0527279984,45.56427193,45.31052278,4.802020624,-7.267891095e-12,1.67593223e-10,0.105980252,1.838679196e-09,
4572238000,8.533627865,2.671046159,-32.77992625,-752.7799262,nan,2.245698996,-1.446140936,93.08206362,-84.19347682,-39.69545351,8.769009386e-13,-1.381758265e-09,-0.4714789673,2.260996486e-10,-26.04898282,0.0498368815,123.5199263,-2036.480074,1.104901739,-0.02752126959,0.04154870007,47.32608212,47.16271967,3.92885755,-8.859822478e-12,1.367595256e-10,0.08330430428,1.808759389e-09,
4584236000,7.034837839,2.247718354,-33.02656361,-753.0265636,nan,1.884527462,-1.225068996,103.7012479,-88.74098177,-53.65619236,6.470432545e-13,-1.862829104e-09,-0.6046382549,2.382672556e-11,-29.00182603,0.03547388047,116.6287219,-2043.371278,1.073557117,-0.01589965089,0.03171115414,48.43646722,48.3391008,3.069640176,-1.131008044e-11,1.065713911e-10,0.06350221924,2.176348936e-09,
4596234000,5.681282215,1.923375637,-32.70353946,-752.7035395,nan,1.618477144,-1.039185055,116.477977,-92.29136171,-71.05929697,4.873007661e-13,-2.46058803e-09,-0.7699452653,-1.27744485e-10,-32.04622475,0.0249855413,106.997144,-2053.002856,1.051251632,-0.007303874256,0.02389415608,49.27531932,49.21907984,2.35356603,-1.471267405e-11,8.149751895e-11,0.04781816396,3.055036402e-09,
4608232000,4.474082721,1.673802206,-31.84037533,-751.8403753,nan,1.421930368,-0.8830220017,131.7062011,-94.05419016,-92.19724898,3.746000523e-13,-3.184225081e-09,-0.9802566885,-2.372370278e-10,-35.51040269,0.01676794595,92.69645971,-2067.30354,1.03410781,-0.0007888434807,0.01674938021,49.92119992,49.89319778,1.671830338,-2.065825312e-11,5.774016201e-11,0.03350818172,4.931748848e-09,
4620230000,3.407520225,1.480389552,-30.61419939,-750.6141994,nan,1.274046708,-0.7538953584,149.3316519,-92.58956094,-117.1627734,2.94013243e-13,-4.035953737e-09,-1.265399384,-3.150575995e-10,-39.09131471,0.01110284469,69.50826926,-2090.491731,1.022455004,0.003886797174,0.01040028691,50.39015396,50.37925381,1.048046584,-3.286820212e-11,3.610248721e-11,0.0208031383,6.886206645e-09,
4632228000,2.407260301,1.319359095,-28.9477679,-748.9477679,nan,1.154520093,-0.638585761,171.0132807,-85.79603073,-147.9343884,2.322528563e-13,-5.082756973e-09,-1.724256788,-3.887669948e-10,-41.16168191,0.008748143621,28.86513843,-2131.134862,1.017650698,0.007661260416,0.004223162992,50.77202697,50.77021574,0.4288546127,-8.011615879e-11,1.47346658e-11,0.008446972431,7.75204085e-09,
4644226000,1.525398505,1.191982626,-27.34573324,-747.3457332,nan,1.05877959,-0.5475475879,193.4240695,-69.38235522,-180.5518192,1.898038063e-13,-6.187406581e-09,-2.60227285,-4.535250442e-10,-39.33915181,0.01079052089,-9.804468576,-2169.804469,1.021816453,0.01063292124,-0.001837478438,51.07471586,51.0743709,-0.1877179675,1.82558031e-10,-6.432986343e-12,0.00367538482,7.156124914e-09,
4656224000,0.7118766668,1.085410037,-25.07864088,-745.0786409,nan,0.983085038,-0.4600638618,221.0972572,-42.01916903,-217.0677004,1.574675466e-13,-7.419616735e-09,-5.165920827,-5.061990475e-10,-36.56096434,0.01485770678,-35.06334638,-2195.063346,1.030163575,0.01216129146,-0.008535481281,51.23101012,51.22354364,-0.8746282713,3.908073791e-11,-2.989577236e-11,0.01707473183,5.498947093e-09,
4668222000,-0.03840154221,0.9955886179,-22.75425463,-742.7542546,452.3726541,0.9181041988,-0.3850732089,248.469316,2.83998984,-248.453085,1.372221555e-13,-8.470577578e-09,87.4837936,-5.581033189e-10,-34.12571655,0.01966591567,-53.07402445,-2213.074024,1.040120844,0.01181494207,-0.01572117626,51.19532139,51.17001418,-1.609528107,2.118215129e-11,-5.487407287e-11,0.0314545175,4.050203157e-09,
4680220000,-0.7018678352,0.9223730564,-20.31143009,-740.3114301,24.76425025,0.8650196275,-0.3201766688,272.3002787,61.80091264,-265.1944362,1.282299448e-13,-9.018166967e-09,4.291108737,-5.849035169e-10,-32.50513086,0.02369973321,-68.25754464,-2228.257545,1.048550091,0.008779213747,-0.02201369484,50.88526426,50.83596228,-2.239432559,1.518503773e-11,-7.61538478e-11,0.04405213276,3.245965095e-09,
4692218000,-1.28548469,0.8624337935,-17.67631612,-737.6763161,13.53845425,0.8217157719,-0.2618687426,290.4761766,127.6438144,-260.9280855,1.29993346e-13,-8.850397531e-09,2.044189032,-6.099945322e-10,-31.48947552,0.0266395095,-80.67717689,-2240.677177,1.054737191,0.004315518243,-0.02628763528,50.43312166,50.36346462,-2.649753212,1.280078264e-11,-8.987675374e-11,0.05261260782,2.754820591e-09,
4704216000,-1.828959906,0.8101249445,-14.98579982,-734.9857998,9.533242477,0.7825725484,-0.2094818183,297.2348578,188.5188928,-229.8024973,1.472238373e-13,-7.774771264e-09,1.218989216,-6.205807752e-10,-30.92131632,0.02844030071,-91.36293074,-2251.362931,1.058545658,-0.0006764635193,-0.0284322546,49.93245394,49.85178898,-2.837092297,1.192502813e-11,-9.598565693e-11,0.05691054133,2.358824626e-09,
4716214000,-2.300558289,0.7673121685,-12.24338385,-732.2433839,7.595206665,0.7498601143,-0.1627199218,294.4635458,230.905387,-182.7333633,1.846752862e-13,-6.166581507e-09,0.7913776532,-6.163329811e-10,-30.54183459,0.02971038438,-101.0155388,-2261.015539,1.06124024,-0.005676917904,-0.02916298241,49.43598974,49.3519672,-2.881044221,1.171323089e-11,-9.722468679e-11,0.05837749505,2.01843976e-09,
4728212000,-2.722325091,0.730943394,-9.625585568,-729.6255856,6.433380023,0.7206527839,-0.1222203351,282.8644888,250.4616235,-131.4583364,2.5605606e-13,-4.42498011e-09,0.5248641873,-6.143765598e-10,-30.4579592,0.02999867273,-109.0304838,-2269.030484,1.061852849,-0.009781702172,-0.02835910203,49.03207624,48.95325758,-2.779041769,1.211234176e-11,-9.354450152e-11,0.05676929191,1.689431075e-09,
4740210000,-3.081947005,0.7012980798,-7.045849652,-727.0458497,5.695638242,0.6960020946,-0.08602372394,268.7551728,254.561931,-86.18332892,3.895823602e-13,-2.893648765e-09,0.3385554493,-6.151534894e-10,-30.64323116,0.02936557047,-115.4344328,-2275.434433,1.060507993,-0.01261186439,-0.02651938169,48.75538591,48.68683519,-2.584518257,1.299101084e-11,-8.677650486e-11,0.05308454014,1.363585658e-09,
4752208000,-3.374084024,0.6781032077,-4.316244986,-724.316245,5.213171576,0.6761799951,-0.05103503352,255.776374,251.3289051,-47.49036668,7.052111459e-13,-1.590487328e-09,0.1889570428,-6.099702748e-10,-30.80279702,0.02883102941,-120.639113,-2280.639113,1.059373869,-0.01469312533,-0.02480605419,48.55284144,48.49309938,-2.407846372,1.39090003e-11,-8.064054695e-11,0.04965338168,1.105777951e-09,
4764206000,-3.649224148,0.6569597957,-1.612953326,-721.6129533,4.830220408,0.6566994931,-0.01849185997,240.9557118,240.4472736,-15.64492392,2.135286451e-12,-5.226404939e-10,0.06506592355,-5.969167963e-10,-31.02855847,0.02809131544,-124.6597655,-2284.659766,1.057806491,-0.01597558878,-0.02310633174,48.42838785,48.376677,-2.237380661,1.493102835e-11,-7.474282004e-11,0.0462491597,8.909023818e-10,
4776204000,-3.848814717,0.6420358283,0.831128311,-719.1688717,4.587151335,0.6419682802,0.009312997297,229.2310137,229.1160102,7.260269146,-4.589702573e-12,2.419301443e-10,0.03168817902,-5.691649158e-10,-31.2389934,0.0274189191,-128.2986404,-2288.29864,1.056383822,-0.01699316053,-0.02151812305,48.32983882,48.28507742,-2.079571891,1.602371917e-11,-6.92964844e-11,0.04306862497,6.945890928e-10,
4788202000,-4.006333546,0.630497433,3.271717599,-716.7282824,4.412682288,0.6294697914,0.03598325611,218.9073094,217.3620602,25.96429997,-1.280180035e-12,8.630268073e-10,0.1194518489,-5.437235293e-10,-31.46985276,0.02669976027,-130.8449533,-2290.844953,1.054864387,-0.01746202577,-0.02019789233,48.2844544,48.24505071,-1.950286994,1.704312163e-11,-6.482554736e-11,0.04042460243,4.583391214e-10,
4800200000,-4.142406367,0.6206970505,5.533332739,-714.4666673,4.272830076,0.6178047699,0.05985060384,209.2411371,205.3837111,39.9923079,-8.290568876e-13,1.325980894e-09,0.1947199595,-5.158093284e-10,-31.82755057,0.0256225572,-132.547143,-2292.547143,1.052592673,-0.01732588636,-0.01887668137,48.29751525,48.26308724,-1.823290858,1.818464573e-11,-6.045284629e-11,0.03777816469,1.611856637e-10,
4812198000,-4.258035106,0.6124889313,7.778415289,-712.2215847,4.161142898,0.6068533579,0.08289567542,200.2272754,193.5309983,51.34894828,-6.440878258e-13,1.698275703e-09,0.2653267369,-4.810920077e-10,-32.18424191,0.02459166332,-132.4339892,-2292.433989,1.05042332,-0.01659298722,-0.01815000496,48.36831349,48.33643921,-1.755674967,1.883790171e-11,-5.806584631e-11,0.03632197563,-1.450054161e-10,
4824196000,-4.340214998,0.6067213115,9.717404046,-710.282596,4.085452272,0.5980162219,0.1024077542,193.0092311,183.6051461,59.51229798,-5.543556359e-13,1.963368901e-09,0.3241319715,-4.484850104e-10,-32.31545116,0.02422297284,-130.9851525,-2290.985153,1.049648582,-0.01588696214,-0.01828542718,48.4366633,48.40426753,-1.771224689,1.862608285e-11,-5.843443436e-11,0.036592325,-4.303525844e-10,
4836194000,-4.388475154,0.6033596211,11.56953738,-708.4304626,4.042350971,0.5911005717,0.1210080432,187.0997828,174.8656128,66.54582008,-4.945334088e-13,2.189965127e-09,0.3805540667,-4.135828454e-10,-32.30863149,0.0242419988,-128.4943536,-2288.494354,1.049688547,-0.01508912933,-0.0189734731,48.51404391,48.47911118,-1.840715966,1.78784407e-11,-6.057636332e-11,0.03796925977,-6.931135855e-10,
4848192000,-4.436259051,0.6000494575,13.32343337,-706.6765666,4.000618295,0.5838989484,0.1382800401,181.3009856,166.4245831,71.92291371,-4.564288084e-13,2.361063101e-09,0.4321652029,-3.806914893e-10,-32.13508222,0.02473123983,-125.2228943,-2285.222894,1.050716768,-0.01426395985,-0.02020330846,48.59422978,48.55456007,-1.963126224,1.67221493e-11,-6.444489873e-11,0.04043134612,-9.372081211e-10,
4860190000,-4.437444586,0.5999675625,14.90730119,-705.0926988,3.999594564,0.5797746373,0.154345217,177.2827304,159.6809468,77.01403602,-4.252036661e-13,2.521951718e-09,0.4822994702,-3.455631092e-10,-31.65611795,0.02613329089,-120.3463601,-2280.34636,1.053669133,-0.01320321967,-0.02255269126,48.69753731,48.64800779,-2.19578661,1.491340293e-11,-7.19046566e-11,0.04513620824,-1.025904733e-09,
4872188000,-4.460330366,0.598388835,16.27008782,-703.7299122,3.979941233,0.5744243721,0.1676479604,173.076456,153.4101448,80.129814,-4.076636224e-13,2.617521324e-09,0.522324088,-3.153070199e-10,-30.72508878,0.02909012324,-114.8188278,-2274.818828,1.059923426,-0.01221058976,-0.02640334766,48.7945014,48.72649566,-2.57526449,1.268452633e-11,-8.412361621e-11,0.05285142006,-9.307707424e-10,
4884186000,-4.452103809,0.5989558479,17.55912929,-702.4408707,3.986982081,0.5710481676,0.1806989154,169.8760759,147.9913792,83.40523287,-3.906921075e-13,2.717823418e-09,0.5635816988,-2.856055258e-10,-29.51470718,0.03343987465,-111.5405378,-2271.540538,1.069193574,-0.01227776508,-0.03110436789,48.78827329,48.69393262,-3.032579095,1.074523209e-11,-9.881891338e-11,0.06227837702,-5.911098567e-10,
4896184000,-4.427336206,0.6006661934,18.80701585,-701.1929842,4.008341309,0.5685965002,0.1936437343,167.1179215,142.9294432,86.60008055,-3.753566421e-13,2.815014896e-09,0.6058939195,-2.522637254e-10,-28.09765425,0.03936563737,-109.5245082,-2269.524508,1.081957587,-0.01315639131,-0.03710205889,48.7032074,48.56925945,-3.609632728,9.005324889e-12,-1.173344162e-10,0.07431928691,-9.41405992e-11,
4908182000,-4.417772292,0.6013279429,19.80688835,-700.1931116,4.016654578,0.5657534044,0.2037605956,164.5858875,138.7302589,88.55749329,-3.661627476e-13,2.871605577e-09,0.6383430261,-2.178390763e-10,-26.44091918,0.04763805714,-110.227675,-2270.227675,1.100041917,-0.01647092825,-0.04470003368,48.38277658,48.18971124,-4.317962548,7.50966566e-12,-1.400162185e-10,0.08960341195,4.440694124e-10,
4920180000,-4.384242724,0.6036536957,20.59419661,-699.4058034,4.046092214,0.5650773079,0.2123332767,163.167197,135.671452,90.64651836,-3.568518992e-13,2.932177577e-09,0.6681325883,-1.74614603e-10,-24.70375585,0.05818515662,-113.4421612,-2273.442161,1.123559651,-0.02314740021,-0.05338267804,47.7439151,47.47228634,-5.085612961,6.36056705e-12,-1.645062663e-10,0.1071280394,9.983310539e-10,
4932178000,-4.34507313,0.6063820592,21.37007873,-698.6299213,4.081069211,0.5646910105,0.2209598704,161.848494,132.6595079,92.71671888,-3.480353326e-13,2.991847439e-09,0.6989074536,-1.405722113e-10,-23.09686345,0.07000947604,-119.172012,-2279.172012,1.150559547,-0.03412494247,-0.061129494,46.71200914,46.36339513,-5.696261006,5.664890366e-12,-1.838109039e-10,0.1228611707,1.557289614e-09,
4944176000,-4.316473614,0.6083819483,21.79646747,-698.2035325,4.107016878,0.564887945,0.22589866,161.2527779,131.0306462,93.98631897,-3.425007832e-13,3.025456061e-09,0.7172850146,-1.056779607e-10,-21.61158119,0.08306554919,-126.6126964,-2286.612696,1.181180997,-0.04954052282,-0.0666754982,45.29974742,44.89680096,-6.028629999,5.33958592e-12,-1.940639379e-10,0.1342774957,2.097436138e-09,
4956174000,-4.276791832,0.6111677205,22.24160663,-697.7583934,4.143605882,0.5656943748,0.2313349451,160.8183827,129.3634213,95.53877458,-3.361196635e-13,3.06798515e-09,0.7385300544,-8.10275768e-11,-20.304014,0.0965604542,-137.2742568,-2297.274257,1.21376185,-0.07093425801,-0.06551528338,43.40298704,43.0282569,-5.691080071,5.642595142e-12,-1.827545855e-10,0.1322637839,2.534178053e-09,
4968172000,-4.248462035,0.6131643523,22.44069617,-697.5593038,4.170154333,0.5667325633,0.2340613696,160.8412103,128.6630084,96.51800454,-3.319060542e-13,3.091945593e-09,0.7501612606,-6.792819839e-11,-19.47791943,0.1061949901,-149.6881086,-2309.688109,1.237624513,-0.09167716009,-0.05359733421,41.62439902,41.38190152,-4.486515333,7.140265366e-12,-1.437251151e-10,0.1084173314,2.78876962e-09,
4980170000,-4.271160916,0.6115640587,22.79786834,-697.2021317,4.148854128,0.5637871873,0.2369696296,159.3035162,127.0083987,96.15860298,-3.323439817e-13,3.073010958e-09,0.7571042859,-6.716834025e-11,-19.06322657,0.111388068,-162.3634288,-2322.363429,1.250701266,-0.1061525475,-0.03374816072,40.41342718,40.31937216,-2.75559885,1.159738218e-11,-8.806269227e-11,0.06834428967,2.75849234e-09,
4992168000,-4.27685748,0.6111631013,22.98534116,-697.0146588,4.143544778,0.5626396785,0.2386565075,158.634991,126.1837721,96.13904523,-3.316126848e-13,3.065001873e-09,0.7618970616,-7.208538035e-11,-19.0497511,0.111561012,-174.2954947,-2334.295495,1.251139388,-0.1110085348,-0.01108894077,40.00942898,39.99934374,-0.8982805807,3.549105657e-11,-2.863801753e-11,0.02245738296,2.534491253e-09,
5004166000,-4.29424697,0.6099407529,23.41987848,-696.5801215,4.127426192,0.5596918709,0.2424308803,157.0139561,124.2800793,95.95751302,-3.314434495e-13,3.051879679e-09,0.7721069504,-7.423614662e-11,-19.24915132,0.1090291017,175.4559323,-2344.544068,1.244742229,-0.1086863898,0.008637920921,40.19749955,40.19135719,0.7026926805,-4.526088004e-11,2.234878171e-11,0.01748367633,2.203556321e-09,
5016164000,-4.295136065,0.6098783221,23.68647581,-696.3135242,4.126605654,0.5585006135,0.245007413,156.2250009,123.170738,96.10005319,-3.301602438e-13,3.049102561e-09,0.7802182139,-8.472768764e-11,-19.5457841,0.1053684993,166.666324,-2353.333676,1.23555732,-0.1025281325,0.02430026146,40.70566424,40.65659399,1.99811585,-1.587916786e-11,6.339705289e-11,0.04914616927,1.856324729e-09,
5028162000,-4.325439955,0.6077542468,24.05053453,-695.9494655,4.098844242,0.5549928903,0.2476855188,154.5863825,121.5660667,95.49157599,-3.314712065e-13,3.022566962e-09,0.7855117682,-8.436564662e-11,-19.90623184,0.1010853939,159.5667782,-2360.433222,1.224905443,-0.09472507259,0.03529047312,41.3570575,41.25230528,2.941685641,-1.076005793e-11,9.311231635e-11,0.07130960612,1.537244397e-09,
5040160000,-4.335102476,0.6070785333,24.49982616,-695.5001738,4.090075675,0.5524187175,0.2517496895,153.1280766,119.7267931,95.46571566,-3.307717231e-13,3.014555201e-09,0.7973630062,-8.45411116e-11,-20.1960707,0.0977679401,153.559151,-2366.440849,1.216724598,-0.08754087881,0.04353348884,41.96467699,41.80346586,3.674827525,-8.592881994e-12,1.16041349e-10,0.08790724524,1.293175893e-09,
5052158000,-4.342349255,0.606572249,24.83519755,-695.1648024,4.083525488,0.5504762244,0.2547662059,152.0487714,118.3751886,95.426116,-3.301231343e-13,3.006148672e-09,0.8061327475,-8.574743511e-11,-20.48174055,0.0946047565,148.8105738,-2371.189426,1.208980017,-0.08093057049,0.0489928843,42.5295777,42.32321741,4.184524735,-7.528302616e-12,1.318224402e-10,0.09887066701,1.130791005e-09,
5064156000,-4.331673452,0.6073182437,25.11992796,-694.880072,4.093182883,0.5498788154,0.2578153165,151.4453032,117.2829026,95.81440723,-3.280063406e-13,3.011229617e-09,0.8169511934,-9.019666496e-11,-20.6835975,0.09243152645,144.1164823,-2375.883518,1.203690474,-0.07488897372,0.05417775093,43.05194421,42.79711563,4.677263551,-6.719256409e-12,1.469957905e-10,0.1092892239,1.022358375e-09,
5076154000,-4.324271807,0.607835988,25.59231954,-694.4076805,4.099907025,0.5482014661,0.2625637843,150.2534714,115.4566007,96.155494,-3.26070297e-13,3.01480652e-09,0.8328280361,-8.97594013e-11,-20.77381651,0.09147642311,139.8670977,-2380.132902,1.201373801,-0.06993842593,0.05896229781,43.48459656,43.18034249,5.134993726,-6.105840077e-12,1.609997715e-10,0.1189197081,1.000482004e-09,
5088152000,-4.342333961,0.6065733171,26.06918843,-693.9308116,4.083539289,0.5448629917,0.2665623927,148.6099983,113.5975888,95.81502698,-3.264573333e-13,2.99704788e-09,0.8434600413,-8.702476441e-11,-20.80228845,0.09117705856,135.9516287,-2384.048371,1.200648673,-0.06553379227,0.06339225566,43.87288212,43.51866859,5.563745975,-5.622024862e-12,1.740312935e-10,0.127847339,1.011668824e-09,
5100150000,-4.334338202,0.6071319527,26.29904726,-693.7009527,4.090767787,0.5442900301,0.2689936266,148.1111281,112.7366199,96.05915265,-3.24861639e-13,2.997615555e-09,0.8520669923,-7.273145034e-11,-20.7527733,0.09169831068,131.2861911,-2388.713809,1.201911571,-0.06050443307,0.06890423616,44.32027031,43.89835765,6.100865219,-5.115001339e-12,1.903831959e-10,0.1389770722,1.022158077e-09,
5112148000,-4.321196764,0.6080512167,26.64598573,-693.3540143,4.102707509,0.5434728796,0.2726967385,147.3733139,111.4422082,96.43405981,-3.228392001e-13,3.002252145e-09,0.8653279703,-6.173472472e-11,-20.7337186,0.09189969494,126.558531,-2393.441469,1.202399877,-0.05473947092,0.07381831923,44.83689702,44.34800605,6.603157862,-4.714819088e-12,2.05574098e-10,0.1488941319,9.931489063e-10,
5124146000,-4.321303277,0.6080437603,26.87465838,-693.1253416,4.102610439,0.5423735456,0.2748602399,146.7400625,110.5875203,96.45230061,-3.220223724e-13,2.995789038e-09,0.872180698,-5.084787454e-11,-20.87127282,0.09045578749,122.4887119,-2397.511288,1.198903552,-0.04858682802,0.07629921123,45.39208934,44.8641811,6.902682733,-4.499670616e-12,2.143959359e-10,0.1538573215,8.546377273e-10,
5136144000,-4.29683561,0.6097590004,27.11463067,-692.8853693,4.125038123,0.542744322,0.277911208,146.4787948,109.7023746,97.06403218,-3.192453731e-13,3.007746768e-09,0.8847942675,-3.089445259e-11,-20.91096792,0.09004334165,118.9019273,-2401.098073,1.19790688,-0.04351901234,0.07882828769,45.85432389,45.28585012,7.197971784,-4.304996477e-12,2.23045302e-10,0.1589452724,7.065743748e-10,
5148142000,-4.268947341,0.6117199339,27.16285582,-692.8371442,4.150921139,0.5442548825,0.2792631384,146.8006789,109.5235061,97.74988968,-3.162666062e-13,3.021940368e-09,0.8925014655,-2.658600662e-11,-20.96474048,0.08948762378,116.6573947,-2403.342605,1.19656542,-0.04014903059,0.07997555972,46.16369747,45.57504405,7.348627377,-4.206911615e-12,2.271830054e-10,0.1612423538,6.01882384e-10,
5160140000,-4.243821043,0.6134920622,27.16909596,-692.830904,4.17453797,0.545801061,0.280131598,147.1949588,109.4965479,98.37104187,-3.135388607e-13,3.034072248e-09,0.8983940017,-1.725775159e-11,-20.80523788,0.09114610318,114.2147267,-2405.785273,1.200573719,-0.03738425438,0.08312658811,46.42017474,45.78128761,7.67504578,-4.018626765e-12,2.367225452e-10,0.1676459134,5.761720182e-10,
5172138000,-4.199031142,0.6166637831,27.42158777,-692.5784122,4.217352058,0.5473766301,0.2839947997,147.2112561,108.5254434,99.46548178,-3.093696009e-13,3.060711662e-09,0.9165176261,-7.588901327e-12,-20.43664467,0.09509720801,111.8338194,-2408.166181,1.210182152,-0.03536815599,0.08827554879,46.60955146,45.88697294,8.175328852,-3.763958241e-12,2.515679199e-10,0.1781623046,7.075268549e-10,
5184136000,-4.162068707,0.6192935612,27.35797,-692.64203,4.253391579,0.5500272678,0.2845953612,147.997869,108.7373496,100.3970021,-3.05789804e-13,3.082226076e-09,0.923298227,2.000336131e-11,-19.81444558,0.1021592559,108.8704736,-2411.129526,1.22756654,-0.03304135032,0.09666841646,46.83025047,45.96125519,8.97972049,-3.418856927e-12,2.756808277e-10,0.1953758759,9.284219483e-10,
5196134000,-4.152531188,0.6199739484,27.23231175,-692.7676883,4.262797094,0.5512550769,0.2836997301,148.5191314,109.2098329,100.6535881,-3.04306009e-13,3.082968237e-09,0.9216531638,5.322929967e-11,-19.00431078,0.1121461739,104.0494883,-2415.950512,1.252623057,-0.02722459205,0.108791479,47.37990491,46.26987925,10.19576695,-3.004138073e-12,3.122911589e-10,0.2203543021,1.248579916e-09,
5208132000,-4.136839329,0.6210950007,26.83173338,-693.1682666,4.278367939,0.5542254051,0.2803447883,149.9529962,110.7506058,101.0950266,-3.022792652e-13,3.089355878e-09,0.9128169179,6.67926945e-11,-18.1291194,0.1240349369,98.05632049,-2421.94368,1.283196082,-0.0173830555,0.1228108096,48.31636224,46.87971272,11.69458828,-2.613083046e-12,3.573741087e-10,0.2494594697,1.634460417e-09,
5220130000,-4.132001328,0.6214410442,26.53514484,-693.4648552,4.283192933,0.5559787544,0.2776267206,150.9107976,111.9147714,101.2380994,-3.01158295e-13,3.086617374e-09,0.9045999752,7.964537337e-11,-17.18740788,0.1382386889,90.27606465,-2429.723935,1.320828255,-0.0006660641973,0.1382370843,49.93468522,48.06201645,13.5467842,-2.25062221e-12,4.130237502e-10,0.2818605045,2.046155959e-09,
5232128000,-4.126206868,0.6218557531,26.26407171,-693.7359283,4.288986985,0.5576579082,0.2751767344,151.8166827,112.9920449,101.3957737,-3.000004581e-13,3.084335589e-09,0.897370906,8.860168234e-11,-16.31955177,0.1527644889,80.45872444,-2439.541276,1.360618711,0.02532194801,0.1506512132,52.53882602,50.20406837,15.48805211,-1.964015768e-12,4.711276278e-10,0.3085019325,2.467714488e-09,
5244126000,-4.130220188,0.6215684907,25.79608924,-694.2039108,4.284972184,0.5596282435,0.2704877404,153.1428282,114.8771088,101.2717913,-2.996805258e-13,3.073516193e-09,0.8815663305,1.014348255e-10,-15.64213344,0.1651556091,68.65868381,-2451.341316,1.395656031,0.06010392175,0.1538307311,56.23715149,53.61908118,16.9591079,-1.789550714e-12,5.146950804e-10,0.3162886706,2.829990446e-09,
5256124000,-4.177297231,0.6182087369,25.28778381,-694.7122162,4.238464557,0.5589680484,0.2640771918,153.7963766,116.9020695,99.93613761,-3.029925629e-13,3.0260569e-09,0.8548705602,1.060623004e-10,-15.26898854,0.1724052844,55.57126174,-2464.428738,1.41664182,0.09747463595,0.1422050541,60.56134508,58.11609234,17.03514979,-1.777495757e-12,5.158227422e-10,0.2931227669,3.057106237e-09,
5268122000,-4.240506905,0.6137261873,24.83266172,-695.1673383,4.177674319,0.5569799719,0.2577462782,153.9549921,118.6411172,98.11434597,-3.079156726e-13,2.964127093e-09,0.8269843397,7.607181244e-11,-15.2399099,0.1729834303,41.60219033,-2478.39781,1.418331232,0.1293522883,0.1148531788,64.63161182,62.89245481,14.89242678,-2.028611272e-12,4.499142837e-10,0.2367919462,3.106739502e-09,
5280120000,-4.299965759,0.6095393001,24.45522161,-695.5447784,4.122154421,0.5548545356,0.2523382703,153.9203627,120.0137556,96.37518624,-3.12759931e-13,2.904969448e-09,0.8030344999,4.117739612e-11,-15.57392105,0.1664577223,27.96448204,-2492.035518,1.399398391,0.1470218608,0.0780560424,67.11139045,66.26270528,10.63920192,-2.83313512e-12,3.206899797e-10,0.160560935,3.012338742e-09,
5292118000,-4.41393914,0.6015933723,24.56949305,-695.4305069,4.01999681,0.5471236811,0.2501404869,151.4610303,119.1937896,93.45204232,-3.218116896e-13,2.810472948e-09,0.7840344921,-1.550733485e-12,-16.24695629,0.1540466242,15.36768468,-2504.632315,1.364196488,0.1485386913,0.04082425282,67.41030286,67.17578161,5.618122261,-5.353026907e-12,1.689591821e-10,0.08363315061,2.779362633e-09,
5304116000,-4.449978443,0.5991024255,24.53008462,-695.4699154,3.988805438,0.5450294775,0.2487299435,150.9023204,119.2190976,92.51117272,-3.243492753e-13,2.775883942e-09,0.7759761196,-3.618208801e-11,-17.11764575,0.1393534459,3.632842164,-2516.367158,1.32383432,0.1390734253,0.008829794143,66.15243248,66.1417073,1.191167048,-2.519036424e-11,3.574207725e-11,0.01800931813,2.478456645e-09,
5316114000,-4.54368005,0.5926741664,24.82872048,-695.1712795,3.910074036,0.5378915786,0.2488680718,148.410402,117.74693,90.33995723,-3.313950106e-13,2.704616709e-09,0.7672383237,-4.782482478e-11,-18.24916831,0.1223324249,-6.256216903,-2526.256217,1.278767106,0.1216038766,-0.01333114355,63.84101159,63.81763814,-1.727374737,1.733162495e-11,-5.17145095e-11,0.0270673561,2.126093888e-09,
5328112000,-4.598651793,0.5889350616,25.10701074,-694.8929893,3.865411309,0.5332906436,0.2498911688,146.7249351,116.5253675,89.16302652,-3.350132505e-13,2.663370517e-09,0.7651812512,-6.648556325e-11,-19.49053617,0.1060408478,-14.74930826,-2534.749308,1.237238687,0.1025466972,-0.02699696839,61.41703994,61.32567045,-3.348871297,8.919660592e-12,-1.000334491e-10,0.05460798509,1.733263731e-09,
5340110000,-4.652196391,0.5853157095,25.31387404,-694.686126,3.822946144,0.5291131328,0.2502674018,145.281176,115.5905421,88.00821942,-3.386465801e-13,2.622969031e-09,0.7613790701,-7.911670506e-11,-20.82480562,0.09094099863,-21.35721414,-2541.357214,1.200077219,0.08469590106,-0.03311902138,59.24215189,59.11045392,-3.948011879,7.549035676e-12,-1.176652927e-10,0.06679041722,1.365445357e-09,
5352108000,-4.720251151,0.5807476251,25.72335666,-694.2766433,3.770396352,0.5231956313,0.2520597854,143.1323246,113.9198425,86.65524698,-3.431629549e-13,2.576855867e-09,0.7606685988,-1.030821602e-10,-22.13601824,0.07819861981,-26.24891605,-2546.248916,1.169664792,0.07013486485,-0.03458503829,57.53273957,57.39391218,-3.994366951,7.444701744e-12,-1.187799732e-10,0.0695956557,9.939330611e-10,
5364106000,-4.7524662,0.5785976828,26.22918352,-693.7708165,3.746058382,0.5190214309,0.2557186594,141.3903386,112.0916833,86.17820131,-3.442907502e-13,2.556938048e-09,0.7688188701,-1.265870833e-10,-23.45476906,0.06718333321,-29.99511712,-2549.995117,1.144044024,0.05818533582,-0.03358670804,56.17058679,56.04314169,-3.781678259,7.84581753e-12,-1.122037462e-10,0.06747798473,6.620222538e-10,
5376104000,-4.769407056,0.5774702925,26.87555956,-693.1244404,3.733394989,0.5150979813,0.2610479043,139.5867606,109.8880416,86.07602479,-3.439301651e-13,2.548206811e-09,0.7833065688,-1.362269469e-10,-24.66301647,0.05845870313,-31.89573273,-2551.895733,1.12417661,0.04963208447,-0.03088812332,55.21715698,55.11137514,-3.41624866,8.665686946e-12,-1.011351085e-10,0.06198808597,3.901750065e-10,
5388102000,-4.773976686,0.5771665664,27.47159787,-692.5284021,3.729994936,0.5120850438,0.2662520484,138.1120974,107.926243,86.17933343,-3.42752943e-13,2.545584124e-09,0.798502116,-1.244084136e-10,-25.66619618,0.05208230435,-32.8311032,-2552.831103,1.10988782,0.04376332348,-0.0282371731,54.57280023,54.48551012,-3.085402922,9.573537364e-12,-9.113731077e-11,0.05662795328,2.536479406e-10,
5400100000,-4.718898016,0.5808381041,28.04416112,-691.9558389,3.771426076,0.5126392782,0.2730821739,137.5709964,106.1581383,87.49987836,-3.368300891e-13,2.578848199e-09,0.8242408896,-1.024223177e-10,-26.4721629,0.04746700772,-33.25729852,-2553.257299,1.099664806,0.03969268584,-0.02603089535,54.13041254,54.05687264,-2.82065285,1.044885471e-11,-8.31319501e-11,0.05217935689,3.321937814e-10,
5412098000,-4.662328569,0.5846333309,28.33165661,-691.6683434,3.815022843,0.5146031909,0.2774521356,137.7046625,105.2823819,88.75919179,-3.31315032e-13,2.610164139e-09,0.8430583559,-6.850410895e-11,-26.9476606,0.04493833424,-34.79221661,-2554.792217,1.094105618,0.03690456131,-0.02564190397,53.8292518,53.75831924,-2.762510081,1.064512114e-11,-8.123783692e-11,0.0513875828,5.71180449e-10,
5424096000,-4.617745416,0.5876418661,28.65748354,-691.3425165,3.850152902,0.5156570733,0.2818168653,137.556311,104.245009,89.74807417,-3.269396746e-13,2.633406495e-09,0.8609340156,-3.233417258e-11,-27.40057925,0.04265510719,-38.08936581,-2558.089366,1.089111265,0.03357168212,-0.02631350088,53.47129933,53.39713663,-2.81525344,1.04225807e-11,-8.260574684e-11,0.05272292893,9.234660421e-10,
5436094000,-4.506802127,0.5951958489,28.64437881,-691.3556212,3.940660798,0.5223509827,0.2853200825,139.1912089,104.3012611,92.17070892,-3.176436998e-13,2.698522861e-09,0.8836969753,2.559285837e-12,-27.87338239,0.04039530398,-42.75051101,-2562.750511,1.084191551,0.02966293643,-0.02742062701,53.0546034,52.97474054,-2.909949602,1.006115191e-11,-8.519588943e-11,0.05493088919,1.340947641e-09,
5448092000,-4.406019545,0.6021421414,28.58610175,-691.4138983,4.026920939,0.528740452,0.2881122922,140.820442,104.4635931,94.43386361,-3.093484472e-13,2.758693537e-09,0.9039882773,4.258540869e-11,-28.5257788,0.03747236124,-49.22169335,-2569.221693,1.077862411,0.02447447106,-0.02837566075,52.5067796,52.42219186,-2.979212008,9.805602621e-12,-8.703162824e-11,0.05683112251,1.739097403e-09,
5460090000,-4.282400822,0.6107731809,28.31207614,-691.6879239,4.138392069,0.5377109118,0.2896737024,143.4116595,105.3275641,97.32938054,-2.994858936e-13,2.83703236e-09,0.9240637183,6.7852358e-11,-29.64160364,0.03295488634,-58.18569447,-2578.185694,1.068155841,0.01737276083,-0.02800378037,51.76658068,51.68540346,-2.897920586,1.005851459e-11,-8.447083949e-11,0.05606845245,2.056616204e-09,
5472088000,-4.249181148,0.61311359,27.90394335,-692.0960567,4.169475971,0.5418289716,0.28693142,145.0513443,106.7734848,98.18001538,-2.9624018e-13,2.855552535e-09,0.9195168215,9.661513613e-11,-31.78669607,0.02574335803,-67.93001723,-2587.930017,1.05284718,0.009672778546,-0.02385702911,50.97616443,50.91815963,-2.431123188,1.196355066e-11,-7.070889076e-11,0.04774570027,2.469428808e-09,
5484086000,-4.182699411,0.6178243621,27.52009134,-692.4799087,4.233195949,0.5479168324,0.2854716925,147.1951886,108.1411076,99.85952336,-2.906205941e-13,2.898046595e-09,0.923418722,1.257363173e-10,-35.26745309,0.01724357639,-77.81185525,-2597.811855,1.035092269,0.00364050785,-0.01685489927,50.36527681,50.33666787,-1.697343623,1.709803107e-11,-4.925900646e-11,0.03371982483,-6.382642739e-09,
5496084000,-4.15712404,0.6196462104,26.89555502,-693.104445,4.25826232,0.5526207074,0.2803065819,149.4225256,110.5120818,100.5692345,-2.879397514e-13,2.912271865e-09,0.9100293189,1.391033477e-10,-42.64073421,0.007378418583,-92.73938527,-2612.739385,1.014866529,-0.0003526373432,-0.007369986953,49.96475061,49.95932306,-0.7364392109,3.932148094e-11,-2.132571858e-11,0.01474077641,-1.041540304e-08,
5508082000,-4.106561379,0.6232638399,26.1008185,-693.8991815,4.30875507,0.5597041981,0.274206172,152.6532862,113.6486729,101.9166568,-2.835140366e-13,2.9448617e-09,0.8967694409,1.474112399e-10,-44.3497169,0.006060579537,92.0610952,-2427.938905,1.012195068,-0.000217969589,0.006056658616,49.97820859,49.97454201,0.6053797169,-4.773004773e-11,1.749232753e-11,0.01211376218,-1.007919272e-08,
5520080000,-4.09134547,0.6243566281,25.60944823,-694.3905518,4.324198827,0.5630206209,0.2698684485,154.4160907,115.6605694,102.3081705,-2.818152179e-13,2.949749109e-09,0.8845553076,1.387709318e-10,-34.4456326,0.0189547635,72.06871769,-2447.931282,1.038641977,0.005835719094,0.01803406338,50.58680549,50.55390951,1.824040163,-1.580666915e-11,5.259072484e-11,0.03608109008,-5.538648187e-09,
5532078000,-4.077797624,0.6253312304,24.97959264,-695.0204074,4.33804833,0.5668366564,0.2640745209,156.6031592,118.3064669,102.6066731,-2.803859388e-13,2.951939439e-09,0.8672955574,1.310903428e-10,-29.99630367,0.03163623671,57.4583709,-2462.541629,1.065339572,0.01701751912,0.02666937413,51.72996075,51.65638406,2.758047261,-1.043110058e-11,7.934755348e-11,0.05339218591,3.491658342e-09,
5544076000,-4.075604728,0.6254891255,24.4592154,-695.5407846,4.34029887,0.569355373,0.2589808977,158.2605919,120.534835,102.5561725,-2.799169211e-13,2.944101378e-09,0.8508426008,1.385912776e-10,-27.33575034,0.04297466333,44.17683858,-2475.823161,1.089808831,0.03082110078,0.02994797881,53.17718206,53.08169929,3.185261822,-9.01251126e-12,9.143997376e-11,0.06000677944,3.133644133e-09,
5556074000,-4.084006137,0.6248844149,23.84485543,-696.1551446,4.331689963,0.5715464446,0.2526166932,160.0102303,123.191171,102.1137072,-2.805227366e-13,2.925069258e-09,0.8289044287,1.270501252e-10,-25.54187803,0.05283310057,30.59978455,-2489.400215,1.111560276,0.04547577121,0.02689406531,54.76061952,54.68113313,2.94942878,-9.712123508e-12,8.448702619e-11,0.05393869166,2.990136624e-09,
5568072000,-4.085866634,0.6247505805,23.18374416,-696.8162558,4.329788391,0.574300141,0.2459525074,162.0481037,126.1178955,101.7539402,-2.809079653e-13,2.908482965e-09,0.8068160334,1.191785832e-10,-24.48160615,0.05969248959,17.82257871,-2502.177421,1.126963762,0.05682777853,0.01827010951,56.02303666,55.98540602,2.053034356,-1.392255916e-11,5.86828917e-11,0.03667088448,2.823335936e-09,
5580070000,-4.075199535,0.625518305,22.87350293,-697.1264971,4.340714984,0.5763308368,0.2431376492,163.2590747,127.5560714,101.8968798,-2.799107637e-13,2.906306212e-09,0.7988399036,1.063192982e-10,-23.93995717,0.06353340643,6.059314256,-2513.940686,1.135687502,0.06317845492,0.006706457095,56.74359061,56.73844559,0.7641122362,-3.732702093e-11,2.179403475e-11,0.01346727476,2.545054806e-09,
5592068000,-4.09670495,0.6239714983,22.3710633,-697.6289367,4.318745763,0.5770103874,0.2374856703,164.378466,129.7510756,100.9204562,-2.820125808e-13,2.872280784e-09,0.7778005363,9.701277826e-11,-23.84894571,0.06420261457,-4.526818494,-2524.526818,1.137214777,0.06400233452,-0.005067237275,56.83768496,56.83474215,-0.5783742926,4.920833906e-11,-1.646101722e-11,0.01017642151,2.173011915e-09,
5604066000,-4.067627653,0.6260638352,21.95508177,-698.0449182,4.348506478,0.5806599644,0.234072492,166.3624577,131.818988,101.4900081,-2.798295687e-13,2.882306608e-09,0.7699194907,1.044520477e-10,-24.05002943,0.06273335706,-13.18953846,-2533.189538,1.133864482,0.06107848754,-0.01431406469,56.50375044,56.48042717,-1.6233175,1.749497876e-11,-4.61020631e-11,0.02874123978,1.754686709e-09,
5616064000,-4.091736705,0.6243285061,21.54782798,-698.452172,4.323800268,0.5806950015,0.2293019817,167.1074833,133.586775,100.396636,-2.822727291e-13,2.845163604e-09,0.7515462217,1.154448374e-10,-24.47192213,0.05975907871,-19.48222945,-2539.482229,1.127114397,0.05633757131,-0.01993051797,55.96757796,55.92284885,-2.237131816,1.266766323e-11,-6.339859853e-11,0.04000389576,1.289201349e-09,
5628062000,-4.083667732,0.624908761,21.02933239,-698.9706676,4.332036028,0.5832878621,0.2242459131,168.959071,136.086007,100.1387355,-2.823963996e-13,2.831805114e-09,0.7358488775,1.31930979e-10,-24.98306826,0.05634385877,-24.35789631,-2544.357896,1.11941608,0.05132852196,-0.02323818527,55.40748246,55.34735715,-2.580536529,1.095850342e-11,-7.29745238e-11,0.04662438573,8.353666102e-10,
5640060000,-4.081080896,0.6250948994,20.3407451,-699.6592549,4.334683356,0.5861152186,0.2172845689,171.2392338,139.4095133,99.43773314,-2.837822269e-13,2.805999716e-09,0.7132779591,1.45665858e-10,-25.45434839,0.05336820314,-26.78474759,-2546.784748,1.112753878,0.04764210515,-0.02404984247,54.99949891,54.93562352,-2.649933632,1.064881814e-11,-7.477757975e-11,0.04823707209,4.525408592e-10,
5652058000,-4.095239877,0.6240767542,19.70938902,-700.290611,4.320234975,0.5875154002,0.2104695933,172.9090279,142.3534258,98.14802133,-2.869009413e-13,2.763726549e-09,0.689467224,1.491741284e-10,-25.81861669,0.05117633322,-27.57919085,-2547.579191,1.107873222,0.04536125779,-0.02369331916,54.74886907,54.68718113,-2.598246525,1.083760122e-11,-7.316339957e-11,0.04751107063,1.353652735e-10,
5664056000,-4.131123792,0.6215038315,19.06194153,-700.9380585,4.284069343,0.5874243257,0.2029770288,174.0256439,145.1465672,96.00728507,-2.926768717e-13,2.697719442e-09,0.6614506078,1.516878217e-10,-25.98046905,0.05023154629,-27.64483559,-2547.644836,1.105776405,0.04449715142,-0.02330690366,54.65428426,54.59470335,-2.551304455,1.101362552e-11,-7.168938926e-11,0.04673172119,-4.291209337e-11,
5676054000,-4.177032138,0.6182276048,18.44711003,-701.55289,4.238723452,0.5864606942,0.1956252169,174.7061662,147.5972074,93.47357317,-2.999747973e-13,2.62097246e-09,0.6333017731,1.534753213e-10,-25.95665242,0.05036946978,-26.8512549,-2546.851255,1.106082246,0.0449387404,-0.02275067246,54.70277163,54.64594431,-2.492788373,1.124833398e-11,-6.989707844e-11,0.04561707926,-9.900028545e-11,
5688052000,-4.221917177,0.6150411039,17.69597372,-702.3040263,4.195359869,0.585939108,0.1869516549,175.7523486,150.6134793,90.57851794,-3.089095702e-13,2.534438656e-09,0.6013971551,1.398780963e-10,-25.67326544,0.05203993293,-26.22196883,-2546.221969,1.109793513,0.04668445232,-0.0229938368,54.89434152,54.83607165,-2.528631289,1.10655006e-11,-7.075254744e-11,0.04611255353,-6.328270394e-11,
5700050000,-4.274380498,0.6113374134,17.07785849,-702.9221415,4.145851618,0.5843814518,0.1795320356,176.0980151,152.7699052,87.58919447,-3.187799029e-13,2.445637014e-09,0.5733406351,1.476003709e-10,-25.16739182,0.05516078132,-26.15257447,-2546.152574,1.11676226,0.04951361418,-0.02431283214,55.20604668,55.1404985,-2.689426518,1.038201815e-11,-7.509329295e-11,0.04877406972,5.102078041e-11,
5712048000,-4.382106668,0.603802166,16.72570398,-703.274296,4.047983175,0.5782573994,0.1737683391,174.0474587,152.7001951,83.51747297,-3.336191244e-13,2.327049538e-09,0.5469375654,1.266584687e-10,-24.59874564,0.05889286988,-26.62749722,-2546.627497,1.125156569,0.05264664773,-0.02639508676,55.55313932,55.47535542,-2.938746298,9.481262884e-12,-8.18823651e-11,0.05297390663,1.821908774e-10,
5724046000,-4.440144104,0.5997811255,15.74460825,-704.2553917,3.997265565,0.5772778029,0.1627505352,175.0284061,156.0232498,79.32016441,-3.505366329e-13,2.205467296e-09,0.5083868239,1.104937858e-10,-23.8780216,0.06398805655,-27.75035589,-2547.750356,1.136724872,0.05662845393,-0.02979412,55.99711188,55.89714497,-3.344506476,8.313520561e-12,-9.299274287e-11,0.05983322543,3.399599014e-10,
5736044000,-4.548958978,0.5923140727,15.62723189,-704.3727681,3.905737152,0.5704189722,0.1595561244,172.2296861,154.5643266,75.97982459,-3.651820069e-13,2.10817153e-09,0.4915741315,1.148492762e-10,-23.14727646,0.06960431714,-29.35774518,-2549.357745,1.149623044,0.06066542508,-0.03412428995,56.4503147,56.31802889,-3.862337597,7.183852817e-12,-1.071662143e-10,0.06858083767,5.559250623e-10,
5748042000,-4.588153445,0.5896473184,15.24082654,-704.7591735,3.873856294,0.5689090829,0.1550045659,172.0704301,155.4126632,73.85889942,-3.748843986e-13,2.045045762e-09,0.4752437665,8.081197967e-11,-22.34031035,0.0763808492,-32.1293605,-2552.12936,1.165394685,0.06468308408,-0.04062182613,56.90340246,56.71434199,-4.63471939,5.974158684e-12,-1.283286553e-10,0.08172041193,7.485116102e-10,
5760040000,-4.683008679,0.5832430415,14.49726393,-705.5027361,3.798960063,0.5646723473,0.1460054302,171.124479,156.4849864,69.25342114,-3.989820889e-13,1.913532597e-09,0.4425563291,8.668511412e-11,-21.53881293,0.0837643752,-36.44397493,-2556.443975,1.182844615,0.06738325542,-0.04975909406,57.20596394,56.92081257,-5.704682872,4.84354262e-12,-1.576253772e-10,0.1002213885,9.286621496e-10,
5772038000,-4.735949071,0.5796989937,14.56434439,-705.4356556,3.758494436,0.561070858,0.1457752228,169.4974708,155.1941324,68.14817589,-4.046100952e-13,1.879079635e-09,0.439115673,7.709254734e-11,-20.73534651,0.09188247274,-40.37239715,-2560.372397,1.202358109,0.07000070392,-0.05951714247,57.49826271,57.08837059,-6.853331864,4.023362721e-12,-1.889699345e-10,0.1200477749,1.081009153e-09,
5784036000,-4.854653864,0.5718304882,14.09338656,-705.9066134,3.671047201,0.5546184639,0.1392424745,167.2424923,154.5350324,63.94509366,-4.303104733e-13,1.759528769e-09,0.4137902756,4.740478749e-11,-19.95265815,0.1005465312,-45.2919861,-2565.291986,1.223572502,0.07073389298,-0.07145852873,57.5699964,56.9792044,-8.226466556,3.34484354e-12,-2.263614571e-10,0.1443766483,1.230702218e-09,
5796034000,-4.900114771,0.5688454143,13.77784374,-706.2221563,3.638707476,0.5524777113,0.1354750306,166.6434007,154.6942039,61.96552494,-4.431380824e-13,1.701528941e-09,0.4005678518,3.592554176e-11,-19.1667771,0.1100680177,-51.05126099,-2571.051261,1.247362765,0.06919149088,-0.08560085348,57.37514701,56.53249775,-9.797152305,2.80278218e-12,-2.690227865e-10,0.1733012461,1.439571922e-09,
5808032000,-4.990222366,0.5629747046,13.86674151,-706.1332585,3.576394138,0.5465672365,0.134925068,164.0776307,152.6007669,60.28660576,-4.545381062e-13,1.652007308e-09,0.3950609619,8.44122015e-12,-18.47455822,0.1191988564,-57.68328039,-2577.68328,1.270660086,0.06372358759,-0.1007356529,56.73279888,55.58382805,-11.3599528,2.412207172e-12,-3.112917837e-10,0.2043751428,1.649978662e-09,
5820030000,-5.045403789,0.5594094655,13.90180455,-706.0981954,3.539362159,0.5430237553,0.1344029437,162.5828932,151.4074421,59.23667458,-4.616408566e-13,1.619890202e-09,0.3912401778,-1.499539801e-11,-17.82313183,0.1284823313,-65.26632107,-2585.266321,1.294847336,0.05375713978,-0.1166956699,55.60028733,54.09787674,-12.83790026,2.130104505e-12,-3.510661089e-10,0.237308764,1.86457484e-09,
5832028000,-5.099832143,0.5559150004,13.84910619,-706.1508938,3.503642325,0.5397542648,0.1330669803,161.2926761,150.5140086,57.97292966,-4.707336919e-13,1.582070306e-09,0.385166339,-2.479672554e-11,-17.34332473,0.135779362,-73.81805524,-2593.818055,1.314223836,0.03784014418,-0.1303999948,53.86444121,52.05823291,-13.83178996,1.97297756e-12,-3.774669368e-10,0.2656984149,2.039300428e-09,
5844026000,-5.120024678,0.5546241372,14.11050801,-705.889492,3.490589112,0.5378896407,0.1352134166,160.318541,149.3327205,58.32472186,-4.669338037e-13,1.58840289e-09,0.3905689367,-2.855962629e-11,-16.96475322,0.1418281177,-83.25197763,-2603.251978,1.330535457,0.01666524639,-0.1408456053,51.6612458,49.65038285,-14.27318463,1.90803839e-12,-3.887128304e-10,0.287473808,2.186019871e-09,
5856024000,-5.093142118,0.5563433408,14.29790978,-705.7020902,3.507990489,0.5391104621,0.1373965886,160.649148,149.2630948,59.40267073,-4.575212947e-13,1.614445002e-09,0.397972927,-1.531295364e-11,-16.73132165,0.1456914003,-92.73199987,-2612.732,1.341074409,-0.006944282465,-0.1455258089,49.32456699,47.27853631,-14.05890865,1.933150538e-12,-3.820928341e-10,0.2973634497,2.266106443e-09,
5868022000,-5.060989496,0.5584065775,14.29418787,-705.7058121,3.529052966,0.5411187466,0.1378709825,161.4617615,149.8782249,60.05346057,-4.516378794e-13,1.628795035e-09,0.4006816907,4.972146024e-12,-16.7457979,0.1454487874,-103.0195083,-2623.019508,1.340409762,-0.03276710989,-0.141709796,46.88782927,45.03791504,-13.04050393,2.079859624e-12,-3.53689993e-10,0.2895450181,2.282550923e-09,
5880020000,-5.02916266,0.560456444,14.08797093,-705.9120291,3.550174773,0.5435996741,0.1364214792,162.6542379,151.1353168,60.12085416,-4.502110874e-13,1.627295676e-09,0.397794873,2.222872765e-11,-16.97035504,0.1417366775,-112.8740311,-2632.874031,1.33028716,-0.05509395219,-0.1305907431,44.86159237,43.34824779,-11.55386876,2.342685009e-12,-3.127294336e-10,0.2665360042,2.191153931e-09,
5892018000,-4.990624629,0.5629486326,14.10809698,-705.891903,3.576121136,0.5459687385,0.1372198949,163.6096435,151.8152743,60.99375323,-4.428643366e-13,1.647560704e-09,0.401762955,4.287682696e-11,-17.40741194,0.1347812262,-122.4758448,-2642.475845,1.311554095,-0.07236997028,-0.1137038537,43.33220421,42.21467982,-9.77756255,2.762647431e-12,-2.641111095e-10,0.2316152246,1.969078752e-09,
5904016000,-4.915598192,0.5678322968,13.91089473,-706.0891053,3.627833096,0.5511782212,0.1365140496,165.9662053,153.9384516,62.03010906,-4.345803258e-13,1.672149682e-09,0.4029539625,7.304676718e-11,-18.04685485,0.1252152594,-130.3248684,-2650.324868,1.286276734,-0.08102939177,-0.09546255213,42.5674894,41.78864211,-8.105587229,3.325738684e-12,-2.185028418e-10,0.1939662745,1.67671566e-09,
5916014000,-4.852750258,0.5719558246,13.45674086,-706.5432591,3.67241494,0.556253291,0.1331004943,168.5740891,156.7526221,62.01482883,-4.33805835e-13,1.668347396e-09,0.3956222742,1.261953844e-10,-18.81069755,0.1146740425,-136.819102,-2656.819102,1.259054965,-0.08361994594,-0.07847190997,42.32718444,41.80185535,-6.647964496,4.046711533e-12,-1.788461642e-10,0.1590351538,1.33553346e-09,
5928012000,-4.778130353,0.5768906264,12.83610178,-707.1638982,3.726910167,0.5624738782,0.128163689,171.932757,160.495798,61.66013098,-4.354182366e-13,1.655447836e-09,0.3841853292,1.720999189e-10,-19.6234702,0.1044302914,-141.9134246,-2661.913425,1.233215327,-0.08219494923,-0.06441797951,42.43400108,42.07853444,-5.481002428,4.898364095e-12,-1.471536545e-10,0.1302564954,1.016193702e-09,
5940010000,-4.706345406,0.5816781223,11.92012746,-708.0798725,3.781007417,0.5691350986,0.1201444025,175.9132875,165.3471294,60.04840985,-4.462019298e-13,1.608920061e-09,0.3631657233,2.1467287e-10,-20.38643941,0.09564847045,-145.5242815,-2665.524281,1.211529405,-0.07884936163,-0.05414247935,42.71127468,42.458483,-4.640065318,5.774426548e-12,-1.24324594e-10,0.1092847646,7.305171437e-10,
5952008000,-4.647880233,0.5856066345,10.96246275,-709.0375373,3.826332096,0.5749204736,0.1113623792,179.649926,170.1410313,57.6725706,-4.636468527e-13,1.542147573e-09,0.3389692079,2.531031663e-10,-21.03603834,0.08875607393,-147.9184043,-2667.918404,1.194802009,-0.0752023621,-0.04714069785,43.02025577,42.82731005,-4.069879615,6.570146632e-12,-1.088273837e-10,0.09503000795,5.468849138e-10,
5964006000,-4.607372481,0.5883440639,9.757399211,-710.2426008,3.858426235,0.5798331851,0.09971065613,183.2844536,175.3118196,53.46921405,-4.990893005e-13,1.426874775e-09,0.3049949181,2.754459847e-10,-21.47355662,0.08439605939,-149.5931526,-2669.593153,1.184350581,-0.07278765037,-0.04271595479,43.22667411,43.06753846,-3.705736885,7.201243226e-12,-9.889097077e-11,0.08604478029,4.408002552e-10,
5976004000,-4.661701314,0.584675552,8.451348686,-711.5486513,3.815512329,0.5783265692,0.08592950817,183.6529999,177.6948276,46.40013604,-5.739710637e-13,1.235743987e-09,0.2611226036,2.816852458e-10,-21.81003813,0.08118916844,-151.6897344,-2671.689734,1.176726625,-0.07147832665,-0.03850363477,43.33826395,43.20863635,-3.349457662,7.951238117e-12,-8.920387999e-11,0.07751824509,4.17285128e-10,
5988002000,-4.620519273,0.5874542314,7.227042823,-712.7729572,3.847946948,0.5827871632,0.07390261417,186.981713,182.3941078,41.16491768,-6.456704988e-13,1.094121233e-09,0.2256921464,2.816852458e-10,-22.07852974,0.07871790239,-153.1583151,-2673.158315,1.170887728,-0.07023664283,-0.03554324353,43.44505505,43.33433641,-3.099693017,8.574711362e-12,-8.238665681e-11,0.07152972156,4.17285128e-10,
6000000000,-4.725704096,0.5803831499,6.1442537,-713.8557463,3.766252831,0.5770491807,0.062119592,184.5982892,181.4415996,33.99226832,-7.803487428e-13,9.016729217e-10,0.1873455062,2.816852458e-10,-22.32463625,0.07651880651,-155.1476796,-2675.14768,1.16571817,-0.0694327114,-0.03215938955,43.5138224,43.42303769,-2.809365966,9.441925392e-12,-7.452074674e-11,0.06469759177,4.17285128e-10,
