Frequency,S11_Magnitude,S11_Magnitude (linear),S11_Phase,S11_Unwrapped Phase,S11_VSWR,S11_Real,S11_Imaginary,S11_Impedance (absolute),S11_Resistance,S11_Reactance,S11_Capacitance,S11_Inductance,S11_Quality Factor,S11_Group delay,S21_Magnitude,S21_Magnitude (linear),S21_Phase,S21_Unwrapped Phase,S21_VSWR,S21_Real,S21_Imaginary,S21_Impedance (absolute),S21_Resistance,S21_Reactance,S21_Capacitance,S21_Inductance,S21_Quality Factor,S21_Group delay,
1000000,-34.75648,0.01828841212,-89.48190702,-89.48190702,1.037258218,0.0001653694033,-0.01828766444,50.01653414,49.9830904,-1.828759628,8.702890234e-08,-2.910561346e-07,0.03658756619,2.595397142e-09,-0.07316289519,0.9916121861,-1.142283521,-1.142283521,237.4411502,0.9914151254,-0.01976807428,4620.310614,1798.28909,-4255.987139,3.739554137e-11,-0.0006773613908,2.366686849,2.380559511e-09,
12998000,-13.84216381,0.2031850778,-105.5833123,-105.5833123,1.509993154,-0.05458349377,-0.1957161671,45.00607802,41.66695009,-17.01212301,7.197556532e-10,-2.083061601e-07,0.408288175,2.595397142e-09,-0.2592792538,0.9705905025,-12.9693744,-12.9693744,67.0052422,0.9458308998,-0.2178298249,436.1467574,57.51223978,-432.3382198,2.832174244e-11,-5.293796336e-06,7.51732538,2.380559511e-09,
24996000,-8.693421335,0.3675605843,-116.9341505,-116.9341505,2.162358244,-0.166492512,-0.3276904432,36.95836998,29.4566984,-22.32093258,2.852576367e-10,-1.421222097e-07,0.7577540524,2.595397142e-09,-0.7423192483,0.9180874222,-23.87349704,-23.87349704,23.41627468,0.8395370203,-0.3715670953,231.8415604,47.95648326,-226.8274341,2.807075125e-11,-1.444259376e-06,4.729859628,2.380559511e-09,
36994000,-5.976451922,0.5025478322,-126.5564222,-126.5564222,3.020487052,-0.2993245739,-0.4036819578,29.71668179,20.18810163,-21.80646072,1.972893564e-10,-9.381537587e-08,1.080164005,2.120165354e-09,-1.404515177,0.850695707,-33.73136954,-33.73136954,12.39546211,0.7074812712,-0.4723911905,159.4256946,44.75191729,-153.0157443,2.811594728e-11,-6.583016725e-07,3.419199747,2.11239556e-09,
48992000,-4.325003892,0.6077847591,-135.046587,-135.046587,4.099240905,-0.4301180256,-0.4294191395,23.8936556,14.14125485,-19.25958695,1.686739416e-10,-6.256651014e-08,1.361943276,1.831489093e-09,-2.138758511,0.7817395319,-42.17280137,-42.17280137,8.16336347,0.579365446,-0.5248355702,123.72101,42.98137795,-116.0150398,2.800145956e-11,-3.768853498e-07,2.699193123,1.846334212e-09,
60990000,-3.259055039,0.6871431921,-142.3150332,-142.3150332,5.392700907,-0.5437940985,-0.420063977,19.38040585,10.31025327,-16.41032627,1.590172661e-10,-4.282316024e-08,1.591651129,1.587263681e-09,-2.906211037,0.7156314991,-49.43986171,-49.43986171,6.033127769,0.4653363917,-0.5436823384,102.4839293,41.95260204,-93.50366272,2.790826736e-11,-2.440001659e-07,2.228792928,1.606428236e-09,
72988000,-2.543540779,0.7461445326,-148.6084161,-148.6084161,6.878498819,-0.6369293563,-0.3886549352,15.80619014,7.829962615,-13.73052556,1.588113389e-10,-2.994027806e-08,1.753587627,1.371259551e-09,-3.674757217,0.6550314302,-55.89342314,-55.89342314,4.797629625,0.3672984216,-0.5423633874,88.25478872,41.10576232,-78.09752901,2.792102614e-11,-1.702965937e-07,1.899916814,1.409212861e-09,
84986000,-2.039735448,0.7907027106,-154.054689,-154.054689,8.555785486,-0.7110094158,-0.3459427514,12.9113204,6.149671531,-11.35269723,1.649581157e-10,-2.126041797e-08,1.846065627,1.197490619e-09,-4.433099939,0.6002677389,-61.56412542,-61.56412542,4.003348978,0.2858324244,-0.5278457952,78.25787825,40.55495858,-66.92974557,2.798037744e-11,-1.253406425e-07,1.650346786,1.240911696e-09,
96984000,-1.665540043,0.8255112532,-158.7910288,-158.7910288,10.46205722,-0.7695970381,-0.2986456565,10.5089975,4.945118135,-9.272800827,1.769738537e-10,-1.521706764e-08,1.875142428,1.058375798e-09,-5.156518747,0.552298753,-66.54459415,-66.54459415,3.467264752,0.2198343374,-0.5066623892,70.99552649,40.1544953,-58.54896489,2.802856207e-11,-9.608138636e-08,1.458092412,1.08963045e-09,
108982000,-1.377122093,0.8533828196,-163.0852132,-163.0852132,12.64096619,-0.8164642229,-0.2482909777,8.420674125,4.04228425,-7.386994704,1.97695858e-10,-1.078780644e-08,1.827430791,9.497239309e-10,-5.845251553,0.5101964382,-70.91350157,-70.91350157,3.083269612,0.1668317943,-0.482148896,65.57744352,39.91313431,-52.03213246,2.806685382e-11,-7.598659486e-08,1.303634339,9.534528752e-10,
120980000,-1.15759107,0.8752264754,-166.950261,-166.950261,15.02904147,-0.8526232403,-0.1976233627,6.61588697,3.370218403,-5.693117628,2.310768265e-10,-7.48956697e-09,1.689242935,8.652376693e-10,-6.495969378,0.4733708722,-74.75083011,-74.75083011,2.797739043,0.1245046986,-0.4567040209,61.45631642,39.78788967,-46.83804718,2.808715634e-11,-6.161767841e-08,1.177193553,8.320429171e-10,
132978000,-0.9842620501,0.8928672582,-170.4856908,-170.4856908,17.66842915,-0.8805852898,-0.147585528,5.032042263,2.849441539,-4.147545329,2.885686805e-10,-4.963996607e-09,1.455564283,7.950065958e-10,-7.111349465,0.4409938437,-78.05215711,-78.05215711,2.577778129,0.09129506769,-0.431440356,58.32861487,39.80314382,-42.63727307,2.807054947e-11,-5.103049203e-08,1.071203653,7.39992642e-10,
144976000,-0.8532442899,0.9064373355,-173.7768088,-173.7768088,20.37604792,-0.901095853,-0.09825938576,3.661850335,2.461095468,-2.711486119,4.048709652e-10,-2.976674891e-09,1.101739512,7.38205686e-10,-7.688631303,0.4126372542,-80.94439803,-80.94439803,2.405050821,0.06494616622,-0.4074941705,55.89504425,39.87642749,-39.16792697,2.802808541e-11,-4.299862865e-08,0.9822325979,6.708169644e-10,
156974000,-0.7443794572,0.9178696866,-176.8412197,-176.8412197,23.35154471,-0.9164751349,-0.05057754982,2.546621493,2.142810812,-1.376096962,7.367894021e-10,-1.395215983e-09,0.6421924672,6.891472529e-10,-8.236851231,0.3873980572,-83.7978947,-83.7978947,2.264762745,0.04185289201,-0.3851306144,53.78177647,39.85115734,-36.11599007,2.807326218e-11,-3.661777329e-08,0.9062720502,6.163162884e-10,
168972000,-0.6605903446,0.9267668327,-179.7150818,-179.7150818,26.31003004,-0.926755374,-0.004608570339,1.904477861,1.900427654,-0.1241396675,7.587431955e-09,-1.169273117e-10,0.06532196438,6.478168573e-10,-8.751274452,0.3651205504,-86.3651928,-86.3651928,2.150204344,0.02314747791,-0.3643860735,52.08593611,39.86534425,-33.52162092,2.809832145e-11,-3.157405765e-08,0.8408712266,5.66233369e-10,
180970000,-0.5941776932,0.9338800875,177.600346,-182.399654,29.24807391,-0.9330611521,0.03910120483,2.004760372,1.710263282,1.045974978,-8.407991226e-10,9.198877611e-10,0.61158711,6.110838892e-10,-9.227544075,0.3456390448,-88.65197281,-88.65197281,2.05641708,0.008131276838,-0.345543386,50.73170633,39.90802308,-31.32180903,2.80780348e-11,-2.754611667e-08,0.7848499277,5.115113911e-10,
192968000,-0.541173248,0.9395963859,175.0118963,-184.9881037,32.11060155,-0.9360379208,0.08169687305,2.677240963,1.560069439,2.175730342,-3.790790361e-10,1.794485297e-09,1.394636859,5.805489217e-10,-9.666857706,0.3285920976,-90.7459613,-90.7459613,1.978815103,-0.004277977663,-0.3285642487,49.61537079,39.9464526,-29.42729929,2.802750442e-11,-2.427086431e-08,0.7366686495,4.660821214e-10,
204966000,-0.5003571734,0.9440220563,172.5980791,-187.4019209,34.72835775,-0.936155373,0.1216172698,3.540176786,1.445764488,3.231503786,-2.402888599e-10,2.509244466e-09,2.235152276,5.549711913e-10,-10.06889234,0.3137295185,-92.65431506,-92.65431506,1.914302821,-0.01452880405,-0.3133929237,48.69434852,39.98167309,-27.79578016,2.793569225e-11,-2.158326654e-08,0.6952130317,4.330597143e-10,
216964000,-0.4614613216,0.948258914,170.2482849,-189.7517151,37.65400118,-0.9345575108,0.1606151519,4.467198212,1.337536354,4.262259538,-1.721046329e-10,3.126600146e-09,3.186649489,5.315681564e-10,-10.42921318,0.3009811803,-94.42971761,-94.42971761,1.861153296,-0.02324663038,-0.3000820972,47.91199286,39.98874241,-26.39051989,2.779614105e-11,-1.935888761e-08,0.659948733,4.089151804e-10,
228962000,-0.4344794502,0.951209168,167.9967719,-192.0032281,39.99130758,-0.9304118215,0.1978199277,5.403258109,1.264082074,5.253312736,-1.323193827e-10,3.651656998e-09,4.155832,5.126482705e-10,-10.7480941,0.2901317751,-96.16262548,-96.16262548,1.817424319,-0.03114588966,-0.288455162,47.20521004,39.9410787,-25.16032764,2.762742632e-11,-1.748932362e-08,0.6299361073,3.987506809e-10,
240960000,-0.4097111696,0.953925463,165.8325914,-194.1674086,42.40792403,-0.9249115631,0.2334788845,6.324235294,1.197221725,6.209880208,-1.063633371e-10,4.101648121e-09,5.186909057,4.962609597e-10,-11.01927112,0.2812136801,-97.8229019,-97.8229019,1.782468092,-0.03827643745,-0.278596569,46.57020599,39.84474579,-24.10768174,2.739805465e-11,-1.592321014e-08,0.6050404204,4.031362902e-10,
252958000,-0.386421573,0.9564866688,163.7345687,-196.2654313,44.9629255,-0.9182027678,0.2679000276,7.231164085,1.134725048,7.141577773,-8.810033152e-11,4.493304834e-09,6.29366364,4.826015627e-10,-11.25788006,0.2735936397,-99.56930212,-99.56930212,1.753279857,-0.04548232888,-0.2697866517,45.93329641,39.67799482,-23.14140114,2.718830056e-11,-1.455999961e-08,0.5832301063,4.160899848e-10,
264956000,-0.3675852308,0.95856317,161.6619363,-198.3380637,47.26624041,-0.9098841414,0.3015861404,8.139486694,1.085384858,8.06679511,-7.446382597e-11,4.8455982e-09,7.432197941,4.71285412e-10,-11.46965952,0.2670035428,-101.4326719,-101.4326719,1.728526148,-0.05292445164,-0.2617057399,45.28131962,39.44769822,-22.23234156,2.701849581e-11,-1.335462135e-08,0.5635903376,4.398932785e-10,
276954000,-0.3441146979,0.9611568493,159.659643,-200.340357,50.48912903,-0.9012232736,0.3340944479,9.024002498,1.022168694,8.965923948,-6.409400929e-11,5.152375903e-09,8.77147187,4.619499617e-10,-11.663299,0.2611169415,-103.3437862,-103.3437862,1.706788276,-0.0602640633,-0.2540675103,44.64336239,39.19449651,-21.37337711,2.68868139e-11,-1.228246791e-08,0.5453157718,4.583934281e-10,
288952000,-0.3263452022,0.9631251859,157.691986,-202.308014,53.23756158,-0.8910416555,0.3655884188,9.903130511,0.9756854245,9.854949612,-5.589076046e-11,5.428112436e-09,10.10053995,4.525261623e-10,-11.84691813,0.2556548837,-105.435771,-105.435771,1.686925669,-0.06804458537,-0.2464332647,43.97323582,38.89640339,-20.51134495,2.685346229e-11,-1.129766168e-08,0.5273326878,4.739354491e-10,
300950000,-0.304859187,0.9655105879,155.7430877,-204.2569123,56.98881096,-0.8802680593,0.3966596011,10.78073153,0.9178710067,10.74158671,-4.923311848e-11,5.680600172e-09,11.70271926,4.430641661e-10,-12.03473153,0.250186242,-107.4674004,-107.4674004,1.667329025,-0.07509668136,-0.2386496263,43.36810173,38.64681995,-19.67779347,2.68750565e-11,-1.040643994e-08,0.5091697969,4.797880701e-10,
312948000,-0.2869329528,0.9675052991,153.8472779,-206.1527221,60.54849698,-0.8684544045,0.4264427875,11.64285651,0.8703229775,11.61028189,-4.380313428e-11,5.904603172e-09,13.3401992,4.34895675e-10,-12.22421175,0.244787599,-109.6061643,-109.6061643,1.648261598,-0.08213919409,-0.2305951461,42.76724722,38.39566759,-18.83640478,2.699914037e-11,-9.579568908e-09,0.490586724,4.764272328e-10,
324946000,-0.2680274092,0.9696134463,152.0134061,-207.9865939,64.81858613,-0.8562243444,0.4550056124,12.48394944,0.8192764376,12.45703736,-3.931824908e-11,6.101318592e-09,15.20492569,4.25501351e-10,-12.42044691,0.2393192618,-111.6202847,-111.6202847,1.62922393,-0.08817806805,-0.2224822182,42.25179921,38.20944729,-18.03476294,2.715804466e-11,-8.833226659e-09,0.4719974829,4.686779374e-10,
336944000,-0.2491887918,0.9717186998,150.1646458,-209.8353542,69.7181066,-0.8429257741,0.4834391079,13.33968592,0.7680634246,13.31755605,-3.546809566e-11,6.290525652e-09,17.33913584,4.198996597e-10,-12.61993116,0.2338855775,-113.648442,-113.648442,1.610576098,-0.09381703616,-0.2142447831,41.77120971,38.04514757,-17.2453097,2.738996052e-11,-8.145793616e-09,0.4532853939,4.560606903e-10,
348942000,-0.2213781763,0.9748349499,148.3951064,-211.6048936,78.47530382,-0.830249553,0.5108706875,14.1651244,0.6881686737,14.14839825,-3.223737044e-11,6.453185684e-09,20.55949187,4.120751422e-10,-12.8132637,0.2287372075,-115.5680178,-115.5680178,1.593149857,-0.09871892613,-0.2063377903,41.35330725,37.91449478,-16.51021218,2.762575979e-11,-7.530425914e-09,0.4354591106,4.390887679e-10,
360940000,-0.2067319436,0.9764801129,146.5881068,-213.4118932,84.03442174,-0.8151007391,0.5377027022,15.01807074,0.6485810196,15.00405916,-2.938842757e-11,6.615975459e-09,23.13366982,4.050221487e-10,-13.01875748,0.2233891759,-117.4815669,-117.4815669,1.575292461,-0.1030858888,-0.198181794,40.97927719,37.82010044,-15.77786936,2.794710083e-11,-6.957183744e-09,0.4171821116,4.131898452e-10,
372938000,-0.1897239134,0.9783940532,144.902336,-215.097664,91.56710738,-0.8004957548,0.5625490822,15.82113388,0.6006480653,15.80972799,-2.699349361e-11,6.746956219e-09,26.32111698,4.01831108e-10,-13.22979809,0.2180269079,-119.1864589,-119.1864589,1.557632763,-0.1063215502,-0.1903456344,40.69764023,37.7908374,-15.10465257,2.825353245e-11,-6.446058378e-09,0.399690867,3.872976767e-10,
384936000,-0.1690559501,0.9807249013,143.1640107,-216.8359893,102.7608177,-0.7849280264,0.5879705141,16.65724952,0.5405174903,16.64847748,-2.483459486e-11,6.88344942e-09,30.80099678,3.977639559e-10,-13.42857823,0.2130939347,-120.7626346,-120.7626346,1.541599421,-0.1089938367,-0.1831102634,40.46350482,37.77875057,-14.49348915,2.852716754e-11,-5.992451838e-09,0.3836413044,3.612735381e-10,
396934000,-0.1541221326,0.9824125309,141.4290491,-218.5709509,112.7173286,-0.768086152,0.6125177908,17.50106096,0.4978943893,17.49397713,-2.291992945e-11,7.014397695e-09,35.1359194,3.948682941e-10,-13.6091705,0.208709143,-122.2917194,-122.2917194,1.527515619,-0.1114987239,-0.1764299888,40.24513221,37.75750038,-13.92988987,2.878419898e-11,-5.585338694e-09,0.3689304039,3.313458706e-10,
408932000,-0.1408349169,0.9839165239,139.7344807,-220.2655193,123.3512274,-0.7507848153,0.6359354426,18.3342255,0.4598182764,18.32845852,-2.123455157e-11,7.133373698e-09,39.86022188,3.90797872e-10,-13.79875676,0.2042030205,-123.7311444,-123.7311444,1.513203809,-0.1133932376,-0.1698259323,40.07584972,37.77344088,-13.3880878,2.907036489e-11,-5.210598223e-09,0.3544312484,2.974232282e-10,
420930000,-0.1248664784,0.9857270536,138.0893674,-221.9106326,139.1252374,-0.7335658511,0.6584367596,19.15177519,0.4120952379,19.14734108,-1.974702967e-11,7.239669255e-09,46.46338835,3.895628098e-10,-13.97203753,0.200169601,-124.8580819,-124.8580819,1.500530116,-0.1144060727,-0.1642532182,39.97961547,37.82596147,-12.94473995,2.920901569e-11,-4.894446464e-09,0.3422183984,2.576351434e-10,
432928000,-0.1141549541,0.9869434118,136.3940244,-223.6059756,152.1793729,-0.7146456594,0.6806900025,20.00422702,0.3811349485,20.00059586,-1.83806778e-11,7.352709217e-09,52.47641534,3.917923043e-10,-14.1303808,0.1965535808,-125.9027244,-125.9027244,1.489276139,-0.1152611569,-0.1592111046,39.89771955,37.87426348,-12.54464793,2.930528703e-11,-4.611720025e-09,0.3312182673,2.228863001e-10,
444926000,-0.1082476763,0.9876148607,134.686123,-225.313877,160.4838525,-0.6945130183,0.7021643544,20.87356781,0.3658426448,20.87036157,-1.713966674e-11,7.465558786e-09,57.04737233,3.934979486e-10,-14.25000853,0.1938650733,-126.7699211,-126.7699211,1.480974256,-0.1160482438,-0.1552947899,39.82466715,37.89995182,-12.23101655,2.924622336e-11,-4.375169677e-09,0.3227185252,1.999350384e-10,
456924000,-0.09952973086,0.9886066181,132.9747996,-227.0252004,174.5405037,-0.6739100207,0.7233175854,21.75551314,0.340689375,21.75284539,-1.601253487e-11,7.576911851e-09,63.84949749,3.906243234e-10,-14.3225347,0.1922530618,-127.5887665,-127.5887665,1.476023004,-0.1172724097,-0.1523431053,39.72013272,37.87000279,-11.98131178,2.907179128e-11,-4.173308898e-09,0.3163800079,1.856212954e-10,
468922000,-0.09578663912,0.9890327394,131.3008407,-228.6991593,181.3609444,-0.6527741595,0.7430152463,22.62958205,0.3321560131,22.62714424,-1.499994884e-11,7.67978865e-09,68.12203707,3.877043494e-10,-14.36708115,0.1912695969,-128.3329379,-128.3329379,1.47301201,-0.1186311569,-0.1500356868,39.60703124,37.81523275,-11.7781618,2.881655149e-11,-3.997578853e-09,0.3114660665,1.814248994e-10,
480920000,-0.09875801236,0.9886944571,129.6505864,-230.3494136,175.9043748,-0.6308899145,0.7612454566,23.50289464,0.3470393974,23.50033234,-1.408229018e-11,7.777164717e-09,67.71661232,3.857926252e-10,-14.37082131,0.1911872536,-129.1299677,-129.1299677,1.472760239,-0.1206547619,-0.1483070949,39.44372754,37.69762957,-11.60587641,2.851473577e-11,-3.840831323e-09,0.3078675382,1.954217476e-10,
492918000,-0.09351684255,0.9892912272,127.9752114,-232.0247886,185.7627633,-0.6087311633,0.7798355615,24.4014202,0.3332572744,24.3991444,-1.323338223e-11,7.878073915e-09,73.21413897,3.847694796e-10,-14.3233418,0.1922351982,-129.9174452,-129.9174452,1.475968247,-0.1233540943,-0.1474385935,39.23067408,37.51163501,-11.485775,2.811157312e-11,-3.708563832e-09,0.3061923321,2.277036017e-10,
504916000,-0.09216986118,0.9894446554,126.3058824,-233.6941176,188.4774704,-0.5858461414,0.7973612887,25.30968308,0.3332484933,25.30748907,-1.245523542e-11,7.97719221e-09,75.94179591,3.867482433e-10,-14.23206451,0.1942659895,-131.0169191,-131.0169191,1.482208736,-0.1274932452,-0.1465767618,38.90712251,37.21828524,-11.33858129,2.779983899e-11,-3.574042534e-09,0.3046508247,2.783474635e-10,
516914000,-0.09063088703,0.9896199816,124.6635571,-235.3364429,191.6778866,-0.5628527819,0.8139683372,26.21642088,0.3325593819,26.21431151,-1.174528018e-11,8.071240586e-09,78.82595693,3.877289392e-10,-14.1213718,0.1967575518,-132.3070403,-132.3070403,1.489908252,-0.1324381753,-0.1455117312,38.52337342,36.87073968,-11.16238572,2.758321034e-11,-3.436836426e-09,0.3027437426,3.396204933e-10,
528912000,-0.08977918615,0.9897170243,122.9540438,-237.0459562,193.4962287,-0.5383725823,0.8304786275,27.17487561,0.3347235646,27.17281407,-1.107393816e-11,8.176573185e-09,81.17986585,3.886889613e-10,-13.99190427,0.1997122877,-133.9464733,-133.9464733,1.499101222,-0.1385975414,-0.14379054,38.04853289,36.44861904,-10.91737261,2.756249818e-11,-3.285147277e-09,0.2995277434,3.976787796e-10,
540910000,-0.08356263513,0.9904256251,121.2775814,-238.7224186,207.890922,-0.5142138719,0.8464791863,28.12989523,0.3166290112,28.12811319,-1.046055001e-11,8.276290426e-09,88.8361843,3.913313654e-10,-13.85819236,0.202810475,-135.7872481,-135.7872481,1.508813698,-0.1453655086,-0.1414247421,37.53072317,35.99723977,-10.61856443,2.770953989e-11,-3.124358984e-09,0.2949827404,4.491742876e-10,
552908000,-0.0819313967,0.9906116477,119.6045879,-240.3954121,212.0299273,-0.4893735355,0.8612926212,29.09886093,0.3156789523,29.09714855,-9.892745271e-12,8.375633961e-09,92.1732296,3.918960182e-10,-13.73665374,0.2056682786,-137.8652452,-137.8652452,1.517839772,-0.1525172265,-0.1379780289,36.98658137,35.54057994,-10.24081926,2.810816904e-11,-2.947826774e-09,0.2881444049,4.862951169e-10,
564906000,-0.07988242909,0.9908453567,117.8869363,-242.1130637,217.4683709,-0.4634464142,0.8757807614,30.11097748,0.3132960363,30.10934755,-9.357128623e-12,8.482918391e-09,96.10510208,3.936004256e-10,-13.63673167,0.2080479384,-140.0482019,-140.0482019,1.525405384,-0.1594864159,-0.1335965112,36.45886043,35.11511456,-9.806999204,2.872815955e-11,-2.762994906e-09,0.2792814242,5.066044408e-10,
576904000,-0.07876629923,0.9909726878,116.1858232,-243.8141768,220.5498861,-0.4373002218,0.8892667675,31.13154348,0.3145865766,31.12995398,-8.86212972e-12,8.588059806e-09,98.95512492,3.947883268e-10,-13.55734547,0.2099581448,-142.3182203,-142.3182203,1.531511447,-0.1661646469,-0.1283422483,35.95510128,34.72498694,-9.324408297,2.958661629e-11,-2.572396225e-09,0.2685215783,5.126095894e-10,
588902000,-0.07583349321,0.9913073479,114.4866116,-245.5133884,229.0793802,-0.410877663,0.9021473295,32.16995364,0.3086125478,32.16847332,-8.401303076e-12,8.693758114e-09,104.2357919,3.922565557e-10,-13.49910092,0.2113707818,-144.5015927,-144.5015927,1.536046033,-0.1720836455,-0.1227388543,35.50997758,34.39269546,-8.837477419,3.058079597e-11,-2.388390964e-09,0.2569579762,5.092755009e-10,
600900000,-0.08696799681,0.9900373982,112.7787437,-247.2212563,199.7507709,-0.3833162994,0.9128212664,33.23404985,0.360890896,33.23209032,-7.970035725e-12,8.801882915e-09,92.08348198,3.920762336e-10,-13.45442828,0.2124606892,-146.7090715,-146.7090715,1.539555769,-0.1775946741,-0.1166176495,35.09650341,34.09414962,-8.327875697,3.18041427e-11,-2.205729044e-09,0.2442611354,4.993591585e-10,
612898000,-0.08645302065,0.990096098,111.1191466,-248.8808534,200.9406098,-0.3567400936,0.9235944938,34.2882617,0.3658388279,34.28630998,-7.573753744e-12,8.903334183e-09,93.71971308,3.913501721e-10,-13.41961125,0.2133140383,-148.8512937,-148.8512937,1.542310525,-0.1825600581,-0.1103390417,34.72491376,33.83246708,-7.822007867,3.319813442e-11,-2.031188251e-09,0.2311982702,4.83938399e-10,
624896000,-0.08213017732,0.9905889774,109.4021205,-250.5978795,211.5167564,-0.3290697356,0.9343337901,35.4011752,0.3548805665,35.3993964,-7.194763621e-12,9.015882513e-09,99.75016876,3.959267811e-10,-13.38103606,0.2142635011,-150.9277299,-150.9277299,1.545382584,-0.1872679061,-0.1041132999,34.37476932,33.58424228,-7.329627322,3.474805447e-11,-1.866784904e-09,0.2182460233,4.632308636e-10,
636894000,-0.09198893556,0.9894652656,107.7231683,-252.2768317,188.8481646,-0.3012112918,0.9425037238,36.51268985,0.4059418898,36.51043319,-6.844409546e-12,9.12367822e-09,89.94004832,4.035912736e-10,-13.36279584,0.2147139235,-152.8435907,-152.8435907,1.546842558,-0.191044693,-0.09799997058,34.092981,33.39531012,-6.861823059,3.641777925e-11,-1.71471714e-09,0.2054726557,4.411041977e-10,
648892000,-0.09759984198,0.9888262977,105.9261397,-254.0738603,177.9917027,-0.2713319184,0.9508714093,37.7289617,0.4408464723,37.72638607,-6.501334433e-12,9.253220609e-09,85.57715312,4.098887958e-10,-13.32714557,0.215597004,-154.7170421,-154.7170421,1.549709792,-0.1949448857,-0.09207909465,33.80527358,33.19189035,-6.41053327,3.826075655e-11,-1.572323372e-09,0.1931355281,4.154303975e-10,
660890000,-0.1104417355,0.9873654203,104.1410184,-255.8589816,157.2957292,-0.2412225417,0.9574456427,38.96610499,0.5109096038,38.96275541,-6.180751584e-12,9.382976169e-09,76.26154436,4.168587481e-10,-13.27927086,0.2167886081,-156.4829004,-156.4829004,1.553589006,-0.1987823693,-0.08650358507,33.52501148,32.98586954,-5.988222224,4.021546016e-11,-1.44207836e-09,0.1815390137,3.897074979e-10,
672888000,-0.1283911508,0.9853271337,102.3410731,-257.6589269,135.3060197,-0.2105946939,0.9625587958,40.24436726,0.6088988645,40.23976067,-5.877896834e-12,9.517715904e-09,66.08611547,4.191813962e-10,-13.2291049,0.2180443085,-158.0798761,-158.0798761,1.557689677,-0.2022808373,-0.08139891478,33.27133926,32.79572355,-5.605580524,4.21945882e-11,-1.32586084e-09,0.1709241303,3.6000019e-10,
684886000,-0.149560688,0.982928586,100.5130534,-259.4869466,116.1549115,-0.1793446878,0.966428522,41.57608978,0.7280377205,41.56971496,-5.590167182e-12,9.660039217e-09,57.09829834,4.219944169e-10,-13.16572185,0.2196412504,-159.5784527,-159.5784527,1.562923785,-0.2058369813,-0.07663821512,33.01631077,32.59631252,-5.249493974,4.42674394e-11,-1.219886105e-09,0.1610456389,3.271863245e-10,
696884000,-0.1775592821,0.9797652588,98.68731312,-261.3126869,97.83991026,-0.1479856421,0.9685247607,42.94193134,0.887890373,42.93275111,-5.3195013e-12,9.805017133e-09,48.35366214,4.300203405e-10,-13.08304645,0.2217418556,-160.943974,-160.943974,1.569841401,-0.2095903511,-0.07239706678,32.75077523,32.3775139,-4.930504257,4.631997326e-11,-1.126032632e-09,0.1522817432,3.001715148e-10,
708882000,-0.213909069,0.9756735835,96.85433815,-263.1456618,81.21515066,-0.1164423719,0.9687002196,44.35132422,1.099884143,44.33768391,-5.06376077e-12,9.954493921e-09,40.31123115,4.398601903e-10,-12.95838529,0.2249472744,-162.1168982,-162.1168982,1.580469604,-0.2140789493,-0.06907589841,32.4392798,32.1011947,-4.671206751,4.806368812e-11,-1.048757966e-09,0.1455150437,2.821657814e-10,
720880000,-0.2450404967,0.9721828939,94.88353938,-265.1164606,70.89820517,-0.08276258842,0.9686536704,45.91169547,1.299600531,45.8932982,-4.810695682e-12,1.013226232e-08,35.3133883,4.480592129e-10,-12.77247036,0.2298140002,-163.2932775,-163.2932775,1.596775325,-0.2201132691,-0.06606529685,32.02715455,31.72001027,-4.424881586,4.989482479e-11,-9.769195664e-10,0.1394981133,2.809764479e-10,
732878000,-0.2853589451,0.9676806408,92.91554362,-267.0844564,60.88241506,-0.04921999025,0.9664280703,47.51962119,1.562628906,47.4939216,-4.572465272e-12,1.031398458e-08,30.39360236,4.501333865e-10,-12.54785158,0.2358345451,-164.497566,-164.497566,1.617234248,-0.227254672,-0.06303369487,31.54566557,31.2682938,-4.17406505,5.202705385e-11,-9.064579446e-10,0.1334919352,2.912407469e-10,
744876000,-0.3241496969,0.9633686628,90.9802444,-269.0197556,53.59806152,-0.01648098135,0.963227677,49.1523957,1.833740708,49.11817788,-4.350046532e-12,1.049490225e-08,26.78578148,4.469590868e-10,-12.28401806,0.2431079142,-165.8217198,-165.8217198,1.642384611,-0.235702427,-0.05954682056,30.98339704,30.73814641,-3.890661548,5.491774515e-11,-8.313034884e-10,0.126574371,3.126696833e-10,
756874000,-0.387807129,0.9563341041,89.08472497,-270.915275,44.80233518,0.01527636946,0.9562120848,50.80436801,2.267093304,50.75375944,-4.143127783e-12,1.067246556e-08,22.3871507,4.500292123e-10,-11.97777186,0.2518322855,-167.1424287,-167.1424287,1.673197414,-0.2455179053,-0.05603979137,30.34062402,30.12568112,-3.60510791,5.832815994e-11,-7.580796068e-10,0.1196689262,3.470666051e-10,
768872000,-0.4368249,0.9509523478,87.14624148,-272.8537585,39.77667147,0.04734496106,0.9497730373,52.55120583,2.64391443,52.48465443,-3.943971283e-12,1.086421692e-08,19.8511169,4.60264394e-10,-11.61568496,0.2625522545,-168.7233857,-168.7233857,1.712056566,-0.2574835661,-0.05134101227,29.56975902,29.39155984,-3.241428483,6.386010704e-11,-6.709691154e-10,0.11028433,3.994922248e-10,
780870000,-0.4943704268,0.9446729474,85.11353421,-274.8864658,35.14868147,0.08046872253,0.9412394819,54.44944769,3.106985724,54.36073025,-3.749351104e-12,1.107966618e-08,17.49629225,4.713279376e-10,-11.21251623,0.275026276,-170.5421223,-170.5421223,1.758720673,-0.271287754,-0.04519299722,28.69733402,28.56111734,-2.792768471,7.298043718e-11,-5.692149873e-10,0.0977821854,4.842304873e-10,
792868000,-0.5496589406,0.938678894,83.02578583,-276.9742142,31.6151978,0.1139768676,0.9317335133,56.4751865,3.595587313,56.36061073,-3.561586947e-12,1.131344662e-08,15.6749387,4.808134849e-10,-10.76284979,0.2896393141,-172.7494669,-172.7494669,1.815471126,-0.2873232931,-0.03655485627,27.70578516,27.61797842,-2.204041564,9.107505899e-11,-4.424243503e-10,0.07980459435,5.802330089e-10,
804866000,-0.6183888951,0.9312805983,80.96596613,-279.0340339,28.10386224,0.1462307295,0.9197282895,58.55385523,4.21369651,58.40204383,-3.385856158e-12,1.154847386e-08,13.86004989,4.895616066e-10,-10.30333468,0.3053748497,-175.5870234,-175.5870234,1.879250772,-0.3044695205,-0.02349701991,26.67039674,26.63464973,-1.38039706,1.432493052e-10,-2.729609842e-10,0.0518271152,6.752752963e-10,
816864000,-0.6880034923,0.9238465161,78.83618517,-281.1638148,25.26275119,0.1788703491,0.9063651491,60.79355153,4.897457779,60.59596368,-3.215338334e-12,1.180630699e-08,12.37294254,5.090614472e-10,-9.862325531,0.3212800239,-178.7318793,-178.7318793,1.946723348,-0.3212013353,-0.007110271977,25.68972853,25.68649923,-0.407319899,4.783378504e-10,-7.936079366e-11,0.01585735352,7.636562616e-10,
828862000,-0.7606678325,0.9161500473,76.63556625,-283.3644337,22.85213034,0.2117625957,0.8913402898,63.21157944,5.674122118,62.95639851,-3.049987268e-12,1.208864928e-08,11.09535488,5.354121724e-10,-9.40229435,0.3387546634,177.8655685,-182.1344315,2.024596,-0.3385196329,0.01261666045,24.71279736,24.70276394,0.7041356619,-2.726977546e-10,1.352054639e-10,0.02850432703,8.525463717e-10,
840860000,-0.8609653663,0.9056319416,74.19709113,-285.8029089,20.19361185,0.2466299297,0.8714028296,66.02029659,6.776302605,65.67161704,-2.882164258e-12,1.243008643e-08,9.691364284,5.631033585e-10,-8.934211434,0.357511016,174.0320111,-185.9679889,2.112893839,-0.3555733564,0.03717142458,23.80008633,23.71409588,2.021327686,-9.363963533e-11,3.825896021e-10,0.08523739196,9.589472492e-10,
852858000,-0.9903508508,0.8922415784,71.72253771,-288.2774623,17.56003429,0.2798238833,0.847227023,69.01542092,8.245598949,68.52108013,-2.723448729e-12,1.278696877e-08,8.310018539,5.850836591e-10,-8.46323361,0.3774316533,169.6190989,-190.3809011,2.212498693,-0.3712536974,0.06800988974,23.03138531,22.74701891,3.608024354,-5.172183729e-11,6.733065888e-10,0.1586152615,1.095577898e-09,
864856000,-1.174633087,0.8735109342,69.13169407,-290.8683059,14.81164338,0.3111630911,0.8162100728,72.3037853,10.38746609,71.55374146,-2.571840206e-12,1.316766219e-08,6.88846932,5.750757674e-10,-8.003174037,0.397961719,164.6815471,-195.3184529,2.322047888,-0.383823088,0.1051349937,22.52042329,21.84885408,5.458666565,-3.371240705e-11,1.004529964e-09,0.2498376594,1.295995925e-09,
876854000,-1.455133483,0.8457525694,66.53256404,-293.467436,11.96618033,0.3368021797,0.775797461,75.71802319,13.66537827,74.47467001,-2.437161206e-12,1.351765729e-08,5.449879873,4.785070466e-10,-7.517693281,0.4208383759,158.880262,-201.119738,2.453267476,-0.3925704362,0.151635719,22.34685578,20.96819513,7.727661749,-2.348792979e-11,1.402622975e-09,0.3685420562,1.671549699e-09,
888852000,-1.882190593,0.8051753493,64.37251166,-295.6274883,9.265641398,0.3482531249,0.7259663243,78.47856734,18.4751131,76.27290297,-2.347580004e-12,1.36571775e-08,4.128413318,6.647351346e-11,-7.051278956,0.4440542717,151.4125832,-208.5874168,2.597473455,-0.3899187644,0.2124795365,22.97273794,20.30366671,10.74745582,-1.666038408e-11,1.924404422e-09,0.5293357093,2.3379314e-09,
900850000,-2.551215538,0.7454855385,63.76809934,-296.2319007,6.858099647,0.3295085981,0.6687097815,78.57831396,24.77058718,74.57190782,-2.369149107e-12,1.317476577e-08,3.010502225,-3.462865617e-10,-6.759338374,0.4592329924,140.154125,-219.845875,2.698450482,-0.3525856639,0.2942418919,25.68747152,20.59179975,15.35656134,-1.150465686e-11,2.713073925e-09,0.7457610078,2.479342005e-09,
912848000,-2.938064615,0.7130118853,69.07833784,-290.9216622,5.968929715,0.2546102513,0.6660026791,71.05089125,24.60123362,66.65589585,-2.615670857e-12,1.162144772e-08,2.70945339,-2.427300756e-10,-7.663998908,0.4138091169,123.5537139,-236.4462861,2.411857908,-0.2287199533,0.3448552858,33.10092201,25.44278457,21.17394038,-8.234172811e-12,3.691674054e-09,0.8322178856,9.076109907e-10,
924846000,-1.810416464,0.8118563218,71.65819405,-288.3418059,9.630173805,0.2554791056,0.7706108705,68.73959711,14.8451238,67.11746799,-2.56398302e-12,1.155011407e-08,4.521179406,2.773967579e-10,-11.42925094,0.2682485932,119.2648349,-240.7351651,1.733168644,-0.1311325551,0.2340118817,38.95075361,34.77841025,17.53919576,-9.811627093e-12,3.018285966e-09,0.5043127513,-9.03452726e-10,
936844000,-1.162750867,0.8747067071,65.6695601,-294.3304399,14.96254639,0.3603778579,0.7970192112,77.14089806,11.24559788,76.31680471,-2.22603851e-12,1.296501521e-08,6.786371481,9.736575203e-10,-12.31576377,0.2422210103,142.2560982,-217.7439018,1.639291967,-0.1915374095,0.148271503,34.22703272,32.64545518,10.28416377,-1.651900437e-11,1.747116382e-09,0.315025896,-1.926895632e-09,
948842000,-1.180880456,0.872882883,59.48171686,-300.5182831,14.73352234,0.4432615232,0.7519599388,86.96851531,13.59807343,85.89886527,-1.95271474e-12,1.440833038e-08,6.316987894,1.307176991e-09,-10.45351525,0.3001402481,150.3142593,-209.6857407,1.857715413,-0.2607482792,0.1486421995,29.69905754,28.23053839,9.223379071,-1.818595756e-11,1.547092531e-09,0.3267163716,-1.438736439e-09,
960840000,-1.450189078,0.8462341474,54.13907917,-305.8609208,12.006789,0.4957406541,0.6858231814,96.6503224,19.58843863,94.64448157,-1.750143907e-12,1.567705037e-08,4.831650104,1.218535987e-09,-8.994165735,0.3550517955,149.6430105,-210.3569895,2.101024216,-0.3063718132,0.1794382613,27.16675865,25.13042059,10.31962869,-1.605110685e-11,1.709358391e-09,0.410642896,5.573321133e-11,
972838000,-1.857433121,0.8074736219,49.19311736,-310.8068826,9.388186905,0.5276933246,0.6111901547,106.5110801,29.16280603,102.4409143,-1.597004572e-12,1.675919104e-08,3.51272488,1.127617665e-09,-7.915313239,0.4020076689,146.6429064,-213.3570936,2.344524497,-0.3357808697,0.221046089,25.85162857,22.86719079,12.05812114,-1.356750414e-11,1.972691839e-09,0.5273109954,7.014886807e-10,
984836000,-2.400247013,0.7585560026,44.49786928,-315.5021307,7.283494399,0.5410601814,0.5316588091,116.0537361,43.03710853,107.7788335,-1.499418059e-12,1.741765545e-08,2.504323297,1.066169211e-09,-7.000503473,0.4466577011,142.8881379,-217.1118621,2.614399268,-0.3561912162,0.2695012421,25.23813969,20.93474959,14.09609714,-1.146455843e-11,2.27800724e-09,0.6733348818,9.371890466e-10,
996834000,-3.088639063,0.7007579716,39.94983966,-320.0501603,5.683553144,0.5372058866,0.4499684101,124.070376,61.07504048,107.9967483,-1.478381808e-12,1.724280705e-08,1.768263229,9.880034409e-10,-6.183258903,0.4907237245,138.5420655,-221.4579345,2.927141507,-0.3677689704,0.3248934566,25.28138548,19.20689919,16.43908378,-9.71224614e-12,2.624671153e-09,0.8558947294,1.102126275e-09,
1008832000,-3.964449018,0.6335451186,35.73530126,-324.2646987,4.457697801,0.5142636762,0.370016606,127.642862,80.27588405,99.23952172,-1.589705291e-12,1.565618501e-08,1.236230817,8.60659331e-10,-5.379484897,0.5383017047,133.4535215,-226.5464785,3.331833192,-0.3702255689,0.3907707172,26.00819544,17.4914867,19.24770436,-8.196384864e-12,3.036548496e-09,1.100404139,1.276624802e-09,
1020830000,-5.06401935,0.5582118254,32.23708385,-327.7629161,3.527056438,0.4721624077,0.2977635013,123.9185444,93.71702181,81.07358066,-1.923035727e-12,1.263997053e-08,0.8650891705,6.152566446e-10,-4.622815986,0.5872989179,127.5582547,-232.4417453,3.846122501,-0.3579984775,0.4655718088,27.62094398,15.89292507,22.59051746,-6.901452896e-12,3.522028663e-09,1.421419742,1.482747989e-09,
1032828000,-6.424161171,0.4773005573,29.767104,-330.232896,2.826290669,0.4143210565,0.2369681079,113.4877419,96.72282523,59.36465818,-2.595757736e-12,9.147872438e-09,0.6137605889,1.305153384e-10,-3.907626283,0.6377033315,120.8095434,-239.1904566,4.520337817,-0.3266226734,0.5477071921,30.23879047,14.40194489,26.58887798,-5.79551611e-12,4.09724694e-09,1.846200509,1.688152025e-09,
1044826000,-8.190484959,0.3894715617,29.64660969,-330.3533903,2.275850681,0.3384869394,0.1926517305,98.13424865,89.34974658,40.58267542,-3.753491924e-12,6.181826827e-09,0.4542002297,-8.091992122e-10,-3.312559219,0.6829234711,112.8420358,-247.1579642,5.307625502,-0.2651053051,0.6293676545,34.23759584,13.36313854,31.52204779,-4.832387333e-12,4.801650918e-09,2.358880565,1.87138141e-09,
1056824000,-10.25211896,0.3071807895,34.21187689,-325.7881231,1.886755981,0.2540274672,0.172713877,82.66005012,77.23282281,29.45802043,-5.112271444e-12,4.436301186e-09,0.3814184094,-2.273126499e-09,-2.888086012,0.7171263812,104.3536245,-255.6463755,6.070295239,-0.1777798109,0.6947406606,39.36012351,12.98860826,37.15528735,-4.053188856e-12,5.595489546e-09,2.860605742,2.012279631e-09,
1068822000,-12.32704093,0.2419067314,47.49048728,-312.5095127,1.638197809,0.1634594282,0.1783252143,68.80605483,64.34398032,24.37468723,-6.109078357e-12,3.629558485e-09,0.3788184552,-3.482585362e-09,-2.610545927,0.7404107296,95.37111268,-264.6288873,6.704478681,-0.06930715331,0.7371597974,45.70695734,13.39180591,43.70109248,-3.407394775e-12,6.507393081e-09,3.263271047,2.053538037e-09,
1080820000,-12.83548524,0.2281527658,69.93651434,-290.0634857,1.591186327,0.07827034891,0.2143068758,58.08638456,52.92755826,23.9311857,-6.153221409e-12,3.523960047e-09,0.4521498154,-3.760593813e-09,-2.540608119,0.7463964997,86.08700916,-273.9129908,6.88632648,0.05093521432,0.744656524,53.3855141,15.2171836,51.17079674,-2.877693793e-12,7.535098576e-09,3.362698256,1.986573942e-09,
1092818000,-11.29615402,0.2723907147,86.99559747,-273.0044025,1.748727979,0.01427672993,0.2720163165,51.34720423,44.26955876,26.01425665,-5.598360635e-12,3.788643247e-09,0.5876330683,-2.957575841e-09,-2.713899001,0.7316528185,77.62631467,-282.3736853,6.453031514,0.1567834978,0.7146571078,61.50830097,19.01717168,58.49460035,-2.48975443e-12,8.518989246e-09,3.075883277,1.867926482e-09,
1104816000,-9.385727149,0.3394014103,95.67461002,-264.32539,2.027557175,-0.03355960156,0.3377381684,47.07603286,37.41847724,28.56589629,-5.042922818e-12,4.115077623e-09,0.7634168571,-1.534356914e-09,-2.869562237,0.7186573773,70.32317805,-289.676822,6.108770014,0.2419822695,0.6766926978,69.59630104,23.41548444,65.5389976,-2.198013633e-12,9.441260295e-09,2.798959712,1.753771013e-09,
1116814000,-7.44754795,0.4242507341,98.49443032,-261.5055697,2.473734347,-0.0626674628,0.4195968,44.94339339,31.41026898,32.14504023,-4.433281499e-12,4.580925785e-09,1.023392708,-3.79450293e-10,-3.007199755,0.7073592095,62.91254075,-297.0874593,5.834317242,0.3220960506,0.6297707404,79.13330135,29.1791289,73.55717381,-1.937377482e-12,1.048248662e-08,2.520883131,1.708147714e-09,
1128812000,-5.893267216,0.5073838496,97.32368356,-262.6763164,3.059956212,-0.06467855502,0.5032445284,45.09558114,26.77257171,36.28830172,-3.885365416e-12,5.116407866e-09,1.355428314,3.289163332e-10,-3.189102021,0.6926995395,55.56875583,-304.4312442,5.508288328,0.3916640021,0.5713422455,90.12923547,37.34126897,82.02992575,-1.718803366e-12,1.156567096e-08,2.196763206,1.713834643e-09,
1140810000,-4.715212962,0.5810845813,94.36582101,-265.634179,3.774233439,-0.04423462021,0.5793984717,46.79559012,23.22163448,40.62736697,-3.433903887e-12,5.667943196e-09,1.749548121,7.020447149e-10,-3.444877642,0.6725988461,48.11368449,-311.8863155,5.108713962,0.4490638248,0.5007303556,102.9661111,49.40003364,90.34188792,-1.544250143e-12,1.260363955e-08,1.828781911,1.699810043e-09,
1152808000,-3.842054263,0.642535736,90.63550598,-269.364494,4.594964871,-0.007126649341,0.6424962123,49.49810309,20.57128363,45.02093402,-3.066540108e-12,6.215522612e-09,2.188533046,8.353153439e-10,-3.765978256,0.6481881501,40.70994768,-319.2900523,4.684856837,0.4913402995,0.4227677709,117.1813783,66.27377061,96.63986111,-1.428587523e-12,1.334195425e-08,1.458191683,1.653474205e-09,
1164806000,-3.234903658,0.6890564734,86.67688063,-273.3231194,5.432036138,0.03994244167,0.6878978303,52.78582586,18.82557631,49.31471473,-2.770703207e-12,6.738186973e-09,2.619559365,8.300794851e-10,-4.190851929,0.6172447484,33.63216721,-326.3678328,4.225271218,0.5139244106,0.3418666108,130.5867542,87.64299743,96.80705236,-1.411430623e-12,1.322737083e-08,1.104561177,1.552888527e-09,
1176804000,-2.808344174,0.7237403587,83.12834946,-276.8716505,6.239566339,0.08659236129,0.7185414879,56.04580845,17.62899708,53.20104422,-2.54211878e-12,7.195088703e-09,3.01781457,7.678220993e-10,-4.703761099,0.5818512144,27.10042416,-332.8995758,3.782986508,0.5179694392,0.265063192,140.0593506,109.2899914,87.59177738,-1.544019059e-12,1.184620748e-08,0.8014620208,1.414277584e-09,
1188802000,-2.427410602,0.7561874579,80.19267068,-279.8073293,7.203023449,0.128805608,0.7451366229,58.99237606,16.29043672,56.69851942,-2.361233229e-12,7.590708656e-09,3.480478786,7.078615262e-10,-5.259464094,0.5457915345,21.38164447,-338.6183555,3.403264475,0.5082261559,0.1989838527,143.3817113,124.7373085,70.70303405,-1.893531585e-12,9.465611062e-09,0.5668154535,1.268289141e-09,
1200800000,-2.073446074,0.7876398782,77.29541777,-282.7045822,8.417964082,0.1732210874,0.7683560584,62.1267509,14.8996456,60.31362814,-2.19752588e-12,7.994014035e-09,4.047990789,6.771972838e-10,-5.81075479,0.5122267566,16.29190464,-343.7080954,3.100265907,0.4916582594,0.1436955327,141.8393031,132.1623414,51.49275105,-2.573969268e-12,6.824888293e-09,0.3896174242,1.13808068e-09,
1212798000,-1.777803892,0.8149102968,74.30608581,-285.6939142,9.805571383,0.2204317601,0.784530835,65.59015484,13.73107481,64.13677569,-2.046089075e-12,8.416640599e-09,4.670921728,6.727180798e-10,-6.371499635,0.4802031651,11.64594737,-348.3540526,2.847657134,0.4703175509,0.0969354484,136.8213619,132.6743307,33.43063034,-3.925428707e-12,4.387086777e-09,0.2519751196,1.027687576e-09,
1224796000,-1.561983102,0.835412261,71.44661847,-288.5533815,11.15157345,0.2658182033,0.7919938943,69.13177655,12.95088098,67.90785824,-1.913534686e-12,8.824221596e-09,5.243493346,6.671143375e-10,-6.936179861,0.449977716,7.389827112,-352.6101729,2.63621631,0.4462402076,0.05787591916,129.9802571,128.6324621,18.66967966,-6.96016453e-12,2.426013642e-09,0.145139721,9.153725767e-10,
1236794000,-1.383276431,0.8527783742,68.58878159,-291.4112184,12.58496069,0.3113144857,0.7939233253,72.92695534,12.34693801,71.87415347,-1.790399794e-12,9.249015443e-09,5.82121279,6.568945956e-10,-7.50366805,0.4215184586,3.638331282,-356.3616687,2.457327256,0.4206688872,0.02674879944,122.504081,122.2456591,7.952903769,-1.618068989e-11,1.02340725e-09,0.06505673761,7.939277998e-10,
1248792000,-1.259389928,0.8650286738,65.74680181,-294.2531982,13.81796213,0.3553276083,0.7886804786,76.97045115,12.12994842,76.00864886,-1.676744966e-12,9.687083344e-09,6.266197204,6.393785864e-10,-8.053928767,0.3956430687,0.5269603689,-359.4730396,2.309302659,0.3956263354,0.003638754545,115.4588516,115.4545542,0.9961527882,-1.279393291e-10,1.269568033e-10,0.008628094363,6.644922615e-10,
1260790000,-1.154602443,0.8755276737,62.9694357,-297.0305643,15.06782857,0.3978973326,0.779888723,81.23329405,12.02422459,80.33844712,-1.571281305e-12,1.014146763e-08,6.68138278,6.232913782e-10,-8.598167313,0.3716136298,-2.068601596,-362.0686016,2.18275522,0.3713714584,-0.01341379001,109.0568479,109.0040577,-3.392857467,3.72058954e-11,-4.282949873e-10,0.031125974,5.439803774e-10,
1272788000,-1.075170869,0.8835710066,60.44801571,-299.5519843,16.17785185,0.435788732,0.768625985,85.40211525,12.06123579,84.54612871,-1.479007353e-12,1.057201537e-08,7.009740145,5.989225315e-10,-9.110241867,0.3503385326,-4.107347126,-364.1073471,2.078526433,0.3494387254,-0.02509311901,103.6542743,103.4850735,-5.920148286,2.112182668e-11,-7.402810707e-10,0.05720775072,4.332421794e-10,
1284786000,-1.024437478,0.8887469557,57.77732472,-302.2226753,16.97703616,0.4738897617,0.7518641134,90.15282603,12.47660241,89.28530917,-1.387424404e-12,1.106036204e-08,7.156219795,5.804288412e-10,-9.569019413,0.3323142995,-5.792532792,-365.7925328,1.995421346,0.3306174597,-0.03353936439,99.29840977,99.01729922,-7.466501138,1.659098614e-11,-9.249249009e-10,0.075406027,3.283126955e-10,
1296784000,-0.9782109357,0.8934895001,55.40828674,-304.5917133,17.77749143,0.5072560478,0.735537075,94.71884477,12.86511752,93.84108005,-1.307854679e-12,1.151716227e-08,7.294226413,5.713701143e-10,-9.971674336,0.3172607037,-6.967545435,-366.9675454,1.929375841,0.314917741,-0.03848597814,95.85783135,95.50866577,-8.174264121,1.501425619e-11,-1.003231487e-09,0.08558662248,2.311767676e-10,
1308782000,-0.9450994447,0.8969020729,52.95412676,-307.0458732,18.39903213,0.5403424648,0.7158654547,99.82929542,13.51068077,98.91081704,-1.229444784e-12,1.20280883e-08,7.320935096,5.633937883e-10,-10.30354676,0.3053673935,-7.728874739,-367.7288747,1.879219866,0.3025932988,-0.04106751211,93.27318176,92.89286526,-8.414393587,1.445206798e-11,-1.023235598e-09,0.09058169929,1.508949258e-10,
1320780000,-0.937201339,0.8977179996,50.52007715,-309.4799228,18.5537826,0.5707761013,0.692901327,105.3164584,14.60854489,104.2983548,-1.155346331e-12,1.256802702e-08,7.139544399,5.632521013e-10,-10.53905533,0.2971989246,-8.131762097,-368.1317621,1.845755463,0.2942107073,-0.0420387977,91.57140986,91.18446159,-8.409344093,1.432938411e-11,-1.013332031e-09,0.0922234331,1.06939336e-10,
1332778000,-0.9254723684,0.8989310498,48.0541519,-311.9458481,18.7884711,0.6008706298,0.6686041569,111.3995784,15.82645922,110.2696207,-1.082945088e-12,1.316795086e-08,6.967422034,5.546548525e-10,-10.67653263,0.2925319918,-8.469211637,-368.4692116,1.826982955,0.2893419735,-0.04308350736,90.59894736,90.19937216,-8.499560208,1.404966153e-11,-1.014983006e-09,0.0942308134,1.066521412e-10,
1344776000,-0.9097359149,0.9005611429,45.69405649,-314.3059435,19.1128619,0.6290325233,0.6444598178,117.7965821,17.08935939,116.5503691,-1.015445288e-12,1.379379715e-08,6.82005489,5.429526142e-10,-10.66835448,0.2928075536,-8.906881662,-368.9068817,1.828084506,0.2892766684,-0.04533511441,90.57370666,90.13155692,-8.93861209,1.324036908e-11,-1.057889417e-09,0.0991729467,1.603997e-10,
1356774000,-0.9034764489,0.9012103641,43.38858904,-316.611411,19.24503868,0.654919932,0.6190799649,124.6490154,18.69448818,123.2391705,-9.51839783e-13,1.445644092e-08,6.592273045,5.330309304e-10,-10.56369121,0.2963571704,-9.644617259,-369.6446173,1.842351142,0.2921684203,-0.04965064575,91.12000866,90.58482807,-9.861282962,1.189540405e-11,-1.156767397e-09,0.108862413,2.645067777e-10,
1368772000,-0.8985029782,0.9017265377,41.12703675,-318.8729633,19.35137414,0.6792283153,0.5930932848,132.0585155,20.55290426,130.4493374,-8.913476862e-13,1.516808999e-08,6.347002633,5.298368304e-10,-10.36739285,0.3031310037,-11.00811537,-371.0081154,1.869979882,0.2975534379,-0.0578822683,92.13915353,91.39949259,-11.65145338,9.979503099e-12,-1.354781073e-09,0.1274783158,4.206423867e-10,
1380770000,-0.8929521144,0.9023029854,38.82611258,-321.1738874,19.4714546,0.7029412241,0.5657069142,140.4194868,22.76068885,138.5625611,-8.318650674e-13,1.597146268e-08,6.087801734,5.358582359e-10,-10.10399962,0.3124640222,-13.13098896,-373.130989,1.90893868,0.3042940999,-0.07098496984,93.39273761,92.25788952,-14.51500123,7.941119146e-12,-1.673076758e-09,0.1573307314,6.006241559e-10,
1392768000,-0.8817878356,0.9034634927,36.53272659,-323.4672734,19.71755087,0.7259482523,0.5378154122,149.7480794,25.21666382,147.6096445,-7.741526723e-13,1.686770846e-08,5.853654773,5.441510762e-10,-9.85424452,0.3215790693,-16.24805705,-376.2480571,1.948022252,0.3087349901,-0.0899766845,94.09205819,92.2522482,-18.51588822,6.17158623e-12,-2.115855e-09,0.200709344,7.780852294e-10,
1404766000,-0.8705406855,0.9046341237,34.11313531,-325.8868647,19.97186202,0.7489753438,0.5073448847,160.8582244,28.34428536,158.3413081,-7.15520228e-13,1.793950158e-08,5.586357394,5.465051209e-10,-9.63290921,0.3298789014,-19.99596594,-379.9959659,1.984535189,0.3099927124,-0.1128034035,94.02905601,91.15351002,-23.07598287,4.909711083e-12,-2.61442599e-09,0.253155176,9.261961792e-10,
1416764000,-0.8634363236,0.9053743446,31.73182108,-328.2681789,20.13591701,0.7700382093,0.476176291,173.3150877,32.23897495,170.2902467,-6.596792811e-13,1.91298865e-08,5.282123483,5.416442287e-10,-9.489592219,0.3353670487,-24.37946673,-384.3794667,2.009179723,0.3054629217,-0.1384321526,92.68460701,88.47945487,-27.60113121,4.070012444e-12,-3.100626828e-09,0.3119496074,1.02726517e-09,
1428762000,-0.8592730969,0.9058084028,29.42402215,-330.5759779,20.23331656,0.7889662888,0.4449955705,187.1553971,37.00401689,183.4607462,-6.071794787e-13,2.043635303e-08,4.957860299,5.264752063e-10,-9.438952063,0.3373280042,-29.06778729,-389.0677873,2.018084381,0.294840028,-0.1638888048,90.14175392,84.54423724,-31.26991762,3.562324711e-12,-3.483268704e-09,0.3698645661,1.073465033e-09,
1440760000,-0.8543467682,0.906322291,27.17971775,-332.8202822,20.34979624,0.8062444857,0.4139926623,202.7042383,42.73654917,198.1479135,-5.57492444e-13,2.188860038e-08,4.636497735,5.108959085e-10,-9.482356982,0.3356465216,-33.89737589,-393.8973759,2.010445591,0.27859931,-0.1871924463,86.69285187,79.87447021,-33.70043878,3.277879118e-12,-3.722751476e-09,0.421917525,1.061143867e-09,
1452758000,-0.8606083384,0.9056691678,25.01921783,-334.9807822,20.20197558,0.8206865925,0.383027621,219.9623,50.25156113,214.1452638,-5.115856833e-13,2.346039552e-08,4.261464899,5.011127673e-10,-9.583270072,0.3317695291,-38.41999159,-398.4199916,1.992979349,0.259933689,-0.206168615,83.09112845,75.39168818,-34.9317761,3.136217603e-12,-3.826903612e-09,0.4633372318,1.006486812e-09,
1464756000,-0.8676785486,0.9049322639,22.90071084,-337.0992892,20.03763151,0.8336060257,0.3521411594,239.6965854,59.69318311,232.1447327,-4.680540548e-13,2.522398387e-08,3.88896555,4.988323588e-10,-9.771335644,0.3246633143,-42.62025198,-402.620252,1.961485793,0.2389060289,-0.2198412541,79.41470818,71.27166873,-35.02920368,3.101877063e-12,-3.806143084e-09,0.4914884737,9.256972016e-10,
1476754000,-0.8815218429,0.9034911604,20.74129383,-339.2587062,19.72349029,0.8449350254,0.3199704357,263.3101949,72.65253767,253.0886554,-4.258329834e-13,2.72762495e-08,3.483548731,5.092290784e-10,-9.978420648,0.3170143837,-46.44284102,-406.442841,1.928319356,0.218447598,-0.2297362975,76.10415237,67.77410472,-34.6195427,3.113082635e-12,-3.731069189e-09,0.5108078202,8.294029967e-10,
1488752000,-0.8948479349,0.9021060662,18.5456966,-341.4543034,19.43027513,0.8552599557,0.2869246643,292.0847251,90.14952589,277.8246743,-3.847928201e-13,2.970083011e-08,3.081820692,5.170611925e-10,-10.21276834,0.3085756005,-49.87767822,-409.8776782,1.892579437,0.1988527777,-0.2359586278,73.14971861,64.85761916,-33.82854668,3.160199015e-12,-3.61643875e-09,0.5215816912,7.355559236e-10,
1500750000,-0.9544443174,0.8959376434,16.19921008,-343.8007899,18.2192457,0.8603667077,0.2499467725,327.811054,120.3450679,304.9215502,-3.477952614e-13,3.233701281e-08,2.533727019,5.276395368e-10,-10.47712016,0.2993256899,-52.70339735,-412.7033974,1.85439322,0.1813737772,-0.2381164034,70.67775916,62.62683104,-32.76012323,3.23717556e-12,-3.474219922e-09,0.5231004457,6.333404255e-10,
1512748000,-0.9511021921,0.8962824454,14.00509238,-345.9949076,18.28313878,0.8696397512,0.2169076416,371.8744037,153.5520195,338.692116,-3.106336194e-13,3.563351229e-08,2.205715802,5.389558597e-10,-10.74621879,0.290194422,-55.37533377,-415.3753338,1.817672983,0.1648879072,-0.2387986195,68.4512644,60.69341851,-31.65255988,3.32387517e-12,-3.330139168e-09,0.5215155227,5.243042228e-10,
1524746000,-0.9726551231,0.8940611914,11.61648145,-348.3835186,17.87882285,0.875748465,0.1800278871,430.7265157,209.6770565,376.2457485,-2.774284706e-13,3.92730138e-08,1.794405906,5.488359835e-10,-10.98248773,0.2824071017,-57.37188641,-417.3718864,1.787095587,0.1522694162,-0.2378398536,66.81483295,59.35426312,-30.68050443,3.402202295e-12,-3.202470403e-09,0.5169048156,4.106426582e-10,
1536744000,-1.01815487,0.8893900296,9.197554586,-350.8024454,17.08155261,0.8779552202,0.1421592628,502.5931535,297.6644803,404.963869,-2.557421597e-13,4.19406235e-08,1.360470919,5.67944864e-10,-11.20301448,0.2753273,-58.86651741,-418.8665174,1.759866627,0.1423534726,-0.235670556,65.570125,58.41214813,-29.79030452,3.47651144e-12,-3.085272642e-09,0.5100018656,2.834417932e-10,
1548742000,-1.051069265,0.8860261439,6.750097545,-353.2499025,16.54788395,0.8798844382,0.104142705,592.1534773,425.2637892,412.0636484,-2.49388689e-13,4.234531414e-08,0.9689601111,5.820560641e-10,-11.3510612,0.2706742487,-59.82620863,-419.8262086,1.742258855,0.1360475228,-0.2339991889,64.79283604,57.83641585,-29.20720122,3.518447806e-12,-3.001449207e-09,0.5049967359,1.68546259e-10,
1560740000,-1.113269239,0.879703942,4.17271987,-355.8272801,15.62564869,0.8773720535,0.06401019651,678.9836775,590.8595175,334.5203506,-3.048365427e-13,3.41123873e-08,0.5661588595,5.953413657e-10,-11.45338836,0.2675041859,-60.269495,-420.269495,1.73039103,0.1326609617,-0.2322919687,64.38505024,57.57872749,-28.81188704,3.539304003e-12,-2.93806415e-09,0.5003911738,6.574530092e-11,
1572738000,-1.180645819,0.8729064631,1.558583221,-358.4414168,14.73644143,0.8725835202,0.02374223017,722.4518019,708.4922506,141.3341322,-7.160060546e-13,1.430246218e-08,0.1994857842,6.046263301e-10,-11.45422828,0.2674783197,-60.31039004,-420.31039,1.730294616,0.1324823173,-0.2323641261,64.36240526,57.55506763,-28.80856471,3.512708648e-12,-2.915314233e-09,0.5005391514,-9.35413653e-12,
1584736000,-1.265709439,0.8643995419,-1.063918522,-361.0639185,13.74921271,0.8642505223,-0.01605001,681.9267662,676.4954474,-85.89542584,1.169211749e-12,-8.626472555e-09,0.1269711809,6.064638044e-10,-11.29605589,0.2723937918,-60.04428852,-420.0442885,1.748739603,0.1360145092,-0.2360051506,64.77332362,57.70611974,-29.42086329,3.413562004e-12,-2.954735567e-09,0.5098395703,-2.755638086e-11,
1596734000,-1.36151483,0.8549176012,-3.689335335,-363.6893353,12.78526972,0.8531458807,-0.05501100808,591.113563,547.153826,-223.691607,4.455924966e-13,-2.229652841e-08,0.4088276393,6.019257647e-10,-10.96883909,0.2828512131,-59.7367962,-419.7367962,1.788821562,0.1425493841,-0.2443040765,65.52317116,57.86817211,-30.73370488,3.243191865e-12,-3.063391304e-09,0.5310985946,3.213584547e-11,
1608732000,-1.459704791,0.8453075743,-6.300755756,-366.3007558,11.92888124,0.8402015006,-0.09277032695,498.589073,418.0422812,-271.7199199,3.640951997e-13,-2.688177297e-08,0.6499819088,5.937620399e-10,-10.49109246,0.2988445755,-59.9611733,-419.9611733,1.85243461,0.149597635,-0.2587056781,66.28250583,57.63049958,-32.74287858,3.021478953e-12,-3.239315795e-09,0.5681519129,1.832646445e-10,
1620730000,-1.551225239,0.8364475974,-8.822427747,-368.8224277,11.22849661,0.8265511018,-0.1282881885,424.3713828,322.6687369,-275.6373646,3.562635341e-13,-2.706746285e-08,0.8542425498,5.870951236e-10,-9.85546781,0.3215337825,-61.04596623,-421.0459662,1.947825475,0.1556570089,-0.2813447509,66.82209734,56.59954784,-35.52018972,2.764611969e-12,-3.488066348e-09,0.6275702028,4.174021729e-10,
1632728000,-1.640091195,0.827933471,-11.32049483,-371.3204948,10.62341108,0.8118256158,-0.1625207736,365.8077982,254.3779815,-262.88246,3.708042309e-13,-2.562523762e-08,1.033432448,5.955611448e-10,-9.135468441,0.3493225147,-63.34756007,-423.3475601,2.073719385,0.1566981415,-0.3122049195,66.61698478,54.28773666,-38.60912211,2.524738277e-12,-3.763537241e-09,0.7111941754,6.980897538e-10,
1644726000,-1.711188654,0.8211841671,-13.85860692,-373.8586069,10.18469191,0.7972793152,-0.1966955255,320.0448647,204.0843244,-246.5325616,3.925114096e-13,-2.385617776e-08,1.207993619,6.239788626e-10,-8.390849622,0.3805901278,-67.0579871,-427.0579871,2.228879761,0.1483537719,-0.3504853831,65.18560728,50.41324795,-41.3239377,2.341665598e-12,-3.998787004e-09,0.8197039347,9.937374212e-10,
1656724000,-1.774569264,0.8152138263,-16.64464288,-376.6446429,9.823320595,0.7810561103,-0.2335057496,280.5874752,163.6843445,-227.8963945,4.215339069e-13,-2.189310814e-08,1.392291945,6.661813319e-10,-7.698294261,0.4121784549,-72.03138842,-432.0313884,2.402393153,0.1271553756,-0.392074724,62.36020694,45.33239172,-42.82253694,2.243352786e-12,-4.113792297e-09,0.9446344062,1.257358449e-09,
1668722000,-1.843328788,0.8087858799,-19.63605083,-379.6360508,9.459478617,0.7617519062,-0.2717878455,246.6036332,132.382805,-208.0580325,4.584074349e-13,-1.984360745e-08,1.571639402,7.031814351e-10,-7.092108345,0.4419718231,-78.1652029,-438.1652029,2.58404841,0.09064422384,-0.4325768337,58.25703916,39.67557793,-42.65830666,2.235797818e-12,-4.068550885e-09,1.075177953,1.458959152e-09,
1680720000,-1.965825149,0.7974596955,-22.81889139,-382.8188914,8.874577826,0.7350467764,-0.3092704358,216.3802175,109.7562609,-186.477778,5.078058245e-13,-1.765842029e-08,1.699017227,7.169909683e-10,-6.644568056,0.4653412983,-84.94836818,-444.9483682,2.740704105,0.04097489438,-0.463533798,53.48964266,34.52593393,-40.85464182,2.317839482e-12,-3.868709954e-09,1.183303018,1.58697954e-09,
1692718000,-2.148107742,0.7808985437,-25.95767021,-385.9576702,8.128191267,0.7021196768,-0.3418047615,191.4573222,94.90937551,-166.2772284,5.654611113e-13,-1.563393479e-08,1.751957881,7.018211018e-10,-6.331997457,0.4823920336,-92.10776266,-452.1077627,2.863928166,-0.01774194546,-0.4820656568,48.5808585,30.25179063,-38.0122214,2.473502018e-12,-3.574034738e-09,1.256527981,1.633300942e-09,
1704716000,-2.377565106,0.7605394472,-28.96825694,-388.9682569,7.352106335,0.6653869633,-0.3683482588,171.3722174,85.11730405,-148.7396432,6.276844344e-13,-1.388656495e-08,1.747466568,6.602102894e-10,-6.149273561,0.4926475439,-99.33315348,-459.3331535,2.942032754,-0.07989502949,-0.486125896,43.93557879,26.99832086,-34.66158904,2.693516408e-12,-3.236059984e-09,1.2838424,1.621741889e-09,
1716714000,-2.641366565,0.7377881436,-31.71817731,-391.7181773,6.62742016,0.6275953223,-0.3878858805,155.5812769,78.79704496,-134.1512558,6.910785928e-13,-1.243703697e-08,1.702490948,6.116509139e-10,-6.07639593,0.4967984172,-106.2462307,-466.2462307,2.974550296,-0.1389872341,-0.4769603926,39.85572327,24.69831005,-31.28053961,2.963793536e-12,-2.899989457e-09,1.266505261,1.584207031e-09,
1728712000,-2.932797202,0.7134444106,-34.19680334,-394.1968033,5.979448575,0.5900983855,-0.4009823219,142.9919409,74.66360709,-121.9509776,7.549395861e-13,-1.122749244e-08,1.633338951,5.607318137e-10,-6.047552339,0.4984508983,-112.9029207,-472.9029207,2.987645464,-0.1939825884,-0.4591558052,36.25728306,22.96315745,-28.05858112,3.281193022e-12,-2.583230683e-09,1.221895603,1.540751791e-09,
1740710000,-3.248968383,0.6879416138,-36.5528548,-396.5528548,5.40905705,0.5526288646,-0.4097133169,132.3512241,71.56628278,-111.333345,8.212368906e-13,-1.017932463e-08,1.555667566,5.099966622e-10,-6.04997621,0.4983118208,-119.5360478,-479.5360478,2.986540012,-0.245653301,-0.4335540641,32.98320878,21.60485564,-24.92232481,3.668640495e-12,-2.278674327e-09,1.153552018,1.524964574e-09,
1752708000,-3.583341894,0.6619617651,-38.66070673,-398.6607067,4.916490484,0.5168988107,-0.413532342,123.6204021,69.46247727,-102.2593177,8.879891757e-13,-9.28567445e-09,1.472151898,4.348999468e-10,-6.033020333,0.4992855341,-125.9629369,-485.9629369,2.994292429,-0.2932113207,-0.404120237,30.045549,20.44752419,-22.01439913,4.124807891e-12,-1.999021195e-09,1.076629079,1.548637119e-09,
1764706000,-3.981875735,0.6322752955,-40.50031753,-400.5003175,4.438851335,0.4807836309,-0.4106326211,116.0675037,68.4871512,-93.70792672,9.624350706e-13,-8.451311292e-09,1.368255579,2.997802491e-10,-6.011089464,0.5005477653,-132.6499675,-492.6499675,3.004386928,-0.339129951,-0.3681561376,27.23534559,19.42785252,-19.08723646,4.725031581e-12,-1.72143577e-09,0.9824676421,1.643193731e-09,
1776704000,-4.402447517,0.6023898203,-41.61534519,-401.6153452,4.030052302,0.450358827,-0.4000630232,110.6559509,68.92983352,-86.56452806,1.034820649e-12,-7.754343175e-09,1.255835444,1.069494239e-10,-5.951937054,0.5039682158,-139.7909475,-499.7909475,3.03199969,-0.3848775224,-0.3253509725,24.4578408,18.43162668,-16.07672587,5.571953008e-12,-1.440133185e-09,0.8722358666,1.853316462e-09,
1788702000,-4.801719508,0.5753260313,-41.54970975,-401.5497097,3.709495159,0.4305628121,-0.3815962619,107.9970338,71.18922972,-81.21239362,1.095619689e-12,-7.226108029e-09,1.140796072,-1.146125555e-10,-5.902039825,0.5068716587,-148.1091116,-508.1091116,3.055739313,-0.4303622776,-0.2677819793,21.62707123,17.54500096,-12.64528178,7.036450351e-12,-1.125150585e-09,0.7207341744,2.16712391e-09,
1800700000,-5.038339547,0.5598646188,-40.44573316,-400.4457332,3.544056409,0.4260685862,-0.3631996025,108.332975,74.4130622,-78.7320116,1.122606156e-12,-6.958732063e-09,1.058040205,-2.225100124e-10,-6.008521562,0.5006957694,-158.2583285,-518.2583285,3.005573912,-0.4650779785,-0.1854689394,19.16894466,17.17915003,-8.504424943,1.039282979e-11,-7.516639462e-10,0.4950434059,2.46751075e-09,
1812698000,-4.890037674,0.569505754,-38.60990495,-398.6099049,3.645822838,0.4450189766,-0.3553799576,112.9018934,77.78781768,-81.82843614,1.07297703e-12,-7.184539342e-09,1.051944104,-9.994866311e-11,-6.515080809,0.4723304665,-170.2183518,-530.2183518,2.790251043,-0.465463899,-0.08024604847,18.41455695,18.03378185,-3.72540201,2.356793499e-11,-3.270904171e-10,0.2065790771,2.560877012e-09,
1824696000,-4.409719774,0.6018856807,-38.27983236,-398.2798324,4.023682654,0.4724769364,-0.3728698396,117.5665664,76.40960042,-89.3502686,9.761886396e-13,-7.793373205e-09,1.169359192,2.477937212e-10,-7.676410519,0.4132182309,177.9743235,-542.0256765,2.408422186,-0.4129600054,0.01460617368,20.77873047,20.76584957,0.7315269259,-1.192337754e-10,6.380576614e-11,0.03522740177,2.239436071e-09,
1836694000,-3.812921847,0.6446944146,-40.47412884,-400.4741288,4.628957388,0.4904184854,-0.4184741299,117.3853985,67.20069995,-96.2465465,9.003226357e-13,-8.340046644e-09,1.432225357,7.079476339e-10,-9.502090551,0.3348848282,168.4688381,-551.5311619,2.006998013,-0.3281255557,0.0669437665,25.38710158,25.10327625,3.785557899,-2.289040261e-11,3.280297382e-10,0.1507993563,1.375080985e-09,
1848692000,-3.339817851,0.6807836351,-44.86507353,-404.8650735,5.265342945,0.482519012,-0.4802517682,110.366708,53.82254637,-96.35322384,8.934892253e-13,-8.295103705e-09,1.790201883,1.103142633e-09,-11.85336095,0.2554653203,164.0343194,-555.9656806,1.686241561,-0.245611161,0.0702686804,30.36468021,30.02719458,4.514575283,-1.906947208e-11,3.886623474e-10,0.150349553,-5.482282501e-11,
1860690000,-3.044741457,0.7043084958,-50.60640464,-410.6064046,5.763806101,0.4469852536,-0.5442927892,99.61936683,41.85071623,-90.40207851,9.461667721e-13,-7.732581817e-09,2.160108277,1.364114341e-09,-14.44241496,0.1896178648,167.0548513,-552.9451487,1.467971483,-0.1847987214,0.04247784375,34.42707532,34.29417078,3.022145915,-2.830288319e-11,2.585005891e-10,0.08812418688,-1.808467358e-09,
1872688000,-2.921594011,0.7143652157,-57.03760401,-417.037604,6.001948327,0.3886778892,-0.5993723049,88.33368013,33.40435225,-81.77400745,1.039296399e-12,-6.949762856e-09,2.448004584,1.510832375e-09,-16.55782975,0.1486306963,179.8652925,-540.1347075,1.349156813,-0.1486302855,0.0003494436268,37.06021674,37.06020728,0.02648601118,-3.20876673e-09,2.250978061e-12,0.0007146752036,-3.166350013e-09,
1884686000,-2.959093582,0.7112877363,-63.84782255,-423.8478225,5.927312247,0.3135049013,-0.6384707674,77.89050972,28.10662563,-72.64261215,1.162491202e-12,-6.1344069e-09,2.584536938,1.588496881e-09,-17.0233648,0.1408742963,-160.390264,-520.390264,1.327948042,-0.1327036488,-0.04727905415,38.30783156,38.13080131,-3.678579946,2.295624908e-11,-3.106428243e-10,0.09647266303,-3.459122611e-09,
1896684000,-3.132166127,0.6972550905,-70.87290488,-430.8729049,5.606221731,0.2284658994,-0.6587624717,68.70057349,24.96205463,-64.00519219,1.311021896e-12,-5.370817026e-09,2.564099516,1.642534644e-09,-15.51136145,0.1676609519,-143.8613616,-503.8613616,1.402866962,-0.1354017047,-0.09887655513,38.1782305,37.41164162,-7.612250331,1.102331174e-11,-6.387607362e-10,0.2034727694,-2.572656182e-09,
1908682000,-3.452396695,0.6720168541,-77.99456824,-437.9945682,5.097874312,0.1397824762,-0.6573184248,60.76710303,23.39478825,-56.08319439,1.486804311e-12,-4.676482312e-09,2.397251635,1.696264441e-09,-13.12200824,0.2207494286,-136.3772261,-496.3772261,1.566568538,-0.1598000025,-0.1522966495,36.4986755,34.76023586,-11.13010855,7.491816882e-12,-9.280811542e-10,0.3201965775,-1.012737754e-09,
1920680000,-3.921538977,0.6366827027,-85.43706635,-445.4370664,4.504830116,0.05065069491,-0.6346647706,53.74389889,22.79931721,-48.66824224,1.702626766e-12,-4.032838018e-09,2.134635954,1.738278464e-09,-10.72149029,0.2910217752,-136.5811145,-496.5811145,1.82096111,-0.2113831302,-0.200027113,33.13235447,30.35922566,-13.26914955,6.244850253e-12,-1.099532843e-09,0.4370714093,4.679992129e-10,
1932678000,-4.599991211,0.5888442512,-93.1989472,-453.1989472,3.864336704,-0.03285936923,-0.587926708,47.61680479,23.12505003,-41.62441783,1.978392497e-12,-3.427747328e-09,1.799970931,1.735365222e-09,-8.652246133,0.3693071308,-142.158898,-502.158898,2.171115606,-0.291647429,-0.2265602216,28.35599527,25.10964045,-13.17453695,6.250651253e-12,-1.084915686e-09,0.5246804301,1.499245406e-09,
1944676000,-5.592322982,0.525271516,-100.8112724,-460.8112724,3.212934482,-0.09852757709,-0.5159481389,42.79128074,24.57932392,-35.02785382,2.336465371e-12,-2.866727455e-09,1.425094275,1.63853545e-09,-7.024010865,0.4454505062,-151.0776238,-511.0776238,2.606531107,-0.3898920127,-0.2154306661,23.00145203,20.2600779,-10.89018085,7.515152278e-12,-8.912672928e-10,0.5375191994,2.106356787e-09,
1956674000,-6.929161067,0.4503414757,-107.7851067,-467.7851067,2.63862273,-0.1375558132,-0.4288191262,39.61388871,26.97010177,-29.01506142,2.803355423e-12,-2.360071452e-09,1.075823208,1.41743869e-09,-5.903273478,0.5067996732,-161.5072749,-521.5072749,3.055147353,-0.4806305328,-0.1607488713,18.25239425,16.75198942,-7.247119869,1.122370421e-11,-5.894773224e-10,0.4326124909,2.388764143e-09,
1968672000,-8.652965508,0.3692765456,-113.5304536,-473.5304536,2.170961831,-0.147428655,-0.3385704636,38.33941818,30.17122937,-23.65603315,3.417471073e-12,-1.912443825e-09,0.7840593055,9.696424116e-10,-5.141196094,0.5532739152,-172.3966497,-532.3966497,3.477016382,-0.5484094231,-0.07320607835,14.75628054,14.43836739,-3.04653285,2.65363326e-11,-2.462933197e-10,0.2110025855,2.463760135e-09,
1980670000,-10.8788279,0.2857976182,-117.4509295,-477.4509295,1.800326702,-0.1317494928,-0.2536185122,38.99462023,34.1337302,-18.85388208,4.261938923e-12,-1.51498661e-09,0.5523534043,-9.763398869e-11,-4.658628065,0.5848824589,176.911909,-543.088091,3.817912524,-0.5840331448,0.0315083575,13.16500175,13.10502397,1.255236143,-6.401512121e-11,1.008633629e-10,0.09578281933,2.436157819e-09,
1992668000,-13.92128495,0.2013426371,-116.9191464,-476.9191464,1.504202794,-0.0911543944,-0.1795264156,41.88762062,39.23060838,-14.68101248,5.440379271e-12,-1.172576518e-09,0.3742234211,-2.570513671e-09,-4.397467799,0.6027352761,166.5044348,-553.4955652,4.034426365,-0.5860925416,0.1406603916,13.72701363,12.55603414,5.547694113,-1.439702232e-11,4.430958598e-10,0.4418349021,2.374884837e-09,
2004666000,-17.95364561,0.1265661937,-103.9822176,-463.9822176,1.289812903,-0.03058101761,-0.1228161339,47.07548631,45.67389163,-11.40162421,6.963240321e-12,-9.052005933e-10,0.2496311088,-4.946915347e-09,-4.284145399,0.6106505183,156.4299441,-563.5700559,4.136773243,-0.5597050668,0.2441808627,15.94574041,12.58084682,9.797394064,-8.103404733e-12,7.778371533e-10,0.7787547377,2.313535473e-09,
2016664000,-19.85102528,0.1017299277,-64.75096811,-424.7509681,1.226501875,0.04339325239,-0.09201088976,54.49629733,53.57791434,-9.962605932,7.921613219e-12,-7.86247972e-10,0.185946132,-5.534567328e-09,-4.315874541,0.6084239103,146.5553698,-573.4446302,4.107564156,-0.5076803594,0.3353212002,19.2832403,13.2007899,14.05640433,-5.614516274e-12,1.109330176e-09,1.064815396,2.24603595e-09,
2028662000,-16.40937723,0.1511928098,-36.69945606,-396.6994561,1.356247712,0.1212235703,-0.09035547437,63.66574913,62.60414868,-11.5779178,6.776102634e-12,-9.0832423e-10,0.1849385072,-4.09939574e-09,-4.493918175,0.5960793698,136.922404,-583.077596,3.951467814,-0.4353938947,0.4071151822,23.32678818,14.48025351,18.28828327,-4.289804469e-12,1.434773601e-09,1.262980876,2.173148214e-09,
2040660000,-13.05323911,0.2225041135,-31.03379731,-391.0337973,1.572360876,0.1906556187,-0.1147105731,73.16614816,71.12364637,-17.16718273,4.543080686e-12,-1.338901135e-09,0.241370959,-1.438398456e-09,-4.813625371,0.5745379645,127.7519141,-592.2480859,3.700771945,-0.3517572457,0.4542694275,27.75392398,16.47087362,22.33809791,-3.491429602e-12,1.742190616e-09,1.35621816,2.059985626e-09,
2052658000,-10.6952121,0.2919035622,-32.30861286,-392.3086129,1.824474031,0.2467114901,-0.1560164424,81.6635777,77.29097218,-26.36371637,2.941012732e-12,-2.044137786e-09,0.3410969694,2.827292645e-10,-5.288293633,0.5439829882,118.8994939,-601.1005061,3.385801293,-0.2628931885,0.4762401316,32.50973647,19.32483432,26.14256575,-2.965891958e-12,2.026990645e-09,1.352796372,1.902994823e-09,
2064656000,-8.999097601,0.3548502536,-35.88216129,-395.8821613,2.10005547,0.2875082504,-0.2079848756,87.85705371,79.33180288,-37.75350233,2.041809323e-12,-2.91024583e-09,0.4758936638,8.559427878e-10,-5.863432197,0.5091296506,111.0785513,-608.9214487,3.074395617,-0.1831072221,0.4750628867,37.06052682,22.78745203,29.22695123,-2.637478416e-12,2.252972776e-09,1.282589698,1.700199697e-09,
2076654000,-7.707694937,0.4117325985,-40.38120835,-400.3812084,2.399814429,0.3136376505,-0.2667492397,91.01659929,76.57710182,-49.19317864,1.557941346e-12,-3.770169487e-09,0.6424006325,1.085187089e-09,-6.503329478,0.4729699252,104.161248,-615.838752,2.79484985,-0.1157128704,0.458596862,41.2891216,26.67464173,31.51594915,-2.431787365e-12,2.415385083e-09,1.181494749,1.456976266e-09,
2088652000,-6.729542435,0.4608110431,-45.48278238,-405.4827824,2.709274781,0.3230854825,-0.3285766098,90.5894647,69.55905828,-58.03437365,1.313012147e-12,-4.422209844e-09,0.8343179894,1.203912394e-09,-7.178014032,0.437622153,98.40284429,-621.5971557,2.556327851,-0.06395066088,0.4329243141,44.89220752,30.63809248,32.8118513,-2.322326675e-12,2.500257739e-09,1.070949548,1.189459432e-09,
2100650000,-5.941602562,0.5045681952,-50.94443676,-410.9444368,3.036882535,0.3179151705,-0.3918150176,87.39536902,60.23437804,-63.32274653,1.196483433e-12,-4.79762365e-09,1.051272522,1.27029599e-09,-7.831079976,0.4059251886,93.77190521,-626.2280948,2.366579363,-0.02670363585,0.405045892,47.75762952,34.28159247,33.25001647,-2.278633975e-12,2.519174769e-09,0.9699087491,9.269688981e-10,
2112648000,-5.370378748,0.5388663476,-56.60072071,-416.6007207,3.337137378,0.296629887,-0.4498751502,82.18937711,50.89697209,-64.53364968,1.167365251e-12,-4.861599918e-09,1.26792709,1.289553352e-09,-8.435892074,0.3786216086,90.58518104,-629.414819,2.218650709,-0.003866922403,0.3786018614,49.66292757,37.21025469,32.89077867,-2.290439546e-12,2.477805108e-09,0.883917053,6.887223262e-10,
2124646000,-4.933294012,0.566676626,-62.25605951,-422.2560595,3.615490693,0.2637998258,-0.5015297103,76.31784958,42.77619037,-63.2029406,1.185212619e-12,-4.734464195e-09,1.477526167,1.267294759e-09,-8.896373748,0.3590718114,88.05088851,-631.9491115,2.120474393,0.01221269732,0.3588640631,51.0937517,39.43240284,32.4908767,-2.305537134e-12,2.433856573e-09,0.8239639068,5.171142102e-10,
2136644000,-4.595817204,0.5891272885,-67.67668101,-427.676681,3.867687593,0.2237697981,-0.544975265,70.62312942,36.29273324,-60.58435378,1.229497031e-12,-4.512824494e-09,1.669324638,1.209326141e-09,-9.167882826,0.348021327,86.38942979,-633.6105702,2.067585004,0.02191651756,0.3473305491,51.9946343,40.79145704,32.24126283,-2.310340121e-12,2.401596312e-09,0.7903925275,4.55161424e-10,
2148642000,-4.338671072,0.6068291665,-72.77546113,-432.7754611,4.086847318,0.1796925254,-0.5796138659,65.43050009,31.31061298,-57.45255309,1.289278493e-12,-4.255645108e-09,1.834922654,1.142203522e-09,-9.237637832,0.3452376156,84.7019755,-635.2980245,2.054543217,0.03187794879,0.3437627199,52.93426731,41.72746607,32.57077265,-2.274196621e-12,2.412593381e-09,0.7805595621,5.022696887e-10,
2160640000,-4.091139347,0.6243714447,-77.45811098,-437.458111,4.32440884,0.1355843367,-0.6094723855,60.92628815,27.27165914,-54.48182445,1.352029218e-12,-4.013186681e-09,1.997745138,1.076043149e-09,-9.104347474,0.350576359,82.42978936,-637.5702106,2.079653825,0.04618528613,0.3475207949,54.29704253,42.55545609,33.72242554,-2.184333343e-12,2.484028213e-09,0.7924348283,6.681754647e-10,
2172638000,-3.886330625,0.6392687409,-82.03282867,-442.0328287,4.54429357,0.08860628225,-0.633098294,56.74087512,24.00968518,-51.41071802,1.424882626e-12,-3.76605302e-09,2.141249151,1.037013215e-09,-8.870490559,0.3601434097,79.18349162,-640.8165084,2.1257004,0.06758607129,0.3537448212,56.38774007,43.75412169,35.56900428,-2.059496474e-12,2.605580337e-09,0.8129292258,9.147114368e-10,
2184636000,-3.645185818,0.6572653069,-86.28665551,-446.2866555,4.835417425,0.04256760774,-0.6558854187,53.06646911,21.08612905,-48.69728233,1.496016283e-12,-3.547690873e-09,2.309446282,1.0346612e-09,-8.541500793,0.3740459531,74.71848713,-645.2815129,2.195122725,0.09858422878,0.360820627,59.5459327,45.61638817,38.27353174,-1.903454529e-12,2.788300552e-09,0.8390302975,1.201544324e-09,
2196634000,-3.395588781,0.6764264183,-90.75694106,-450.7569411,5.180974323,-0.008936086385,-0.6763673896,49.39062471,18.38274896,-45.84221145,1.580508625e-12,-3.321452073e-09,2.493762579,1.058121672e-09,-8.205904636,0.3887807634,68.80315255,-651.1968475,2.272148323,0.1405727323,0.3624772944,64.15426107,48.78417371,41.66381654,-1.739015208e-12,3.018710605e-09,0.8540437067,1.480439687e-09,
2208632000,-3.180070958,0.6934201412,-95.44101192,-455.4410119,5.523585756,-0.06575072568,-0.690295831,45.74058716,16.09991627,-42.8134793,1.683124527e-12,-3.085157175e-09,2.659236146,1.078943621e-09,-7.994721413,0.3983491817,61.67092706,-658.3290729,2.324187285,0.1890305965,0.3506415608,70.15370016,53.88774203,44.91829143,-1.604255522e-12,3.236830815e-09,0.8335530446,1.703697085e-09,
2220630000,-3.02082414,0.7062505402,-100.3072693,-460.3072693,5.808523159,-0.1263673207,-0.6948533124,42.1726157,14.30782681,-39.67134491,1.806620796e-12,-2.843288004e-09,2.772702342,1.057072747e-09,-7.93116072,0.4012748712,53.735104,-666.264896,2.340431032,0.2373618274,0.3235442553,77.19185967,61.12349445,47.14341552,-1.52027756e-12,3.37881935e-09,0.7712814187,1.8239226e-09,
2232628000,-2.930704484,0.7136163237,-104.8127894,-464.8127894,5.983638264,-0.1824442647,-0.6899002448,39.07065073,13.09274078,-36.81162707,1.936505572e-12,-2.624150737e-09,2.811605889,9.997160965e-10,-8.065006239,0.3951388104,45.45878768,-674.5412123,2.306543773,0.2771591011,0.2816336489,84.2933909,70.1098551,46.79726453,-1.523292476e-12,3.335986099e-09,0.6674848274,1.83422024e-09,
2244626000,-2.858160226,0.7196013819,-108.9000182,-468.9000182,6.13270277,-0.233091638,-0.6808042576,36.40258967,12.15150102,-34.31456771,2.066320148e-12,-2.433070397e-09,2.823895389,9.215873046e-10,-8.38312927,0.3809285613,37.5190602,-682.4809398,2.230644922,0.302133787,0.231995137,89.92436037,79.03400452,42.89541605,-1.65297109e-12,3.04149444e-09,0.5427463319,1.740404619e-09,
2256624000,-2.820947349,0.7226909772,-112.7349062,-472.7349062,6.212170667,-0.2792969415,-0.6665399215,34.02633692,11.47876474,-32.03169624,2.201815839e-12,-2.259128145e-09,2.790517704,8.6586201e-10,-8.854700271,0.3607987186,30.16639497,-689.833605,2.128904866,0.311935634,0.1813060274,93.06464912,85.89933283,35.80968493,-1.969520153e-12,2.52558174e-09,0.4168796631,1.574995147e-09,
2268622000,-2.759783081,0.7277979801,-116.249179,-476.249179,6.347484052,-0.3218874621,-0.6527467822,31.92197242,10.81936305,-30.03254412,2.335962511e-12,-2.106930044e-09,2.775814434,8.359764615e-10,-9.430045105,0.3376740951,23.79482603,-696.205174,2.019661447,0.3089704819,0.1362388925,93.4248548,89.2972051,27.46293241,-2.554530453e-12,1.926659199e-09,0.3075452628,1.36736948e-09,
2280620000,-2.709523645,0.7320214679,-119.8377113,-479.8377113,6.463284407,-0.3642136247,-0.6349833581,29.85771948,10.24926293,-28.04346666,2.488487733e-12,-1.957036393e-09,2.73614472,8.18275989e-10,-10.07634057,0.313460608,18.30667957,-701.6933204,1.913161318,0.2975960111,0.09845896072,91.73685738,89.6247499,19.57179626,-3.565631985e-12,1.365833905e-09,0.2183749052,1.127743722e-09,
2292618000,-2.646520879,0.7373504609,-123.4026977,-483.4026977,6.614709726,-0.4059262106,-0.6155563449,27.86961783,9.68598838,-26.13230237,2.656505743e-12,-1.814120406e-09,2.69794897,8.152459859e-10,-10.75398483,0.2899350759,13.91865966,-706.0813403,1.816643848,0.2814220585,0.06974219084,88.87808172,87.86508194,13.38061232,-5.188149068e-12,9.288902869e-10,0.1522858913,8.911998041e-10,
2304616000,-2.600048214,0.7413061265,-126.8299624,-486.8299624,6.731145591,-0.4443702148,-0.5933547719,26.02925882,9.237374567,-24.33502056,2.837852648e-12,-1.680557113e-09,2.634408769,8.070938563e-10,-11.38887395,0.269498469,10.74927364,-709.2507264,1.737845049,0.2647695153,0.05026458556,85.87920828,85.37902576,9.255289009,-7.461593308e-12,6.391628781e-10,0.1084023731,6.565445826e-10,
2316614000,-2.569981753,0.7438766256,-130.3594319,-490.3594319,6.808736725,-0.4817200218,-0.5668317693,24.20694926,8.873349112,-22.52199076,3.050420277e-12,-1.547295388e-09,2.538161237,7.997498726e-10,-11.99638446,0.2512932233,8.326821551,-711.6731784,1.671272736,0.2486441162,0.0363921354,83.03066942,82.78122067,6.431296095,-1.068237821e-11,4.418399284e-10,0.07769027858,4.46992915e-10,
2328612000,-2.537351794,0.7466763749,-133.789666,-493.789666,6.895039395,-0.5167097463,-0.5390145145,22.48798344,8.5388608,-20.80377983,3.285343254e-12,-1.421887543e-09,2.436364794,8.079976944e-10,-12.50952843,0.2368773734,6.923599205,-713.0764008,1.620810772,0.2351500104,0.02855455573,80.70993963,80.56261495,4.874364275,-1.402184036e-11,3.331508937e-10,0.06050404742,2.616134211e-10,
2340610000,-2.509611006,0.7490649043,-137.1945641,-497.1945641,6.970188446,-0.5495630021,-0.5089977777,20.83621428,8.249337843,-19.13364185,3.553803698e-12,-1.301034209e-09,2.319415475,8.102797926e-10,-12.90923413,0.2262238,6.178059088,-713.8219409,1.584726695,0.2249099484,0.02434589916,78.99391421,78.89010204,4.048491425,-1.679569006e-11,2.752861102e-10,0.05131811622,9.538668662e-11,
2352608000,-2.44677685,0.7545033241,-140.8622377,-500.8622377,7.14674982,-0.5852158473,-0.4762327984,19.07740265,7.8607811,-17.38261811,3.891843546e-12,-1.175941592e-09,2.21130927,8.262185246e-10,-13.15107676,0.2200118951,6.173746785,-713.8262532,1.564141667,0.2187359021,0.02366091951,77.97663595,77.8803974,3.872912883,-1.746758375e-11,2.620042223e-10,0.04972898203,-1.531860243e-11,
2364606000,-2.469249268,0.7525537715,-144.3222725,-504.3222725,7.082564088,-0.6113071834,-0.4389085401,17.55309479,7.774656781,-15.73740285,4.276891986e-12,-1.059240083e-09,2.024192616,8.336858574e-10,-13.22070728,0.2182552184,6.641738722,-713.3582613,1.558379726,0.216790458,0.02524356667,77.65614129,77.54725167,4.110965684,-1.637259401e-11,2.76697475e-10,0.0530123969,-5.73851026e-11,
2376604000,-2.482359254,0.7514187665,-148.0691575,-508.0691575,7.045659651,-0.6377194174,-0.3974218255,15.95505081,7.66477571,-13.99338628,4.785645062e-12,-9.371004161e-10,1.825674594,8.299137422e-10,-13.08287835,0.2217461472,7.022586054,-712.9774139,1.569855572,0.220082615,0.02711081625,78.19079041,78.06396431,4.451649202,-1.504327428e-11,2.981152836e-10,0.05702566148,-1.161364493e-11,
2388602000,-2.471006192,0.7524015653,-151.5957174,-511.5957174,7.077595493,-0.661822213,-0.3579098684,14.48315011,7.507422838,-12.38548503,5.3797652e-12,-8.252572698e-10,1.649765212,8.268476174e-10,-12.68390499,0.2321692778,6.992951084,-713.0070489,1.604740787,0.2304422024,0.02826596709,79.91196064,79.76968298,4.766458868,-1.397914116e-11,3.175939273e-10,0.05975276182,1.311566438e-10,
2400600000,-2.482860803,0.7513753787,-155.1486644,-515.1486644,7.044255591,-0.6817989921,-0.3157769689,13.09889716,7.43529388,-10.78413241,6.147734711e-12,-7.149662499e-10,1.450397601,8.175438754e-10,-12.09633651,0.248418065,6.248953525,-713.7510465,1.661053848,0.2469420459,0.02703998814,82.75803534,82.62091559,4.762007977,-1.392227511e-11,3.15711534e-10,0.05763683376,3.654354573e-10,
2412598000,-2.468141608,0.7526497464,-158.6394509,-518.6394509,7.085700219,-0.7009478499,-0.2741418474,11.77353334,7.302278477,-9.235411,7.142971885e-12,-6.092441891e-10,1.264730047,8.265470777e-10,-11.38387731,0.2696535453,4.196043644,-715.8039564,1.738426383,0.2689307476,0.0197303695,86.76484449,86.68638842,3.688943203,-1.788270447e-11,2.433532423e-10,0.0425550455,6.680480631e-10,
2424596000,-2.426272365,0.7562865585,-162.2032953,-522.2032953,7.206359025,-0.7200959573,-0.231151835,10.45806734,7.105041905,-7.673952822,8.553849846e-12,-5.037323846e-10,1.080071437,8.454576378e-10,-10.58068786,0.2957778223,0.528949463,-719.4710505,1.840012802,0.2957652181,0.002730555362,91.99761134,91.99596387,0.5505661612,-1.192260709e-10,3.614017595e-11,0.005984677349,9.976261792e-10,
2436594000,-2.405211813,0.7581225406,-165.9188433,-525.9188433,7.268649775,-0.7353425369,-0.1844482043,9.24266244,6.981765049,-6.056547348,1.078479376e-11,-3.956052787e-10,0.8674808311,8.731140764e-10,-9.819586661,0.3228647761,-4.574480074,-724.5744801,1.953619793,0.3218362906,-0.02575006225,97.40531939,97.24473162,-5.590922889,1.168297531e-11,-3.651913344e-10,0.05749332428,1.310123228e-09,
2448592000,-2.394960406,0.7590178331,-169.7678096,-529.7678096,7.299369308,-0.7469463841,-0.1348301533,8.18233182,6.90377546,-4.391860471,1.479977699e-11,-2.854645868e-10,0.6361534347,8.939054941e-10,-9.141029107,0.3490989517,-10.91091863,-730.9109186,2.072663664,0.3427881711,-0.06607834592,101.7684668,100.6351742,-15.14538039,4.291642326e-12,-9.844278485e-10,0.1504978802,1.560191361e-09,
2460590000,-2.423095092,0.7565632565,-173.7133146,-533.7133146,7.215686635,-0.7520136098,-0.08284619372,7.453339676,6.949842817,-2.692945811,2.401890822e-11,-1.741840929e-10,0.3874829807,8.994764883e-10,-8.605155956,0.3713147507,-18.3779676,-738.3779676,2.181242128,0.3523767035,-0.1170696499,103.129783,99.52471526,-27.02930262,2.393018391e-12,-1.748299034e-09,0.2715838227,1.730288441e-09,
2472588000,-2.498200253,0.7500496062,-177.6112002,-537.6112002,7.001587713,-0.7493978108,-0.03126232525,7.216892389,7.144278272,-1.021187407,6.303226655e-11,-6.573154266e-11,0.1429377983,8.89123408e-10,-8.238563407,0.3873217003,-26.26382349,-746.2638235,2.264355863,0.3473369344,-0.1713918129,100.6380038,93.33399252,-37.64005368,1.710086744e-12,-2.422805822e-09,0.4032834411,1.808219911e-09,
2484586000,-2.602213441,0.7411213559,178.577398,-541.422602,6.725627608,-0.740892923,0.01839947702,7.46010937,7.435370994,0.607033767,-1.055244866e-10,3.888471747e-11,0.08164135555,8.683407094e-10,-8.02098126,0.3971466806,-34.26602893,-754.2660289,2.317556586,0.3282148319,-0.2236079382,95.11744473,84.00972808,-44.6059848,1.436061258e-12,-2.857322295e-09,0.5309621376,1.789824633e-09,
2496584000,-2.724877833,0.7307286047,174.8849693,-545.1150307,6.427450651,-0.7278186323,0.06514853983,8.09317956,7.794277885,2.179171323,-2.925381925e-11,1.389201757e-10,0.2795860444,8.598180369e-10,-7.92539538,0.4015413095,-42.01792845,-762.0179284,2.341918217,0.2983192579,-0.2687769403,88.22560002,74.27994784,-47.60510317,1.339122904e-12,-3.03478172e-09,0.6408876764,1.710902615e-09,
2508582000,-2.846333173,0.7205818872,171.2855673,-548.7144327,6.157732117,-0.712263312,0.1091752289,8.968506042,8.16576329,3.708693912,-1.710688117e-11,2.352950665e-10,0.454176025,8.725305247e-10,-7.907521322,0.4023684629,-49.15468381,-769.1546838,2.346543607,0.2631566678,-0.3043828971,81.48847652,65.93114411,-47.89004117,1.324788714e-12,-3.038344681e-09,0.7263644795,1.596266173e-09,
2520580000,-2.98487409,0.7091796999,167.4657409,-552.5342591,5.877099017,-0.6922774059,0.1539085443,10.1239683,8.607199331,5.330183279,-1.184615752e-11,3.365594492e-10,0.6192703427,9.105699108e-10,-7.896688975,0.4028705776,-55.76883329,-775.7688333,2.349357652,0.2266280731,-0.333083201,75.47335845,59.07178644,-46.97607776,1.34413501e-12,-2.966172461e-09,0.7952371273,1.465378938e-09,
2532578000,-3.17604166,0.6937418866,163.443494,-556.556506,5.530439235,-0.664978771,0.1976892494,11.60031937,9.225876364,7.03211311,-8.936582193e-12,4.419194835e-10,0.7622162744,9.626344693e-10,-7.918940163,0.4018398397,-61.86417928,-781.8641793,2.343586104,0.1894929151,-0.3543553187,70.15459657,53.5805798,-45.28563667,1.387703948e-12,-2.845887837e-09,0.8451875071,1.339628357e-09,
2544576000,-3.404170776,0.675758413,159.1409739,-560.8590261,5.168240226,-0.631468767,0.2406171835,13.34432706,9.989578822,8.847563489,-7.069374959e-12,5.533862866e-10,0.8856793311,1.009075656e-09,-7.880000243,0.4036453817,-67.31009041,-787.3100904,2.35370925,0.1557036095,-0.3724056661,65.79158164,49.15140401,-43.73410223,1.430159546e-12,-2.735425687e-09,0.8897833766,1.231718358e-09,
2556574000,-3.741667941,0.6500048587,154.6585117,-565.3414883,4.714365042,-0.58745675,0.2782101423,15.43717934,11.11667971,10.71101947,-5.812071588e-12,6.667953654e-10,0.9635088667,1.044860931e-09,-7.814252607,0.4067123589,-72.31520511,-792.3152051,2.371046119,0.1235511754,-0.3874919998,62.01141216,45.44122907,-42.19608913,1.475331322e-12,-2.62684208e-09,0.9285859998,1.163739476e-09,
2568572000,-4.206936672,0.6161027771,150.0658305,-569.9341695,4.20972771,-0.5339142427,0.3074381456,17.84525094,12.67497242,12.56176959,-4.932618918e-12,7.783576731e-10,0.9910687915,1.035752624e-09,-7.641091792,0.4149018873,-77.14400273,-797.1440027,2.418230134,0.09231626777,-0.4045012767,58.60748953,41.91631232,-40.96169663,1.512691794e-12,-2.538085947e-09,0.9772256759,1.159261132e-09,
2580570000,-4.839559506,0.5728250804,145.4158311,-574.5841689,3.68192281,-0.4716030136,0.3251448451,20.58335293,14.7902345,14.31514516,-4.308327719e-12,8.828770829e-10,0.967878174,9.492999648e-10,-7.353447156,0.4288719497,-82.07980635,-802.0798064,2.50184166,0.05909582628,-0.424780923,55.26757964,38.28650685,-39.85785685,1.547357073e-12,-2.458206884e-09,1.041041874,1.23497047e-09,
2592568000,-5.684840208,0.5197063097,141.3937863,-578.6062137,3.164118831,-0.4061259551,0.3242782092,23.44507707,17.52602968,15.5727301,-3.942078051e-12,9.559930433e-10,0.8885486549,7.203863305e-10,-6.947058296,0.4494145049,-87.46365691,-807.4636569,2.632496711,0.0198879767,-0.4489742371,51.68291697,34.33266039,-38.63149412,1.58908991e-12,-2.371545606e-09,1.125211204,1.329732346e-09,
2604566000,-6.787443844,0.4577494254,138.4930721,-581.5069279,2.68833173,-0.3427973731,0.3033553979,26.29004165,20.85518573,16.00710836,-3.81743701e-12,9.781324107e-10,0.7675361211,3.237511194e-10,-6.476919437,0.4744102111,-93.82629428,-813.8262943,2.805248965,-0.03165825025,-0.4733527264,47.47924728,30.07396963,-36.74010442,1.663199625e-12,-2.245045519e-09,1.221657961,1.568626745e-09,
2616564000,-8.105540606,0.3932991155,137.9694587,-582.0305413,2.296517363,-0.2921378801,0.263324236,28.63638437,24.30521196,15.14262794,-4.016867607e-12,9.210644527e-10,0.6230197855,-2.915541709e-10,-5.985100023,0.5020477197,-99.98819041,-819.9881904,3.016449124,-0.08707776172,-0.4944384454,43.46775041,26.22157437,-34.66805969,1.75452368e-12,-2.10871703e-09,1.322119687,1.813757689e-09,
2628562000,-9.565175297,0.3324614044,140.1361362,-579.8638638,1.996081445,-0.2551872535,0.2130963422,30.4244906,27.43743044,13.14675012,-4.605571171e-12,7.960132832e-10,0.4791538388,-1.117276587e-09,-5.592216837,0.5252779351,-109.6942302,-829.6942302,3.212991449,-0.1770189001,-0.4945515323,37.60271668,22.21175493,-30.34142786,1.995565062e-12,-1.837121675e-09,1.366007682,2.00776487e-09,
2640560000,-10.87799882,0.2858248993,146.8687747,-573.1312253,1.800433672,-0.2393557659,0.1562200063,31.08164674,29.42514,10.0114884,-6.02040133e-12,6.034242231e-10,0.3402358799,-1.914369462e-09,-5.338159834,0.5408688976,-118.7003255,-838.7003255,3.356054272,-0.2597406487,-0.4744196031,32.65836644,19.52132579,-26.18180165,2.302102005e-12,-1.578060393e-09,1.341189729,2.108431776e-09,
2652558000,-11.5861086,0.2634477964,158.1725662,-561.8274338,1.715354038,-0.2445606721,0.09795314745,30.50935589,29.8549786,6.284986075,-9.546648292e-12,3.771026311e-10,0.2105171857,-2.335154009e-09,-5.252351075,0.5462386754,-127.83072,-847.83072,3.407603494,-0.3350249047,-0.4314336608,28.24900938,17.82193314,-21.91769217,2.737539661e-12,-1.315073619e-09,1.229815643,2.024940885e-09,
2664556000,-11.30052036,0.2722538199,170.2947324,-549.7052676,1.748210921,-0.2683573163,0.04589654943,28.87992772,28.73903402,2.849236505,-2.096364418e-11,1.701859799e-10,0.09914169359,-2.152440753e-09,-5.26530286,0.5454247698,-136.4544815,-856.4544815,3.399711791,-0.3953387529,-0.3757598302,24.63260844,16.82126628,-17.99473255,3.319325814e-12,-1.074832218e-09,1.069760876,1.927751603e-09,
2676554000,-10.2774318,0.3062868913,178.8540774,-541.1459226,1.883036193,-0.3062256352,0.00612536691,26.55719494,26.55476844,0.3589931424,-1.656372339e-10,2.134667679e-11,0.01351897092,-1.498630074e-09,-5.35416182,0.5398733739,-144.5485855,-864.5485855,3.346629572,-0.4397849797,-0.3131332488,21.77855866,16.31796174,-14.42323618,4.1226969e-12,-8.576435722e-10,0.8838871185,1.810758797e-09,
2688552000,-9.047880601,0.3528628764,-176.9870094,-536.9870094,2.090535108,-0.3523750939,-0.01854730987,23.95154717,23.93007673,-1.013922874,5.838439311e-11,-6.002146779e-11,0.04237023079,-7.228180015e-10,-5.421406497,0.5357099036,-151.9738874,-871.9738874,3.30765165,-0.4728890992,-0.2517161112,19.54598522,15.96709556,-11.27374815,5.25089534e-12,-6.67375132e-10,0.7060612941,1.731470573e-09,
2700550000,-7.906847078,0.402399698,-175.8215484,-535.8215484,2.346718523,-0.4013300998,-0.02932009406,21.38169646,21.3295474,-1.492431397,3.948876323e-11,-8.795535506e-11,0.06997013906,-1.050085402e-10,-5.463190546,0.5331390242,-159.1768883,-879.1768883,3.283930556,-0.4983156409,-0.1895224028,17.75492345,15.69057534,-8.309220927,7.09263487e-12,-4.896978703e-10,0.5295676384,1.70357005e-09,
2712548000,-6.907335704,0.4514744886,-176.757188,-536.757188,2.646138527,-0.4507515764,-0.02553879853,18.94730576,18.90843457,-1.213053052,4.836853179e-11,-7.117418364e-11,0.06415407091,3.087580906e-10,-5.465553325,0.5329940167,-166.5338612,-886.5338612,3.282600377,-0.518340793,-0.1241186697,16.32507752,15.42417312,-5.348180971,1.097075724e-11,-3.137970049e-10,0.3467402064,1.737721034e-09,
2724546000,-6.083076489,0.4964164626,-178.9930269,-538.9930269,2.971535707,-0.4963397979,-0.008724068545,16.83197868,16.82746863,-0.3896223424,1.499277881e-10,-2.275987329e-11,0.02315394852,5.764025701e-10,-5.475626174,0.5323762727,-174.0595788,-894.0595788,3.276942942,-0.5295174394,-0.05509788639,15.47516717,15.29536674,-2.352138397,2.483494002e-11,-1.374006725e-10,0.1537811049,1.799103534e-09,
2736544000,-5.440558928,0.5345299619,177.9306666,-542.0693334,3.296731983,-0.5341813754,0.01930125171,15.19316569,15.17102633,0.8199046106,-7.093398644e-11,4.768491632e-11,0.05404410965,7.194571485e-10,-5.499115841,0.5309384871,177.9389393,-902.0610607,3.26383309,-0.5305950053,0.01909495723,15.34555713,15.3239023,0.8149491642,-7.136531344e-11,4.7396712e-11,0.0531815688,1.844557378e-09,
2748542000,-4.968299082,0.5643974539,174.3863038,-545.6136962,3.591341391,-0.5616906291,0.05520981001,14.13522656,13.95323989,2.26091273,-2.561143749e-11,1.309186605e-10,0.1620349645,7.673854732e-10,-5.580055538,0.5260139031,169.7325519,-910.2674481,3.219533047,-0.5175905601,0.09375840385,16.160517,15.64337154,4.055519256,-1.42781285e-11,2.348357552e-10,0.2592484136,1.848954601e-09,
2760540000,-4.662323906,0.5846336447,171.0154623,-548.9845377,3.815026481,-0.5774604946,0.09130101709,13.67922514,13.18137724,3.656842135,-1.57659402e-11,2.10829947e-10,0.2774248903,7.561372603e-10,-5.777939692,0.5141655981,161.7342745,-918.2657255,3.116629024,-0.4882584074,0.1611520704,17.92021046,16.41392506,7.191453765,-8.016954054e-12,4.146128709e-10,0.438131266,1.808509014e-09,
2772538000,-4.43861673,0.5998866035,167.8918117,-552.1081883,3.998582946,-0.5865410879,0.1258311937,13.57763915,12.63619585,4.96778013,-1.155527428e-11,2.851707583e-10,0.3931388996,7.160907789e-10,-6.016535123,0.5002340429,154.1119904,-925.8880096,3.00187322,-0.4500351413,0.2184089495,20.17695694,17.43394817,10.15711782,-5.651609338e-12,5.830598207e-10,0.5826057141,1.727680071e-09,
2784536000,-4.262071639,0.6122043597,164.8480699,-555.1519301,4.157355556,-0.5909217644,0.1600176439,13.73594463,12.22711024,6.25890964,-9.132056985e-12,3.577387427e-10,0.5118878881,6.893813979e-10,-6.295689601,0.4844126992,146.691936,-933.308064,2.879071492,-0.4048382645,0.2660106064,22.79701968,18.71868818,13.0121028,-4.392581305e-12,7.437291099e-10,0.695139674,1.623346602e-09,
2796534000,-4.137493345,0.6210482362,162.0050171,-557.9949829,4.277716563,-0.5906687747,0.1918627382,14.10767142,11.96513215,7.474088958,-7.614506562e-12,4.253616093e-10,0.6246557803,6.887239818e-10,-6.619612507,0.4666801993,139.9420512,-940.0579488,2.750095153,-0.3571941955,0.3003376685,25.5213606,20.24164616,15.54398944,-3.661318713e-12,8.846317457e-10,0.7679212112,1.49514333e-09,
2808532000,-4.048589599,0.62743757,159.0707031,-560.9292969,4.368227816,-0.5860404579,0.2241305111,14.69413468,11.81564867,8.73544736,-6.487174856e-12,4.950236022e-10,0.7393117047,7.008146537e-10,-6.926842163,0.4504617211,133.7608015,-946.2391985,2.639418903,-0.3115615003,0.3253385832,28.17418764,21.82550157,17.81663072,-3.180644834e-12,1.009639502e-09,0.816321708,1.362474637e-09,
2820530000,-4.022609045,0.6293171218,155.9065365,-564.0934635,4.395447477,-0.5744914892,0.2569038121,15.57839756,11.86551076,10.09436105,-5.58998412e-12,5.695977202e-10,0.8507312705,7.198576819e-10,-7.195238269,0.4367552022,128.2878442,-951.7121558,2.550853923,-0.2706189919,0.3428125841,30.61908646,23.36166633,19.79295333,-2.850879149e-12,1.116863271e-09,0.8472406484,1.246925416e-09,
2832528000,-4.061066966,0.6265368968,152.7622367,-567.2377633,4.355281372,-0.5570632962,0.2867559364,16.66374734,12.11667844,11.43969313,-4.911696749e-12,6.427769501e-10,0.9441278138,7.176840768e-10,-7.376395989,0.4277403304,123.0944922,-956.9055078,2.494916917,-0.2335553866,0.3583485338,32.93288715,24.75764484,21.71713788,-2.587279404e-12,1.220249136e-09,0.8771891682,1.173053277e-09,
2844526000,-4.202343953,0.6164286315,149.6129159,-570.3870841,4.214153517,-0.5317484248,0.3118138394,17.99466349,12.68714009,12.76104974,-4.384537841e-12,7.139973917e-10,1.005825556,6.887604822e-10,-7.468141647,0.4232460538,118.3461058,-961.6538942,2.467683253,-0.2009557763,0.3724969772,35.05669241,25.95943879,23.56011928,-2.374831162e-12,1.31821943e-09,0.907574292,1.166826434e-09,
2856524000,-4.45166238,0.5989862885,146.718121,-573.281879,3.987360638,-0.5007411323,0.3286987865,19.45393066,13.58353674,13.92634007,-4.000785414e-12,7.759241167e-10,1.025236677,6.144039678e-10,-7.431247376,0.4250476616,113.3979429,-966.6020571,2.478549205,-0.1687927769,0.3900955179,37.25911971,26.98283909,25.69374236,-2.168477346e-12,1.431560212e-09,0.9522253117,1.237293683e-09,
2868522000,-4.835427924,0.5730976186,144.0538474,-575.9461526,3.68491179,-0.4639620925,0.3364224386,21.06568729,14.88143763,14.90992941,-3.721228678e-12,8.272514443e-10,1.001914586,4.632763995e-10,-7.271342722,0.432945135,107.9368685,-972.0631315,2.526995576,-0.1333336294,0.411902456,39.78763626,27.94008738,28.32679855,-1.958684347e-12,1.571663042e-09,1.013840729,1.385494869e-09,
2880520000,-5.370384955,0.5388659625,142.272857,-577.727143,3.337133756,-0.4262072728,0.3297330529,22.60467647,16.55839162,15.38801694,-3.590596317e-12,8.502211267e-10,0.9293183352,2.274154596e-10,-7.034552304,0.4449102229,101.5780216,-978.4219784,2.603020777,-0.08929443633,0.4358573276,43.02684755,29.13313096,31.66339039,-1.744985494e-12,1.749470615e-09,1.086851614,1.591011845e-09,
2892518000,-5.967826941,0.5030471038,141.8304454,-578.1695546,3.024526299,-0.3954882823,0.3108784444,23.77303123,18.27132019,15.20907204,-3.61777326e-12,8.368483773e-10,0.8324013744,-1.096882691e-10,-6.780163862,0.4581332438,94.33436508,-985.6656349,2.690944272,-0.0346242486,0.456822975,47.21562286,30.8847072,35.7134415,-1.540679694e-12,1.965059768e-09,1.156347097,1.816279666e-09,
2904516000,-6.601947116,0.4676303008,142.9184668,-577.0815332,2.756787817,-0.3730653087,0.2819581063,24.52068467,19.88289994,14.35040999,-3.818405521e-12,7.86340542e-10,0.7217463267,-5.126837174e-10,-6.604926326,0.4674699338,85.83906642,-994.1609336,2.755656492,0.0339187646,0.4662377681,52.86557255,33.95664544,40.51808229,-1.352376067e-12,2.220216064e-09,1.193229831,2.00386557e-09,
2916514000,-7.143734224,0.439352689,146.0999143,-573.9000857,2.567305079,-0.3646677628,0.2450473589,24.55660129,20.98895538,12.74717298,-4.280970025e-12,6.956166128e-10,0.6073276513,-8.931300571e-10,-6.574354611,0.4691181862,76.58124388,-1003.418756,2.767316845,0.1088665382,0.4563112419,59.88426469,38.90541454,45.52465131,-1.198697054e-12,2.484292305e-09,1.170136647,2.121409764e-09,
2928512000,-7.365027642,0.428300536,151.2102453,-568.7897547,2.498341569,-0.3753595103,0.2062682408,23.64985143,21.10886625,10.66448491,-5.096044826e-12,5.795794894e-10,0.5052135339,-1.104549897e-09,-6.691924991,0.4628110829,67.17829979,-1012.8217,2.723085001,0.1795080842,0.4265805272,67.81646503,45.9440003,49.88207859,-1.089503379e-12,2.71092602e-09,1.085714745,2.129959933e-09,
2940510000,-7.243122828,0.4343540333,156.9729502,-563.0270498,2.535780537,-0.3997448269,0.1699043836,22.12161737,20.40427827,8.545840122,-6.333484431e-12,4.625431297e-10,0.4188258957,-1.059931868e-09,-7.000891747,0.4466377352,57.84993456,-1022.150065,2.614268857,0.237673178,0.3781490804,76.04044299,55.27356159,52.22051665,-1.036468975e-12,2.826432611e-09,0.9447648233,2.062607178e-09,
2952508000,-6.669668373,0.4639985051,161.3362502,-558.6637498,2.731332877,-0.4395981858,0.1484858505,20.02921261,18.7326036,7.089352573,-7.603656219e-12,3.821515489e-10,0.3784499327,-7.79807354e-10,-7.364369006,0.4283330145,49.20525437,-1030.794746,2.498540323,0.2798518805,0.3242716396,83.58524064,65.451756,51.98615286,-1.036910731e-12,2.802313558e-09,0.7942667398,1.982498382e-09,
2964506000,-5.913344138,0.5062124161,163.9276244,-556.0723756,3.050324603,-0.4864259628,0.1401456132,17.82806316,16.68269728,6.287085756,-8.539224152e-12,3.375337327e-10,0.3768626649,-3.782993105e-10,-7.810678294,0.4068797587,41.02287694,-1038.977123,2.371997549,0.3069694453,0.2670597268,89.80506543,75.63726747,48.414394,-1.108902334e-12,2.59921556e-09,0.6400865026,1.877541144e-09,
2976504000,-5.137795813,0.5534905487,164.5739397,-555.4260603,3.479188502,-0.5335507857,0.1472254959,15.87471083,14.61263626,6.203007754,-8.620080808e-12,3.316774801e-10,0.4244961444,7.197167423e-12,-8.303484584,0.3844375234,32.77700054,-1047.222999,2.249060942,0.3232289134,0.2081232302,94.59054787,84.99395016,41.5138553,-1.28801403e-12,2.219763615e-09,0.4884330617,1.798368226e-09,
2988502000,-4.452287546,0.5989431781,163.5240087,-556.4759913,3.986824536,-0.5743497696,0.1698683982,14.47103367,12.78732483,6.774595138,-7.86109844e-12,3.607862078e-10,0.5297898685,3.081072582e-10,-8.834562477,0.3616361825,25.51593191,-1054.484068,2.133009649,0.3263641926,0.1557791459,96.57616264,90.91256258,32.58621112,-1.634303512e-12,1.735403415e-09,0.3584346343,1.699762022e-09,
3000500000,-3.895172753,0.6386183044,161.3826252,-558.6173748,4.534314616,-0.6052004577,0.2038767882,13.73014085,11.30851184,7.78680471,-6.811883591e-12,4.130339812e-10,0.6885790827,4.875414715e-10,-9.464608933,0.336333056,18.12044733,-1061.879553,2.013559765,0.3196525505,0.1046048351,96.15799643,93.58931288,22.07715544,-2.40261058e-12,1.1710343e-09,0.2358939793,1.550941356e-09,
3012498000,-3.515821514,0.6671276245,158.869274,-561.130726,5.00830873,-0.6222701935,0.2404975543,13.65223702,10.31641887,8.941760306,-5.908406136e-12,4.724070697e-10,0.8667504118,5.35668944e-10,-10.1561428,0.3105938558,11.64241302,-1068.357587,1.901047542,0.3042037394,0.06267876983,93.450004,92.56336169,12.84240321,-4.11383684e-12,6.784840862e-10,0.1387417546,1.367915314e-09,
3024496000,-3.295716591,0.6842489986,156.3721663,-563.6278337,5.33410501,-0.6268871298,0.2742429918,14.03341506,9.768717547,10.07516232,-5.222940342e-12,5.301749072e-10,1.031370011,4.614706189e-10,-10.90786064,0.2848439292,6.219010098,-1073.78099,1.796592355,0.2831676444,0.03085691438,89.44567463,89.24461464,5.993952587,-8.779177178e-12,3.154136038e-10,0.06716318526,1.16067025e-09,
3036494000,-3.211577132,0.6909094668,154.4607173,-565.5392827,5.470596105,-0.6234006396,0.2978716735,14.54590783,9.592767155,10.93445256,-4.793477129e-12,5.731189244e-10,1.139864273,3.125329008e-10,-11.57567345,0.2637644903,1.924604253,-1078.075396,1.716522055,0.2636156971,0.008858362771,85.79455867,85.7790093,1.633358718,-3.208973491e-11,8.56109427e-11,0.01904147333,1.03715321e-09,
3048492000,-3.184332009,0.6930800524,153.6207995,-566.3792005,5.516357165,-0.6209117837,0.3079423904,14.8009171,9.54454459,11.31233025,-4.615119989e-12,5.905914389e-10,1.185214249,1.577773649e-10,-12.07088524,0.2491470434,-2.086947281,-1082.086947,1.663637377,0.2489817881,-0.009072950649,83.1486898,83.13313288,-1.608363586,3.246017374e-11,-8.396906241e-11,0.01934684199,1.025068882e-09,
3060490000,-3.072696403,0.7020453705,153.4953719,-566.5046281,5.712431364,-0.6282592206,0.3133018577,14.65984097,9.222645916,11.3953385,-4.563540786e-12,5.925928366e-10,1.235582348,8.002042711e-11,-12.48789392,0.2374681145,-6.603383876,-1086.603384,1.62284114,0.2358927452,-0.02730784023,80.83981022,80.70474099,-4.671155995,1.113280997e-11,-2.429145551e-10,0.0578795736,1.076301209e-09,
3072488000,-2.793760443,0.7249565496,153.4474159,-566.5525841,6.271578354,-0.6484913807,0.324069326,14.22879018,8.404437156,11.48145924,-4.511623479e-12,5.947398301e-10,1.366118756,1.136020106e-10,-12.95674982,0.224989634,-11.65479344,-1091.654793,1.580610644,0.2203509115,-0.04545119591,78.18435037,77.82840209,-7.452011208,6.951146424e-12,-3.860143375e-10,0.09574925101,1.084265207e-09,
3084486000,-2.464242444,0.7529876926,152.8192559,-567.1807441,7.096762549,-0.6698352197,0.3439640151,13.98272022,7.448573278,11.83364783,-4.360323261e-12,6.105988314e-10,1.588713353,2.187133685e-10,-13.53861417,0.2104114123,-16.53570411,-1096.535704,1.532964675,0.2017093357,-0.05988577745,75.14989677,74.56664104,-9.34467917,5.521701597e-12,-4.821717075e-10,0.1253198353,9.868932131e-10,
3096484000,-2.123390224,0.7831239189,151.505463,-568.494537,8.221856049,-0.6882583272,0.373608816,14.07048305,6.467271438,12.49611513,-4.113166344e-12,6.422828254e-10,1.932208235,3.246077408e-10,-14.1980962,0.195027202,-20.53701228,-1100.537012,1.484556006,0.1826323973,-0.06841795796,72.21239646,71.49272599,-10.16957877,5.054152324e-12,-5.227021133e-10,0.1422463423,7.849838028e-10,
3108482000,-1.862437155,0.8070085616,149.742927,-570.257073,9.363154019,-0.6970724558,0.4066359673,14.52825465,5.72562383,13.35243105,-3.834523739e-12,6.836473249e-10,2.332048253,3.938404272e-10,-14.87666291,0.1803710587,-23.47561504,-1103.475615,1.440128574,0.1654416917,-0.07185238661,69.69859193,68.94219474,-10.24048347,4.999784823e-12,-5.243149434e-10,0.1485372421,5.613201155e-10,
3120480000,-1.649283634,0.827057717,147.9752218,-572.0247782,10.56455186,-0.7011951203,0.4385770976,15.10377756,5.118811997,14.20992119,-3.589277686e-12,7.247536271e-10,2.776019357,4.24330762e-10,-15.40642351,0.1696988209,-25.13766217,-1105.137662,1.408764495,0.1536266057,-0.07208714062,68.03775149,67.30023853,-9.990671784,5.105097449e-12,-5.095577601e-10,0.1484492775,3.827117255e-10,
3132478000,-1.470772134,0.8442311904,146.0788411,-573.9211589,11.83954089,-0.7005483249,0.4711245562,15.81766723,4.612877827,15.13010095,-3.358074109e-12,7.687301733e-10,3.279970014,4.354046185e-10,-15.81477753,0.1619053216,-26.3578729,-1106.357873,1.38636523,0.1450733916,-0.07188215496,66.86499571,66.14800435,-9.765714115,5.202691752e-12,-4.961764055e-10,0.1476342969,2.834458174e-10,
3144476000,-1.321026886,0.858911971,144.1734891,-575.8265109,13.17554709,-0.6963998744,0.5027494294,16.59688567,4.18891156,16.05956519,-3.151650602e-12,8.128410532e-10,3.833827703,4.398092664e-10,-16.0656609,0.1572957379,-27.36107886,-1107.361079,1.373311837,0.1396987169,-0.0722925838,66.13836877,65.42330631,-9.699217248,5.218373503e-12,-4.90917523e-10,0.1482532418,2.751321069e-10,
3156474000,-1.198412044,0.8711228342,142.240621,-577.759379,14.51865288,-0.6887004328,0.5334291952,17.43754818,3.844472814,17.00847186,-2.96450795e-12,8.575969172e-10,4.424136335,4.365450385e-10,-16.13850306,0.1559821302,-28.48531594,-1108.485316,1.369618075,0.1370988357,-0.07439310595,65.78496007,65.03312716,-9.917325379,5.084208507e-12,-5.000489015e-10,0.152496517,3.35683356e-10,
3168472000,-1.123405416,0.8786779522,140.396035,-579.603965,15.4850498,-0.6769942372,0.5601372569,18.28538751,3.645560339,17.91829474,-2.803325852e-12,9.000506171e-10,4.915100305,4.320658207e-10,-16.04355593,0.1576965541,-30.01580368,-1110.015804,1.374441194,0.1365474683,-0.07888594342,65.69884657,64.85544513,-10.49331586,4.786934799e-12,-5.270878483e-10,0.1617954489,4.675525517e-10,
3180470000,-1.043382963,0.8868105515,138.5397669,-581.4602331,16.66949152,-0.6645895204,0.5871573245,19.15477418,3.427369102,18.84564976,-2.655325172e-12,9.430613447e-10,5.498576079,4.291859999e-10,-15.83697669,0.1614920567,-32.28006252,-1112.280063,1.385189092,0.1365330916,-0.08624615507,65.67462187,64.66818418,-11.45346729,4.369098625e-12,-5.731467158e-10,0.1771113174,6.570587584e-10,
3192468000,-0.9669948041,0.8946440127,136.6928499,-583.3071501,17.98325905,-0.6510209665,0.6136445311,20.03939001,3.217028277,19.77948132,-2.520453445e-12,9.86071661e-10,6.148370364,4.249892585e-10,-15.518742,0.167518548,-35.5611575,-1115.561157,1.402455929,0.1362755368,-0.0974240319,65.60298962,64.32315572,-12.89511093,3.866059167e-12,-6.428633417e-10,0.2004738541,8.82634906e-10,
3204466000,-0.9335037024,0.898100245,134.8233411,-585.1766589,18.62713257,-0.6330917126,0.6370077971,20.96829302,3.147259782,20.73075175,-2.395793668e-12,1.029626033e-09,6.586921063,4.170263247e-10,-15.17847358,0.1742112997,-39.90274281,-1119.902743,1.421927061,0.1336434886,-0.1117541718,65.20283151,63.5367546,-14.64547887,3.391258437e-12,-7.273911957e-10,0.2305040438,1.116473193e-09,
3216464000,-0.903298872,0.9012287889,133.0760099,-586.9239901,19.24881519,-0.6155104147,0.6583010401,21.85054734,3.085314179,21.63162628,-2.287453453e-12,1.070361816e-09,7.011158352,4.108988668e-10,-14.85477254,0.1808262072,-45.26620002,-1125.2662,1.441484356,0.1272679974,-0.1284561173,64.30781159,62.15297911,-16.50762914,2.997483031e-12,-8.168195808e-10,0.2655967482,1.342721591e-09,
3228462000,-0.8622094298,0.905502239,131.3419196,-588.6580804,20.16452261,-0.5981305383,0.6798339239,22.73624917,2.98498062,22.53945245,-2.187162701e-12,1.111137524e-09,7.550954368,4.061977556e-10,-14.5525849,0.1872279815,-51.53934293,-1131.539343,1.460714634,0.1164515172,-0.1466061431,62.86286731,60.14736271,-18.27662016,2.69729574e-12,-9.009907634e-10,0.3038640323,1.536787703e-09,
3240460000,-0.8441147789,0.9073905689,129.5596243,-590.4403757,20.59607263,-0.5778996857,0.6995638626,23.66834543,2.964636548,23.48193998,-2.091604141e-12,1.153313672e-09,7.920680867,4.056554343e-10,-14.38467584,0.1908825413,-58.74080999,-1138.74081,1.471829001,0.09905093124,-0.1631718652,60.6755363,57.46895218,-19.46381875,2.523396028e-12,-9.559639573e-10,0.3386840721,1.685372332e-09,
3252458000,-0.8234566121,0.9095512382,127.8091247,-592.1908753,21.11196659,-0.5575848171,0.7185976806,24.59744158,2.93490737,24.42172089,-2.003697568e-12,1.195046207e-09,8.321121522,4.007753024e-10,-14.32469954,0.1922051514,-66.35451978,-1146.35452,1.47587615,0.07708893026,-0.176068501,58.07983099,54.54776887,-19.94511666,2.453419732e-12,-9.759892077e-10,0.365644958,1.76881234e-09,
3264456000,-0.8259327073,0.9092919884,126.0817103,-593.9182897,21.04876907,-0.5355169733,0.7348697106,25.53462467,2.98822104,25.35917176,-1.922534966e-12,1.236358382e-09,8.486377487,3.895621611e-10,-14.37633055,0.1910660267,-74.25658663,-1154.256587,1.472389671,0.05184190792,-0.1838984588,55.27886795,51.64400867,-19.71419819,2.473034608e-12,-9.611439368e-10,0.381732532,1.789899695e-09,
3276454000,-0.8369993563,0.9081342017,124.4255728,-595.5744272,20.77088794,-0.513400249,0.7490847166,26.44897768,3.073676415,26.26977225,-1.849097234e-12,1.276063728e-09,8.546694154,3.756878409e-10,-14.52570569,0.1878082714,-81.98143343,-1161.981433,1.462472751,0.02619812471,-0.1859720545,52.59796247,49.07680879,-18.92121812,2.567242918e-12,-9.191050424e-10,0.3855429598,1.778973605e-09,
3288452000,-0.8658081529,0.9051271505,122.83826,-597.16174,20.08084675,-0.4908227464,0.7604920711,27.34273744,3.226548597,27.15169746,-1.78250862e-12,1.314091513e-09,8.415090195,3.575283083e-10,-14.73316737,0.1833756353,-89.58274293,-1169.582743,1.449106452,0.001335423027,-0.1833707727,50.12936517,46.86783844,-17.78648286,2.721062683e-12,-8.608325947e-10,0.3795029482,1.767865368e-09,
3300450000,-0.9118943035,0.900337387,121.3173449,-598.6826551,19.06770583,-0.4679753461,0.7691595971,28.21593376,3.447816913,28.00449029,-1.721945102e-12,1.350437988e-09,8.122383233,3.35599788e-10,-14.97202546,0.1784015926,-97.11086719,-1177.110867,1.434279305,-0.02208427756,-0.1770294126,47.90360071,44.9896262,-16.45261364,2.930974733e-12,-7.933811413e-10,0.3656979404,1.790226673e-09,
3312448000,-0.9895030186,0.8923286746,119.9144999,-600.0855001,17.57504765,-0.445010655,0.7734442323,29.04116569,3.792422243,28.79247885,-1.668752794e-12,1.383407478e-09,7.592107894,3.04769358e-10,-15.20417321,0.1736966088,-104.8713974,-1184.871397,1.420418482,-0.04457929314,-0.1678785231,45.84465101,43.32190996,-14.99813803,3.203566299e-12,-7.206234797e-10,0.3462021421,1.871765057e-09,
3324446000,-1.071171578,0.8839779277,118.6397056,-601.3602944,16.23809927,-0.4236907795,0.7758241424,29.80389499,4.157470047,29.51249904,-1.622164387e-12,1.412885065e-09,7.098667868,2.677803112e-10,-15.42052562,0.1694235271,-112.9995575,-1192.999558,1.407966112,-0.06619784157,-0.1559556902,43.93028113,41.82652899,-13.43171891,3.564258994e-12,-6.430317889e-10,0.3211291788,2.047888287e-09,
3336444000,-1.189422797,0.872024848,117.5951587,-602.4048413,14.62803379,-0.4039403547,0.7728256759,30.45015936,4.664017329,30.09084823,-1.585264964e-12,1.435392663e-09,6.451701636,2.223783816e-10,-15.6539508,0.1649310638,-122.0617846,-1202.061785,1.395011853,-0.08755092473,-0.1397751458,42.09283971,40.45556112,-11.62560663,4.103180932e-12,-5.545643092e-10,0.2873673312,2.285570661e-09,
3348442000,-1.284514561,0.8625301243,116.6939249,-603.3060751,13.54864194,-0.3874694661,0.7706008228,31.01208722,5.08241841,30.59278636,-1.553668344e-12,1.454107066e-09,6.019336443,1.882859414e-10,-16.03169798,0.157911988,-132.7426882,-1212.742688,1.375048655,-0.1071759762,-0.1159720056,40.43737308,39.33967275,-9.35795325,5.079213633e-12,-4.44793285e-10,0.2378757268,2.50271126e-09,
3360440000,-1.314543029,0.8595533723,116.0848178,-603.9151822,13.24028496,-0.3779466458,0.7720028062,31.38498015,5.234403986,30.94540344,-1.530480628e-12,1.465615789e-09,5.911924934,1.920412502e-10,-16.70759156,0.1460899774,-144.3599303,-1224.35993,1.342167145,-0.1187263685,-0.08512538344,39.45662484,38.87279915,-6.762449977,7.003577205e-12,-3.20278696e-10,0.1739635458,2.572524013e-09,
3372438000,-1.298257099,0.8611665356,115.3285775,-604.6714225,13.40574871,-0.3684145717,0.7783819791,31.83583669,5.212805563,31.4061643,-1.502661845e-12,1.482146237e-09,6.024810233,2.480017086e-10,-17.75687466,0.12946616,-155.9000382,-1235.900038,1.297440844,-0.1181811709,-0.05286489802,39.45766694,39.23149856,-4.218649173,1.118671946e-11,-1.990900556e-10,0.1075321955,2.416831819e-09,
3384436000,-1.295200167,0.8614696699,114.1304327,-605.8695673,13.43727159,-0.3521819429,0.7861920065,32.56474478,5.270195242,32.13545775,-1.463353785e-12,1.511187374e-09,6.097583918,3.401389496e-10,-19.16857198,0.1100452752,-166.0403672,-1246.040367,1.247305334,-0.1067951903,-0.02654712655,40.35716365,40.29900305,-2.165874123,2.171203914e-11,-1.018514083e-10,0.05374510431,2.101104121e-09,
3396434000,-1.320399134,0.8589740491,112.3151733,-607.6848267,13.18178702,-0.3261534466,0.7946447925,33.6960391,5.484264938,33.24674254,-1.409444086e-12,1.557923227e-09,6.062205768,4.323681296e-10,-20.73749913,0.09185970439,-174.0973364,-1254.097336,1.202302893,-0.09137266767,-0.009446739863,41.62842019,41.62086534,-0.7930549358,5.908723663e-11,-3.7162098e-11,0.01905426351,1.749279731e-09,
3408432000,-1.4249002,0.8487015396,110.2457431,-609.7542569,12.21890516,-0.2936909202,0.7962662536,35.03327606,6.060332545,34.50511268,-1.353262501e-12,1.611198124e-09,5.693600544,4.920433173e-10,-22.26254913,0.0770677258,179.3624338,-1260.637566,1.167006243,-0.07706295442,0.0008575634158,42.84508847,42.8450247,0.07392371653,-6.316575691e-10,3.451829139e-12,0.001725374581,1.530481734e-09,
3420430000,-1.657967021,0.8262313108,107.9333272,-612.0666728,10.50955335,-0.2544049489,0.7860892449,36.59387617,7.240393425,35.87044015,-1.297187392e-12,1.66907607e-09,4.954211469,4.878828375e-10,-23.61399232,0.06596299768,173.6204165,-1266.379583,1.141242793,-0.06555452686,0.007329465948,43.84816017,43.84340854,0.6455062129,-7.208401993e-11,3.003584479e-11,0.01472299336,1.562092056e-09,
3432428000,-2.017559942,0.7927239928,105.6949914,-614.3050086,8.64897012,-0.2144447537,0.7631675939,38.17905543,9.030975555,37.09557594,-1.24996133e-12,1.720048979e-09,4.107593439,3.904528881e-10,-24.78328148,0.05765486055,167.0478606,-1272.952139,1.122364637,-0.05618798436,0.01292259098,44.68095882,44.66594384,1.158249564,-4.003285377e-11,5.370575681e-11,0.02593138002,1.875205875e-09,
3444426000,-2.595159689,0.74172346,104.0540363,-615.9459637,6.743637886,-0.1801178138,0.7195215523,39.46095508,11.77368153,37.66360842,-1.226821411e-12,1.740304322e-09,3.198966128,1.284593141e-10,-25.84267711,0.05103476796,158.3243853,-1281.675615,1.107558773,-0.04742609202,0.01884975691,45.47366888,45.44121986,1.717585429,-2.690202213e-11,7.936364759e-11,0.03779796041,2.509172424e-09,
3456424000,-3.367424975,0.6786232758,103.7530119,-616.2469881,5.223226045,-0.1613338295,0.6591668575,39.94064672,15.12649433,36.96544913,-1.245653155e-12,1.702115815e-09,2.443755198,-3.517382974e-10,-26.90409411,0.04516430114,146.5127532,-1293.487247,1.094601199,-0.03766741804,0.02491946459,46.37216537,46.31444529,2.312980409,-1.990770356e-11,1.065037928e-10,0.04994079913,3.45460487e-09,
3468422000,-4.249783069,0.6130711035,106.1300583,-613.8699417,4.16890834,-0.1703225897,0.5889366633,38.8295509,18.18069702,34.31029406,-1.337407515e-12,1.574391149e-09,1.887182545,-9.422062311e-10,-28.10486764,0.03933295887,129.6988789,-1310.301121,1.081886767,-0.02512403613,0.03026325267,47.55136014,47.46422888,2.877295313,-1.594790945e-11,1.320300044e-10,0.06062028988,4.703226172e-09,
3480420000,-4.888031431,0.569637312,112.2532614,-607.7467386,3.647243025,-0.2157223906,0.5272101264,35.65760258,19.23518522,30.02452783,-1.523043437e-12,1.372981427e-09,1.560917012,-1.394369859e-09,-29.41170491,0.03383878451,106.7535852,-1333.246415,1.070047905,-0.009754238956,0.03240244064,49.03500219,48.93212517,3.174675767,-1.440419855e-11,1.45173669e-10,0.06487917204,6.04946752e-09,
3492418000,-4.946840634,0.5657935188,120.1521742,-599.8478258,3.606103517,-0.2841971483,0.4892384765,31.54568533,18.00031022,25.9059664,-1.75911453e-12,1.180575351e-09,1.439195552,-1.453904648e-09,-30.54031752,0.02971557404,76.63121567,-1363.368784,1.061251265,0.006870772181,0.02891034123,50.69124885,50.60657535,2.928692804,-1.556037623e-11,1.334651054e-10,0.05787178413,7.007131204e-09,
3504416000,-4.366999111,0.6048532861,126.8553232,-593.1446768,4.061411191,-0.3627888734,0.4839749281,27.66497764,15.16077383,23.14091452,-1.962564591e-12,1.050957116e-09,1.526367637,-1.114678645e-09,-30.87276931,0.02859970376,42.39986448,-1397.600136,1.058883457,0.0211196496,0.01928479858,52.1567115,52.11789681,2.011811832,-2.257444694e-11,9.136751963e-11,0.03860117071,7.166248618e-09,
3516414000,-3.542755978,0.6650621027,130.2281337,-589.7718663,4.971256213,-0.4295188228,0.507760949,25.17177953,12.11666091,22.0636582,-2.051363436e-12,9.986140041e-10,1.820935517,-5.823173515e-10,-30.39075601,0.03023167426,10.54693089,-1429.453069,1.06234824,0.02972091947,0.00553363126,53.06303426,53.05977892,0.5877636916,-7.700472542e-11,2.660252658e-11,0.01107738674,6.480137041e-09,
3528412000,-2.725680355,0.7306610931,131.2883275,-588.7116725,6.425588908,-0.4821257019,0.549017705,23.87558539,9.329714346,21.97726115,-2.052424888e-12,9.913212368e-10,2.355619941,-1.221187178e-10,-29.53062614,0.03337864425,-14.96944408,-1454.969444,1.069062501,0.03224589715,-0.008621833274,53.33177796,53.32383309,-0.9205239839,4.900108911e-11,-4.152177871e-11,0.01726289973,5.289671599e-09,
3540410000,-2.05678301,0.7891523416,130.5116305,-589.4883695,8.485521515,-0.5126352468,0.599972101,23.75057091,7.122999161,22.65728364,-1.984077954e-12,1.018531381e-09,3.180862881,1.538627207e-10,-28.89009644,0.03593314071,-34.63176165,-1474.631762,1.074544914,0.02956655932,-0.02042080242,53.04542767,53.0011279,-2.167449712,2.074041982e-11,-9.743513761e-11,0.04089440731,4.080436435e-09,
3552408000,-1.531707625,0.8383292489,129.3508995,-590.6491005,11.37082148,-0.5315578123,0.648260921,24.04541903,5.372624261,23.43751448,-1.911550337e-12,1.050047259e-09,4.36239598,2.883418574e-10,-28.48920691,0.03763047103,-49.24865296,-1489.248653,1.078203787,0.02456432717,-0.02850694969,52.51619535,52.43080764,-2.993523777,1.496630461e-11,-1.341158185e-10,0.05709474853,3.075289223e-09,
3564406000,-1.148334699,0.8761596831,127.8739669,-592.1260331,15.14982948,-0.53789774,0.6916081344,24.66359147,4.0856021,24.32284111,-1.835771668e-12,1.086043619e-09,5.953306394,3.356021784e-10,-28.34156915,0.03827555902,-60.43620209,-1500.436202,1.079597767,0.01888486921,-0.03329234346,51.92266438,51.80760985,-3.454654614,1.292493391e-11,-1.542544139e-10,0.06668237783,2.273114128e-09,
3576404000,-0.8294202305,0.9089269665,126.3800132,-593.6199868,20.96039731,-0.5391191908,0.7317777863,25.37274282,2.992917142,25.19560527,-1.766236128e-12,1.121239413e-09,8.418410558,3.590366953e-10,-28.41200771,0.03796641709,-68.48240003,-1508.4824,1.078929505,0.01392558871,-0.03532034549,51.41044018,51.28227862,-3.627844949,1.226661804e-11,-1.614441368e-10,0.07074266291,1.634432704e-09,
3588402000,-0.5837542896,0.9350014525,124.7492747,-595.2507253,29.76991834,-0.5329380762,0.7682478266,26.21735103,2.138908854,26.1299553,-1.697385058e-12,1.158931343e-09,12.21648845,3.604975523e-10,-28.55104453,0.03736351908,-74.10597007,-1514.10597,1.077627474,0.01023233621,-0.03593510614,51.03246475,50.90080754,-3.663366022,1.210706095e-11,-1.62479792e-10,0.07197068571,1.080518653e-09,
3600400000,-0.3875686767,0.9563603585,123.1593455,-596.8406545,44.82989074,-0.5230998085,0.8006195886,27.07883283,1.441741267,27.04042473,-1.634767028e-12,1.195316426e-09,18.75539346,3.469859807e-10,-28.78889077,0.03635427279,-77.71163141,-1517.711631,1.075451531,0.007737353872,-0.0355213528,50.77877838,50.65078265,-3.603130657,1.226844069e-11,-1.592756512e-10,0.07113672226,6.149309808e-10,
3612398000,-0.216899008,0.9753377857,121.6988514,-598.3011486,80.09571891,-0.5124957207,0.8298384978,27.89378818,0.818408916,27.88177946,-1.580170868e-12,1.22841476e-09,34.06827432,3.289476166e-10,-28.98174772,0.03555597678,-79.15689943,-1519.156899,1.073733625,0.006688796893,-0.03492116094,50.67255808,50.54910849,-3.534936069,1.246358485e-11,-1.557421272e-10,0.06993073022,1.960031265e-10,
3624396000,-0.06595636587,0.9924352506,120.4115768,-599.5884232,263.384171,-0.5023786907,0.8558874796,28.62912401,0.2520712521,28.62801428,-1.533886637e-12,1.257117043e-09,113.5711194,3.150425521e-10,-29.12639324,0.03496876851,-79.23723078,-1519.237231,1.072471786,0.006530172221,-0.03435362604,50.65652962,50.53709361,-3.476515965,1.263107347e-11,-1.52661216e-10,0.06879137119,-1.580414687e-10,
3636394000,0.07783080589,1.009000869,119.0190748,-600.9809252,nan,-0.4894670978,0.8823291415,29.44179093,-0.3016792039,29.4402453,-1.486646713e-12,1.288518396e-09,-97.58791762,3.072225645e-10,-29.0503292,0.03527634164,-77.5761323,-1517.576132,1.073132531,0.007589428365,-0.03445026642,50.76383331,50.64346716,-3.493709516,1.252744216e-11,-1.529100365e-10,0.0689863809,-4.314909722e-10,
3648392000,0.1675495211,1.019477103,117.6954488,-602.3045512,nan,-0.473824121,0.9026761686,30.2275154,-0.658416515,30.22034373,-1.44350814e-12,1.318311488e-09,-45.89852022,2.941424757e-10,-28.7779683,0.03640001686,-75.0888882,-1515.088888,1.075550057,0.009366459796,-0.03517428974,50.94432249,50.81839647,-3.579745026,1.218615065e-11,-1.561603347e-10,0.07044191227,-6.23697064e-10,
3660390000,0.2870556919,1.033600676,116.422014,-603.577986,nan,-0.4599308985,0.925631636,30.99740225,-1.143339408,30.97630903,-1.403663811e-12,1.346859952e-09,-27.09283771,2.771074868e-10,-28.22600499,0.03878821109,-71.91241909,-1511.912419,1.080706898,0.01204259119,-0.03687141599,51.21726301,51.07815197,-3.772323134,1.152613984e-11,-1.64021832e-10,0.07385394711,-6.762463325e-10,
3672388000,0.3392881791,1.039834946,115.3576886,-604.6423114,nan,-0.445327958,0.9396487246,31.64718387,-1.367077802,31.61764295,-1.370698954e-12,1.37025395e-09,-23.12790311,2.631841275e-10,-27.4611335,0.04235876846,-68.59947611,-1508.599476,1.088464797,0.01545609183,-0.03943823641,51.56739654,51.40715611,-4.062103643,1.066892278e-11,-1.760445449e-10,0.07901825252,-6.193168018e-10,
3684386000,0.4351233618,1.051371422,114.2034307,-605.7965693,nan,-0.4310387832,0.9589512161,32.36430811,-1.775624398,32.31556277,-1.336728737e-12,1.395939935e-09,-18.19954873,2.515324126e-10,-26.380812,0.04796886031,-66.21635205,-1506.216352,1.10077162,0.0193450812,-0.04389509531,51.96879985,51.76877104,-4.555272012,9.482889564e-12,-1.967747293e-10,0.08799266276,-4.419177078e-10,
3696384000,0.505644342,1.059942283,113.1209108,-606.8790892,nan,-0.4162104932,0.9748058615,33.04440123,-2.088665036,32.97832517,-1.305612965e-12,1.419945402e-09,-15.78918812,2.465444483e-10,-25.16197896,0.05519516702,-64.56190834,-1504.561908,1.116839299,0.02370828909,-0.04984399152,52.42223472,52.1621113,-5.215825713,8.255055148e-12,-2.245774369e-10,0.09999261118,-1.640695442e-10,
3708382000,0.5609532108,1.066713179,112.1082083,-607.8917917,nan,-0.4014649674,0.9882827962,33.68749906,-2.344203616,33.60583732,-1.27708836e-12,1.442282679e-09,-14.33571602,2.348351257e-10,-23.76963315,0.06479154593,-64.38737139,-1504.387371,1.138560651,0.02800838181,-0.05842495162,52.87145365,52.51116958,-6.161791945,6.965120545e-12,-2.644494678e-10,0.1173425005,1.705552508e-10,
3720380000,0.6080977136,1.072518731,111.0808273,-608.9191727,nan,-0.3857684673,1.000739286,34.3468205,-2.571954143,34.25038876,-1.249014054e-12,1.465204811e-09,-13.31687381,2.335325117e-10,-22.30704999,0.07667389051,-65.97065494,-1505.970655,1.166081929,0.03122195159,-0.0700291027,53.20657,52.68625465,-7.422779949,5.763233886e-12,-3.175407137e-10,0.1408864608,5.770749327e-10,
3732378000,0.6231706439,1.074381526,110.1518791,-609.8481209,nan,-0.3701350372,1.008610786,34.94676103,-2.665264468,34.84497771,-1.223754551e-12,1.485849087e-09,-13.07374113,2.255525423e-10,-20.80189423,0.09118119686,-69.19535817,-1509.195358,1.200658694,0.03238598335,-0.08523590056,53.32202519,52.55123477,-9.033609165,4.720339264e-12,-3.852084522e-10,0.1719009878,9.982847256e-10,
3744376000,0.6729614958,1.08055798,109.0556138,-610.9443862,nan,-0.3527867964,1.021345692,35.66704127,-2.916726367,35.54758136,-1.195723107e-12,1.510952236e-09,-12.18749272,2.380543887e-10,-19.29535367,0.1084506892,-74.62065602,-1514.620656,1.243285902,0.02876204773,-0.104567187,52.92838507,51.78157917,-10.95819351,3.878838641e-12,-4.65778721e-10,0.2116233936,1.439040985e-09,
3756374000,0.7186912347,1.086261936,108.2496921,-611.7503079,nan,-0.3401723799,1.03162384,36.20379663,-3.145900443,36.06685738,-1.174743372e-12,1.52812756e-09,-11.46471671,2.477150101e-10,-17.8383894,0.1282568383,-81.62172709,-1521.621727,1.29425373,0.01868803159,-0.1268880375,51.87364075,50.22860535,-12.96000807,3.269234202e-12,-5.491064913e-10,0.2580204642,1.834191022e-09,
3768372000,0.7150637098,1.085808371,106.890803,-613.109197,nan,-0.3154801064,1.038966853,37.11160243,-3.184762245,36.97469843,-1.142251463e-12,1.561604328e-09,-11.60987716,2.552017862e-10,-16.59918663,0.1479246902,-90.83557521,-1530.835575,1.347210366,-0.002157188953,-0.1479089602,49.78934408,47.65747471,-14.41332328,2.930233544e-12,-6.087381094e-10,0.3024357327,2.153864169e-09,
3780370000,0.7223146964,1.086715183,105.8845321,-614.1154679,nan,-0.2974334798,1.045219218,37.79527817,-3.259398923,37.65447345,-1.118070644e-12,1.585266939e-09,-11.55258204,2.556662411e-10,-15.5656084,0.1666171033,-100.6998216,-1540.699822,1.399857266,-0.03093472379,-0.1637201942,47.07546079,44.61322239,-15.02529189,2.80196629e-12,-6.325702181e-10,0.3367901057,2.352486445e-09,
3792368000,0.7360668855,1.088437119,104.726754,-615.273246,nan,-0.2766911406,1.052681042,38.59364379,-3.372719603,38.44598943,-1.091587656e-12,1.613469278e-09,-11.39910635,2.255489326e-10,-14.81353344,0.18168678,-111.5973209,-1551.597321,1.444051924,-0.0668754657,-0.168931223,43.89564985,41.43907362,-14.4786482,2.898555647e-12,-6.076278542e-10,0.3493960394,2.398663719e-09,
3804366000,0.6892836166,1.082590423,103.8102462,-616.1897538,nan,-0.2584220445,1.051294474,39.22895603,-3.198435624,39.09835036,-1.069989229e-12,1.635672206e-09,-12.22421051,2.055399178e-10,-14.30051982,0.1927409562,-122.0460925,-1562.046092,1.477519472,-0.1022686055,-0.1633713822,40.94353721,38.77190776,-13.15721885,3.179609174e-12,-5.504298002e-10,0.3393492766,2.333140776e-09,
3816364000,0.6681574899,1.079960508,103.056901,-616.943099,nan,-0.2439831649,1.052039407,39.75919734,-3.132951957,39.6355697,-1.052168356e-12,1.652933745e-09,-12.65118976,1.749729535e-10,-14.04994113,0.1983823103,-131.9649409,-1571.964941,1.494954921,-0.1326534407,-0.1475079852,38.51279686,36.81582463,-11.30621858,3.688526975e-12,-4.715065373e-10,0.3071021414,2.168281727e-09,
3828362000,0.6296754912,1.07518643,102.2805363,-617.7194637,nan,-0.228690505,1.050583891,40.31046273,-2.985104644,40.19978303,-1.034149737e-12,1.671209301e-09,-13.4667919,1.381468536e-10,-13.89411814,0.2019733611,-140.903453,-1580.903453,1.506182003,-0.1567483777,-0.1273702661,36.64121897,35.41363983,-9.404947733,4.420289854e-12,-3.909880835e-10,0.2655741623,2.003413818e-09,
3840360000,0.534875532,1.063515384,101.712823,-618.287177,nan,-0.215900477,1.04137023,40.7134112,-2.557000181,40.63303584,-1.01992661e-12,1.683943304e-09,-15.89090065,8.396366091e-11,-13.80808566,0.2039838184,-148.9957201,-1588.99572,1.512511738,-0.1748404108,-0.1050724936,35.26076838,34.442512,-7.552162165,5.487529743e-12,-3.129821005e-10,0.2192686226,1.901687834e-09,
3852358000,0.440573343,1.052031315,101.4988105,-618.5011895,nan,-0.2097199074,1.030915829,40.86347805,-2.113242753,40.8087986,-1.012370969e-12,1.685960136e-09,-19.31098476,1.644660641e-11,-13.65670232,0.2075701428,-156.797229,-1596.797229,1.52388269,-0.1907810988,-0.08177980511,34.07130857,33.58425837,-5.740353426,7.197055639e-12,-2.371549121e-10,0.17092393,1.920355363e-09,
3864356000,0.3518826387,1.041343791,101.6344511,-618.3655489,nan,-0.210004562,1.019948516,40.76100589,-1.684968226,40.7261646,-1.011275512e-12,1.677322278e-09,-24.1702864,-4.037330287e-11,-13.49665301,0.2114303602,-165.087664,-1605.087664,1.536237637,-0.2043095327,-0.05440966891,33.07853333,32.86598886,-3.743814107,1.100091291e-11,-1.541903803e-10,0.1139115005,2.049733396e-09,
3876354000,0.305491082,1.035796774,101.9645348,-618.0354652,nan,-0.2147270862,1.013295236,40.5202556,-1.456142526,40.49408306,-1.013923365e-12,1.662601889e-09,-27.80914804,-1.109217275e-10,-13.36596982,0.2146354775,-174.3302437,-1614.330244,1.546588167,-0.2135854502,-0.02120480351,32.4072902,32.3753113,-1.439331932,2.852566253e-11,-5.909594213e-11,0.04445770168,2.195889113e-09,
3888352000,0.3161928082,1.037073747,102.3518789,-617.6481211,nan,-0.2218456013,1.013067858,40.24158733,-1.498919538,40.21366174,-1.017843336e-12,1.645993739e-09,-26.82843256,-1.417966063e-10,-13.47033363,0.2120719933,175.5039249,-1624.496075,1.538302971,-0.2114193854,0.0166244943,32.55196255,32.53225287,1.132602783,-3.613906681e-11,4.635879968e-11,0.03481476636,2.230901806e-09,
3900350000,0.4226426067,1.049861791,103.5356066,-616.4643934,nan,-0.2457197324,1.020701521,39.40317263,-1.970385573,39.35387648,-1.036881278e-12,1.605846648e-09,-19.97267795,-1.425127518e-10,-13.8628126,0.2027026238,165.4836769,-1634.516323,1.508474328,-0.1962315999,0.05080859065,33.63258433,33.44531433,3.544245795,-1.151311171e-11,1.44624005e-10,0.1059713704,2.052184274e-09,
3912348000,0.603171914,1.071910674,103.9112114,-616.0887886,nan,-0.2577066033,1.040470951,39.1507365,-2.79597986,39.05077035,-1.041724907e-12,1.588591591e-09,-13.96675667,-8.474551968e-11,-14.59237678,0.1863722125,156.825928,-1643.174072,1.458126468,-0.1713344937,0.07334229911,35.44157676,35.03930896,5.324677509,-7.639929377e-12,2.166087336e-10,0.1519629715,1.665719139e-09,
3924346000,0.8045723942,1.097055552,104.2626309,-615.7373691,nan,-0.2702782364,1.063240593,38.92367353,-3.708535078,38.74660151,-1.04669277e-12,1.571398943e-09,-10.44795335,5.536953605e-12,-15.49661102,0.1679459166,150.6889623,-1649.311038,1.403689904,-0.1464446372,0.08221799758,37.30268861,36.77987168,6.22347303,-6.516584465e-12,2.523978507e-10,0.1692086662,1.135705876e-09,
3936344000,0.988981174,1.120595976,103.8185648,-616.1814352,nan,-0.2676522304,1.0881625,39.25596014,-4.58136322,38.98770983,-1.037049202e-12,1.576357844e-09,-8.51006741,5.779928784e-11,-16.43661757,0.1507193878,146.9277453,-1653.072255,1.354934248,-0.1263002948,0.08224700234,38.85428702,38.31532571,6.449142235,-6.269387758e-12,2.60752837e-10,0.1683175626,5.999438605e-10,
3948342000,1.147075224,1.141178974,103.4623516,-616.5376484,nan,-0.2656737465,1.109822919,39.52756532,-5.333948146,39.16602377,-1.029190775e-12,1.578755408e-09,-7.342783,1.045288269e-10,-17.18674176,0.1382492907,145.9056098,-1654.09439,1.320856808,-0.1144863422,0.07749673437,39.78321719,39.295669,6.209248582,-6.491817782e-12,2.502905282e-10,0.1580135608,1.763114316e-10,
3960340000,1.313159753,1.163209626,103.0630945,-616.9369055,nan,-0.262913178,1.133107804,39.83406604,-6.131833703,39.35928649,-1.02103456e-12,1.581739195e-09,-6.41884441,1.323361914e-10,-17.6628853,0.1308747108,146.2609766,-1653.739023,1.301164199,-0.1088322727,0.07268924502,40.23206562,39.79906028,5.886756777,-6.826711771e-12,2.365722235e-10,0.1479119541,-7.566455612e-11,
3972338000,1.431616093,1.179181901,102.3829197,-617.6170803,nan,-0.2528686779,1.151749707,40.33481346,-6.741056725,39.76751603,-1.007500968e-12,1.593317777e-09,-5.899300013,1.713040508e-10,-17.89646377,0.1274021659,147.2146545,-1652.785346,1.292006606,-0.1071076542,0.06898740674,40.36734,39.97608152,5.60669643,-7.146063888e-12,2.246368389e-10,0.1402512757,-1.270105316e-10,
3984336000,1.54486435,1.19465696,101.5002954,-618.4997046,nan,-0.238182327,1.17067264,40.98403875,-7.356551851,40.31839006,-9.907429578e-13,1.610524583e-09,-5.480609785,1.986904558e-10,-17.84497216,0.1281596735,147.907305,-1652.092695,1.29399804,-0.1085755509,0.06809002598,40.24712259,39.86682195,5.519726857,-7.236800309e-12,2.204863781e-10,0.1384541478,-4.637775869e-11,
3996334000,1.630230308,1.206456077,100.5442004,-619.4557996,nan,-0.2207742175,1.186083897,41.68864975,-7.861977008,40.94060131,-9.727564893e-13,1.630469093e-09,-5.207418092,2.011339751e-10,-17.54287037,0.1326955874,147.8254159,-1652.174584,1.305995416,-0.1123174547,0.07066051447,39.94808615,39.54105029,5.688139346,-7.001452176e-12,2.265314896e-10,0.1438540278,1.221001166e-10,
4008332000,1.713050046,1.218014623,99.69145567,-620.3085443,nan,-0.2050434843,1.20063183,42.32494633,-8.355540436,41.49199954,-9.569562458e-13,1.647482501e-09,-4.965806804,1.899799634e-10,-17.05077102,0.1404305022,146.9571885,-1653.042811,1.326746127,-0.1177177473,0.0765719134,39.52374889,39.05009026,6.100588289,-6.508557247e-12,2.422301301e-10,0.1562246911,3.527624558e-10,
4020330000,1.801804752,1.230524422,98.94356984,-621.0564302,nan,-0.1912993237,1.215563624,42.8907444,-8.875177892,41.96244956,-9.434037469e-13,1.661189821e-09,-4.72806856,1.793364969e-10,-16.43170394,0.1508046744,145.0527898,-1654.94721,1.355170759,-0.1236116002,0.08638415422,39.07241585,38.47577522,6.802088026,-5.819908827e-12,2.692778783e-10,0.1767888493,6.298947135e-10,
4032328000,1.894545527,1.24373334,98.19772743,-621.8022726,nan,-0.1773435331,1.231024733,43.46031861,-9.423769971,42.42631086,-9.3031283e-13,1.674555515e-09,-4.502052893,1.801423378e-10,-15.74110352,0.1632844487,141.675219,-1658.324781,1.390298587,-0.1280979948,0.1012556907,38.74872649,37.93632421,7.892978524,-5.000614306e-12,3.115338206e-10,0.2080586005,9.644749945e-10,
4044326000,2.010677829,1.260473999,97.41804176,-622.5819582,nan,-0.1627370951,1.249924534,44.0634222,-10.1019282,42.8898149,-9.175290095e-13,1.687827848e-09,-4.245705777,1.880358117e-10,-14.97603301,0.1783192996,136.8629425,-1663.137058,1.434035507,-0.1301231948,0.1219250868,38.63792119,37.46784575,9.436603669,-4.170213222e-12,3.713553556e-10,0.2518587199,1.309924132e-09,
4056324000,2.135034113,1.278650067,96.56379373,-623.4362063,nan,-0.1461617179,1.270268769,44.72906461,-10.84536304,43.39432361,-9.041793228e-13,1.702630536e-09,-4.001186818,1.950568463e-10,-14.23571965,0.1941842569,130.2229244,-1669.777076,1.48195697,-0.1253970541,0.1482670039,39.07428076,37.34153101,11.50693178,-3.409792541e-12,4.514888534e-10,0.3081537222,1.641610339e-09,
4068322000,2.202530066,1.288624854,95.69964008,-624.3003599,nan,-0.1279778432,1.282254142,45.40038775,-11.32439253,43.96536525,-8.898035353e-13,1.719948717e-09,-3.882359704,2.001418954e-10,-13.66084493,0.2074711687,122.4892915,-1677.510708,1.523567498,-0.1114414724,0.1750002402,40.24531035,37.79663203,13.82387834,-2.829924894e-12,5.4079755e-10,0.3657436548,1.937268746e-09,
4080320000,2.291416118,1.301879552,94.84440259,-625.1555974,nan,-0.1099438214,1.297228864,46.07391352,-11.92012507,44.50523706,-8.764250638e-13,1.735949257e-09,-3.733621653,2.051027368e-10,-13.24659328,0.2176057345,113.4091709,-1686.590829,1.556255955,-0.08645362324,0.199694834,42.32628549,39.03463741,16.36494808,-2.383478703e-12,6.383230679e-10,0.4192417085,2.11781404e-09,
4092318000,2.363578438,1.312740614,93.9553929,-626.0446071,nan,-0.09055259604,1.30961374,46.77843489,-12.45161885,45.09078796,-8.62507605e-13,1.753632487e-09,-3.62127917,2.17278624e-10,-13.17073932,0.2195144096,103.4317885,-1696.568212,1.562507271,-0.05099047035,0.2135100652,45.35051471,41.37716507,18.56338856,-2.095045708e-12,7.219514833e-10,0.4486384829,2.168338405e-09,
4104316000,2.458595746,1.327179874,93.00643658,-626.9935634,nan,-0.06960811769,1.325353209,47.5397048,-13.12487885,45.69202434,-8.486701782e-13,1.771820575e-09,-3.481329226,2.305448946e-10,-13.32212099,0.2157217579,94.0145168,-1705.985483,1.550115371,-0.01510251208,0.215192451,48.57714134,44.27546693,19.98553698,-1.940276034e-12,7.749883297e-10,0.4513907671,2.058743661e-09,
4116314000,2.525739232,1.337478969,91.92618702,-628.073813,nan,-0.04495530735,1.336723237,48.41320046,-13.7012086,46.43398391,-8.326753129e-13,1.795343617e-09,-3.389042914,2.479333555e-10,-13.77583233,0.20474268,85.35831503,-1714.641685,1.514909262,0.016568617,0.2040711786,51.61631261,47.48697541,20.22945608,-1.911293706e-12,7.821604307e-10,0.4260000959,1.796166312e-09,
4128312000,2.603815605,1.349555596,90.88006577,-629.1199342,nan,-0.02072842003,1.349396398,49.27060797,-14.34456826,47.13625114,-8.178856352e-13,1.81719971e-09,-3.285999989,2.68648845e-10,-14.40743329,0.1903830743,77.98445603,-1722.015544,1.470304086,0.03963338642,0.1862120019,53.98287767,50.35399645,19.4583176,-1.981263926e-12,7.501582801e-10,0.3864304518,1.45654922e-09,
4140310000,2.63277805,1.354063098,89.66411038,-630.3358896,nan,0.007937986621,1.35403983,50.2809383,-14.79066668,48.05631005,-7.999021262e-13,1.847301118e-09,-3.249096953,2.700283489e-10,-15.08783614,0.1760387162,72.65609272,-1727.343907,1.427298514,0.05247827594,0.1680346993,55.37779157,52.32050527,18.14564764,-2.118433321e-12,6.975249479e-10,0.3468171331,1.074913303e-09,
4152308000,2.702826894,1.365027324,88.33562698,-631.664373,nan,0.03964681462,1.364451437,51.40436976,-15.50462903,49.01036328,-7.820646393e-13,1.878531549e-09,-3.161014893,2.708892829e-10,-15.76484712,0.1628387065,68.90940838,-1731.090592,1.389025885,0.05859646728,0.1519305709,56.07491653,53.52789987,16.70808785,-2.294054976e-12,6.404088453e-10,0.3121379298,6.935025709e-10,
4164306000,2.727381136,1.368891595,87.36676618,-632.6332338,nan,0.06289019663,1.367446168,52.23840625,-15.89951872,49.75998786,-7.680636844e-13,1.901768995e-09,-3.129653717,2.598433983e-10,-16.34318091,0.1523494724,66.6815812,-1733.318419,1.359462933,0.06030612697,0.1399054424,56.28622657,54.10988732,15.50030309,-2.465683374e-12,5.924035975e-10,0.2864597184,3.823149996e-10,
4176304000,2.722139007,1.368065687,86.17850456,-633.8214954,nan,0.09117916622,1.36502384,53.28274693,-16.2053587,50.75861966,-7.507895587e-13,1.934362351e-09,-3.132212041,2.331241608e-10,-16.75509402,0.1452932034,65.99455287,-1734.005447,1.339983732,0.05910868843,0.1327263271,56.1663514,54.20853684,14.70012124,-2.592430433e-12,5.602075325e-10,0.2711772369,1.313371311e-10,
4188302000,2.735480981,1.370168721,85.13098962,-634.8690104,nan,0.1162972033,1.365224262,54.219236,-16.58675452,51.61981331,-7.36148977e-13,1.961546338e-09,-3.112110524,2.010196538e-10,-16.93014477,0.1423943513,65.85689282,-1734.143107,1.332074192,0.05824172844,0.1299386484,56.07508078,54.20069529,14.37704124,-2.643094092e-12,5.463257379e-10,0.2652556607,-2.42243498e-11,
4200300000,2.668678161,1.35967123,84.41887263,-635.5811274,nan,0.1322349302,1.353225693,54.87894271,-16.42082719,52.36463299,-7.236053303e-13,1.98416546e-09,-3.188915662,1.495864844e-10,-16.84418122,0.1438106135,66.48534336,-1733.514657,1.335931783,0.05737808288,0.1318682985,55.97646269,54.05073015,14.55619957,-2.603105802e-12,5.515537256e-10,0.2693062522,-3.014904988e-11,
4212298000,2.499160384,1.333392534,83.90528129,-636.0947187,nan,0.1415695079,1.325855846,55.38464688,-15.59116362,53.14484667,-7.109513536e-13,2.007993035e-09,-3.408651718,9.840263688e-11,-16.53857599,0.1489605271,66.95934471,-1733.040655,1.350067257,0.05830079546,0.1370775542,56.06950731,53.98763796,15.13686219,-2.496118429e-12,5.71922129e-10,0.2803764484,7.196322623e-11,
4224296000,2.311284378,1.304860903,83.56082918,-636.4391708,nan,0.146337939,1.296629162,55.7423974,-14.57813341,53.80235026,-7.002684212e-13,2.027062023e-09,-3.690619969,4.706268047e-11,-16.01345199,0.158244054,66.09443787,-1733.905562,1.375985592,0.06412529155,0.1446690278,56.70143844,54.35822042,16.13186269,-2.335507536e-12,6.077854602e-10,0.2967695147,2.902650159e-10,
4236294000,2.012713309,1.260769417,83.43486864,-636.5651314,nan,0.1441470326,1.252501958,55.91410411,-12.80914039,54.42713441,-6.902693179e-13,2.044793747e-09,-4.249085633,-6.416559728e-11,-15.45183397,0.1688139382,64.49819894,-1735.501801,1.406200118,0.07268106329,0.1523666918,57.6453669,55.00295726,17.25291331,-2.177567363e-12,6.481812727e-10,0.3136724673,5.475737568e-10,
4248292000,1.679265439,1.213286239,83.63769448,-636.3623055,nan,0.1344504546,1.205813656,55.76971539,-10.71331504,54.73103357,-6.844979035e-13,2.050403911e-09,-5.108692627,-2.318877256e-10,-14.84576478,0.1810138314,61.44723685,-1738.552763,1.442043684,0.08651879225,0.1589984458,59.21444301,56.25229824,18.49403155,-2.025695567e-12,6.928470406e-10,0.3287693504,8.006433651e-10,
4260290000,1.355758243,1.168928405,85.25259455,-634.7474055,nan,0.09674411461,1.164918105,54.26996684,-8.430961106,53.61108277,-6.968292789e-13,2.002790615e-09,-6.358834075,-4.516316727e-10,-14.18309578,0.1953643025,57.45732333,-1742.542677,1.485596906,0.1050918617,0.1646903497,61.39422363,58.08284851,19.89053553,-1.878168242e-12,7.430660942e-10,0.3424511029,1.044838355e-09,
4272288000,1.097098202,1.134631693,87.6599063,-632.3400937,nan,0.04632813072,1.133685486,52.06810726,-6.547245193,51.65482914,-7.211883141e-13,1.924290074e-09,-7.889551654,-6.83217074e-10,-13.52650465,0.2107049641,52.3238613,-1747.676139,1.533906726,0.1287823422,0.1667683731,64.31733745,60.7247508,21.19491769,-1.757631697e-12,7.895712834e-10,0.3490326006,1.248032312e-09,
4284286000,0.958163675,1.116627151,91.17738099,-628.822619,nan,-0.02294415168,1.116391401,48.98905115,-5.383421384,48.69235984,-7.62923257e-13,1.808849773e-09,-9.044872464,-8.769986938e-10,-12.90407072,0.2263583209,46.49513966,-1753.50486,1.585176128,0.1558287138,0.1641813065,67.87479211,64.14188199,22.19924275,-1.673414457e-12,8.246693188e-10,0.3460959059,1.424165421e-09,
4296284000,1.005319609,1.122705837,95.43033048,-624.5696695,nan,-0.1062476233,1.117667141,45.50124373,-5.266320766,45.19545383,-8.196574637e-13,1.674256144e-09,-8.581978925,-9.938851484e-10,-12.27559445,0.2433437955,39.97532366,-1760.024676,1.643208353,0.1864795118,0.1563380775,72.23116715,68.54455048,22.7812666,-1.626107613e-12,8.43927261e-10,0.3323570793,1.553785674e-09,
4308282000,1.296685388,1.161005479,100.307397,-619.692603,nan,-0.2077378234,1.14226911,41.81214347,-6.295370617,41.33550109,-8.937021496e-13,1.527000629e-09,-6.566015505,-9.97727152e-10,-11.68802586,0.2603746547,32.87474605,-1767.125254,1.704071747,0.2186780479,0.141332488,77.25712792,73.93302435,22.41811155,-1.647847371e-12,8.281614963e-10,0.3032218923,1.728386033e-09,
4320280000,1.875632318,1.241028102,104.5592395,-615.4407605,nan,-0.3119707132,1.201176517,38.91050931,-8.535635503,37.9627536,-9.703994258e-13,1.398511182e-09,-4.4475603,-8.781596382e-10,-11.14969593,0.2770226016,25.57788117,-1774.422119,1.766338207,0.2498741829,0.1196010642,82.64760408,80.0060164,20.72833324,-1.777230898e-12,7.636117792e-10,0.259084681,1.893902318e-09,
4332278000,2.607598215,1.35014344,108.1602411,-611.8397589,nan,-0.4208068155,1.28289085,36.76502118,-11.22782233,35.00861021,-1.049370725e-12,1.286111686e-09,-3.118023173,-6.68692466e-10,-10.6208851,0.2944121611,16.36694479,-1783.633055,1.834515973,0.2824816099,0.08296180236,88.96335288,87.53063961,15.90173841,-2.310251227e-12,5.841823335e-10,0.1816705382,2.057587991e-09,
4344276000,3.477382582,1.492344637,110.4689952,-609.5310048,nan,-0.5218736114,1.398120327,35.74987922,-14.3659396,32.73642686,-1.119106576e-12,1.199317022e-09,-2.278752923,-4.371366543e-10,-10.17433065,0.3099441671,7.327752279,-1792.672248,1.898316201,0.3074127849,0.03953184002,94.27583622,93.91727176,8.214582135,-4.459819132e-12,3.009457392e-10,0.08746614953,2.236175792e-09,
4356274000,4.402318527,1.660029961,111.7938691,-608.2061309,nan,-0.6163168037,1.541380247,35.55957617,-17.59805773,30.89970585,-1.182362367e-12,1.128909918e-09,-1.755858874,-2.125382531e-10,-9.786417644,0.3241000648,-2.436682798,-1802.436683,1.95901789,0.3238070184,-0.01377921768,97.87176008,97.82539175,-3.012332731,1.212835786e-11,-1.100545201e-10,0.03079295342,2.368551731e-09,
4368272000,5.375196225,1.856777271,112.1830035,-607.8169965,nan,-0.7010561824,1.719343498,36.07712448,-20.9207953,29.39182259,-1.239606775e-12,1.070870553e-09,-1.40490943,-4.428326015e-11,-9.510670422,0.3345541942,-13.31365192,-1813.313652,2.005503953,0.3255627261,-0.07704167877,97.80157015,96.36191998,-16.71907598,2.179205506e-12,-6.091478702e-10,0.1735029354,2.488779357e-09,
4380270000,6.338223422,2.074489166,111.8932981,-608.1067019,nan,-0.773533967,1.92487675,37.02496218,-24.11115966,28.09803916,-1.293133126e-12,1.02092835e-09,-1.165354116,7.001538982e-11,-9.494849311,0.3351641309,-24.46454371,-1824.464544,2.008261276,0.3050723313,-0.1388015392,92.60040398,88.37934034,-27.63922967,1.314599055e-12,-1.004257734e-09,0.3127340571,2.50521572e-09,
4392268000,7.409264696,2.346730592,111.3756397,-608.6243603,nan,-0.8553384723,2.185301025,38.19903652,-27.42298867,26.59221848,-1.362626184e-12,9.635757696e-10,-0.9697053373,1.558111533e-10,-9.602939835,0.3310190655,-35.40699177,-1835.406992,1.989621821,0.2697994397,-0.1917860372,85.0501808,78.11103827,-33.6481642,1.076886483e-12,-1.219249749e-09,0.4307734853,2.371309743e-09,
4404266000,8.415988615,2.635114136,110.6854707,-609.3145293,nan,-0.9308214412,2.46523791,39.37908076,-30.30873012,25.1414574,-1.437328846e-12,9.085253303e-10,-0.8295120682,2.279565738e-10,-9.972697642,0.3172233286,-45.49365364,-1845.493654,1.929215487,0.2223698301,-0.2262350523,76.74859891,68.56088796,-34.49278297,1.047655157e-12,-1.246449899e-09,0.5030970864,2.112882596e-09,
4416264000,9.492394099,2.982769578,109.4219573,-610.5780427,nan,-0.9918382222,2.813035957,40.80638257,-33.23451876,23.67757635,-1.522046283e-12,8.533011876e-10,-0.712439272,3.28071546e-10,-10.41026297,0.301638555,-54.01085069,-1854.010851,1.863846529,0.1772524764,-0.2440642896,70.04819228,61.71336047,-33.13925741,1.087482638e-12,-1.194284723e-09,0.5369867587,1.803776209e-09,
4428262000,10.7671742,3.454289322,107.947098,-612.052902,nan,-1.064400357,3.286208545,42.34701659,-36.2929955,21.81944756,-1.647187633e-12,7.842067462e-10,-0.6012027185,4.71736739e-10,-10.70136873,0.2916967319,-60.79327195,-1860.793272,1.823649262,0.1423369674,-0.2546118047,65.40866869,57.15255506,-31.81005172,1.129854314e-12,-1.143276295e-09,0.5565814457,1.541451902e-09,
4440260000,12.11334182,4.033360967,105.6596617,-614.3403383,nan,-1.088695318,3.883650756,44.04687066,-39.25866143,19.97208845,-1.794685069e-12,7.158717285e-10,-0.5087307546,6.999020053e-10,-10.82445659,0.2875922446,-66.71225514,-1866.712255,1.807381005,0.1136993192,-0.2641623818,61.88160947,53.62324725,-30.88496308,1.160552106e-12,-1.107028539e-09,0.575962193,1.440221636e-09,
4452258000,13.78797512,4.891012312,102.3788031,-617.6211969,nan,-1.048505812,4.777304365,45.95582425,-42.41828039,17.68126894,-2.021745004e-12,6.320526242e-10,-0.4168313468,1.116534674e-09,-10.49794958,0.2986087441,-72.43276328,-1872.432763,1.851475525,0.0901275188,-0.2846826521,59.08974273,50.10565782,-31.32125078,1.141302351e-12,-1.119641289e-09,0.6251040729,1.601999597e-09,
4464256000,15.83819418,6.193123047,97.09074105,-622.909259,nan,-0.7644860145,6.145757415,48.09376039,-45.68413801,15.03227603,-2.371626524e-12,5.359148391e-10,-0.3290480391,2.098283323e-09,-9.666488129,0.3286060792,-79.29470755,-1879.294708,1.978877136,0.06104100407,-0.3228869014,55.84926093,45.2387713,-32.75047355,1.088562719e-12,-1.167585316e-09,0.7239470172,2.419078251e-09,
4476254000,18.29885112,8.221338994,88.11842894,-631.8815711,nan,0.2699370428,8.216906282,50.39511029,-48.92717538,12.07471122,-2.944615926e-12,4.293210299e-10,-0.2467894606,3.863404758e-09,-8.292921039,0.3849053504,-89.09946983,-1889.09947,2.251532104,0.006049391614,-0.3848578096,50.52968619,37.49154362,-33.87673749,1.049551686e-12,-1.20450051e-09,0.9035834276,4.134762129e-09,
4488252000,20.80362725,10.96936183,67.47448287,-652.5255171,nan,4.202306043,10.13249836,53.59236347,-52.83584944,8.97298366,-3.951900684e-12,3.181850537e-10,-0.1698275651,5.591967039e-09,-6.715651913,0.4615485643,-110.6222834,-1910.622283,2.714355404,-0.1625600227,-0.4319737448,37.98873336,25.58184816,-28.08403295,1.262651284e-12,-9.958693644e-10,1.097810947,5.862948739e-09,
4500250000,22.6107606,13.50635094,33.7512977,-686.2487023,nan,11.22995042,7.503980889,56.54802196,-56.35552174,4.661969189,-7.586021901e-12,1.648742716e-10,-0.08272426631,6.239787182e-09,-5.778103484,0.5141559024,-146.0649522,-1946.064952,3.116546872,-0.4265802197,-0.2870289325,22.03337073,17.37043437,-13.55497826,2.6090636e-12,-4.79382655e-10,0.7803476857,6.577129559e-09,
4512248000,20.59368335,10.70740346,3.507949699,-716.4920503,nan,10.68734119,0.6551542014,60.27975663,-60.27575056,0.6949482855,-5.075451507e-11,2.451205138e-11,-0.01152948373,5.377517427e-09,-8.655974779,0.3691486301,-177.4305525,-1977.430553,2.170318866,-0.3687774944,-0.01654903962,23.06413065,23.04721536,-0.8831685693,3.99377474e-11,-3.115091267e-11,0.03831996862,5.821916947e-09,
4524246000,17.3603436,7.379334214,-14.65524438,-734.6552444,nan,7.139252566,-1.866988548,65.06792927,-64.90975904,-4.534159342,7.758488885e-12,-1.595036769e-10,-0.06985327644,3.610758789e-09,-12.73714381,0.2307505844,162.2623439,-1997.737656,1.599936977,-0.219781038,0.07030026674,32.05829011,31.71051555,4.709264089,-7.470004695e-12,1.65663551e-10,0.1485079636,4.206442923e-09,
4536244000,14.53587803,5.330818567,-24.45726345,-744.4572635,nan,4.852486001,-2.207035614,70.43869399,-69.54321263,-11.19603453,3.133714995e-12,-3.928149011e-10,-0.1609939217,2.023766104e-09,-16.37906991,0.1517212822,149.4816214,-2010.518379,1.35771564,-0.1307027738,0.07704630038,38.50197869,38.03183262,5.998505687,-5.848986917e-12,2.104586595e-10,0.1577232879,2.782030147e-09,
4548242000,12.11073086,4.032148731,-30.24548684,-750.2454868,nan,3.483273229,-2.031017233,76.71084414,-74.12894659,-19.73456072,1.77316481e-12,-6.905641539e-10,-0.26621936,1.061345913e-09,-19.85537095,0.1016790436,139.6349369,-2020.365063,1.226375758,-0.07747265594,0.06585298383,42.83877565,42.46438736,5.651239289,-6.192027414e-12,1.977517176e-10,0.1330818514,2.001687231e-09,
4560240000,10.23063486,3.247369765,-32.40299136,-752.4029914,nan,2.741754128,-1.74017088,83.80290611,-78.73279854,-28.70668053,1.215764494e-12,-1.00187931e-09,-0.3646089186,5.004193645e-10,-22.79426024,0.07249148355,133.8013151,-2026.198685,1.156314432,-0.05017568642,0.05232031804,45.23461547,44.98639821,4.732273493,-7.375009703e-12,1.651590088e-10,0.1051934291,1.645334039e-09,
4572238000,8.507482668,2.663018193,-33.6036313,-753.6036313,nan,2.217991013,-1.473832339,92.55938446,-83.3177336,-40.31618683,8.633996213e-13,-1.403365358e-09,-0.4838848236,1.590094445e-10,-25.8548101,0.05096352921,126.8732589,-2033.126741,1.107400571,-0.0305805093,0.04076902942,47.0374733,46.8810781,3.832546305,-9.082468329e-12,1.334070294e-10,0.08175038759,1.609020478e-09,
4584236000,7.012106421,2.241843651,-33.58544799,-753.585448,nan,1.867594228,-1.240143039,103.2135258,-87.87505504,-54.13877173,6.41275674e-13,-1.879583236e-09,-0.6160880548,-2.329294695e-11,-28.88954683,0.0359354145,120.3291683,-2039.670832,1.074549807,-0.01814620201,0.03101724307,48.21940447,48.12665186,2.989372456,-1.161376772e-11,1.037846662e-10,0.06211469821,2.037446301e-09,
4596234000,5.656423904,1.917878962,-33.08829009,-753.0882901,nan,1.606857124,-1.04702908,116.067705,-91.43655074,-71.49174307,4.843531346e-13,-2.475562449e-09,-0.7818727029,-1.597521886e-10,-32.10581721,0.0248147063,111.6219604,-2048.37804,1.05089229,-0.009143745121,0.02306862749,49.09438814,49.04215492,2.264064548,-1.529428562e-11,7.839832879e-11,0.0461656824,3.043847822e-09,
4608232000,4.442555301,1.667737772,-32.15761816,-752.1576182,nan,1.411885291,-0.8876537611,131.317655,-93.01320555,-92.6977352,3.725775416e-13,-3.201510421e-09,-0.9966083273,-2.563994111e-10,-35.85884175,0.01610860427,97.42545905,-2062.574541,1.03274468,-0.002081815241,0.01597351485,49.79230386,49.76690079,1.590317324,-2.171710875e-11,5.492493939e-11,0.0319553217,5.270200924e-09,
4620230000,3.369478834,1.473920101,-30.86747405,-750.867474,nan,1.2651486,-0.7562006902,149.0032481,-91.29119077,-117.7619906,2.925171933e-13,-4.056595215e-09,-1.289960067,-3.311891239e-10,-39.97034649,0.01003419821,72.58895847,-2087.411042,1.020271808,0.003002479743,0.009574458165,50.30112449,50.29190294,0.9631324146,-3.576601353e-11,3.317741425e-11,0.01915084454,7.454340407e-09,
4632228000,2.381737274,1.315487918,-29.15855177,-749.1585518,nan,1.14878241,-0.6409426165,170.3943225,-84.36530645,-148.0429674,2.320825153e-13,-5.086487551e-09,-1.754784919,-4.010269475e-10,-41.98615886,0.007955950221,26.0283021,-2133.971698,1.01603951,0.007149037038,0.003491190821,50.72004254,50.71880603,0.3541604775,-9.701303908e-11,1.216831094e-11,0.006982823635,8.181365702e-09,
4644226000,1.493188662,1.187570588,-27.4353305,-747.4353305,nan,1.054006236,-0.5471697685,193.3000654,-67.86443746,-180.9953961,1.893386421e-13,-6.202607703e-09,-2.667013871,-4.638819392e-10,-39.42341811,0.01068634263,-13.66637825,-2173.666378,1.021603548,0.01038379017,-0.002524840697,51.0492677,51.04861671,-0.2578086912,1.329257845e-10,-8.834954968e-12,0.005050258123,7.21701973e-09,
4656224000,0.6871478574,1.082324259,-25.21295157,-745.2129516,nan,0.9792120746,-0.4610526166,220.1636688,-40.24048634,-216.4549476,1.579133146e-13,-7.398672156e-09,-5.379034083,-5.169472331e-10,-36.32260248,0.01527108434,-36.13491884,-2196.134919,1.031015814,0.01233339576,-0.009005185512,51.24863825,51.24032455,-0.9230725226,3.702972129e-11,-3.155165104e-11,0.01801457213,5.147542284e-09,
4668222000,-0.06320558816,0.9927495996,-22.82209423,-742.8220942,274.8468361,0.9150308574,-0.3850588235,247.685673,4.6460311,-247.6420946,1.376715373e-13,-8.442928265e-09,53.301859,-5.672133901e-10,-33.78609156,0.02045009934,-52.19107595,-2212.191076,1.041754074,0.01253652677,-0.01615679608,51.26923308,51.2424648,-1.656520876,2.058124854e-11,-5.647620995e-11,0.03232711156,3.647685665e-09,
4680220000,-0.7263763693,0.9197741116,-20.30097067,-740.3009707,23.92960862,0.8626405554,-0.3191170451,271.9703082,63.79924025,-264.3813637,1.286243002e-13,-8.990517731e-09,4.14395787,-5.962783045e-10,-32.07988279,0.02488890904,-65.87773122,-2225.877731,1.051048356,0.01017172914,-0.02271549515,51.02709017,50.97444713,-2.317255054,1.467506472e-11,-7.880026928e-11,0.04545915031,3.015236527e-09,
4692218000,-1.307935185,0.8602075316,-17.64155369,-737.6415537,13.30692242,0.8197529381,-0.2606954506,290.0123215,129.4375808,-259.5246795,1.306962982e-13,-8.802795522e-09,2.005018001,-6.191716264e-10,-31.03580156,0.0280679001,-77.57185075,-2237.571851,1.057756916,0.006040636978,-0.0274101755,50.60727576,50.53128302,-2.77232673,1.22348187e-11,-9.403431447e-11,0.05486357291,2.663209896e-09,
4704216000,-1.84980531,0.8081830439,-14.92575707,-734.9257571,9.426606911,0.7809152622,-0.2081614416,296.6571075,189.8843727,-227.9240322,1.484372014e-13,-7.711218271e-09,1.200330648,-6.286934389e-10,-30.43030725,0.03009432713,-88.56278556,-2248.562786,1.062056194,0.0007548106699,-0.03008485975,50.07546972,49.9849051,-3.010304057,1.123886651e-11,-1.018458274e-10,0.06022426272,2.35670256e-09,
4716214000,-2.319033081,0.7656818384,-12.13782292,-732.1378229,7.535403259,0.7485647508,-0.1609953151,294.0698517,232.0704211,-180.6111772,1.868452258e-13,-6.0949655e-09,0.7782602206,-6.243839139e-10,-30.07856369,0.03133803891,-98.36429498,-2258.364295,1.064703767,-0.004558635316,-0.03100470168,49.546639,49.451469,-3.069470532,1.099418803e-11,-1.035833844e-10,0.06207036097,2.028552031e-09,
4728212000,-2.746105723,0.7289449202,-9.475321069,-729.4753211,6.378574132,0.7189996337,-0.1200009313,281.979595,250.9812169,-128.533734,2.618822518e-13,-4.326535933e-09,0.5121249135,-6.240043324e-10,-30.14995828,0.03108150833,-106.3778003,-2266.3778,1.064157117,-0.008764044873,-0.02982032323,49.13197488,49.04465774,-2.927883605,1.149659899e-11,-9.855462245e-11,0.05969831863,1.66275274e-09,
4740210000,-3.095878944,0.7001741177,-6.882326928,-726.8823269,5.670538196,0.695128909,-0.08390229433,268.3703411,254.9138487,-83.9140615,4.001177406e-13,-2.817456966e-09,0.3291859659,-6.234712603e-10,-30.32367602,0.0304660534,-112.4737645,-2272.473764,1.062846801,-0.01164596427,-0.02815229877,48.84971158,48.77232007,-2.748657102,1.221523946e-11,-9.228754942e-11,0.05635690691,1.326745531e-09,
4752208000,-3.403399778,0.6758183989,-4.077257903,-724.0772579,5.169381584,0.6741079589,-0.0480517222,254.2074194,250.3209427,-44.28134686,7.56317011e-13,-1.483014893e-09,0.1768982906,-6.173179063e-10,-30.57008486,0.02961391032,-117.4175241,-2277.417524,1.061035315,-0.01363635591,-0.0262875157,48.65562595,48.58840209,-2.556779019,1.309879956e-11,-8.562841091e-11,0.05262117932,1.04369806e-09,
4764206000,-3.662742832,0.6559381013,-1.372119779,-721.3721198,4.812907526,0.6557500178,-0.01570690938,240.2474599,239.8831088,-13.22634119,2.525747188e-12,-4.41844366e-10,0.05513660907,-6.058657852e-10,-30.81085178,0.02880430566,-121.4973603,-2281.49736,1.059317202,-0.01504907683,-0.02456040128,48.51828476,48.45975982,-2.382358909,1.402240189e-11,-7.958602054e-11,0.04916159135,8.593192585e-10,
4776204000,-3.860566327,0.6411677706,1.101419787,-718.8985802,4.573635354,0.6410493059,0.01232466652,228.4616126,228.2617486,9.554190351,-3.487734152e-12,3.183692785e-10,0.04185629178,-5.771650488e-10,-31.0532447,0.02801159024,-124.4061232,-2284.406123,1.057637704,-0.01582809416,-0.02311104981,48.44267213,48.39092539,-2.238486601,1.488616281e-11,-7.459191601e-11,0.04625839624,6.76346213e-10,
4788202000,-4.026330563,0.6290475451,3.612854071,-716.3871459,4.391526525,0.6277973864,0.03963906691,217.5057026,215.6577907,28.29218967,-1.174846445e-12,9.404034828e-10,0.1311902045,-5.487691188e-10,-31.34847031,0.02707549994,-127.5376674,-2287.537667,1.055657967,-0.01649663813,-0.02146959774,48.37784423,48.33324161,-2.076913059,1.600402978e-11,-6.903446841e-11,0.04297069656,4.674038804e-10,
4800200000,-4.166853414,0.6189525112,5.894942432,-714.1050576,4.248689622,0.6156794203,0.06356935225,207.5421108,203.2700957,41.89267184,-7.914486439e-13,1.388989168e-09,0.2060936298,-5.204927864e-10,-31.71603807,0.02595362925,-129.0040139,-2289.004014,1.053290336,-0.01633456108,-0.02016861388,48.39344002,48.35406475,-1.951783626,1.698748666e-11,-6.471313945e-11,0.04036441686,2.303176892e-10,
4812198000,-4.2766397,0.6111784251,8.082556295,-711.9174437,4.14374749,0.6051072898,0.08593157205,198.8702884,191.7841414,52.614016,-6.286011785e-13,1.740115582e-09,0.2743397635,-4.845734412e-10,-32.00311524,0.02510985691,-129.2926561,-2289.292656,1.051513203,-0.01590161237,-0.0194330553,48.43531089,48.39872364,-1.882256918,1.757105108e-11,-6.225232061e-11,0.03889063134,-3.702537796e-11,
4824196000,-4.355711388,0.6056398324,10.10733909,-709.8926609,4.071506111,0.5962407316,0.1062854487,191.5833225,181.6220564,60.97210915,-5.410830993e-13,2.011529499e-09,0.335708726,-4.512010586e-10,-32.15397397,0.02467750801,-128.5026618,-2288.502662,1.050603791,-0.01536300712,-0.01931210537,48.48750007,48.45132895,-1.872534675,1.761835347e-11,-6.177674986e-11,0.03864774642,-3.115969313e-10,
4836194000,-4.400105883,0.6025522408,11.97169761,-708.0283024,4.032107878,0.5894468401,0.1249865014,185.7542039,172.9140735,67.86271035,-4.849368833e-13,2.233302842e-09,0.3924649334,-4.153404624e-10,-32.18618299,0.02458616831,-126.9887286,-2286.988729,1.050411769,-0.01479246242,-0.01963829748,48.54287038,48.50542609,-1.906280281,1.726353232e-11,-6.273402797e-11,0.03930035122,-5.933702109e-10,
4848192000,-4.44738377,0.5992814178,13.69469032,-706.3053097,3.99103383,0.5822444847,0.1418787431,180.0347075,164.6196396,72.88943797,-4.503764978e-13,2.39279186e-09,0.4427748605,-3.760622303e-10,-32.11874957,0.02477778735,-123.4266057,-2283.426606,1.050814649,-0.01364929878,-0.02067934691,48.65401754,48.61240747,-2.011780787,1.631772707e-11,-6.604211562e-11,0.04138410112,-8.231968481e-10,
4860190000,-4.446822773,0.5993201249,15.25873944,-704.7412606,3.991515981,0.5781924075,0.157728095,176.0979906,157.9921177,77.77527262,-4.210419245e-13,2.546879667e-09,0.4922731194,-3.418569445e-10,-31.68927414,0.02603372379,-119.0160237,-2279.016024,1.053459189,-0.01262776714,-0.02276607721,48.75360853,48.70308118,-2.219060192,1.475699063e-11,-7.266678845e-11,0.04556303499,-9.156208834e-10,
4872188000,-4.474890353,0.5973866077,16.58540852,-703.4145915,3.967544643,0.5725325168,0.1705206037,171.8459244,151.8205515,80.50802373,-4.057485046e-13,2.629875927e-09,0.5302840949,-3.106852063e-10,-30.81175735,0.02880130275,-114.7109258,-2274.710926,1.059310835,-0.01204010555,-0.0261639236,48.81111768,48.74431667,-2.552802743,1.279613567e-11,-8.338988055e-11,0.05237128998,-8.380219076e-10,
4884186000,-4.460989956,0.5983433963,17.90921782,-702.0907822,3.97937786,0.5693506333,0.1839964029,168.7026282,146.3624045,83.89650346,-3.884043418e-13,2.733831847e-09,0.5732107486,-2.783289961e-10,-29.75743244,0.03251834078,-111.5724537,-2271.572454,1.067222651,-0.01195626216,-0.03024054038,48.819567,48.73033308,-2.950383071,1.104458825e-11,-9.614049295e-11,0.06054510372,-5.770113646e-10,
4896184000,-4.446784223,0.5993227848,19.07913312,-700.9208669,3.991549118,0.5664007981,0.1959028747,165.889203,141.5307532,86.53481133,-3.756397563e-13,2.81289326e-09,0.6114205528,-2.446882022e-10,-28.36099041,0.0381900722,-109.0501344,-2269.050134,1.07941293,-0.01246506266,-0.03609852944,48.770423,48.64344322,-3.517043076,9.242399008e-12,-1.143247048e-10,0.07230251076,-1.496805686e-10,
4908182000,-4.421998355,0.6010354419,20.02278147,-699.9772185,4.012976615,0.5647067894,0.2057907783,163.8861081,137.7639504,88.76795812,-3.652945923e-13,2.878430206e-09,0.6443482338,-2.107063495e-10,-26.69985422,0.04623887818,-109.3850512,-2269.385051,1.09696113,-0.01534737853,-0.0436175633,48.49128791,48.30704326,-4.223100165,7.678353296e-12,-1.369401677e-10,0.08742203787,3.809371964e-10,
4920180000,-4.375830831,0.6042385902,20.81301099,-699.186989,4.053549817,0.5648090089,0.2146975953,162.7415041,134.8052613,91.17202795,-3.547950282e-13,2.949176436e-09,0.6763239583,-1.777023435e-10,-25.00173605,0.05622289412,-112.5720656,-2272.572066,1.119144433,-0.02158088627,-0.05191607815,47.89306238,47.63534729,-4.961765034,6.519329716e-12,-1.605001101e-10,0.104161412,9.583768108e-10,
4932178000,-4.329770839,0.6074512891,21.5927775,-698.4072225,4.094909102,0.5648221089,0.2235465364,161.5483989,131.8143756,93.39622888,-3.455031802e-13,3.013774339e-09,0.7085435749,-1.460278979e-10,-23.37492326,0.06780376921,-118.0383601,-2278.03836,1.145471022,-0.03187201604,-0.05984584959,46.92193777,46.58635641,-5.601753384,5.760463176e-12,-1.807612663e-10,0.1202445054,1.514176463e-09,
4944176000,-4.314998579,0.6084852723,22.131866,-697.868134,4.108364662,0.5636516175,0.2292404428,160.3128482,129.6033843,94.35662189,-3.411566376e-13,3.037376256e-09,0.7280413426,-1.115801438e-10,-21.85842168,0.08073817271,-125.4209688,-2285.420969,1.175658709,-0.04679418576,-0.06579480764,45.54821288,45.15384984,-5.980764253,5.382320135e-12,-1.92523121e-10,0.1324530306,2.05760193e-09,
4956174000,-4.271523806,0.6115385085,22.51703086,-697.4829691,4.148515474,0.5649183235,0.2341935847,160.1213847,128.2079398,95.92487689,-3.347667654e-13,3.080383845e-09,0.7481976313,-8.652087175e-11,-20.49824836,0.09442512794,-135.6613601,-2295.66136,1.208541846,-0.06753488771,-0.06599351278,43.69957421,43.31713845,-5.768734905,5.566638317e-12,-1.852482733e-10,0.1331744227,2.491572751e-09,
4968172000,-4.236679129,0.6139967093,22.76061372,-697.2393863,4.181302979,0.5661843679,0.2375441444,160.1410633,127.3403303,97.10612972,-3.298958586e-13,3.11078613e-09,0.7625716807,-7.041681732e-11,-19.60285727,0.1046784146,-148.1973599,-2308.19736,1.233834225,-0.08896287787,-0.0551649965,41.85344204,41.59543698,-4.640068145,6.903974045e-12,-1.486441656e-10,0.1115523356,2.740781038e-09,
4980170000,-4.251749938,0.6129322928,23.14694299,-696.853057,4.16705466,0.5635910857,0.2409379249,158.6800956,125.6145668,96.95541941,-3.296126527e-13,3.098475405e-09,0.7718485352,-7.130051146e-11,-19.14868314,0.1102975442,-160.4591663,-2320.459166,1.247942542,-0.1039447756,-0.03689216577,40.59596188,40.48319015,-3.023811448,1.056869237e-11,-9.663415886e-11,0.074693013,2.722958998e-09,
4992168000,-4.24026991,0.6137429331,23.33765969,-696.6623403,4.177898792,0.5635302895,0.2431337097,158.3525928,124.8537956,97.40160874,-3.273141718e-13,3.105253569e-09,0.7801253323,-8.345103245e-11,-19.07346903,0.111256796,-172.2130693,-2332.213069,1.250368825,-0.1102308717,-0.01507413615,40.07341257,40.05475452,-1.222716523,2.607384975e-11,-3.898133608e-11,0.03052612699,2.495469242e-09,
5004166000,-4.276216528,0.6112082021,23.76834224,-696.2316578,4.144141442,0.5593670503,0.2463411644,156.3637347,122.9047985,96.66451276,-3.290192875e-13,3.074365444e-09,0.7864990949,-8.43403875e-11,-19.20918771,0.1095318984,177.5403829,-2342.459617,1.246009707,-0.1094309885,0.004700586906,40.13649485,40.13467796,0.3818947654,-8.328076738e-11,1.214596791e-11,0.009515331497,2.193226322e-09,
5016164000,-4.275660537,0.6112473273,24.25215597,-695.747844,4.144659163,0.5573026651,0.2510717717,154.9709167,120.9137569,96.93218454,-3.273259253e-13,3.075504771e-09,0.8016638222,-9.302024052e-11,-19.46541667,0.1063479607,168.9097135,-2351.090286,1.238007538,-0.1043619433,0.02045662607,40.55364246,40.51896477,1.676726209,-1.892283714e-11,5.319986835e-11,0.0413812697,1.84889133e-09,
5028162000,-4.294034294,0.6099556876,24.51114359,-695.4888564,4.12762252,0.5549868464,0.2530524475,153.8728839,119.8055238,96.55827709,-3.278093692e-13,3.056330941e-09,0.8059584734,-9.305033904e-11,-19.79773132,0.1023560303,161.6136493,-2358.386351,1.22805485,-0.09713087574,0.03228544425,41.15531172,41.0679677,2.679871526,-1.181127811e-11,8.482519065e-11,0.06525454451,1.530037724e-09,
5040160000,-4.29760908,0.6097047044,24.97516134,-695.0248387,4.124325152,0.5526917747,0.2574327656,152.4798145,117.9360554,96.6497836,-3.267193996e-13,3.05194494e-09,0.8195100579,-9.16428089e-11,-20.03156903,0.09963720784,155.8209007,-2364.179099,1.2213268,-0.09089599474,0.04081043157,41.68057418,41.53965655,3.424499593,-9.221014169e-12,1.08136654e-10,0.08243928518,1.271363634e-09,
5052158000,-4.312863473,0.6086348643,25.4163919,-694.5836081,4.11031724,0.5497266422,0.2612221602,150.9515817,116.1628843,96.39794767,-3.267950125e-13,3.036763671e-09,0.8298515333,-9.505558553e-11,-20.27957368,0.09683253823,151.0414826,-2368.958517,1.214428757,-0.08472561283,0.04688401637,42.20512214,42.0173111,3.977172724,-7.92079467e-12,1.252903608e-10,0.09465557457,1.10586748e-09,
5064156000,-4.298240348,0.6096603943,25.77868657,-694.2213134,4.123743455,0.548987364,0.2651389645,150.190497,114.7769083,96.86819248,-3.24438108e-13,3.044347698e-09,0.8439693482,-9.59010388e-11,-20.4227944,0.09524896828,146.7389193,-2373.261081,1.210552881,-0.07964529211,0.0522397684,42.6417308,42.40666969,4.47119351,-7.028936014e-12,1.405194762e-10,0.1054360916,1.015643269e-09,
5076154000,-4.285536791,0.6105527061,26.16223942,-693.8377606,4.135483109,0.5480010609,0.2692014935,149.3308218,113.3106481,97.26454329,-3.223523128e-13,3.049579042e-09,0.8583883767,-9.169416538e-11,-20.46812804,0.09475313724,142.2718836,-2377.728116,1.209342095,-0.07494246844,0.05798088858,43.05009202,42.75836586,5.003256112,-6.26660914e-12,1.568693428e-10,0.1170123323,1.020071842e-09,
5088152000,-4.306294824,0.6090953147,26.67335477,-693.3266452,4.116336731,0.5442755412,0.2734250127,147.5468501,111.3492231,96.80611283,-3.231151142e-13,3.028048568e-09,0.8693919019,-9.351155747e-11,-20.44900912,0.09496193254,138.271462,-2381.728538,1.209851797,-0.07087073123,0.0632068674,43.40667418,43.0577572,5.492623104,-5.694823331e-12,1.718066044e-10,0.1275640781,1.058437005e-09,
5100150000,-4.311244492,0.6087483196,26.94932168,-693.0506783,4.111799131,0.5426429588,0.2758860922,146.6998391,110.3138165,96.70421222,-3.226946691e-13,3.017745241e-09,0.8766282887,-8.193712443e-11,-20.37696569,0.09575285133,133.2453317,-2386.754668,1.211784691,-0.0656025423,0.06974894251,43.87171842,43.44327642,6.116323354,-5.102073903e-12,1.908655815e-10,0.1407887217,1.103729731e-09,
5112148000,-4.301003512,0.6094664793,27.40465844,-692.5953416,4.121199319,0.5410709111,0.2805203354,145.6100032,108.6301711,96.96266783,-3.210791888e-13,3.018709138e-09,0.8925942659,-6.993822843e-11,-20.38544112,0.09565946424,128.3937663,-2391.606234,1.21155629,-0.05941050713,0.07497416049,44.421818,43.92172363,6.646811914,-4.683853723e-12,2.069331662e-10,0.1513331301,1.080040071e-09,
5124146000,-4.310724212,0.6087847844,27.5661345,-692.4338655,4.112275598,0.539673869,0.281728644,145.0111298,108.0403999,96.72383246,-3.211183622e-13,3.004222762e-09,0.8952561498,-6.14248466e-11,-20.49409008,0.09447034388,123.3741427,-2396.625857,1.208652126,-0.0519685066,0.07889182591,45.0890138,44.528237,7.08909551,-4.381348597e-12,2.201858793e-10,0.1592044956,9.264144241e-10,
5136144000,-4.272233545,0.6114885407,27.87536232,-692.1246377,4.147853306,0.5405355455,0.2859013107,144.7685791,106.8956581,97.62817093,-3.174006322e-13,3.025227873e-09,0.9133034275,-3.717129522e-11,-20.57150372,0.09363211075,119.8820791,-2400.117921,1.206609506,-0.04664906891,0.08118396722,45.57095812,44.97161823,7.366530932,-4.206490607e-12,2.282684853e-10,0.1638039995,7.570092876e-10,
5148142000,-4.264252124,0.6120506927,28.0405253,-691.9594747,4.155312724,0.5402053149,0.2877225543,144.4372708,106.2888654,97.79980721,-3.161051821e-13,3.02348357e-09,0.9201321968,-3.198590006e-11,-20.72370608,0.09200569196,117.4939589,-2402.506041,1.20265698,-0.04247489565,0.0816145244,45.95148593,45.34120617,7.464186649,-4.141780923e-12,2.307555233e-10,0.1646225868,6.115782292e-10,
5160140000,-4.231789312,0.6143424628,27.9702292,-692.0297708,4.185948172,0.5425819862,0.2881344303,145.1396181,106.5145611,98.59085676,-3.128398049e-13,3.040852031e-09,0.9256091916,-1.071957162e-11,-20.64259894,0.09286884683,114.9851828,-2405.014817,1.204752855,-0.03922630282,0.08417790613,46.25103335,45.59820367,7.743507446,-3.983097402e-12,2.388341183e-10,0.1698204496,5.640687202e-10,
5172138000,-4.196857901,0.616818094,28.20948135,-691.7905187,4.219453133,0.5435556741,0.2915678141,145.0139695,105.5954753,99.39138257,-3.096002451e-13,3.058431511e-09,0.9412466042,6.363286738e-12,-20.36785267,0.09585336562,112.6147027,-2407.385297,1.212030576,-0.03685870711,0.08848335103,46.47183332,45.74786682,8.170922472,-3.765988052e-12,2.514323286e-10,0.1786077262,6.571729954e-10,
5184136000,-4.163141403,0.619217084,28.02238845,-691.9776116,4.252336478,0.5466225985,0.2909184283,146.0721204,106.2375816,100.2528832,-3.062293932e-13,3.077801571e-09,0.9436668425,2.719521167e-11,-19.82946203,0.1019827922,110.1398534,-2409.860147,1.227128815,-0.03511398283,0.09574705277,46.63753438,45.78814786,8.860312004,-3.464932114e-12,2.720149419e-10,0.1935066697,8.313888735e-10,
5196134000,-4.135393349,0.6211984059,27.87702159,-692.1229784,4.279808826,0.5491103322,0.2904570579,146.9299682,106.7402549,100.9699635,-3.033525081e-13,3.092658656e-09,0.945940813,5.686183973e-11,-19.09768729,0.1109470185,105.7240527,-2414.275947,1.249584717,-0.03006714776,0.1067951662,47.11304356,46.04861354,9.958115519,-3.075832131e-12,3.050120164e-10,0.2162522333,1.126531146e-09,
5208132000,-4.133764866,0.6213148828,27.54914041,-692.4508596,4.281432803,0.5508667734,0.2873638486,147.9065327,107.979381,101.0781662,-3.02329687e-13,3.088840643e-09,0.9360876611,7.032029196e-11,-18.26627018,0.1220917984,100.4755012,-2419.524499,1.278142517,-0.02219813058,0.1200568625,47.85860232,46.4972676,11.33357501,-2.696318711e-12,3.463419294e-10,0.2437471188,1.522464577e-09,
5220130000,-4.118978265,0.6223734917,27.21809433,-692.7819057,4.296238362,0.553459304,0.2846604327,149.1176844,109.2341936,101.508496,-3.003560748e-13,3.094861411e-09,0.9292739997,8.285631732e-11,-17.34172086,0.1358044362,93.11786162,-2426.882138,1.314290982,-0.007386416626,0.1356034134,49.27991892,47.50010941,13.12440532,-2.323053324e-12,4.001459699e-10,0.2763026335,1.933810573e-09,
5232128000,-4.113782431,0.6227459022,26.83318693,-693.1668131,4.301466602,0.5556914326,0.2811040562,150.3411391,110.7311872,101.6910139,-2.99129465e-13,3.093316433e-09,0.9183592844,9.322644926e-11,-16.49637104,0.1496860913,83.56319496,-2436.436805,1.352072546,0.01678089979,0.1487424866,51.66916076,49.43115138,15.04205594,-2.022248734e-12,4.575609689e-10,0.3043031675,2.374305114e-09,
5244126000,-4.121439883,0.6221971333,26.44560016,-693.5543998,4.293766079,0.5570889342,0.2770941936,151.359906,112.2673702,101.5177754,-2.989543805e-13,3.08098161e-09,0.9042500524,1.017592063e-10,-15.80509149,0.1620859705,72.41685913,-2447.583141,1.386879715,0.0489644542,0.1545132488,55.02217083,52.44441909,16.64398359,-1.823432683e-12,5.051313147e-10,0.3173642473,2.749670304e-09,
5256124000,-4.158949558,0.6195159927,25.92203181,-694.0779682,4.25646272,0.5571863339,0.2708199671,152.2510717,114.3536145,100.5168627,-3.01242057e-13,3.043641199e-09,0.8790003107,1.059518494e-10,-15.39442962,0.169933311,59.54955947,-2460.450441,1.40944496,0.08612099286,0.1464940434,59.20591336,56.68238394,17.10109726,-1.770641147e-12,5.178196255e-10,0.3017003886,2.996167137e-09,
5268122000,-4.215059344,0.6155268935,25.47603936,-694.5239606,4.201924312,0.5556762848,0.2647588018,152.5494383,116.0894169,98.9675624,-3.052610784e-13,2.989903567e-09,0.8525114956,5.693133207e-11,-15.34056065,0.1709904942,45.74169961,-2474.2583,1.412517572,0.119333278,0.1224635369,63.3202688,61.3962575,15.49051343,-1.950286862e-12,4.679830466e-10,0.252303871,3.015202787e-09,
5280120000,-4.273043052,0.6114315539,25.02978881,-694.9702112,4.14709833,0.5540107571,0.2586902127,152.7776952,117.7742257,97.31523982,-3.097387074e-13,2.933304822e-09,0.8262863901,3.142541251e-11,-15.65185543,0.1649708562,32.19435077,-2487.805649,1.395125984,0.1396058781,0.08789529115,66.07858726,65.02539434,11.75065039,-2.56515985e-12,3.541915893e-10,0.1807086371,2.968924976e-09,
5292118000,-4.383075251,0.6037348384,25.66220984,-694.3377902,4.047125495,0.544184155,0.2614562307,149.0225386,115.0744441,94.686796,-3.176151364e-13,2.84760688e-09,0.8228307924,7.014009308e-12,-16.27154926,0.1536110779,20.97693801,-2499.023062,1.362979888,0.1434304418,0.05499155965,66.68461378,66.2655501,7.464220356,-4.029082502e-12,2.244786617e-10,0.1126410381,2.798135592e-09,
5304116000,-4.405187894,0.6021997977,25.15027079,-694.8497292,4.02764953,0.5451090058,0.2559311786,150.0313001,116.9774609,93.94500863,-3.193988937e-13,2.818907524e-09,0.8031035029,-7.468688942e-12,-17.1142938,0.1394072339,7.813848909,-2512.186151,1.323979562,0.1381128388,0.01895311622,66.01766307,65.96838977,2.550174163,-1.176622847e-11,7.652035207e-11,0.03865751721,2.546981833e-09,
5316114000,-4.496804276,0.5958813407,25.26432102,-694.735679,3.949041461,0.5388843947,0.2543190542,148.0974617,116.284165,91.71069267,-3.264418817e-13,2.745654076e-09,0.7886773981,-2.896865878e-12,-18.2058211,0.1229444547,-2.497704956,-2522.497705,1.280357283,0.1228276536,-0.005357841807,64.00221666,63.99842879,-0.6963119052,4.299540316e-11,-2.08463328e-11,0.01088014063,2.238487194e-09,
5328112000,-4.542731484,0.5927388945,25.39003001,-694.60997,3.910854419,0.5354861959,0.2541533611,146.9675906,115.6806242,90.65023932,-3.295170047e-13,2.707794746e-09,0.7836250882,-3.726726092e-11,-19.40691132,0.1070667041,-11.07396619,-2531.073966,1.239808964,0.1050731264,-0.02056495188,61.73536573,61.68199903,-2.566393975,1.16392088e-11,-7.666022917e-11,0.04160685476,1.783190118e-09,
5340110000,-4.606428114,0.5884080346,25.60489211,-694.3951079,3.859181345,0.5306237944,0.2542880336,145.3269379,114.7070291,89.23125214,-3.340049793e-13,2.65941991e-09,0.7779057033,-5.094914896e-11,-20.70095785,0.09224696945,-17.92241927,-2537.922419,1.203242438,0.08777059904,-0.02838706247,59.61299144,59.51549959,-3.407940289,8.745365235e-12,-1.015691704e-10,0.05726139094,1.405050122e-09,
5352108000,-4.657759802,0.5849409282,25.78482392,-694.2151761,3.818591222,0.5267007118,0.2544449836,144.0153991,113.9106383,88.11811197,-3.374660435e-13,2.620356894e-09,0.7735722781,-7.293491859e-11,-21.99993008,0.07943346291,-22.984281,-2542.984281,1.172575169,0.07312740037,-0.03101706539,57.88146816,57.76900723,-3.606405395,8.245570687e-12,-1.072432106e-10,0.06242803137,1.035319304e-09,
5364106000,-4.698956573,0.5821731494,26.16724227,-693.8327577,3.786671793,0.522506599,0.2567341619,142.3995493,112.4611404,87.35057836,-3.396698469e-13,2.591722894e-09,0.7767178781,-9.006957309e-11,-23.29925162,0.06839705757,-26.886572,-2546.886572,1.146837358,0.0610035777,-0.03093090674,56.49004117,56.38124738,-3.504239594,8.466988852e-12,-1.039720418e-10,0.062152573,7.027914645e-10,
5376104000,-4.717615215,0.5809238932,26.68398661,-693.3160134,3.772402835,0.5190537163,0.2608750837,140.8491477,110.6554084,87.14277362,-3.397199812e-13,2.579786994e-09,0.787514816,-1.180121655e-10,-24.48805835,0.05964816426,-28.95105964,-2548.95106,1.126863504,0.05219414183,-0.02887343171,55.50198625,55.40901708,-3.211121803,9.219252097e-12,-9.506250397e-11,0.0579530548,4.259703912e-10,
5388102000,-4.74212918,0.579286678,27.10048929,-692.8995107,3.753830923,0.5156861647,0.2638954998,139.4710273,109.2086389,86.75045039,-3.404964472e-13,2.562453902e-09,0.7943552017,-1.165708022e-10,-25.48194013,0.05319894176,-30.11679553,-2550.116796,1.112376177,0.0460173172,-0.02669333104,54.82009793,54.74169999,-2.930771095,1.007865139e-11,-8.656976182e-11,0.05353818196,2.8174432e-10,
5400100000,-4.689793667,0.5827876187,27.86683834,-692.1331617,3.79372159,0.5152054163,0.2724055571,138.422838,106.7744659,88.09140438,-3.345683047e-13,2.596282004e-09,0.8250231334,-1.035930185e-10,-26.29292507,0.04845669017,-30.56859619,-2550.568596,1.101848628,0.04172222314,-0.02464359792,54.35111337,54.28490781,-2.681847998,1.098965782e-11,-7.904101138e-11,0.04940319707,3.253333005e-10,
5412098000,-4.662480707,0.5846230908,28.09332607,-691.9066739,3.814904141,0.5157438064,0.2753043488,138.2786945,106.0623863,88.72298218,-3.314502482e-13,2.609099314e-09,0.8365169337,-8.329809264e-11,-26.75973515,0.04592120149,-32.16246676,-2552.162467,1.096262912,0.03887422852,-0.02444485841,54.04213884,53.97739624,-2.644516258,1.112008836e-11,-7.776796255e-11,0.04899303121,4.987060149e-10,
5424096000,-4.594364791,0.5892258078,28.42480448,-691.5751955,3.868855049,0.5181902665,0.2804744199,138.4645759,105.019185,90.24084191,-3.251543929e-13,2.647865388e-09,0.8592795869,-4.305252454e-11,-27.25945341,0.04335381595,-34.95425212,-2554.954252,1.090637096,0.03553321051,-0.02483836364,53.68187553,53.61551164,-2.66845866,1.099593807e-11,-7.829846416e-11,0.04977027317,8.074676388e-10,
5436094000,-4.47886368,0.5971133981,28.62044515,-691.3795549,3.964176,0.5241533691,0.2860203765,139.6597456,104.3765329,92.79215443,-3.155163837e-13,2.716717198e-09,0.889013573,1.90353729e-12,-27.66880755,0.04135800891,-38.69422215,-2558.694222,1.086284576,0.03227965524,-0.02585553632,53.3333337,53.2619252,-2.758950427,1.061180539e-11,-8.077501937e-11,0.05179967521,1.194634498e-09,
5448092000,-4.400274818,0.6025405216,28.53305834,-691.4669417,4.031959505,0.5293569482,0.2878129629,141.0444486,104.6432349,94.56918031,-3.089058082e-13,2.762646539e-09,0.9037295188,3.773133201e-11,-28.21478186,0.03883836214,-44.74111261,-2564.741113,1.080815465,0.02758667773,-0.02733850006,52.83474879,52.75571099,-2.888881659,1.011220691e-11,-8.439281055e-11,0.05475960052,1.54936641e-09,
5460090000,-4.265004593,0.6119976723,27.99808959,-692.0019104,4.154608252,0.5403714512,0.2872974862,144.5427372,106.4435973,97.787338,-2.980833419e-13,2.85038126e-09,0.918677501,6.980862407e-11,-29.2733434,0.0343821341,-53.06884099,-2573.068841,1.071212713,0.02065867811,-0.02748363447,52.10781976,52.02909279,-2.863281911,1.01801979e-11,-8.34611645e-11,0.05503232437,1.792504306e-09,
5472088000,-4.249788458,0.6130707231,27.92112132,-692.0788787,4.168903258,0.5417050448,0.2870737814,144.9940489,106.7111698,98.16313183,-2.962911318e-13,2.855061479e-09,0.9198955649,9.423897505e-11,-31.14177654,0.02772752931,-61.22767944,-2581.227679,1.057036541,0.01334609935,-0.02430426946,51.35185322,51.29120064,-2.495108601,1.16567533e-11,-7.256989789e-11,0.04864593868,1.910494957e-09,
5484086000,-4.16765198,0.6188956084,27.41879869,-692.5812013,4.247905939,0.5493715656,0.2849958894,147.730934,108.5108817,100.2487776,-2.894921483e-13,2.909343234e-09,0.9238592117,1.096217228e-10,-33.96065558,0.02004320743,-69.16257872,-2589.162579,1.040906308,0.007129718522,-0.01873225235,50.71783793,50.6822533,-1.899548623,1.527796322e-11,-5.512724508e-11,0.03747956137,-5.748063425e-09,
5496084000,-4.132756449,0.6213870206,26.78748119,-693.2125188,4.282439083,0.5547024445,0.2800482589,150.1527335,110.9216823,101.2038723,-2.861341145e-13,2.93064963e-09,0.9123903481,1.369294529e-10,-39.45427437,0.0106484472,-77.95405702,-2597.954057,1.021526114,0.002222287886,-0.01041397447,50.22269954,50.21180722,-1.045927554,2.768631563e-11,-3.028784501e-11,0.02083031088,-9.614508089e-09,
5508082000,-4.087969664,0.624599334,26.19747508,-693.8025249,4.327641054,0.560439132,0.2757395644,152.692921,113.2561908,102.4117345,-2.821434762e-13,2.959166872e-09,0.9042484461,1.422998556e-10,-52.12924447,0.002474786717,79.43182476,-2440.568175,1.004961853,0.0004538891336,0.002432807832,50.04540926,50.04481687,0.2435003362,-1.18664324e-10,7.035894191e-12,0.004865645464,-9.396416588e-09,
5520080000,-4.077098793,0.625381544,25.57459989,-694.4254001,4.338765263,0.5641091544,0.2699684009,154.7853381,115.8112446,102.6949683,-2.807537687e-13,2.960901261e-09,0.8867443624,1.378360293e-10,-35.99893313,0.01585087874,72.11388132,-2447.886119,1.032212352,0.004868217959,0.01508478739,50.4890915,50.46611798,1.522923956,-1.8932002e-11,4.390894253e-11,0.03017715681,-5.311648879e-09,
5532078000,-4.071944764,0.6257527427,24.95207474,-695.0479253,4.34406054,0.567345589,0.2639800705,156.8005709,118.4297332,102.7658374,-2.799516757e-13,2.956518509e-09,0.8677367975,1.376676312e-10,-30.92420828,0.02843083312,58.73222331,-2461.267777,1.058525598,0.01475669639,0.02430127946,51.49687439,51.43606065,2.501946522,-1.149883426e-11,7.197967135e-11,0.04864187674,2.666160867e-09,
5544076000,-4.066902091,0.6261161346,24.43341934,-695.5665807,4.349254636,0.5700427711,0.258983886,158.5134152,120.6613773,102.7975429,-2.792596713e-13,2.951030449e-09,0.8519506836,1.383651944e-10,-27.95891972,0.03999944948,47.10823755,-2472.891762,1.083332139,0.02722424701,0.02930522707,52.79614453,52.70540585,3.094038097,-9.278233535e-12,8.882119533e-11,0.05870437857,2.925107907e-09,
5556074000,-4.067407159,0.6260797283,23.79494013,-696.2050599,4.348733811,0.57286001,0.2526009404,160.5079505,123.4537742,102.5766435,-2.792567158e-13,2.93833017e-09,0.8308911101,1.279297966e-10,-25.90066628,0.05069518195,34.35517009,-2485.64483,1.106804855,0.04185167576,0.02860836781,54.36424022,54.2750136,3.113440651,-9.200501887e-12,8.918518178e-11,0.0573641616,2.890106954e-09,
5568072000,-4.080980952,0.6251020921,23.16497711,-696.8350229,4.334785705,0.5747038424,0.2459026616,162.2114356,126.2192141,101.8884676,-2.805370712e-13,2.912328228e-09,0.8072342103,1.1835147e-10,-24.69235979,0.05826154679,21.13060752,-2498.869392,1.123731906,0.05434410393,0.0210030046,55.74402283,55.69457282,2.347475026,-1.217627109e-11,6.709903431e-11,0.04214908037,2.828259835e-09,
5580070000,-4.077097233,0.6253816563,22.82347279,-697.1765272,4.338766864,0.5764169729,0.2425813047,163.376656,127.7756756,101.810159,-2.801491887e-13,2.903832758e-09,0.796788266,1.049009038e-10,-24.06809521,0.06260301355,9.305132517,-2510.694867,1.133567772,0.06177923527,0.01012242038,56.58400086,56.57231748,1.149803798,-2.480600036e-11,3.279474237e-11,0.02032449526,2.600549625e-09,
5592068000,-4.096606396,0.6239785782,22.36318732,-697.6368127,4.318845907,0.5770495745,0.2374090449,164.4055776,129.7875516,100.917716,-2.820202382e-13,2.872202796e-09,0.7775608272,9.509151894e-11,-23.89403083,0.06387022684,-1.446974362,-2521.446974,1.136455925,0.06384986008,-0.00161283707,56.82045318,56.82015514,-0.1840340546,1.546498465e-10,-5.23776347e-12,0.003238886874,2.234904112e-09,
5604066000,-4.08714358,0.6246587402,21.93035314,-698.0696469,4.328484274,0.5794575148,0.2332970859,165.9939502,131.8298595,100.8706084,-2.815478724e-13,2.864715716e-09,0.7651575203,1.03061581e-10,-24.08980777,0.06244671704,-10.51854889,-2530.518549,1.133212092,0.06139735362,-0.01139988762,56.54044839,56.52564321,-1.293817321,2.195047534e-11,-3.674428924e-11,0.02288903314,1.827145193e-09,
5616064000,-4.086350615,0.6247157701,21.55790246,-698.4420975,4.329294014,0.5810148473,0.2295463801,167.2013762,133.5721045,100.5723277,-2.817796216e-13,2.850142571e-09,0.7529440977,1.068605964e-10,-24.46837137,0.059783513,-17.22343494,-2537.223435,1.127169676,0.05710266081,-0.01770182348,56.05406609,56.0187175,-1.990380655,1.423809681e-11,-5.640586001e-11,0.03553063589,1.34742877e-09,
5628062000,-4.075658338,0.6254852649,21.0003561,-698.9996439,4.340243822,0.5839394073,0.2241575011,169.2460875,136.2793823,100.3601917,-2.817732598e-13,2.838067633e-09,0.7364297518,1.188389696e-10,-24.97749534,0.05638002095,-22.26639563,-2542.266396,1.119497302,0.05217588191,-0.02136314839,55.50214976,55.4512357,-2.376781043,1.189794847e-11,-6.721255942e-11,0.04286254423,8.853445296e-10,
5640060000,-4.090149249,0.6244426204,20.52038166,-699.4796183,4.325417922,0.5848202073,0.2188924651,170.4346277,138.4712147,99.3664179,-2.839858972e-13,2.803987296e-09,0.717596203,1.276054418e-10,-25.43597178,0.05348123297,-24.67266168,-2544.672662,1.113006176,0.0485987952,-0.02232486026,55.10544755,55.05028587,-2.465030463,1.144759133e-11,-6.955985982e-11,0.04477779586,5.098817294e-10,
5652058000,-4.104169672,0.6234354827,19.88261962,-700.1173804,4.311174867,0.5862733266,0.2120268559,172.1236962,141.4292147,98.10374126,-2.870304369e-13,2.762479677e-09,0.6936596621,1.295542366e-10,-25.82572392,0.05113447532,-25.91419011,-2545.91419,1.107780236,0.0459928819,-0.02234702174,54.81849318,54.76353693,-2.454020514,1.147454129e-11,-6.910217397e-11,0.04481121292,1.924682512e-10,
5664056000,-4.139192067,0.6209267881,19.36095253,-700.6390475,4.276025679,0.5858126387,0.2058485572,172.8700244,143.6135332,96.22472871,-2.920154957e-13,2.703829415e-09,0.6700254952,1.324093925e-10,-26.0494187,0.04983438063,-26.41114748,-2546.411147,1.104896198,0.04463292886,-0.02216680297,54.66940305,54.61548956,-2.427329782,1.157614102e-11,-6.820581106e-11,0.04444398104,-1.069347147e-11,
5676054000,-4.182836761,0.6178145926,18.78216555,-701.2178345,4.233062176,0.5849156726,0.1989183922,173.5169576,145.9206174,93.8898716,-2.986447386e-13,2.63264535e-09,0.6434311565,1.368227486e-10,-26.11355429,0.0494677646,-25.55377407,-2545.553774,1.104084349,0.04462886929,-0.02133831673,54.66913493,54.61917464,-2.336680492,1.199980753e-11,-6.551985777e-11,0.0427813219,-1.12416332e-10,
5688052000,-4.241236246,0.6136746558,18.21104249,-701.7889575,4.176983675,0.5829368204,0.1917843754,173.676889,147.9201575,91.01257469,-3.074363201e-13,2.546583812e-09,0.6152817588,1.405292252e-10,-25.88706467,0.05077462992,-24.62192921,-2544.621929,1.10698119,0.04615803384,-0.0211541711,54.83689586,54.78762939,-2.323965101,1.204001344e-11,-6.502587062e-11,0.0424176977,-8.940470417e-11,
5700050000,-4.240249024,0.6137444089,17.50269583,-702.4973042,4.177918575,0.585329762,0.1845840438,175.8150698,151.2740767,89.59404265,-3.116465569e-13,2.501615733e-09,0.5922630274,1.375070143e-10,-25.32803117,0.05414999756,-24.38101118,-2544.381011,1.11450018,0.04932092898,-0.02235325928,55.18523636,55.12984641,-2.471911695,1.129557944e-11,-6.901991478e-11,0.04483799351,1.046439849e-11,
5712048000,-4.393725987,0.6029949856,16.96576203,-703.034238,4.037719745,0.5767522195,0.1759540562,173.0650559,151.4520585,83.74835843,-3.326993714e-13,2.333482705e-09,0.5529694298,1.197385628e-10,-24.82553994,0.0573750402,-25.06670918,-2545.066709,1.121734608,0.05197117896,-0.02430826599,55.47860124,55.41272127,-2.702871907,1.030867431e-11,-7.531019076e-11,0.04877710109,1.366207563e-10,
5724046000,-4.425893023,0.6007660038,16.43514929,-703.5648507,4.00959342,0.5762190568,0.1699746743,173.6053986,153.2701136,81.52979015,-3.41036366e-13,2.266905107e-09,0.531935341,1.03332829e-10,-24.13419073,0.06212844207,-25.55737743,-2545.557377,1.132488168,0.05604940434,-0.02680312644,55.93321787,55.85240363,-3.005639672,9.250817259e-12,-8.357067902e-11,0.05381397177,2.917885139e-10,
5736044000,-4.506522373,0.5952150192,16.15889386,-703.8411061,3.940894784,0.5717002149,0.1656495801,172.0760069,153.1007167,78.55140163,-3.532268585e-13,2.179523702e-09,0.5130701105,8.596117605e-11,-23.35850026,0.06793209167,-26.98426259,-2546.984263,1.1457664,0.06053640555,-0.03082389789,56.43718614,56.32925646,-3.488673924,7.953298426e-12,-9.679836832e-11,0.06193360507,4.919620651e-10,
5748042000,-4.606139728,0.588427571,15.67451281,-704.3254872,3.859411999,0.5665451405,0.1589767595,170.5250912,153.350309,74.58209884,-3.712492612e-13,2.065070105e-09,0.4863511481,7.383840767e-11,-22.58076502,0.07429536983,-29.72381593,-2549.723816,1.160516362,0.06451999324,-0.03683710698,56.88696161,56.73149458,-4.202847154,6.588045693e-12,-1.163707397e-10,0.07408313821,7.03386826e-10,
5760040000,-4.665907391,0.5843924957,15.48962833,-704.5103717,3.812232646,0.5631666665,0.1560701598,169.3272994,153.0071492,72.52962581,-3.809598398e-13,2.004056998e-09,0.4740276921,7.322810937e-11,-21.76583691,0.08160338133,-33.60809947,-2553.608099,1.177708366,0.06796280521,-0.04516822945,57.27585535,57.04046568,-5.187377008,5.326559953e-12,-1.433317637e-10,0.0909420522,8.885700548e-10,
5772038000,-4.769240849,0.5774813427,15.17513827,-704.8248617,3.733518782,0.5573446679,0.1511675307,167.2522963,152.3147663,69.09082852,-3.990897276e-13,1.90507181e-09,0.4536055841,5.618825883e-11,-20.94305411,0.08971132989,-37.43608224,-2557.436082,1.197105232,0.07123366362,-0.0545333648,57.64510383,57.29978544,-6.300205029,4.376594065e-12,-1.737183249e-10,0.1099516338,1.053075602e-09,
5784036000,-4.848887786,0.5722102205,14.82711759,-705.1728824,3.675193508,0.5531569821,0.1464304942,165.8831242,152.0902996,66.22500801,-4.154962656e-13,1.822263447e-09,0.4354321623,3.731089636e-11,-20.13534429,0.09845386851,-42.31804377,-2562.318044,1.218411161,0.07279867194,-0.06628361478,57.81421787,57.30306827,-7.670863951,3.587111399e-12,-2.110733605e-10,0.1338648031,1.223205457e-09,
5796034000,-4.951207077,0.5655091629,14.79230406,-705.2076959,3.603089016,0.5467668836,0.1443834766,163.2932725,150.3091147,63.81115001,-4.303210943e-13,1.752208484e-09,0.4245328045,1.715830839e-11,-19.30455966,0.1083358055,-48.1114857,-2568.111486,1.242996873,0.07233401192,-0.08065009285,57.7428463,56.98876231,-9.301465965,2.952145823e-12,-2.554115946e-10,0.1632157918,1.425058205e-09,
5808032000,-5.031512694,0.5603048288,14.87526439,-705.1247356,3.548605787,0.541527332,0.1438389721,161.1031702,148.5702925,62.2984722,-4.398592556e-13,1.707137598e-09,0.4193198462,-1.097235665e-12,-18.59163073,0.1176030171,-54.68723206,-2574.687232,1.266553534,0.06797918687,-0.09596509665,57.22205193,56.16817843,-10.93155792,2.506738729e-12,-2.995526676e-10,0.1946219057,1.636243091e-09,
5820030000,-5.091246137,0.5564647943,14.78050718,-705.2194928,3.509224915,0.5380515072,0.1419635268,159.8059845,147.7942146,60.78505441,-4.498814628e-13,1.662232304e-09,0.4112816905,-1.2269293e-11,-17.93877245,0.1267831032,-62.02761511,-2582.027615,1.290381699,0.05946710107,-0.1119715104,56.23924027,54.83683235,-12.48094402,2.191025706e-12,-3.413047589e-10,0.2276014768,1.838735531e-09,
5832028000,-5.136513428,0.5535722721,14.85671237,-705.1432876,3.480008465,0.53506639,0.1419373762,158.5642207,146.7477602,60.06419036,-4.543441117e-13,1.639140415e-09,0.4093022631,-2.245336883e-11,-17.40125494,0.1348767998,-70.69693936,-2590.696939,1.311809462,0.04458552351,-0.1272944705,54.58863975,52.84103166,-13.70200578,1.991665429e-12,-3.739251508e-10,0.2593061745,2.026134483e-09,
5844026000,-5.152200117,0.5525734246,15.06655263,-704.9334474,3.470007169,0.533578459,0.1436364076,157.8045491,145.826945,60.30570295,-4.515955024e-13,1.642352502e-09,0.4135429357,-3.429904611e-11,-17.01405046,0.1410254443,-79.81670006,-2599.8167,1.328357676,0.02493299793,-0.1388038961,52.50747888,50.52007285,-14.30935281,1.903215651e-12,-3.896978268e-10,0.2832409378,2.180516102e-09,
5856024000,-5.124767351,0.5543213837,15.2171536,-704.7828464,3.487538614,0.5348857426,0.1454972126,158.1816598,145.8369955,61.26180076,-4.436367604e-13,1.664972414e-09,0.4200703706,-1.403648686e-11,-16.75135963,0.1453556838,-89.54990032,-2609.5499,1.340154801,0.001141862004,-0.1453511987,50.11194889,48.03832559,-14.26627826,1.90505094e-12,-3.877287227e-10,0.2969770093,2.249775978e-09,
5868022000,-5.076858878,0.5573872832,15.34102248,-704.6589775,3.518622995,0.5375265956,0.1474643771,159.0992401,146.2731921,62.58371562,-4.33378193e-13,1.697421669e-09,0.4278549931,7.318685651e-13,-16.76953701,0.145051809,-99.69243258,-2619.692433,1.339323039,-0.02442080506,-0.142981298,47.66280444,45.75085404,-13.36421647,2.029480564e-12,-3.624698599e-10,0.2921085683,2.272671844e-09,
5880020000,-5.066152705,0.5580747389,15.02261503,-704.977385,3.525652132,0.5390017497,0.1446531299,159.9660357,147.4770903,61.96483213,-4.368134988e-13,1.677206767e-09,0.4201658171,1.871047155e-11,-16.98788952,0.1414508378,-109.346135,-2629.346135,1.329511329,-0.04685901902,-0.1334637473,45.5988941,43.99606942,-11.98353114,2.25868943e-12,-3.243591378e-10,0.2723773124,2.182861033e-09,
5892018000,-4.993195808,0.5627820143,15.14801619,-704.8519838,3.574377234,0.5432275784,0.1470625505,161.5272628,148.3651879,63.86570004,-4.229493772e-13,1.725137611e-09,0.4304628392,4.110457618e-11,-17.38942074,0.1350606897,-119.0001129,-2639.000113,1.312300963,-0.0654789545,-0.1181266118,43.93428128,42.71489771,-10.27903619,2.627868757e-12,-2.776568945e-10,0.2406428844,1.98618205e-09,
5904016000,-4.901235933,0.5687719933,14.90957792,-705.0904221,3.637917689,0.5496231932,0.1463418118,164.3436272,150.8322745,65.25682157,-4.130919091e-13,1.759132381e-09,0.432644948,6.277964819e-11,-18.02315273,0.1255574144,-127.0380002,-2647.038,1.287171317,-0.07562882655,-0.1002244726,43.0342941,42.16865955,-8.588051068,3.138903668e-12,-2.315086509e-10,0.20365957,1.713237696e-09,
5916014000,-4.813729472,0.5745310787,14.50983017,-705.4901698,3.700695867,0.5562062196,0.1439465236,167.4882508,153.8804619,66.12955164,-4.068135037e-13,1.779043293e-09,0.4297462512,1.137279857e-10,-18.7416345,0.1155894706,-133.740882,-2653.740882,1.261393249,-0.07991833936,-0.08351038712,42.64737963,42.0491429,-7.118185957,3.779389126e-12,-1.914962474e-10,0.1692825458,1.371803436e-09,
5928012000,-4.734379049,0.5798037869,13.98589365,-706.0141064,3.759681162,0.5626156536,0.1401287182,170.7972226,157.3490165,66.43025097,-4.04152402e-13,1.783515758e-09,0.4221840875,1.54686223e-10,-19.56610144,0.1051223178,-138.975517,-2658.975517,1.234942316,-0.07930734317,-0.06900034072,42.68448836,42.27488085,-5.899152136,4.551153264e-12,-1.58380115e-10,0.1395427265,1.046055009e-09,
5940010000,-4.651897892,0.5853358248,13.15374326,-706.8462567,3.823180105,0.569978334,0.1332018264,174.9990497,162.1872993,65.72630644,-4.076558962e-13,1.761052012e-09,0.4052494044,1.873500828e-10,-20.36850006,0.09584622157,-142.6573702,-2662.65737,1.212013097,-0.07619989185,-0.05813840961,42.94183797,42.64915647,-5.005087484,5.35329631e-12,-1.341048944e-10,0.1173548998,7.583999692e-10,
5952008000,-4.603741693,0.5885900489,12.24695583,-707.7530442,3.861331124,0.5751951392,0.124855106,178.4362925,166.6841446,63.68599878,-4.198678886e-13,1.702944874e-09,0.3820759254,2.335271806e-10,-21.02635753,0.08885505166,-145.1707785,-2665.170778,1.195040431,-0.0729373828,-0.05074798908,43.21844843,42.99404526,-4.398449405,6.079348284e-12,-1.176132433e-10,0.1023036883,5.814084717e-10,
5964006000,-4.549103918,0.5923041889,11.33321175,-708.6667882,3.905618222,0.5807547979,0.1163963787,182.144709,171.4541705,61.48302557,-4.340370759e-13,1.640730649e-09,0.3585974339,2.47281216e-10,-21.51331524,0.08401062934,-147.0219604,-2667.02196,1.18343145,-0.07047477428,-0.04572845977,43.42939281,43.24633582,-3.983289862,6.699465407e-12,-1.062977253e-10,0.09210699095,4.603269821e-10,
5976004000,-4.592569629,0.589347599,9.852812997,-710.147187,3.870299053,0.5806550681,0.1008478274,183.6153083,175.4294718,54.21329971,-4.912509583e-13,1.443826783e-09,0.3090318813,2.566597857e-10,-21.90663779,0.08029122994,-149.3495518,-2669.349552,1.174601423,-0.06907402237,-0.04093239595,43.54905081,43.40196995,-3.576147523,7.44721387e-12,-9.52411604e-11,0.08239597251,4.092171917e-10,
5988002000,-4.589277976,0.5895709837,9.01043062,-710.9895694,3.872949818,0.5822955867,0.09233522911,185.2537425,178.2503211,50.45564523,-5.267789722e-13,1.341059229e-09,0.2830606135,2.566597857e-10,-22.22580373,0.07739444917,-150.5093891,-2670.509389,1.167773647,-0.06736694405,-0.03809981118,43.69710339,43.56927194,-3.339968146,7.957852222e-12,-8.877292296e-11,0.07665880098,4.092171917e-10,
6000000000,-4.647151196,0.5856557886,7.865418999,-712.134581,3.826904648,0.5801460782,0.0801450601,185.0781789,179.8044151,43.8668968,-6.046888608e-13,1.163605577e-09,0.2439700759,2.566597857e-10,-22.46388128,0.07530190027,-152.2646823,-2672.264682,1.162868076,-0.06665023331,-0.03504457995,43.75866255,43.65035462,-3.076863659,8.621059231e-12,-8.161634342e-11,0.07048885823,4.092171917e-10,
