Frequency,S11_Magnitude,S11_Magnitude (linear),S11_Phase,S11_Unwrapped Phase,S11_VSWR,S11_Real,S11_Imaginary,S11_Impedance (absolute),S11_Resistance,S11_Reactance,S11_Capacitance,S11_Inductance,S11_Quality Factor,S11_Group delay,S21_Magnitude,S21_Magnitude (linear),S21_Phase,S21_Unwrapped Phase,S21_VSWR,S21_Real,S21_Imaginary,S21_Impedance (absolute),S21_Resistance,S21_Reactance,S21_Capacitance,S21_Inductance,S21_Quality Factor,S21_Group delay,
1000000,-34.61295604,0.01859311683,-91.28354418,-91.28354418,1.037890741,-0.0004164895037,-0.01858845152,49.95838276,49.92387038,-1.856656742,8.572125342e-08,-2.954960981e-07,0.03718975968,2.516362529e-09,0.02434331572,1.002806559,-0.6770723282,-0.6770723282,nan,1.002736541,-0.0118500311,8233.791731,-1900.115748,-8011.547067,1.986569407e-11,-0.001275077318,-4.21634686,2.399658339e-09,
12998000,-13.80762634,0.2039946055,-105.7076964,-105.7076964,1.512545786,-0.0552274106,-0.1963765062,44.95135091,41.5941457,-17.04555638,7.183439155e-10,-2.087155374e-07,0.4098066228,2.516362529e-09,-0.2324773482,0.973590063,-12.92934272,-12.92934272,74.7290712,0.9489063751,-0.2178400837,438.2184473,52.05486309,-435.1157304,2.81409539e-11,-5.327805763e-06,8.358791177,2.399658339e-09,
24996000,-8.674623645,0.3683569071,-117.063295,-117.063295,2.166345081,-0.1675930081,-0.3280234666,36.8861498,29.38096255,-22.30127993,2.855090156e-10,-1.419970771e-07,0.7590384383,2.516362529e-09,-0.7190291514,0.920552459,-23.81833975,-23.81833975,24.17384395,0.8421494208,-0.3717541966,232.6547601,46.77079827,-227.9050895,2.793801794e-11,-1.451121041e-06,4.872807348,2.399658339e-09,
36994000,-5.964100237,0.5032629837,-126.6841248,-126.6841248,3.026275342,-0.3006508023,-0.4035873213,29.64573739,20.13200529,-21.76171198,1.976950436e-10,-9.362285863e-08,1.080951036,2.117338426e-09,-1.379506274,0.8531486076,-33.70210515,-33.70210515,12.61921032,0.7097631081,-0.473390829,159.747051,44.12996889,-153.5306684,2.802164965e-11,-6.6051697e-07,3.479056801,2.111634731e-09,
48992000,-4.315307023,0.6084636648,-135.1397017,-135.1397017,4.10808275,-0.4312965598,-0.4291984493,23.84068759,14.10260666,-19.22224935,1.690015765e-10,-6.244521559e-08,1.363028114,1.828207366e-09,-2.109050962,0.7844178213,-42.11467245,-42.11467245,8.277204694,0.5818843811,-0.5260436155,124.0426945,42.5971679,-116.4992332,2.788508006e-11,-3.784582958e-07,2.734905604,1.847024955e-09,
60990000,-3.253731445,0.6875644722,-142.3963807,-142.3963807,5.401320662,-0.5447237089,-0.4195485483,19.33891599,10.28913974,-16.37459237,1.593642858e-10,-4.272991173e-08,1.591444259,1.584234358e-09,-2.876183206,0.7181097771,-49.38488468,-49.38488468,6.094960512,0.4674711528,-0.5451168437,102.7111794,41.69842727,-93.86600841,2.780053465e-11,-2.449457161e-07,2.251068315,1.607770254e-09,
72988000,-2.539451946,0.7464958586,-148.6898646,-148.6898646,6.889417463,-0.6377813646,-0.3879316924,15.76699372,7.814547364,-13.69419367,1.592326792e-10,-2.986105408e-08,1.752397552,1.370157796e-09,-3.639221474,0.6577167866,-55.86603971,-55.86603971,4.843114478,0.3690644251,-0.5444105266,88.39903498,40.85235786,-78.39307522,2.781576233e-11,-1.709410509e-07,1.918936368,1.41299615e-09,
84986000,-2.036593098,0.79098882,-154.1228022,-154.1228022,8.568866124,-0.7116775918,-0.3452221294,12.87942998,6.138642436,-11.32240194,1.653994933e-10,-2.120368338e-08,1.844447214,1.195709817e-09,-4.399753465,0.602576689,-61.54847104,-61.54847104,4.032417437,0.2870766508,-0.5297977564,78.35010725,40.36409633,-67.1526547,2.788749829e-11,-1.257580888e-07,1.663672937,1.24479377e-09,
96984000,-1.666367522,0.8254326129,-158.8669668,-158.8669668,10.45689371,-0.7699188258,-0.2975970432,10.47955931,4.946344708,-9.238768174,1.776257685e-10,-1.516121858e-08,1.867797074,1.056764182e-09,-5.123371786,0.5544104539,-66.54850933,-66.54850933,3.488435641,0.2206401141,-0.5086146788,71.0460445,39.98594085,-58.72533502,2.794438374e-11,-9.637081738e-08,1.468649574,1.092952387e-09,
108982000,-1.376544808,0.8534395394,-163.1308571,-163.1308571,12.64624532,-0.8167160404,-0.2476569335,8.40193742,4.040122397,-7.366815013,1.982374002e-10,-1.075833646e-08,1.82341382,9.488321147e-10,-5.811922009,0.5121579277,-70.92671405,-70.92671405,3.099687406,0.167361576,-0.4840411613,65.60698752,39.76434359,-52.18307955,2.79856664e-11,-7.62070347e-08,1.312308335,9.563871115e-10,
120980000,-1.156176717,0.8753690031,-167.0081392,-167.0081392,15.04737224,-0.8529613165,-0.1967940144,6.591745238,3.365726978,-5.667714459,2.321125321e-10,-7.456147894e-09,1.683949558,8.648494717e-10,-6.462932852,0.4751747527,-74.78075513,-74.78075513,2.810792279,0.1247396923,-0.4585096017,61.46269298,39.64968284,-46.9634462,2.801215968e-11,-6.178264677e-08,1.184459568,8.357952681e-10,
132978000,-0.9863414852,0.8926535279,-170.5435739,-170.5435739,17.63125971,-0.8805231131,-0.1466607251,5.014407043,2.855209791,-4.122142046,2.903470258e-10,-4.933592645e-09,1.443726502,7.950708504e-10,-7.081789615,0.4424971921,-78.08686675,-78.08686675,2.587425878,0.09134401936,-0.432966552,58.32336461,39.6892583,-42.73613969,2.800561051e-11,-5.114882071e-08,1.076768414,7.428766856e-10,
144976000,-0.8526207609,0.9065024077,-173.8382435,-173.8382435,20.39092518,-0.9012653887,-0.09730012565,3.640734028,2.459157584,-2.684676561,4.089140638e-10,-2.947243304e-09,1.091705785,7.369431965e-10,-7.66119158,0.4139428839,-81.0186019,-81.0186019,2.412636661,0.06462219225,-0.4088675622,55.85796723,39.75855717,-39.23480133,2.798031251e-11,-4.307204346e-08,0.9868265883,6.71936397e-10,
156974000,-0.7456504003,0.9177353912,-176.886473,-176.886473,23.31179129,-0.916380699,-0.04984639049,2.539062317,2.146418598,-1.356364498,7.475082545e-10,-1.375209362e-09,0.6319198403,6.872603153e-10,-8.21216397,0.3885006963,-83.85125271,-83.85125271,2.270649677,0.04161231585,-0.3862657197,53.75625474,39.76120261,-36.17708793,2.802585051e-11,-3.667972003e-08,0.9098589972,6.166871479e-10,
168972000,-0.6607700644,0.9267476571,-179.7520097,-179.7520097,26.302881,-0.9267389764,-0.004011181052,1.904009656,1.90094134,-0.1080499616,8.717275469e-09,-1.017723972e-10,0.05684023983,6.452964673e-10,-8.725469866,0.3662068863,-86.40996935,-86.40996935,2.155603866,0.02293072676,-0.3654882561,52.06450526,39.78385827,-33.58507599,2.804523296e-11,-3.163382606e-08,0.8441885088,5.629422404e-10,
180970000,-0.5932437453,0.9339805081,177.5709605,-182.4290395,29.29408351,-0.9331413058,0.03958399796,2.009209245,1.707595561,1.058791383,-8.306214594e-10,9.311592105e-10,0.6200481001,6.096135925e-10,-9.205031444,0.3465360556,-88.70940535,-88.70940535,2.060612628,0.007805108245,-0.3464481464,50.7017545,39.83390986,-31.36761921,2.803702882e-11,-2.758640466e-08,0.7874602148,5.087559516e-10,
192968000,-0.5371881105,0.9400275771,174.9969591,-185.0030409,32.34866101,-0.9364461388,0.08197850226,2.675920315,1.548606251,2.182285089,-3.779404282e-10,1.79989148e-09,1.409193,5.792733854e-10,-9.644978439,0.3294208459,-90.74705139,-90.74705139,1.98249653,-0.004295034094,-0.3293928451,49.61403238,39.90132454,-29.48620879,2.797150921e-11,-2.431945132e-08,0.7389781952,4.629957632e-10,
204966000,-0.4962112178,0.9444727652,172.5735836,-187.4264164,35.01836118,-0.936550221,0.1220757457,3.545166021,1.433831202,3.242272382,-2.394907858e-10,2.51760622e-09,2.261265048,5.527686517e-10,-10.04692216,0.3145240736,-92.67000873,-92.67000873,1.917680874,-0.01465165702,-0.3141826249,48.68404003,39.9331537,-27.8474234,2.788388532e-11,-2.162336722e-08,0.6973509683,4.294964019e-10,
216964000,-0.4556059803,0.9488983708,170.236459,-189.763541,38.13769545,-0.9351545348,0.1609164818,4.467189823,1.320596015,4.267529856,-1.71892087e-10,3.130466213e-09,3.231518047,5.300904042e-10,-10.40846517,0.3017009942,-94.42870936,-94.42870936,1.864102603,-0.02329693279,-0.300800171,47.90838056,39.95088971,-26.44124314,2.774281865e-11,-1.939609588e-08,0.6618436618,4.065016049e-10,
228962000,-0.4260852533,0.9521288777,168.0133976,-191.9866024,40.77884084,-0.931368841,0.1977409458,5.390580504,1.2396323,5.246109981,-1.325010533e-10,3.646650254e-09,4.231988777,5.111462443e-10,-10.72451412,0.2909204791,-96.14415245,-96.14415245,1.820558119,-0.03113730097,-0.2892493624,47.20710989,39.90573855,-25.21989799,2.75621693e-11,-1.753073187e-08,0.6319867496,3.96345568e-10,
240960000,-0.4011671336,0.9548642711,165.8290077,-194.1709923,43.31079434,-0.9258071973,0.2337665708,6.32126157,1.172273591,6.211611906,-1.063336847e-10,4.102791913e-09,5.298773216,4.953427307e-10,-10.99803365,0.2819021041,-97.78895078,-97.78895078,1.78513558,-0.03820464423,-0.2793012737,46.57762488,39.81956297,-24.16355819,2.733469867e-11,-1.596011674e-08,0.6068263032,3.992960148e-10,
252958000,-0.3763160037,0.9576001376,163.7383905,-196.2616095,46.16996443,-0.9192895579,0.2681505776,7.225069938,1.105049548,7.140063103,-8.811902085e-11,4.49235184e-09,6.461305843,4.830936186e-10,-11.23328731,0.2743693754,-99.54952544,-99.54952544,1.756223252,-0.04551789905,-0.2705673207,45.93178337,39.64289062,-23.1984902,2.712139299e-11,-1.459591864e-08,0.585186646,4.133115098e-10,
264956000,-0.3572816995,0.9597009286,161.6763429,-198.3236571,48.62893513,-0.9110400135,0.3017150413,8.1292921,1.054927776,8.060553171,-7.452148933e-11,4.841848765e-09,7.640857843,4.722690009e-10,-11.44669927,0.2677102726,-101.3493793,-101.3493793,1.731159438,-0.05268302478,-0.2624753112,45.3035204,39.43516278,-22.29970621,2.693687628e-11,-1.339508625e-08,0.5654777268,4.369819591e-10,
276954000,-0.3325634742,0.9624359265,159.656647,-200.343353,52.242362,-0.9024050987,0.3345862378,9.021761265,0.9878752047,8.967512414,-6.408265595e-11,5.153288734e-09,9.077576167,4.619813178e-10,-11.63747621,0.2618943863,-103.2899789,-103.2899789,1.709639329,-0.06020415664,-0.2548806174,44.6503744,39.16794339,-21.43660758,2.680750723e-11,-1.231880406e-08,0.5472997999,4.568340363e-10,
288952000,-0.3147122182,0.9644159605,157.6705692,-202.3294308,55.20497363,-0.8920989242,0.3664118644,9.909684703,0.9409839065,9.864907511,-5.583434285e-11,5.433597253e-09,10.48360917,4.521610131e-10,-11.81829741,0.256498677,-105.3559612,-105.3559612,1.689975039,-0.06792470099,-0.2473414771,43.98560917,38.87219433,-20.58364209,2.675914329e-11,-1.133748299e-08,0.529520971,4.750223155e-10,
300950000,-0.2920827432,0.9669318434,155.764144,-204.235856,59.48114581,-0.8817097638,0.3969194908,10.76822632,0.8793426841,10.73226232,-4.927589316e-11,5.675669042e-09,12.20486906,4.410332073e-10,-12.00279738,0.2511077582,-107.4122051,-107.4122051,1.670611189,-0.07514250415,-0.2396011484,43.36700483,38.61015071,-19.74723703,2.678054709e-11,-1.04431646e-08,0.5114519541,4.811694493e-10,
312948000,-0.2744802498,0.9688933776,153.8575442,-206.1424558,63.29499078,-0.869776881,0.4268987637,11.63566711,0.8325243633,11.60584561,-4.381987782e-11,5.902347027e-09,13.94054771,4.317389375e-10,-12.18877996,0.2457881845,-109.5470382,-109.5470382,1.651774951,-0.08223596508,-0.2316227055,42.76239345,38.35417685,-18.90977028,2.689439e-11,-9.61688016e-09,0.4930302729,4.779532315e-10,
324946000,-0.255129462,0.971054325,152.0384299,-207.9615701,68.09495109,-0.8576956594,0.4553072127,12.47014396,0.7797735028,12.44573998,-3.935393945e-11,6.095785263e-09,15.96071158,4.25497281e-10,-12.38528693,0.2402899758,-111.5859683,-111.5859683,1.632583402,-0.08840192284,-0.2234376256,42.2365961,38.16232555,-18.09881099,2.706193781e-11,-8.864596682e-09,0.4742585975,4.713801325e-10,
336944000,-0.2376434006,0.9730111791,150.2094194,-209.7905806,73.10475638,-0.8444249732,0.4834224026,13.31705725,0.7323307726,13.29690586,-3.552317787e-11,6.280771567e-09,18.15696725,4.189623625e-10,-12.58324898,0.2348754099,-113.5911488,-113.5911488,1.613953369,-0.09399889252,-0.2152455955,41.75971629,38.001155,-17.3143329,2.728077107e-11,-8.178396608e-09,0.4556264908,4.612356093e-10,
348942000,-0.2105087855,0.9760556072,148.3989969,-211.6010031,82.52686238,-0.8313238962,0.5114539354,14.16192894,0.6543720901,14.14680276,-3.22410062e-11,6.452457969e-09,21.61889692,4.108897817e-10,-12.77415056,0.2297695492,-115.5702636,-115.5702636,1.596625462,-0.09917259099,-0.2072651513,41.31999137,37.85373895,-16.56611404,2.753253748e-11,-7.555923154e-09,0.4376348149,4.440531567e-10,
360940000,-0.2011603927,0.9771066755,146.629182,-213.370818,86.36171114,-0.8160092675,0.5374628645,14.9979293,0.6309677153,14.98465092,-2.94264917e-11,6.607417477e-09,23.74868088,4.05153229e-10,-12.98143359,0.2243511605,-117.5159192,-117.5159192,1.578486421,-0.1036491244,-0.1989731193,40.93701015,37.75614764,-15.82125519,2.787046292e-11,-6.976314536e-09,0.4190378567,4.168711686e-10,
372938000,-0.1817958706,0.9792874897,144.9548086,-215.0451914,95.56000022,-0.8017420679,0.5623287686,15.79520329,0.5753845503,15.78471981,-2.703626016e-11,6.736283734e-09,27.43333967,3.995421526e-10,-13.1966218,0.2188612675,-119.2135327,-119.2135327,1.560364653,-0.1068187042,-0.1910236081,40.66037177,37.73568454,-15.14212486,2.818361329e-11,-6.462050047e-09,0.4012680582,3.860192176e-10,
384936000,-0.1630782355,0.9814000781,143.1816624,-216.8183376,106.5273334,-0.7856496376,0.5881332844,16.64820979,0.5213531768,16.64004447,-2.484718079e-11,6.879962723e-09,31.91702901,3.959008138e-10,-13.39528418,0.2139123166,-120.7724308,-120.7724308,1.544245435,-0.1094438509,-0.1837947842,40.43005273,37.72760853,-14.5332969,2.844902957e-11,-6.00891068e-09,0.3852164892,3.578202741e-10,
396934000,-0.1462060849,0.983308279,141.4940846,-218.5059154,118.8198799,-0.7694818778,0.6122032435,17.46867124,0.4721357741,17.46228973,-2.296152039e-11,7.001692293e-09,36.98573734,3.932065282e-10,-13.57969197,0.2094186722,-122.2786333,-122.2786333,1.529784008,-0.1118373399,-0.1770553294,40.2203382,37.71678662,-13.96852219,2.870459139e-11,-5.600828737e-09,0.3703529234,3.309409886e-10,
408932000,-0.1363618398,0.9844233537,139.8095117,-220.1904883,127.397343,-0.7520041208,0.6352787904,18.29683013,0.4450013282,18.29141784,-2.127755219e-11,7.11895759e-09,41.10418707,3.905246764e-10,-13.76448889,0.2050102407,-123.7109987,-123.7109987,1.515755677,-0.1137815286,-0.1705372761,40.04740588,37.7274986,-13.43244457,2.897436841e-11,-5.227861727e-09,0.356038568,2.984420051e-10,
420930000,-0.121642606,0.986092986,138.1490385,-221.8509615,142.8123235,-0.734523764,0.6579165731,19.12176319,0.401296087,19.11755185,-1.977779975e-11,7.228405857e-09,47.63951724,3.908357329e-10,-13.93863613,0.2009408307,-124.8913827,-124.8913827,1.502943558,-0.1149426795,-0.1648192885,39.93903625,37.7726149,-12.97521407,2.914041421e-11,-4.905968822e-09,0.3435084941,2.590924253e-10,
432928000,-0.1130014422,0.9870744895,136.4202583,-223.5797417,153.7327662,-0.7150522061,0.6804530772,19.99089877,0.37721475,19.98733955,-1.839286851e-11,7.347835874e-09,52.98663309,3.91169632e-10,-14.09647603,0.1973223134,-125.911329,-125.911329,1.491660144,-0.1157359524,-0.1598164094,39.86208676,37.82500994,-12.57992781,2.922310157e-11,-4.624689776e-09,0.3325822739,2.225809732e-10,
444926000,-0.1034935041,0.9881555741,134.7480664,-225.2519336,167.8557987,-0.6956523906,0.7017971146,20.84164744,0.3496179635,20.83871482,-1.716569592e-11,7.454238394e-09,59.60424519,3.906906515e-10,-14.21353322,0.1946808971,-126.7739318,-126.7739318,1.483487593,-0.1165475146,-0.1559401441,39.78720832,37.84825404,-12.2691325,2.915536548e-11,-4.38880417e-09,0.3241664063,1.966129372e-10,
456924000,-0.09475839738,0.9891498287,133.0621419,-226.9378581,183.3288875,-0.6753827693,0.7226863072,21.71003783,0.3241428428,21.70761788,-1.604589676e-11,7.561158284e-09,66.96929566,3.878600019e-10,-14.2877355,0.1930248506,-127.5766719,-127.5766719,1.478391065,-0.1177109029,-0.1529795291,39.68746095,37.82337687,-12.02026284,2.897758559e-11,-4.186876261e-09,0.3177998327,1.851142301e-10,
468922000,-0.0896513614,0.9897315894,131.3905852,-228.6094148,193.7721104,-0.6543992422,0.7425161621,22.58222425,0.3106614966,22.58008728,-1.503120877e-11,7.663817236e-09,72.68389397,3.885182161e-10,-14.32837375,0.1921238639,-128.3048429,-128.3048429,1.475627031,-0.1190870861,-0.1507642034,39.5733048,37.76563341,-11.82384818,2.870520669e-11,-4.013085085e-09,0.3130848635,1.836564939e-10,
480920000,-0.09446193615,0.9891835903,129.7226192,-230.2773808,183.9042391,-0.6321590518,0.7608279099,23.46439584,0.331747402,23.46205055,-1.410526751e-11,7.7644958e-09,70.72263539,3.891984197e-10,-14.32854052,0.1921201751,-129.1436744,-129.1436744,1.475615727,-0.1212791602,-0.1490017685,39.39686476,37.63632523,-11.64559898,2.841747341e-11,-3.853977049e-09,0.3094244432,1.999444836e-10,
492918000,-0.0913833132,0.9895342583,128.0272329,-231.9727671,190.0996901,-0.6095886775,0.7794739846,24.37326094,0.325510287,24.37108721,-1.324861715e-11,7.86901472e-09,74.87040559,3.88314459e-10,-14.2829229,0.1931318297,-129.9567496,-129.9567496,1.478719664,-0.124031032,-0.1480412333,39.17971127,37.44859894,-11.51747423,2.803420242e-11,-3.718798979e-09,0.307554209,2.328522622e-10,
504916000,-0.08764929009,0.9899597458,126.3385332,-233.6614668,198.1981448,-0.5866056538,0.7974422269,25.29166574,0.3168130999,25.2896814,-1.246400575e-11,7.971579043e-09,79.82523893,3.887256053e-10,-14.19422296,0.1951141886,-131.0687995,-131.0687995,1.48482452,-0.1281831529,-0.1471007339,38.85533825,37.15635857,-11.36408062,2.773746022e-11,-3.582080197e-09,0.3058448422,2.797681994e-10,
516914000,-0.09046770242,0.9896385741,124.6964338,-235.3035662,192.0236267,-0.5633303327,0.8136605211,26.19813185,0.3318607981,26.19602986,-1.175347695e-11,8.06561177e-09,78.93680126,3.884276856e-10,-14.08047143,0.1976862342,-132.3710509,-132.3710509,1.492790334,-0.1332265241,-0.1460497877,38.46457858,36.8018361,-11.18698642,2.75225536e-11,-3.444410843e-09,0.3039790293,3.40474909e-10,
528912000,-0.09343560606,0.9893004798,122.9929451,-237.0070549,185.9242694,-0.5387094933,0.8297635332,27.15298681,0.3482268405,27.15075378,-1.108293586e-11,8.169935023e-09,77.96858434,3.877282641e-10,-13.95117904,0.2006508703,-133.9785097,-133.9785097,1.502035626,-0.1393296597,-0.1443884265,37.99484211,36.38352447,-10.94747342,2.748671324e-11,-3.294204915e-09,0.300890955,3.973753408e-10,
540910000,-0.08767852285,0.9899564141,121.3113873,-238.6886127,198.132065,-0.5144693816,0.8457747674,28.11057375,0.3321138904,28.10861179,-1.046780741e-11,8.270552422e-09,84.63545973,3.890235423e-10,-13.81778122,0.20375625,-135.8549269,-135.8549269,1.511793656,-0.1462111285,-0.1419116462,37.4688447,35.92681099,-10.63854197,2.765750566e-11,-3.130237086e-09,0.296117069,4.498764635e-10,
552908000,-0.08700553975,0.9900331189,119.6575218,-240.3424782,199.6645798,-0.4898827844,0.8603373955,29.06805969,0.3350487297,29.06612868,-9.90330298e-12,8.366704869e-09,86.75194411,3.915523822e-10,-13.69610773,0.2066305889,-137.9087384,-137.9087384,1.520893763,-0.153336031,-0.138507263,36.92757489,35.47229569,-10.26460062,2.804304712e-11,-2.954672254e-09,0.2893695042,4.888993019e-10,
564906000,-0.08659002868,0.9900804808,117.9626374,-242.0373626,200.6226746,-0.464244473,0.874492097,30.06612145,0.3393322411,30.06420651,-9.371178241e-12,8.470200486e-09,88.59814324,3.923331771e-10,-13.59880081,0.2089584602,-140.1216486,-140.1216486,1.528312231,-0.1603562817,-0.1339757479,36.39631294,35.04665212,-9.819560596,2.869140987e-11,-2.766533915e-09,0.28018541,5.100620471e-10,
576904000,-0.0840154076,0.9903739982,116.2111982,-243.7888018,206.7705819,-0.4374295854,0.8885358823,31.11627887,0.3354579419,31.11447057,-8.866539759e-12,8.583788278e-09,92.75222519,3.949537489e-10,-13.51464192,0.2109929305,-142.4036137,-142.4036137,1.534831534,-0.1671756329,-0.1287257725,35.88298996,34.64730107,-9.335603755,2.955113538e-11,-2.575484802e-09,0.2694467813,5.173082526e-10,
588902000,-0.08999322361,0.989692636,114.5615649,-245.4384351,193.0360307,-0.4113862953,0.90014045,32.12398339,0.3659270773,32.12189917,-8.413484286e-12,8.681171118e-09,87.78224176,3.925966981e-10,-13.46680593,0.2121581421,-144.6229932,-144.6229932,1.538580528,-0.1729853051,-0.1228298069,35.44544694,34.32787546,-8.830440256,3.060516645e-11,-2.386489121e-09,0.2572381814,5.104790807e-10,
600900000,-0.09701909449,0.9888924139,112.8284789,-247.1715211,179.0571225,-0.3836642995,0.9114328892,33.2029579,0.4023659049,33.2005198,-7.977614466e-12,8.793521118e-09,82.51325323,3.91678841e-10,-13.42430906,0.2131986974,-146.830062,-146.830062,1.541937835,-0.1784582883,-0.1166461483,35.03501705,34.03331994,-8.317785365,3.184272441e-11,-2.203056509e-09,0.2444012332,4.977663119e-10,
612898000,-0.09672057475,0.988926401,111.1753217,-248.8246783,179.6097555,-0.3572229306,0.9221535689,34.25241527,0.4090105331,34.24997318,-7.581788963e-12,8.893898384e-09,83.73860917,3.932083201e-10,-13.38791681,0.2140938341,-148.9329349,-148.9329349,1.544833069,-0.1833850405,-0.1104812052,34.66693643,33.77317033,-7.82108993,3.320203078e-11,-2.030949885e-09,0.2315770138,4.789832866e-10,
624896000,-0.08990777324,0.9897023725,109.4454668,-250.5545332,193.2194932,-0.3294813398,0.9332485375,35.372907,0.388277809,35.37077593,-7.200585305e-12,9.008593159e-09,91.09656827,3.973599404e-10,-13.35055307,0.2150167763,-150.9986032,-150.9986032,1.547825151,-0.1880553687,-0.1042467861,34.3197891,33.5280526,-7.329229989,3.474993823e-11,-1.866683707e-09,0.2185999311,4.572010487e-10,
636894000,-0.0995204009,0.98860768,107.7611867,-252.2388133,174.5568664,-0.3015750141,0.9414869388,36.48737997,0.4389633292,36.48473938,-6.849229613e-12,9.117257535e-09,83.11568862,4.052776497e-10,-13.3295964,0.2155361794,-152.8830373,-152.8830373,1.549512097,-0.1918439897,-0.09824320965,34.03775191,33.33735179,-6.869463616,3.637727359e-11,-1.716626457e-09,0.2060590673,4.383561692e-10,
648892000,-0.101953831,0.9883307515,105.9540022,-254.0459978,170.3906421,-0.2716580791,0.9502628912,37.70995151,0.460342811,37.7071416,-6.504652498e-12,9.248500482e-09,81.91100348,4.099164448e-10,-13.2950969,0.2163939701,-154.7289076,-154.7289076,1.552302973,-0.1956846453,-0.09237894726,33.75461377,33.13782988,-6.423253182,3.818498911e-11,-1.575443209e-09,0.1938344546,4.127244643e-10,
660890000,-0.1128657709,0.9870899074,104.1685158,-255.8314842,153.9175568,-0.241614573,0.957062633,38.94686171,0.5219272672,38.94336438,-6.183829161e-12,9.378306437e-09,74.61454272,4.167608864e-10,-13.24833483,0.2175621082,-156.5346979,-156.5346979,1.556113426,-0.1995700233,-0.08663184582,33.47087257,32.93067067,-5.989176901,4.020904979e-11,-1.442308264e-09,0.1818723026,3.874549227e-10,
672888000,-0.1283250474,0.9853346325,102.3890828,-257.6109172,135.3757167,-0.2114027837,0.9623893189,40.20986247,0.6081753089,40.20526287,-5.882940315e-12,9.509556307e-09,66.10801571,4.189811285e-10,-13.2003794,0.2187666064,-158.0861355,-158.0861355,1.560054417,-0.2029598376,-0.08164638613,33.22521618,32.74711965,-5.616150324,4.211517644e-11,-1.328360864e-09,0.1715005895,3.573912049e-10,
684886000,-0.1462643271,0.9833016856,100.5431116,-259.4568884,118.7725683,-0.1799199347,0.9667011027,41.55386344,0.7116835189,41.54776857,-5.593120024e-12,9.654939278e-09,58.37955702,4.247305591e-10,-13.12877929,0.2205774114,-159.5720548,-159.5720548,1.566002101,-0.2067057097,-0.07698794693,32.9576683,32.53429485,-5.2656964,4.413122951e-11,-1.223651251e-09,0.1618506387,3.22730178e-10,
696884000,-0.1733530925,0.9802398304,98.71822025,-261.2817797,100.2137063,-0.1485800062,0.96891388,42.91844372,0.8664604201,42.90969655,-5.322359367e-12,9.799751914e-09,49.52297364,4.313601131e-10,-13.04272806,0.2227735354,-160.9285926,-160.9285926,1.573252573,-0.2105459611,-0.07279042763,32.68662885,32.30975207,-4.949305722,4.614401255e-11,-1.130326526e-09,0.15318303,2.953942586e-10,
708882000,-0.1938645458,0.9779277561,96.83129605,-263.1687039,89.61153965,-0.116320915,0.9709851394,44.36899672,0.9972044857,44.35778909,-5.061465619e-12,9.959007844e-09,44.48213955,4.389315238e-10,-12.91627787,0.2260404204,-162.0832794,-162.0832794,1.584114278,-0.2150785151,-0.06953778828,32.37274198,32.03054496,-4.694530104,4.782489822e-11,-1.053994419e-09,0.1465641659,2.756987335e-10,
720880000,-0.2255033845,0.9743720794,94.92916504,-265.070835,77.03988593,-0.08372202216,0.9707685471,45.87478837,1.19515248,45.85921738,-4.814270807e-12,1.0124738e-08,38.37101805,4.468030253e-10,-12.73201363,0.2308869136,-163.2099758,-163.2099758,1.600397829,-0.2210441598,-0.06669517451,31.96617527,31.65350667,-4.460031059,4.950160403e-11,-9.84679821e-10,0.1409016418,2.733754058e-10,
732878000,-0.264065331,0.9700558375,92.95829848,-267.0417015,65.79098131,-0.05006371939,0.9687631041,47.48395694,1.445069778,47.46196309,-4.575544142e-12,1.030704433e-08,32.84406317,4.506555566e-10,-12.50249972,0.2370691345,-164.3854633,-164.3854633,1.621469507,-0.2283199338,-0.06381051905,31.47677903,31.19289551,-4.217924551,5.148605778e-11,-9.159826628e-10,0.1352206803,2.86946833e-10,
744876000,-0.3037855675,0.9656299372,91.00538219,-268.9946178,57.19017589,-0.01694326048,0.9654812797,49.13077423,1.717893323,49.10073135,-4.351592196e-12,1.049117451e-08,28.58194435,4.528936831e-10,-12.22518829,0.2447600796,-165.6814252,-165.6814252,1.648165101,-0.237156756,-0.06053238524,30.89045783,30.63745374,-3.945480143,5.415471669e-11,-8.43016378e-10,0.1287796361,3.151662079e-10,
756874000,-0.3626499806,0.9591079723,89.06064981,-270.9393502,47.90928903,0.01572363446,0.9589790769,50.82580566,2.121112189,50.78152621,-4.140862367e-12,1.067830433e-08,23.94099024,4.561389823e-10,-11.91065493,0.2537857619,-167.0445733,-167.0445733,1.680195442,-0.2473255872,-0.05689698495,30.22618129,30.00505929,-3.649445423,5.761952474e-11,-7.674028684e-10,0.1216276691,3.555737202e-10,
768872000,-0.4139969487,0.9534548946,87.09711623,-272.9028838,41.96907233,0.04828601345,0.9522314304,52.59662511,2.508235939,52.5367845,-3.940057844e-12,1.087500773e-08,20.94571076,4.636081998e-10,-11.53898007,0.2648811154,-168.6868763,-168.6868763,1.720648376,-0.2597344093,-0.05196192733,29.42908222,29.24697926,-3.268804716,6.332527877e-11,-6.766359401e-10,0.1117655498,4.131087297e-10,
780870000,-0.4720658862,0.9471018953,85.06147154,-274.9385285,36.80853795,0.08153306114,0.9435859049,54.49972098,2.970063694,54.41873122,-3.745354943e-12,1.109148779e-08,18.32241219,4.718437846e-10,-11.13903846,0.2773627133,-170.56185,-170.56185,1.767640194,-0.2736081079,-0.04548272195,28.55473274,28.41708073,-2.800407957,7.278134726e-11,-5.707720478e-10,0.09854664464,4.946657914e-10,
792868000,-0.5267564404,0.9411572194,82.9927032,-277.0072968,32.98887648,0.1148171774,0.9341273615,56.50912105,3.448467882,56.40380157,-3.558859685e-12,1.132211645e-08,16.35619165,4.81053252e-10,-10.67902156,0.2924481793,-172.8444482,-172.8444482,1.826648087,-0.2901704854,-0.03642838207,27.53436486,27.44739264,-2.186752248,9.179513392e-11,-4.389538102e-10,0.07967067316,5.888944187e-10,
804866000,-0.5959197425,0.9336928065,80.92272922,-279.0772708,29.16263991,0.1473053043,0.921999677,58.60020455,4.064799895,58.45905725,-3.38255403e-12,1.155974775e-08,14.38177986,4.883880501e-10,-10.2222911,0.3082374796,-175.6487876,-175.6487876,1.891165597,-0.3073490521,-0.02338597937,26.50152114,26.46619829,-1.367834346,1.445649616e-10,-2.704768216e-10,0.05168231308,6.841589827e-10,
816864000,-0.6676308008,0.9260159346,78.77746894,-281.2225311,26.03284808,0.1802213029,0.9083093048,60.85912037,4.759134981,60.67275473,-3.21126881e-12,1.182126869e-08,12.74869382,5.071515868e-10,-9.775482589,0.3245083458,-178.8614069,-178.8614069,1.960806381,-0.324444273,-0.006448269666,25.50422498,25.5015758,-0.3675915483,5.300353771e-10,-7.162025986e-11,0.01441446408,7.719013116e-10,
828862000,-0.744938706,0.9178105906,76.62166498,-283.378335,23.33403542,0.2123630657,0.892904367,63.22968815,5.559330697,62.98481806,-3.048611075e-12,1.20941063e-08,11.32956852,5.320685915e-10,-9.328670602,0.3416382353,177.6712583,-182.3287417,2.037843489,-0.3413560892,0.01388179374,24.55555657,24.54343527,0.7714555452,-2.489012038e-10,1.48131973e-10,0.03143225619,8.572988791e-10,
840860000,-0.838896941,0.9079358256,74.19058679,-285.8094132,20.72397692,0.2473565179,0.8735915616,66.03283113,6.605294394,65.70163524,-2.880847435e-12,1.243576816e-08,9.946814073,5.563756229e-10,-8.871267962,0.3601111777,173.8252394,-186.1747606,2.125542954,-0.3580219719,0.0387340666,23.66986877,23.57665441,2.09858389,-9.019243324e-11,3.972123773e-10,0.08901109773,9.505343965e-10,
852858000,-0.9731270396,0.8940126172,71.72540416,-288.2745958,17.87017064,0.2803368442,0.848922737,69.0171285,8.103661081,68.53973084,-2.722707637e-12,1.279044924e-08,8.457872331,5.829169958e-10,-8.411080622,0.3797046965,169.4933197,-190.5066803,2.224270745,-0.373338436,0.06923921385,22.92498591,22.63064756,3.661798728,-5.096228996e-11,6.83341621e-10,0.161807068,1.074736636e-09,
864856000,-1.149549351,0.8760371678,69.20988884,-290.7901112,15.13386823,0.3109455494,0.8189957171,72.2106485,10.15053365,71.49366701,-2.574001263e-12,1.3156607e-08,7.043340721,5.810242516e-10,-7.945389048,0.4006180822,164.6994413,-195.3005587,2.336770664,-0.3864181123,0.1057160833,22.38935659,21.71136553,5.46807967,-3.365437234e-11,1.006262209e-09,0.2518533282,1.279434295e-09,
876854000,-1.424791905,0.8487121212,66.52310535,-293.4768947,12.21982974,0.3381092719,0.7784564117,75.75159307,13.39380411,74.55809724,-2.43443413e-12,1.35327999e-08,5.566610998,4.937847237e-10,-7.446020503,0.4243253468,159.023715,-200.976285,2.474184574,-0.3962047446,0.1519006263,22.16569928,20.7848925,7.701069308,-2.356903559e-11,1.397796266e-09,0.3705128285,1.663672827e-09,
888852000,-1.856213427,0.8075870173,64.24370405,-295.756296,9.394309011,0.350932277,0.7273536467,78.69391677,18.29903249,76.53677512,-2.339486365e-12,1.370442558e-08,4.182558567,8.169963966e-11,-6.957310477,0.4488843622,151.4288669,-208.5711331,2.629002451,-0.394221038,0.2146786991,22.78001927,20.06349768,10.78820368,-1.659745655e-11,1.931700601e-09,0.5377030392,2.343842455e-09,
900850000,-2.539018937,0.7465330738,63.54452415,-296.4554758,6.890575825,0.33258215,0.6683567489,78.91694185,24.81027262,74.91551297,-2.358282842e-12,1.323547117e-08,3.019536065,-3.51329134e-10,-6.647516569,0.4651833603,140.1992631,-219.8007369,2.739599428,-0.3573888813,0.2977729776,25.48272371,20.28829916,15.41927772,-1.145786282e-11,2.724154152e-09,0.7600083969,2.521605561e-09,
912848000,-2.961710262,0.7110734886,68.93476134,-291.0652387,5.922175437,0.2555816554,0.6635537082,71.20427643,24.85637443,66.72488016,-2.612966614e-12,1.163347513e-08,2.684417245,-2.638100394e-10,-7.517818277,0.4208323198,123.4931081,-236.5068919,2.453231367,-0.2322307084,0.3509540419,32.94398071,25.06455834,21.3792839,-8.155085314e-12,3.727475673e-09,0.8529687063,9.579489553e-10,
924846000,-1.832175098,0.809825122,71.76502121,-288.2349788,9.516636165,0.253406277,0.7691566726,68.59622886,14.97745959,66.94115564,-2.570736143e-12,1.151977282e-08,4.469459939,2.546498781e-10,-11.26913108,0.2732394775,118.5339921,-241.4660079,1.751938139,-0.1305210488,0.2400501362,39.02342904,34.6387237,17.97183447,-9.575430299e-12,3.092737917e-09,0.5188365085,-8.720545238e-10,
936844000,-1.162854072,0.874696314,65.83080266,-294.1691973,14.96122241,0.3581291963,0.7980207519,76.9060593,11.19843934,76.08637797,-2.232780042e-12,1.292586936e-08,6.794373366,9.651230199e-10,-12.27739136,0.2432934586,141.5732536,-218.4267464,1.643032524,-0.1905969256,0.1512101813,34.30400171,32.65821042,10.49789624,-1.618268483e-11,1.783426139e-09,0.3214473819,-1.929594858e-09,
948842000,-1.163412032,0.8746401275,59.59698287,-300.4030171,14.95406855,0.4426371606,0.7543657579,86.78457691,13.35677101,85.75056535,-1.956091831e-12,1.438345515e-08,6.420007146,1.317779717e-09,-10.40899329,0.3016826508,149.9924286,-210.0075714,1.864027368,-0.2612449042,0.150875849,29.6796716,28.16815376,9.350829901,-1.793808487e-11,1.568470621e-09,0.3319646002,-1.474835684e-09,
960840000,-1.439450881,0.8472809772,54.17559772,-305.8244023,12.09594551,0.4959161436,0.6869877968,96.593501,19.4279919,94.61954115,-1.750605221e-12,1.56729192e-08,4.870268715,1.241414587e-09,-8.944111416,0.3571037651,149.4361922,-210.5638078,2.110921937,-0.3074889832,0.18158641,27.1174929,25.03518988,10.42102146,-1.589493538e-11,1.726153239e-09,0.41625494,3.467059868e-11,
972838000,-1.850312211,0.8081358804,49.13332579,-310.8666742,9.424043872,0.5287641671,0.611139965,106.6700853,29.12545803,102.6168349,-1.594266757e-12,1.678797139e-08,3.523269394,1.15205096e-09,-7.847246277,0.4051703776,146.4536642,-213.5463358,2.362307331,-0.3376848717,0.22390168,25.77382392,22.71872986,12.17166025,-1.344094438e-11,1.99126668e-09,0.5357544338,7.047044191e-10,
984836000,-2.399510322,0.758620342,44.25254521,-315.7474548,7.285702351,0.5433777095,0.5293821758,116.6949701,43.42666947,108.3136207,-1.492014839e-12,1.750408e-08,2.494172866,1.082931635e-09,-6.920915647,0.450769183,142.5938757,-217.4061243,2.641456266,-0.3580683626,0.2738245862,25.18748084,20.75743404,14.26667878,-1.132748075e-11,2.305574177e-09,0.6873045463,9.501343639e-10,
996834000,-3.112650714,0.698823441,39.67835578,-320.3216442,5.640623051,0.5378430342,0.446182779,124.6326871,61.99240468,108.1214523,-1.476676687e-12,1.726271735e-08,1.744108055,9.952420226e-10,-6.099486198,0.4954794994,138.1945083,-221.8054917,2.964160024,-0.3693364195,0.3302885761,25.27028696,19.01296288,16.64616008,-9.591426926e-12,2.657733043e-09,0.8755163614,1.115346195e-09,
1008832000,-4.013229901,0.6299970342,35.51565797,-324.484342,4.405362078,0.5127903647,0.3659812905,127.7109913,81.21175688,98.5634204,-1.600609963e-12,1.554952218e-08,1.213659502,8.504545082e-10,-5.304775624,0.5429517269,133.0462883,-226.9537117,3.375905386,-0.3706128687,0.3967904728,26.07145927,17.31816535,19.48851296,-8.095106744e-12,3.074538844e-09,1.125322029,1.289994219e-09,
1020830000,-5.131091096,0.553917958,32.00812459,-327.9918754,3.483480194,0.469707442,0.2935984047,123.6296003,94.33255492,79.9102443,-1.951031354e-12,1.245859779e-08,0.8471120534,5.860887442e-10,-4.546704404,0.5924678381,127.1399953,-232.8600047,3.907588129,-0.3577111037,0.472293241,27.72995229,15.70289367,22.85540165,-6.82146805e-12,3.563326067e-09,1.455489805,1.489123669e-09,
1032828000,-6.532744608,0.4713709018,29.72090506,-330.2790949,2.783371,0.4093623814,0.2336941757,112.4550983,96.39101279,57.92168666,-2.660424439e-12,8.925515907e-09,0.6009033931,9.33076698e-11,-3.855041881,0.6415756993,120.2619011,-239.7380989,4.579978801,-0.3233242524,0.5541487216,30.48186289,14.29310118,26.92306119,-5.723579113e-12,4.148743326e-09,1.883640286,1.680085046e-09,
1044826000,-8.286154359,0.385205325,29.91832528,-330.0816747,2.253118612,0.3338718118,0.192126926,97.1926326,88.5920554,39.97318541,-3.810723186e-12,6.088985198e-09,0.4512050796,-8.496974639e-10,-3.292139889,0.6845308187,112.4269916,-247.5730084,5.339763496,-0.2611525324,0.6327572967,34.47115795,13.34624775,31.78267454,-4.792760416e-12,4.841351343e-09,2.381394016,1.848943475e-09,
1056824000,-10.3449294,0.3039159757,34.54544786,-325.4545521,1.873216351,0.250328492,0.1723385226,82.04028888,76.69620637,29.12560608,-5.170618466e-12,4.38624045e-09,0.3797528908,-2.331494221e-09,-2.856438982,0.7197439963,104.1190015,-255.8809985,6.136332401,-0.175571936,0.6980013721,39.50567542,12.8925463,37.34274549,-4.032842113e-12,5.623720254e-09,2.896460065,1.975687102e-09,
1068822000,-12.43250737,0.2389871948,47.9462595,-312.0537405,1.628076671,0.1600801578,0.1774520283,68.35338254,63.97172684,24.07910027,-6.184071355e-12,3.585543554e-09,0.3764022241,-3.584825229e-09,-2.570569879,0.7438262591,95.28092223,-264.7190778,6.807201444,-0.06846105181,0.7406690139,45.770655,13.21508106,43.82139309,-3.398040631e-12,6.525306667e-09,3.316013946,2.046844158e-09,
1080820000,-12.96866036,0.224681328,71.05881975,-288.9411802,1.579584463,0.07293095586,0.212515352,57.4996141,52.48162344,23.49222899,-6.268195505e-12,3.459321967e-09,0.4476277114,-3.793326997e-09,-2.45941857,0.7534059948,86.16720681,-273.8327932,7.110497245,0.05036140886,0.7517209066,53.3227826,14.73788475,51.2456232,-2.873491919e-12,7.546117063e-09,3.477135564,2.039154426e-09,
1092818000,-11.2081795,0.2751636268,89.08095892,-270.9190411,1.759243429,0.004413515869,0.275128229,50.41198397,43.31687053,25.78792072,-5.647496436e-12,3.755680319e-09,0.5953320359,-2.8857581e-09,-2.540633658,0.7463943051,77.19842374,-282.8015763,6.886258234,0.1653825605,0.7278413751,62.03698299,18.05762597,59.35073212,-2.453839829e-12,8.643673871e-09,3.286740584,1.92760339e-09,
1104816000,-9.118005138,0.3500255471,95.9003053,-264.0996947,2.077044015,-0.03598186917,0.3481712061,46.89099935,36.73066627,29.14831,-4.942159949e-12,4.198977585e-09,0.7935687795,-1.402105114e-09,-2.801595171,0.724302929,69.12185608,-290.8781439,6.254338948,0.2581282448,0.676745552,71.13287774,23.57224083,67.11360337,-2.146444283e-12,9.66809109e-09,2.847145669,1.783397617e-09,
1116814000,-7.363759942,0.4283630507,97.84750297,-262.152497,2.498724151,-0.05848737933,0.4243514224,45.279792,31.39270068,32.63062837,-4.36730824e-12,4.650125984e-09,1.039433616,-2.582861956e-10,-3.035294388,0.7050749424,62.17430374,-297.8256963,5.781383774,0.3291172183,0.623548339,80.14497639,29.97208134,74.32961442,-1.917244066e-12,1.05925656e-08,2.479961721,1.68392529e-09,
1128812000,-5.888477915,0.5076636924,96.95597062,-263.0440294,3.062263882,-0.0614814125,0.5039270389,45.32883887,26.8807672,36.49832857,-3.863007377e-12,5.146020246e-09,1.35778597,3.40532894e-10,-3.207570862,0.6912282146,55.16429851,-304.8357015,5.477275757,0.3948469212,0.5673555794,90.76452138,37.94518097,82.45217756,-1.710001078e-12,1.162520564e-08,2.172928827,1.66319199e-09,
1140810000,-4.715914594,0.5810376442,94.13117826,-265.8688217,3.773698573,-0.04185807059,0.5795279509,46.96273842,23.30210099,40.77389961,-3.421563173e-12,5.688386035e-09,1.749794992,6.735044829e-10,-3.444227267,0.6726492102,47.81047839,-312.1895216,5.10965381,0.4517411857,0.4983842505,103.5800067,49.86961613,90.78457562,-1.536720003e-12,1.266539912e-08,1.820438629,1.674349336e-09,
1152808000,-3.857685511,0.6413804595,90.40418307,-269.5958169,4.576940948,-0.004524468858,0.6413645009,49.68044802,20.72035049,45.15322792,-3.057555488e-12,6.23378691e-09,2.17917298,8.112854562e-10,-3.762102709,0.648477429,40.38480927,-319.6151907,4.689535082,0.4939518175,0.4201601813,117.9733052,66.97308341,97.1200641,-1.421523978e-12,1.340825035e-08,1.450135773,1.633643918e-09,
1164806000,-3.255897151,0.6873930589,86.57812453,-273.4218755,5.397810596,0.04102877058,0.6861675141,52.86847007,18.96832488,49.34853371,-2.76880442e-12,6.742807878e-09,2.601628453,8.103810303e-10,-4.190383559,0.617278033,33.40413037,-326.5958696,4.225725651,0.5153087499,0.3398368172,131.1704397,88.31933742,96.9813327,-1.408894211e-12,1.325118388e-08,1.098075863,1.530089579e-09,
1176804000,-2.822473497,0.7225640084,83.21165226,-276.7883477,6.208870011,0.08540852982,0.7174985221,55.96477199,17.683258,53.09762792,-2.547069972e-12,7.181102333e-09,3.002706172,7.591115422e-10,-4.698870145,0.5821789423,27.08664501,-332.913355,3.786738158,0.518324952,0.2650878439,140.1679091,109.3460358,87.69542293,-1.542194212e-12,1.186022485e-08,0.8019991062,1.397371524e-09,
1188802000,-2.405693697,0.758080482,80.22613078,-279.7738692,7.267212237,0.1286917945,0.7470772645,58.96553497,16.14336897,56.71266131,-2.360644431e-12,7.59260195e-09,3.513062324,7.147213992e-10,-5.2124087,0.5487563579,21.41513393,-338.5848661,3.432195411,0.510869893,0.2003634019,144.1698415,125.0683755,71.71362949,-1.866847754e-12,9.60090799e-09,0.5733953864,1.270571545e-09,
1200800000,-2.056949883,0.7891371806,77.18610343,-282.8138966,8.484839505,0.1750187933,0.7694841855,62.25092155,14.82134592,60.4607719,-2.192177747e-12,8.013516582e-09,4.079303745,6.878366379e-10,-5.74703937,0.5159980157,16.20111311,-343.7988869,3.132214463,0.4955068394,0.1439684836,143.1876433,133.2919124,52.30647457,-2.533926437e-12,6.932739826e-09,0.3924204676,1.150203464e-09,
1212798000,-1.774176146,0.8152507231,74.15548972,-285.8445103,9.825482154,0.2225860011,0.7842762355,65.76686649,13.75058551,64.3133122,-2.040472673e-12,8.439807407e-09,4.677132632,6.757503953e-10,-6.321217956,0.4829910711,11.407125,-348.592875,2.868405144,0.4734503492,0.09552560709,137.95746,133.8641825,33.35628013,-3.934178377e-12,4.377329833e-09,0.2491800234,1.037567229e-09,
1224796000,-1.558751582,0.8357231276,71.39217762,-288.6078224,11.17456828,0.2666698077,0.7920355798,69.20135453,12.94174442,67.98042895,-1.911491942e-12,8.833651727e-09,5.252802615,6.597185871e-10,-6.890966538,0.4523261261,7.250395386,-352.7496046,2.651808303,0.448709362,0.05708618728,130.79513,129.468155,18.58394103,-6.992275856e-12,2.414872417e-09,0.1435406338,9.148075065e-10,
1236794000,-1.37591905,0.853501026,68.52931785,-291.4706822,12.65197274,0.3124027904,0.7942723071,73.0110349,12.30163217,71.96722214,-1.788084433e-12,9.260991842e-09,5.850217364,6.468650701e-10,-7.445287061,0.4243611786,3.48277589,-356.5172241,2.474400832,0.4235774283,0.0257792966,123.3807555,123.1375388,7.743215107,-1.661886798e-11,9.964237858e-10,0.06288265287,7.893069223e-10,
1248792000,-1.248991717,0.8660648529,65.75164288,-294.2483571,13.93260016,0.3556865206,0.7896552592,76.96985553,12.03103901,76.02376445,-1.676411584e-12,9.689009782e-09,6.318969158,6.380916436e-10,-7.997597067,0.3982173213,0.4067388376,-359.5932612,2.323458901,0.3982072873,0.002826893906,116.1691301,116.1665077,0.7805596149,-1.632765992e-10,9.948007441e-11,0.006719317213,6.691843084e-10,
1260790000,-1.146680706,0.8763265399,63.00580029,-296.9941997,15.17161838,0.3977648768,0.7808529358,81.18171145,11.9316841,80.30009458,-1.572031772e-12,1.013662623e-08,6.729988315,6.230423044e-10,-8.540953074,0.3740695406,-2.217234739,-362.2172347,2.19524313,0.3737894837,-0.01447214774,109.6675102,109.6054611,-3.688589943,3.422291498e-11,-4.656265694e-10,0.03365334087,5.515484756e-10,
1272788000,-1.0670869,0.8843937302,60.37345402,-299.626546,16.30009975,0.4371953208,0.7687733876,85.53473449,11.99917044,84.68890549,-1.476513899e-12,1.05898688e-08,7.057896701,6.020383864e-10,-9.047690066,0.3528706169,-4.351571297,-364.3515713,2.090572074,0.3518533763,-0.02677449972,104.2176455,104.0232426,-6.362596233,1.965303807e-11,-7.95606685e-10,0.06116514034,4.425630935e-10,
1284786000,-1.009895308,0.8902361681,57.76294145,-302.2370586,17.22093822,0.4748728722,0.7530047744,90.19221768,12.30931394,89.34828997,-1.386446421e-12,1.106816389e-08,7.258592183,5.858703798e-10,-9.499591104,0.3349812083,-6.049530541,-366.0495305,2.007433812,0.3331157522,-0.035303053,99.84629605,99.53201798,-7.915821634,1.564924307e-11,-9.805852039e-10,0.07953040434,3.3596557e-10,
1296784000,-0.9600050485,0.8953642451,55.37121049,-304.6287895,18.11392528,0.5087972471,0.73675131,94.81074214,12.64680909,93.96347719,-1.306151064e-12,1.153218413e-08,7.429817,5.748775178e-10,-9.904967076,0.3197066326,-7.234882853,-367.2348829,1.939908128,0.3171611962,-0.04026296779,96.32519283,95.94004861,-8.60522197,1.42623277e-11,-1.056123158e-09,0.08969374202,2.369825114e-10,
1308782000,-0.925262021,0.8989528196,52.85423099,-307.145769,18.79273437,0.5428280945,0.7165569285,100.0680157,13.27989319,99.18292299,-1.226071832e-12,1.206117785e-08,7.468653671,5.686828799e-10,-10.24262813,0.3075166207,-8.031225796,-368.0312258,1.888155961,0.3045005202,-0.04296399871,93.65388519,93.23496579,-8.848240817,1.374345372e-11,-1.075993759e-09,0.09490260163,1.54153997e-10,
1320780000,-0.9111555051,0.9004139705,50.41252443,-309.5874756,19.08313827,0.5737937965,0.6939063319,105.605153,14.26920584,104.6366958,-1.151610538e-12,1.260879735e-08,7.333042708,5.660908537e-10,-10.47970797,0.299236524,-8.478692779,-368.4786928,1.854030024,0.295966097,-0.04411991324,91.91163457,91.48298343,-8.866358463,1.359077936e-11,-1.068402593e-09,0.09691811668,1.071726598e-10,
1332778000,-0.9058666193,0.9009624045,47.96078153,-312.0392185,19.19435134,0.6033196769,0.6691327385,111.6721923,15.55682065,110.5832893,-1.079873323e-12,1.320540789e-08,7.108347636,5.547310547e-10,-10.61963321,0.2944545975,-8.75679696,-368.756797,1.834686461,0.2910222748,-0.04482795454,90.92145916,90.48650296,-8.882821482,1.344346999e-11,-1.060750513e-09,0.0981673641,1.033231099e-10,
1344776000,-0.8919787784,0.9024041026,45.59241071,-314.4075893,19.49266469,0.6314644649,0.6446594403,118.1183032,16.8358188,116.9123122,-1.012301621e-12,1.383663331e-08,6.944260543,5.449067578e-10,-10.61381839,0.2946517877,-9.186640901,-369.1866409,1.835478938,0.2908724413,-0.04704145915,90.87902608,90.40050463,-9.313761005,1.270706035e-11,-1.102288487e-09,0.1030277546,1.563612666e-10,
1356774000,-0.8860199831,0.9030233928,43.2840941,-316.7159059,19.62353033,0.6573677263,0.6191275477,125.0142384,18.42849315,123.6484955,-9.4868882e-13,1.450445636e-08,6.709636785,5.360249792e-10,-10.50428531,0.29839101,-9.908658945,-369.9086589,1.850590612,0.2939400103,-0.05134652077,91.4616096,90.88593878,-10.24559228,1.144921075e-11,-1.201848397e-09,0.1127302245,2.643076853e-10,
1368772000,-0.8803707086,0.9036109073,40.98284384,-319.0171562,19.74923567,0.6821412876,0.5926178664,132.6044597,20.28694347,131.043438,-8.873066584e-13,1.523716946e-08,6.459496385,5.32657895e-10,-10.30283283,0.3053924938,-11.27960224,-371.2796022,1.879323909,0.2994936408,-0.0597338633,92.51606954,91.72335409,-12.08509152,9.621417838e-12,-1.405202658e-09,0.1317558831,4.204551513e-10,
1380770000,-0.880881695,0.9035577499,38.6893551,-321.3106449,19.73779903,0.7052688905,0.5648118266,140.9834779,22.61554196,139.1577461,-8.283071365e-13,1.604006689e-08,6.15319086,5.357570534e-10,-10.04323288,0.3146576945,-13.41841078,-373.4184108,1.918249733,0.3060679676,-0.07301961323,93.73577613,92.52819065,-14.9976552,7.685558352e-12,-1.728710039e-09,0.1620874146,6.013133504e-10,
1392768000,-0.8676365818,0.9049366362,36.38628724,-323.6137128,20.0385991,0.7285063879,0.536832151,150.4333191,25.01946885,148.3381598,-7.703506697e-13,1.695095765e-08,5.928909233,5.424598552e-10,-9.794875073,0.3237846429,-16.51208261,-376.5120826,1.957637651,0.310431706,-0.09202527327,94.41522621,92.48071188,-19.01454368,6.00973669e-12,-2.172837556e-09,0.2056055073,7.784528867e-10,
1404766000,-0.8552214058,0.9062310322,34.01194877,-325.9880512,20.32901798,0.7511938767,0.5069146312,161.4256009,28.02819912,158.9737232,-7.12673809e-13,1.801115195e-08,5.671920717,5.444784888e-10,-9.57223123,0.332191441,-20.2786224,-380.2786224,1.994870271,0.3116016555,-0.1151328005,94.32099163,91.31199699,-23.63405736,4.79377735e-12,-2.677653826e-09,0.258827516,9.245040101e-10,
1416764000,-0.8497908138,0.9067978031,31.60636699,-328.393633,20.45872165,0.7722913071,0.4752350922,174.0985635,31.99819473,171.1327711,-6.564315342e-13,1.922453313e-08,5.348200814,5.411056337e-10,-9.426725055,0.3378031906,-24.66127636,-384.6612764,2.020250131,0.3069922925,-0.1409493807,92.94242283,88.56650896,-28.18275095,3.986017821e-12,-3.165964213e-09,0.318210024,1.020944235e-09,
1428762000,-0.8482119677,0.906962648,29.32053999,-330.67946,20.49674251,0.7907750892,0.4441351182,187.9042713,36.80412606,184.2646778,-6.045304047e-13,2.052590586e-08,5.006630983,5.282518267e-10,-9.369757012,0.3400260179,-29.30977231,-389.3097723,2.030422493,0.2964978562,-0.1664533391,90.40617049,84.61013317,-31.84966292,3.497481293e-12,-3.54784862e-09,0.3764284694,1.068394332e-09,
1440760000,-0.8473995422,0.9070474838,27.04605792,-332.9539421,20.51636213,0.8078539414,0.412440477,203.7685516,42.81196267,199.2203767,-5.544912945e-13,2.200707107e-08,4.65338107,5.130624095e-10,-9.416396895,0.3382051023,-34.04522773,-394.0452277,2.022084345,0.280235362,-0.1893431622,86.94368272,79.94206311,-34.18289791,3.231614969e-12,-3.776046789e-09,0.4275958936,1.062898143e-09,
1452758000,-0.8515545412,0.9066136905,24.88376555,-335.1162344,20.41641544,0.8224466456,0.3814838121,221.2497544,50.28141624,215.4605138,-5.084627767e-13,2.360448596e-08,4.285092384,5.041464488e-10,-9.507477796,0.3346771871,-38.66011807,-398.6601181,2.006059557,0.2613378462,-0.2090725945,83.27344874,75.33864459,-35.47613137,3.088094639e-12,-3.88653972e-09,0.4708888986,1.014455204e-09,
1464756000,-0.8639937117,0.9053162471,22.74445319,-337.2555468,20.12294811,0.8349174116,0.3500148897,241.3490465,60.2294537,233.7130187,-4.649132685e-13,2.539438801e-08,3.880377529,5.012366881e-10,-9.701369502,0.3272890872,-42.94087693,-402.9408769,1.973045274,0.2395942873,-0.222963504,79.4708976,71.09729284,-35.50772474,3.060074511e-12,-3.858137403e-09,0.499424427,9.362027879e-10,
1476754000,-0.8835886106,0.9032762044,20.58359399,-339.416406,19.67743503,0.8456112713,0.3175680704,265.1784539,73.82266059,254.6955579,-4.23146356e-13,2.744943099e-08,3.450099954,5.180216734e-10,-9.909921266,0.3195243328,-46.77052809,-406.7705281,1.939120525,0.2188492399,-0.232810673,76.11800888,67.57283438,-35.04088084,3.075650344e-12,-3.776478273e-09,0.5185646149,8.351872896e-10,
1488752000,-0.9018689109,0.9013771707,18.37123569,-341.6287643,19.27928031,0.8554379045,0.2840894146,294.4359099,92.27853227,279.6018195,-3.823470823e-13,2.989081572e-08,3.029976883,5.228092761e-10,-10.14525127,0.3109835639,-50.20863261,-410.2086326,1.902688376,0.1990275954,-0.238953538,73.1349615,64.64481504,-34.20190759,3.125701092e-12,-3.656352875e-09,0.5290742586,7.374619867e-10,
1500750000,-0.943965643,0.8970191566,15.88297103,-344.117029,18.42108778,0.862773379,0.2454902519,334.0335729,123.4924192,310.367605,-3.416924594e-13,3.291456839e-08,2.513252286,5.265601581e-10,-10.41178919,0.301585558,-53.06327901,-413.063279,1.863629215,0.1812326,-0.2410572411,70.62428007,62.39260919,-33.09004767,3.204899289e-12,-3.509208498e-09,0.5303520417,6.335586438e-10,
1512748000,-0.946135038,0.8967951443,13.80396642,-346.1960336,18.37893315,0.8708936958,0.2139759364,376.7563041,156.7217737,342.6128987,-3.070788001e-13,3.604601453e-08,2.186121881,5.340808631e-10,-10.68654724,0.2921949046,-55.72102552,-415.7210255,1.825636624,0.1645708505,-0.2414421202,68.38262425,60.47199173,-31.92681501,3.295322687e-12,-3.358993319e-09,0.5279603681,5.23921677e-10,
1524746000,-0.9700568809,0.8943286753,11.49542483,-348.5045752,17.92661046,0.8763889977,0.1782304801,434.4931299,212.7461847,378.844745,-2.755252223e-13,3.954430038e-08,1.780735789,5.47792593e-10,-10.92153701,0.284395781,-57.69691753,-417.6969175,1.794840984,0.1519804862,-0.2403807231,66.7547171,59.15146053,-30.94021609,3.373644265e-12,-3.229579439e-09,0.5230676608,4.111119285e-10,
1536744000,-1.011263061,0.890095995,9.03078484,-350.9692152,17.19769898,0.8790624953,0.1397140284,509.8461886,304.1788059,409.1679241,-2.531144999e-13,4.237602208e-08,1.345155929,5.728445264e-10,-11.14687673,0.27711253,-59.20663546,-419.2066355,1.766682344,0.1418659266,-0.2380449814,65.48926183,58.20550945,-30.01603045,3.45036745e-12,-3.108650249e-09,0.5156905375,2.832144757e-10,
1548742000,-1.052419471,0.8858884233,6.439213867,-353.5607861,16.52670552,0.880299704,0.0993515467,605.2081322,444.6519967,410.562401,-2.503005945e-13,4.219103994e-08,0.9233342122,5.886496656e-10,-11.31779465,0.271712906,-60.19901169,-420.1990117,1.746169768,0.1350383062,-0.2357807438,64.65369784,57.61559,-29.33503765,3.50311509e-12,-3.014586191e-09,0.5091510414,1.65591103e-10,
1560740000,-1.104756453,0.8805665366,3.960692369,-356.0393076,15.74572556,0.8784634547,0.06082256312,691.4499929,608.0029768,329.2954189,-3.096733853e-13,3.357957998e-08,0.5416016556,5.970089509e-10,-11.40200575,0.2690913344,-60.58639154,-420.5863915,1.73632,0.1321536239,-0.2344047055,64.30673674,57.39305326,-29.00678935,3.515522725e-12,-2.957939124e-09,0.5054059281,5.632652348e-11,
1572738000,-1.176111136,0.8733623044,1.317757431,-358.6822426,14.79308586,0.8731313262,0.02008486867,729.1780124,718.9447506,121.7333945,-8.312927998e-13,1.231894408e-08,0.169322322,6.032159602e-10,-11.40980257,0.2688498951,-60.58321118,-420.5832112,1.735416417,0.1320480498,-0.234187059,64.29530024,57.39531734,-28.97694223,3.492297206e-12,-2.932353381e-09,0.5048659642,-2.022161826e-11,
1584736000,-1.265947825,0.8643758186,-1.30173105,-361.301731,13.74663279,0.8641527434,-0.01963649077,679.1009668,671.0549887,-104.2272769,9.635667748e-13,-1.046753928e-08,0.1553185338,6.095441157e-10,-11.25679708,0.2736277541,-60.23098584,-420.2309858,1.753409166,0.1358574377,-0.2375182192,64.74212034,57.593194,-29.57306462,3.395993697e-12,-2.970021137e-09,0.5134819337,-3.590608972e-11,
1596734000,-1.356610676,0.8554004338,-3.956867587,-363.9568676,12.83130014,0.8533613991,-0.05902732199,586.5328034,536.8571276,-236.2311453,4.21939713e-13,-2.354641066e-08,0.4400260947,6.046298421e-10,-10.93276149,0.2840285034,-59.94000038,-419.9400004,1.793407293,0.1422717575,-0.2458270484,65.47552791,57.73738827,-30.87780354,3.228056734e-12,-3.077754382e-09,0.5347973725,2.34630548e-11,
1608732000,-1.455088119,0.8457569865,-6.565953663,-366.5659537,11.96655164,0.8402095719,-0.09670964524,493.3012893,408.0394299,-277.2182996,3.568736935e-13,-2.742573822e-08,0.6793909591,5.956538106e-10,-10.4488208,0.3003025085,-60.13255466,-420.1325547,1.85837812,0.149549178,-0.2604162821,66.26036086,57.50459349,-32.91894819,3.005318333e-12,-3.256734699e-09,0.572457715,1.753551941e-10,
1620730000,-1.550382153,0.8365287902,-9.107959186,-369.1079592,11.23457025,0.8259816904,-0.1324185184,418.6143242,313.9253368,-276.9274911,3.546038034e-13,-2.719415269e-08,0.8821444421,5.890819975e-10,-9.80658539,0.3233484106,-61.13914429,-421.1391443,1.955730883,0.1560751547,-0.2831867594,66.8553772,56.50185606,-35.73767932,2.747787307e-12,-3.509423728e-09,0.6325045195,4.084565466e-10,
1632728000,-1.637001687,0.8282280133,-11.59016321,-371.5901632,10.64334208,0.8113402429,-0.1663990751,361.5411203,248.129441,-262.9520149,3.707061474e-13,-2.563201769e-08,1.059737264,5.959072896e-10,-9.082209348,0.3514710288,-63.4184548,-423.4184548,2.083902322,0.1572731139,-0.314319983,66.66391755,54.17080693,-38.8535916,2.508852448e-12,-3.78736762e-09,0.7172422529,6.891067083e-10,
1644726000,-1.709633264,0.8213312304,-14.16681327,-374.1668133,10.1938981,0.7963523085,-0.2010173894,315.8449326,198.7136829,-245.501311,3.941601896e-13,-2.375638689e-08,1.235452473,6.262597324e-10,-8.338010324,0.382912447,-67.11824128,-427.1182413,2.24103118,0.1488880966,-0.3527807772,65.22274531,50.26696894,-41.56005701,2.328361659e-12,-4.021635524e-09,0.8267866134,9.8936097e-10,
1656724000,-1.770411823,0.815604116,-16.90597881,-376.9059788,9.846229086,0.780356352,-0.2371793371,277.8077184,160.190599,-226.971585,4.232514723e-13,-2.180426535e-08,1.416884552,6.699916986e-10,-7.637505861,0.4150732131,-72.02523028,-432.0252303,2.419231338,0.128090832,-0.3948145274,62.43566781,45.17577316,-43.09712442,2.229059568e-12,-4.140170834e-09,0.9539875337,1.255147616e-09,
1668722000,-1.844520189,0.8086749504,-19.97500707,-379.9750071,9.45341425,0.7600264592,-0.2762516184,243.4333472,129.2154563,-206.3084109,4.622950105e-13,-1.967673668e-08,1.59662332,7.075735563e-10,-7.040111112,0.4446255797,-78.2023918,-438.2023918,2.601174139,0.09090600693,-0.4352332754,58.26534089,39.4883342,-42.84298554,2.226160193e-12,-4.086164697e-09,1.084952972,1.459126893e-09,
1680720000,-1.955236661,0.7984324273,-23.15547503,-383.155475,8.92223091,0.7341116666,-0.3139656063,214.1705249,107.0784843,-185.4810286,5.105347029e-13,-1.75640336e-08,1.732196994,7.22570085e-10,-6.578726561,0.4688821199,-84.98304952,-444.9830495,2.765642384,0.04100395466,-0.4670857717,53.48238785,34.28196499,-41.05012408,2.306801841e-12,-3.887221049e-09,1.19742623,1.588713526e-09,
1692718000,-2.136301194,0.7819607245,-26.32310671,-386.3231067,8.172659353,0.7008773966,-0.3467469531,189.53,92.63781795,-165.3476809,5.686400066e-13,-1.554653566e-08,1.784883157,7.046065255e-10,-6.264865959,0.4861347898,-92.15121969,-452.1512197,2.892071228,-0.0182480639,-0.4857921798,48.54516615,29.99917778,-38.16651005,2.463502852e-12,-3.588541467e-09,1.272251871,1.63208646e-09,
1704716000,-2.36455834,0.7616791772,-29.33684158,-389.3368416,7.392048905,0.6639971862,-0.373179455,169.8007437,83.24942594,-147.992654,6.308526559e-13,-1.381682487e-08,1.777701796,6.628714136e-10,-6.08147713,0.4965078777,-99.36130914,-459.3613091,2.972256787,-0.08076182723,-0.4898954989,43.89106162,26.75626875,-34.79263389,2.683371403e-12,-3.248294535e-09,1.300354478,1.619824615e-09,
1716714000,-2.622801625,0.7393667546,-32.10128816,-392.1012882,6.67361814,0.6263249522,-0.3929125247,154.280934,77.09460974,-133.6376734,6.937344743e-13,-1.238942322e-08,1.733424345,6.145121225e-10,-6.004299203,0.5009392253,-106.260454,-466.260454,3.007527944,-0.1402650756,-0.480901046,39.80094123,24.45558078,-31.40126576,2.952398855e-12,-2.911181866e-09,1.284012269,1.578541905e-09,
1728712000,-2.920083301,0.7144894738,-34.5820205,-394.5820205,6.004995672,0.5882495569,-0.405533805,141.8184337,73.28001735,-121.4187267,7.582489381e-13,-1.117849042e-08,1.656914546,5.699015783e-10,-5.987162793,0.501928505,-112.9108127,-472.9108127,3.015487776,-0.1953996558,-0.4623323465,36.20110284,22.76902098,-28.14412072,3.271220356e-12,-2.59110594e-09,1.236070745,1.536073486e-09,
1740710000,-3.217158444,0.6904656501,-36.97176685,-396.9717669,5.461318431,0.5516350781,-0.4152608272,131.4169982,70.05294433,-111.189084,8.223023946e-13,-1.01661347e-08,1.587215,5.18873539e-10,-5.970115497,0.5029145785,-119.4672903,-479.4672903,3.023453341,-0.2473970594,-0.4378558762,32.93107947,21.37293522,-25.05301648,3.649502649e-12,-2.290623603e-09,1.172184177,1.509878731e-09,
1752708000,-3.56511039,0.6633526684,-39.20942467,-399.2094247,4.940935253,0.513992523,-0.4193428776,122.3682184,67.94817431,-101.7694771,8.922632778e-13,-9.241194393e-09,1.497751458,4.460763907e-10,-5.962562435,0.5033520923,-125.9315484,-485.9315484,3.026997737,-0.295376217,-0.4075735753,29.97127375,20.24375818,-22.10130099,4.108589233e-12,-2.006912333e-09,1.091758793,1.523281736e-09,
1764706000,-3.944016074,0.6350372433,-40.99338657,-400.9933866,4.480011216,0.4793167772,-0.4165665943,115.2385124,67.10253042,-93.68652599,9.626549189e-13,-8.449381207e-09,1.396169793,3.223987771e-10,-5.93345299,0.5050418306,-132.3580312,-492.3580312,3.040745509,-0.3402776366,-0.3732001885,27.24013242,19.24271753,-19.28062853,4.67763771e-12,-1.738877374e-09,1.001970148,1.607924204e-09,
1776704000,-4.375247626,0.6042791626,-42.2048548,-402.2048548,4.054067946,0.4476183861,-0.4059446844,109.6607817,67.5488781,-86.38655056,1.036952633e-12,-7.738400171e-09,1.27887469,1.299159824e-10,-5.867903064,0.508867655,-139.3628439,-499.3628439,3.072222121,-0.3861537739,-0.3314084386,24.47322739,18.24128762,-16.31546153,5.490421517e-12,-1.46151883e-09,0.8944248824,1.809463194e-09,
1788702000,-4.78590879,0.5763742373,-42.43670474,-402.4367047,3.721148183,0.4253775696,-0.3889231089,106.4673831,69.35193636,-80.78126381,1.101467014e-12,-7.187747006e-09,1.164801851,-9.48580278e-11,-5.784940111,0.5137513717,-147.4770169,-507.4770169,3.113122143,-0.4331827496,-0.2762121963,21.60023773,17.27591102,-12.96584622,6.862482858e-12,-1.153673735e-09,0.7505159181,2.13818009e-09,
1800700000,-5.069299878,0.5578725674,-41.29348311,-401.2934831,3.523582688,0.4191515274,-0.3681491526,106.5977346,72.82204431,-77.84617445,1.135380659e-12,-6.88043731e-09,1.068991885,-2.335759038e-10,-5.836613859,0.510704056,-157.4499465,-517.4499465,3.087505782,-0.4716581102,-0.1958500956,18.97686369,16.76806131,-8.885576822,9.947023433e-12,-7.853520706e-10,0.5299108023,2.472829119e-09,
1812698000,-4.962092068,0.5648009215,-39.4004805,-399.4004805,3.595597966,0.4364376279,-0.3585000389,110.8280607,76.3239211,-80.35868409,1.092601669e-12,-7.055495065e-09,1.052863675,-1.439808024e-10,-6.282623981,0.4851419181,-169.4914724,-529.4914724,2.884565612,-0.4770050081,-0.08848108825,17.92403039,17.46247499,-4.041389955,2.172520676e-11,-3.548341689e-10,0.2314328271,2.607386338e-09,
1824696000,-4.490539969,0.5963112483,-38.67856827,-398.6785683,3.954311933,0.4655188599,-0.3726651257,116.0388332,75.8937497,-87.7789814,9.936628993e-13,-7.656321266e-09,1.156603564,1.979055682e-10,-7.367032661,0.4282016801,178.2401771,-541.7598229,2.497736755,-0.4279997147,0.01315002027,20.03246773,20.02208731,0.6448123611,-1.352683702e-10,5.624228619e-11,0.03220505191,2.326024555e-09,
1836694000,-3.888069784,0.6391407542,-40.63469516,-400.6346952,4.542327163,0.485029279,-0.4162301073,116.4583853,67.45460403,-94.93382913,9.127720351e-13,-8.226295819e-09,1.407373603,6.695867301e-10,-9.171102461,0.3478923484,168.3677631,-551.6322369,2.066978275,-0.3407473214,0.07014519966,24.69027719,24.38167387,3.891499376,-2.226723842e-11,3.372098791e-10,0.159607556,1.474579679e-09,
1848692000,-3.388109064,0.6770091631,-44.9504236,-404.9504236,5.192126128,0.4791318118,-0.4783033702,109.9142653,54.1574342,-95.64579472,9.000977783e-13,-8.23420073e-09,1.766069537,1.092791423e-09,-11.53480252,0.2650085429,163.3866791,-556.6133209,1.721120063,-0.2539460601,0.07576890092,29.84683281,29.45813694,4.80120788,-1.793102267e-11,4.133387102e-10,0.1629840981,3.326837875e-11,
1860690000,-3.075961259,0.701781535,-50.7252157,-410.7252157,5.706492839,0.444255956,-0.5432623385,99.27441122,42.01282581,-89.94626835,9.509615505e-13,-7.693593893e-09,2.14092403,1.37233341e-09,-14.17301002,0.1955912845,166.089664,-553.910336,1.486298273,-0.1898552042,0.0470207615,34.07453577,33.91279502,3.316070315,-2.579421867e-11,2.836415428e-10,0.09778227695,-1.74784162e-09,
1872688000,-2.950572133,0.7119859005,-57.23366868,-417.2336687,5.944104484,0.3853368619,-0.5986981087,87.94188989,33.4856329,-81.31720843,1.045134642e-12,-6.91094068e-09,2.42842083,1.526782463e-09,-16.33391835,0.1525120233,178.6607494,-541.3392506,1.359915486,-0.152470362,0.003564542217,36.77027661,36.76929721,0.2683737762,-3.166756181e-10,2.280839792e-11,0.007298855202,-3.145117893e-09,
1884686000,-2.983071455,0.7093268955,-64.13053388,-424.1305339,5.88058155,0.3094951687,-0.6382455524,77.46267193,28.09777384,-72.18712245,1.169826343e-12,-6.095942436e-09,2.569140276,1.609604463e-09,-16.84334563,0.1438244488,-161.5221853,-521.5221853,1.33596953,-0.1364097874,-0.04558335193,38.01874752,37.85507178,-3.524018096,2.396309984e-11,-2.975906329e-10,0.09309236333,-3.467664009e-09,
1896684000,-3.170443161,0.6941891827,-71.22076928,-431.2207693,5.539991024,0.2234751317,-0.6572347274,68.25897565,25.03030101,-63.50410843,1.321366609e-12,-5.328769981e-09,2.537089283,1.667130025e-09,-15.36011101,0.1706060585,-144.8841722,-504.8841722,1.411399336,-0.1395541935,-0.09813793489,37.85825021,37.10757447,-7.501668214,1.118580641e-11,-6.294815466e-10,0.2021600259,-2.595614767e-09,
1908682000,-3.491393118,0.6690065104,-78.49332722,-438.4933272,5.04241492,0.1334547949,-0.6555604691,60.25230699,23.39497537,-55.52490995,1.501753632e-12,-4.629929911e-09,2.373369028,1.726499226e-09,-12.97124427,0.2246144987,-137.2488162,-497.2488162,1.579362132,-0.1649363322,-0.152471897,36.12602972,34.39584093,-11.04609205,7.54879959e-12,-9.210754606e-10,0.3211461547,-1.029133315e-09,
1920680000,-3.97186839,0.6330041839,-86.05627888,-446.0562789,4.449653408,0.04353586365,-0.6315052853,53.21107365,22.81118325,-48.07357151,1.723688283e-12,-3.98356131e-09,2.107456285,1.772104375e-09,-10.56151206,0.296431531,-137.4200004,-497.4200004,1.842651552,-0.2182724138,-0.2005711992,32.68268056,29.91729489,-13.15724422,6.297964114e-12,-1.090259936e-09,0.4397872289,4.618128702e-10,
1932678000,-4.669275985,0.5841658984,-93.99894697,-453.998947,3.809610352,-0.04073864299,-0.5827436484,47.04952776,23.1509687,-40.95962293,2.010502783e-12,-3.373001843e-09,1.769240133,1.765976612e-09,-8.481743256,0.3766282022,-143.0286965,-503.0286965,2.208358169,-0.3009021412,-0.2265098323,27.82625399,24.60785361,-12.99053317,6.339188303e-12,-1.069763078e-09,0.52790192,1.510238772e-09,
1944676000,-5.696446151,0.5190123504,-101.7390343,-461.7390343,3.158110924,-0.1055953313,-0.5081569107,42.2704395,24.67390609,-34.32183581,2.384527678e-12,-2.808945976e-09,1.391017526,1.658018203e-09,-6.854962755,0.4542049493,-151.9677275,-511.9677275,2.664379143,-0.4009189953,-0.2134621632,22.43949151,19.76201395,-10.62984402,7.699206807e-12,-8.699609706e-10,0.5378927496,2.11954613e-09,
1956674000,-7.098791594,0.4416318842,-108.7906868,-468.7906868,2.581866413,-0.1422548486,-0.4180936249,39.22403884,27.20293803,-28.25819147,2.878440748e-12,-2.298508006e-09,1.038791892,1.410201949e-09,-5.740207872,0.5164040105,-162.5906733,-522.5906733,3.135683594,-0.4927483884,-0.154506077,17.66683719,16.28045257,-6.860320725,1.185651998e-11,-5.580152619e-10,0.4213839077,2.405411213e-09,
1968672000,-8.870807541,0.360130267,-114.4676333,-474.4676333,2.125636199,-0.1491584421,-0.3277889082,38.1507656,30.47267765,-22.95423344,3.521956382e-12,-1.855707664e-09,0.7532726105,9.213389597e-10,-4.984118427,0.5633704696,-173.4135781,-533.4135781,3.580542224,-0.5596522108,-0.06461957079,14.25581853,14.00698316,-2.651939804,3.048478281e-11,-2.143929149e-10,0.1893298346,2.480937606e-09,
1980670000,-11.22786541,0.2745406954,-118.0899329,-478.0899329,1.756874145,-0.1292693753,-0.2422024402,39.12671463,34.658503,-18.15731168,4.425440026e-12,-1.459014327e-09,0.5238919775,-3.013778573e-10,-4.516344964,0.5945422903,175.746006,-544.253994,3.932696931,-0.5929043363,0.04410196154,12.84825108,12.73032357,1.736783719,-4.626603358e-11,1.39557682e-10,0.1364288747,2.451006258e-09,
1992668000,-14.45755763,0.1892875798,-116.987016,-476.987016,1.466966029,-0.08589654093,-0.1686759382,42.29318929,39.92017029,-13.96760051,5.718253174e-12,-1.115596108e-09,0.3498882999,-2.986015719e-09,-4.254872387,0.6127119923,165.2846119,-554.7153881,4.164115491,-0.5926147726,0.1556397018,13.62652281,12.19583123,6.078143185,-1.314057164e-11,4.854629736e-10,0.4983787552,2.393880932e-09,
2004666000,-18.63047939,0.1170781983,-101.0223187,-461.0223187,1.265206269,-0.02238433978,-0.1149184313,47.83850888,46.59022549,-10.85697107,7.312559733e-12,-8.619593548e-10,0.2330310908,-5.223278182e-09,-4.15410156,0.6198618699,155.1273202,-564.8726798,4.26124543,-0.5623663791,0.2607159246,16.08008436,12.27143707,10.39138803,-7.640196785e-12,8.249956705e-10,0.8467947129,2.327458035e-09,
2016664000,-19.73985676,0.1030403113,-58.51425051,-418.5142505,1.229754609,0.05381656161,-0.08786969583,55.64158203,54.78405455,-9.73103378,8.110126081e-12,-7.679723184e-10,0.1776252937,-5.546633228e-09,-4.206611396,0.6161258498,145.1965547,-574.8034453,4.21004084,-0.5059101092,0.3516618038,19.60837069,12.97108017,14.70507669,-5.366847962e-12,1.160523341e-09,1.133681737,2.249190302e-09,
2028662000,-15.94612305,0.1594754542,-34.5223107,-394.5223107,1.379466501,0.131392715,-0.09037906243,64.98346733,63.89375371,-11.85070728,6.620124644e-12,-9.297254264e-10,0.1854752083,-3.830483257e-09,-4.41585133,0.6014609466,135.5253199,-584.4746801,4.018328776,-0.4291785469,0.4213799297,23.80884598,14.37415376,18.98011725,-4.13343913e-12,1.489050162e-09,1.320433715,2.163355132e-09,
2040660000,-12.71382977,0.2313707804,-30.44971016,-390.4497102,1.602034829,0.1994588051,-0.1172545227,74.47794548,72.29194343,-17.91198697,4.354173349e-12,-1.39698983e-09,0.2477729346,-1.09275977e-09,-4.763067038,0.5778919543,126.5111986,-593.4888014,3.73812338,-0.3438340919,0.464475218,28.27049987,16.4728902,22.97531396,-3.394595453e-12,1.791888303e-09,1.394734845,2.0435869e-09,
2052658000,-10.45934523,0.2999388613,-32.32994024,-392.3299402,1.856893333,0.2534430855,-0.1604054952,82.74447134,78.03741583,-27.5101666,2.818449871e-12,-2.13302898e-09,0.3525253407,4.173685787e-10,-5.233636226,0.5474168846,117.7493155,-602.2506845,3.419077804,-0.2548794622,0.4844602205,33.03601125,19.35242068,26.77427596,-2.895914931e-12,2.075970944e-09,1.383510435,1.88656052e-09,
2064656000,-8.836983335,0.3615354044,-36.01075864,-396.0107586,2.132515121,0.2924483782,-0.2125600967,88.64564968,79.6330602,-38.94389464,1.979397637e-12,-3.002007761e-09,0.4890417943,9.048625527e-10,-5.81496413,0.5119785824,109.9504368,-610.0495632,3.098180793,-0.1746907493,0.4812537906,37.6294652,22.89408308,29.86365034,-2.581246839e-12,2.302053015e-09,1.304426573,1.691806903e-09,
2076654000,-7.596750915,0.4170253488,-40.75544523,-400.7554452,2.430680898,0.3158979296,-0.2722473867,91.25319948,76.19148633,-50.21955621,1.526100442e-12,-3.848831154e-09,0.6591229366,1.10147612e-09,-6.457818514,0.4754546227,103.0627852,-616.9372148,2.812825518,-0.1074616083,0.4631512723,41.88372621,26.85473541,32.14140176,-2.384466225e-12,2.463319825e-09,1.196861606,1.448986539e-09,
2088652000,-6.634226861,0.4658956515,-45.7787313,-405.7787313,2.744586626,0.3249301533,-0.3338849407,90.71210216,69.01828096,-58.86562979,1.294470777e-12,-4.485551427e-09,0.8528991011,1.209127186e-09,-7.136214688,0.4397332095,97.3175251,-622.6824749,2.569727912,-0.05600793683,0.4361518159,45.50764471,30.89651986,33.41183604,-2.280624072e-12,2.545976478e-09,1.081410987,1.188121344e-09,
2100650000,-5.882139322,0.5080342991,-51.2338728,-411.2338728,3.065324059,0.3181021016,-0.3961185453,87.26424287,59.64845943,-63.69544231,1.189482551e-12,-4.825860803e-09,1.067847232,1.265202869e-09,-7.783023007,0.408177301,92.77287843,-627.2271216,2.379390489,-0.01974638055,0.4076993862,48.33507294,34.54897086,33.80307514,-2.241352802e-12,2.561077048e-09,0.9784104793,9.178337506e-10,
2112648000,-5.312935158,0.542441917,-56.8843392,-416.8843392,3.371029765,0.2963527896,-0.4543327607,82.00202379,50.30070463,-64.7624198,1.16324159e-12,-4.878834164e-09,1.28750522,1.285536102e-09,-8.395024298,0.3804072498,89.43624641,-630.5637536,2.22792673,0.003742902087,0.3803888358,50.32805006,37.60430755,33.4488965,-2.252221988e-12,2.519850547e-09,0.8894964083,6.825405321e-10,
2124646000,-4.889573865,0.5695361652,-62.52646853,-422.5264685,3.646151055,0.2627491298,-0.5053061827,76.08545683,42.28634595,-63.25236507,1.184286511e-12,-4.738166529e-09,1.495810613,1.266022402e-09,-8.859828356,0.3605857686,87.18151974,-632.8184803,2.127862818,0.01773069582,0.3601495785,51.59446821,39.74096181,32.90357282,-2.276619721e-12,2.464771194e-09,0.8279510941,5.07410932e-10,
2136644000,-4.571259874,0.5907952655,-67.89538531,-427.8953853,3.887528983,0.2223156002,-0.5473708246,70.41402106,35.98824124,-60.52256484,1.230752254e-12,-4.508221942e-09,1.681731665,1.21130452e-09,-9.150724819,0.3487094838,85.3727861,-634.6272139,2.070826229,0.02813121616,0.3475729259,52.57432451,41.22651453,32.62566624,-2.283119141e-12,2.430229862e-09,0.7913758079,4.417882764e-10,
2148642000,-4.304141529,0.6092463325,-73.06987596,-433.069876,4.118314085,0.177415707,-0.5828419688,65.15839773,30.93516527,-57.34659837,1.29166059e-12,-4.247796794e-09,1.853767318,1.144453135e-09,-9.204207715,0.346568921,83.84635914,-636.1536409,2.060766566,0.03715043242,0.3445719988,53.43436602,42.06742603,32.9478852,-2.248166783e-12,2.44052699e-09,0.7832160963,4.989233108e-10,
2160640000,-4.080706272,0.6251218605,-77.77245243,-437.7724524,4.335067023,0.1323975028,-0.6109404568,60.62870577,27.05294038,-54.25844064,1.357595568e-12,-3.996732002e-09,2.005639308,1.07716569e-09,-9.081690631,0.3514920191,81.56279038,-638.4372096,2.084002139,0.05157282862,0.3476879101,54.8216862,42.9465169,34.07365498,-2.161817351e-12,2.509900131e-09,0.7933974032,6.623636773e-10,
2172638000,-3.856954648,0.6414344299,-82.30400265,-442.3040026,4.577780375,0.0858989461,-0.6356567462,56.50605701,23.73922107,-51.2775181,1.428583941e-12,-3.756295561e-09,2.160033724,1.039017173e-09,-8.838493808,0.361472539,78.31157021,-641.6884298,2.132206713,0.07323055851,0.3539769509,56.95665715,44.16462474,35.96591046,-2.03676865e-12,2.634655397e-09,0.8143601505,9.125212158e-10,
2184636000,-3.628245126,0.6585484679,-86.54122307,-446.5412231,4.857346686,0.03973048419,-0.6573488976,52.85245199,20.90914977,-48.54059268,1.500845443e-12,-3.53627573e-09,2.321500072,1.038456503e-09,-8.500080688,0.375833913,73.83550964,-646.1644904,2.204275339,0.1046306208,0.3609758487,60.1885232,46.07071817,38.73173444,-1.880936353e-12,2.821681503e-09,0.8407017729,1.193721117e-09,
2196634000,-3.388761221,0.6769583337,-91.1245211,-451.1245211,5.191151819,-0.01328553458,-0.6768279546,49.09710481,18.24190085,-45.5824391,1.589515875e-12,-3.302630525e-09,2.498776826,1.062692657e-09,-8.186794803,0.3896370619,68.00282632,-651.9971737,2.276738929,0.1459427915,0.3612723925,64.78537233,49.31689341,42.01176613,-1.724612347e-12,3.043920948e-09,0.8518737338,1.469356705e-09,
2208632000,-3.177013535,0.6936642672,-95.78911522,-455.7891152,5.528784553,-0.06996803669,-0.6901265025,45.47959162,16.00234111,-42.57133229,1.692698189e-12,-3.06770796e-09,2.660319011,1.080693843e-09,-7.963406541,0.3997879252,60.93708359,-659.0629164,2.332155556,0.194204879,0.3494493527,70.83428957,54.4559988,45.29945666,-1.590756764e-12,3.264297741e-09,0.8318542982,1.690074293e-09,
2220630000,-3.023031437,0.7060710874,-100.6303923,-460.6303923,5.804366343,-0.1302508527,-0.6939532375,41.94679536,14.25391592,-39.4507227,1.81672405e-12,-2.827475774e-09,2.767711198,1.053069469e-09,-7.909745015,0.4022654648,53.02796809,-666.9720319,2.345966951,0.2419325512,0.3213816188,77.90107343,61.81720822,47.40474669,-1.511896629e-12,3.397549237e-09,0.766853568,1.814212418e-09,
2232628000,-2.930080636,0.7136675797,-105.127384,-465.127384,5.984888396,-0.1862429149,-0.6889375813,38.8625475,13.0374295,-36.61042243,1.947148277e-12,-2.609807679e-09,2.808101276,9.936615244e-10,-8.040104015,0.3962732888,44.8234183,-675.1765817,2.312757184,0.2810697782,0.2793426197,84.99830448,70.85034896,46.95678669,-1.518117528e-12,3.347357784e-09,0.6627601329,1.82500525e-09,
2244626000,-2.860714275,0.7193898173,-109.1978962,-469.1978962,6.127325107,-0.2365583713,-0.679383431,36.21664984,12.11868208,-34.12892132,2.077560025e-12,-2.41990716e-09,2.816223835,9.162425201e-10,-8.357504268,0.3820540313,36.87920189,-683.1207981,2.236528922,0.3056059961,0.2292820491,90.63606881,79.85315209,42.87622967,-1.653710767e-12,3.040134033e-09,0.5369384745,1.730872846e-09,
2256624000,-2.828123779,0.7220941242,-112.964875,-472.964875,6.196681229,-0.2817371123,-0.6648639889,33.89209735,11.47732311,-31.88958007,2.211628249e-12,-2.249104991e-09,2.778485869,8.584069486e-10,-8.824878916,0.3620395815,29.59792331,-690.4020767,2.134990733,0.3147980617,0.1788150969,93.6879051,86.63688933,35.65771963,-1.977913811e-12,2.514863947e-09,0.4115766379,1.565881635e-09,
2268622000,-2.768211633,0.7270920873,-116.4991867,-476.4991867,6.328479339,-0.3244176631,-0.6507042979,31.78263382,10.82290425,-29.8831149,2.34764339e-12,-2.096446852e-09,2.761099444,8.265474641e-10,-9.393612863,0.3390934156,23.26009325,-696.7399068,2.026146277,0.3115324649,0.1339099243,93.98403033,89.95534928,27.221923,-2.577146998e-12,1.909751208e-09,0.3026159447,1.355969971e-09,
2280620000,-2.707887775,0.7321593472,-120.0152386,-480.0152386,6.467126365,-0.3662482994,-0.6339712082,29.75807263,10.2255161,-27.94604994,2.497162314e-12,-1.950238088e-09,2.732972074,8.095424498e-10,-10.03079482,0.3151086021,17.81556647,-702.1844335,1.920171003,0.2999979801,0.09640872908,92.24099825,90.19738948,19.30887591,-3.614183605e-12,1.347485792e-09,0.2140735561,1.122857595e-09,
2292618000,-2.644432624,0.7375277554,-123.5231641,-483.5231641,6.619853304,-0.4073174563,-0.6148493147,27.80361507,9.667944344,-26.06859918,2.66299738e-12,-1.809698092e-09,2.696395248,8.048409743e-10,-10.69938854,0.29176324,13.48631043,-706.5136896,1.823914421,0.2837180639,0.06804298944,89.33345459,88.36125983,13.14358672,-5.281709842e-12,9.12435825e-10,0.1487482947,8.861938444e-10,
2304616000,-2.593917108,0.7418295766,-126.9360889,-486.9360889,6.746820778,-0.4457830508,-0.5929490639,25.96968995,9.207851958,-24.28250931,2.843989542e-12,-1.676930728e-09,2.637152446,7.988150932e-10,-11.33110886,0.2712967287,10.23513296,-709.764867,1.744601375,0.2669795397,0.04820622788,86.2979594,85.83437265,8.932987654,-7.730806893e-12,6.169050035e-10,0.1040723824,6.602793309e-10,
2316614000,-2.569269795,0.7439376016,-130.4204292,-490.4204292,6.810596216,-0.4823627365,-0.5663650285,24.1758159,8.866698599,-22.49114782,3.05460343e-12,-1.545176431e-09,2.536586484,7.962613096e-10,-11.9382632,0.2529803797,7.911713263,-712.0882867,1.677305851,0.2505723465,0.03482199993,83.37754382,83.14769872,6.186680106,-1.110475022e-11,4.250344339e-10,0.07440590901,4.550835043e-10,
2328612000,-2.531637201,0.7471677875,-133.8181363,-493.8181363,6.910384441,-0.5173177592,-0.5391122691,22.46918754,8.518282839,-20.79190338,3.287219861e-12,-1.421075816e-09,2.440856188,8.036169071e-10,-12.42611545,0.2391631294,6.34320851,-713.6567915,1.628684383,0.2376989533,0.02642366483,81.15152949,81.02434013,4.541700767,-1.504889054e-11,3.104141554e-10,0.05605353601,2.750209981e-10,
2340610000,-2.497027724,0.750150864,-137.2785181,-497.2785181,7.004830563,-0.551106045,-0.5089287239,20.78490017,8.204198638,-19.09720398,3.560584431e-12,-1.298556536e-09,2.327735447,8.081232476e-10,-12.81881543,0.2285910532,5.604107261,-714.3958927,1.592658548,0.2274984799,0.02232288617,79.42956399,79.34157938,3.737568507,-1.819289922e-11,2.541442201e-10,0.04710731166,1.150224175e-10,
2352608000,-2.44453432,0.7546981475,-140.8622766,-500.8622766,7.153220125,-0.5853672815,-0.4763553712,19.0751134,7.853703979,-17.38330478,3.891689813e-12,-1.175988045e-09,2.213389354,8.216308723e-10,-13.07017504,0.2220706931,5.449472477,-714.5505275,1.570927695,0.221067008,0.0210895882,78.36372036,78.28670671,3.473358868,-1.947694801e-11,2.349742214e-10,0.04436716033,-2.501972764e-12,
2364606000,-2.453126431,0.7539519667,-144.3509119,-504.3509119,7.128494154,-0.6126626723,-0.4394178172,17.52252372,7.723552759,-15.72849548,4.279314078e-12,-1.058640553e-09,2.036432711,8.217194162e-10,-13.15726155,0.2198552914,5.874511144,-714.1254889,1.56362695,0.2187007098,0.02250219319,77.97288584,77.88584388,3.683238934,-1.827390874e-11,2.47908397e-10,0.04729022311,-5.608504193e-11,
2376604000,-2.447568014,0.7544346025,-148.0262084,-508.0262084,7.144469947,-0.6399796339,-0.3994967304,15.93023522,7.560699301,-14.02170533,4.775979697e-12,-9.389968685e-10,1.854551381,8.219057363e-10,-13.01225866,0.2235563791,6.262040174,-713.7379598,1.575847037,0.2222225163,0.02438458287,78.54851891,78.44522529,4.026965689,-1.662973691e-11,2.696753414e-10,0.05133474566,-1.801581817e-11,
2388602000,-2.478322571,0.7517680623,-151.4427335,-511.4427335,7.056980978,-0.6603077783,-0.3593728669,14.5550514,7.534291775,-12.45327141,5.350481747e-12,-8.29773944e-10,1.652878834,8.229858883e-10,-12.63756127,0.2334113317,6.409058413,-713.5909416,1.60896108,0.2319525771,0.02605478374,80.17211029,80.05063173,4.411760243,-1.510304225e-11,2.939600027e-10,0.05511212276,1.26024668e-10,
2400600000,-2.471471814,0.7523612327,-155.0665709,-515.0665709,7.076279903,-0.682239817,-0.3171691292,13.11317038,7.404002197,-10.82293809,6.125691988e-12,-7.175389883e-10,1.461768622,8.247655362e-10,-12.04940452,0.2497639614,5.571275658,-714.4287243,1.665827682,0.2485841256,0.0242480709,83.05452965,82.94365672,4.290070684,-1.545382116e-11,2.844230424e-10,0.05172270977,3.651096104e-10,
2412598000,-2.441461851,0.754965155,-158.6042631,-518.6042631,7.162104454,-0.7029351927,-0.2754169567,11.74145588,7.225308054,-9.255091009,7.127783082e-12,-6.105424455e-10,1.280926839,8.387636867e-10,-11.32689015,0.2714285287,3.498214262,-716.5017857,1.745097878,0.2709227761,0.01656187142,87.14460047,87.08894026,3.114141173,-2.118345876e-11,2.054345404e-10,0.03575817049,6.727948266e-10,
2424596000,-2.420478043,0.7567912425,-162.25741,-522.25741,7.223388092,-0.720794633,-0.2306254146,10.42914996,7.087281645,-7.650987367,8.579525363e-12,-5.022248898e-10,1.079537649,8.540895563e-10,-10.55744109,0.2965704973,-0.1675909414,-720.1675909,1.843213133,0.2965692286,-0.0008674715376,92.16035079,92.16018404,-0.1753120825,3.744285004e-10,-1.15078077e-11,0.001902254041,9.963822768e-10,
2436594000,-2.390516222,0.7594062881,-165.96159,-525.96159,7.312769207,-0.7367253499,-0.1842109368,9.1991705,6.939040417,-6.039408579,1.081539909e-11,-3.944857981e-10,0.870352126,8.776252747e-10,-9.781422226,0.3242865144,-5.251454482,-725.2514545,1.959834371,0.3229253556,-0.02968093861,97.6250307,97.4109257,-6.462056543,1.010802267e-11,-4.220925773e-10,0.06633810834,1.306256717e-09,
2448592000,-2.380322756,0.7602980248,-169.8331671,-529.8331671,7.343694282,-0.7483597895,-0.1342039936,8.132016463,6.861432688,-4.364680197,1.489193998e-11,-2.836979082e-10,0.6361179065,8.967721674e-10,-9.112183148,0.3502602413,-11.57216017,-731.5721602,2.078155482,0.3431404443,-0.0702628787,101.7986034,100.5173068,-16.10051826,4.037047411e-12,-1.04651043e-09,0.1601765783,1.558601707e-09,
2460590000,-2.408852461,0.7578048439,-173.769931,-533.769931,7.257803468,-0.7533293612,-0.08223779568,7.40684127,6.909151561,-2.669255008,2.42320865e-11,-1.726517335e-10,0.3863361492,8.999405135e-10,-8.579599642,0.3724088713,-19.00994369,-739.0099437,2.186788194,0.3520984582,-0.1213055775,102.9742263,99.11721285,-27.91897912,2.316761583e-12,-1.80584475e-09,0.2816763942,1.72677119e-09,
2472588000,-2.494881708,0.7503362261,-177.7202899,-537.7202899,7.010773724,-0.7497423681,-0.02984683688,7.200903586,7.134646377,-0.9745940326,6.604571202e-11,-6.273243169e-11,0.1366001875,8.866915763e-10,-8.226472443,0.3878612367,-26.94853225,-746.9485323,2.267233052,0.3457449271,-0.1757748113,100.1670981,92.55585231,-38.29963126,1.680636463e-12,-2.465261351e-09,0.4138002115,1.804315696e-09,
2484586000,-2.582747646,0.7427841325,178.5464961,-541.4535039,6.775570068,-0.7425451333,0.01884124552,7.406645585,7.380614406,0.6204271118,-1.032464981e-10,3.974265397e-11,0.08406171595,8.638900384e-10,-8.000729806,0.3980737222,-34.85530976,-754.8553098,2.322666037,0.3266584587,-0.2275015158,94.69222621,83.29648193,-45.03680499,1.422323956e-12,-2.884919312e-09,0.540680758,1.786036622e-09,
2496584000,-2.700796369,0.7327573469,174.8592734,-545.1407266,6.483835297,-0.7298099232,0.06565672459,8.031314439,7.726655317,2.191074903,-2.909489032e-11,1.39679018e-10,0.2835735274,8.529744836e-10,-7.904539686,0.402506609,-42.61620063,-762.6162006,2.34731736,0.296206895,-0.2725308159,87.75124937,73.55966427,-47.84618645,1.332375446e-12,-3.050150558e-09,0.6504405222,1.702852715e-09,
2508582000,-2.844620198,0.7207240097,171.2833725,-548.7166275,6.16137466,-0.7123996104,0.1092240506,8.964570582,8.160960441,3.70975072,-1.710200788e-11,2.353621148e-10,0.45457281,8.673510821e-10,-7.914484197,0.4020460412,-49.74807081,-769.7480708,2.344739123,0.25978192,-0.3068458461,80.90711316,65.28490717,-47.78955802,1.327574237e-12,-3.03196961e-09,0.732015409,1.587303069e-09,
2520580000,-2.968154479,0.7105461262,167.4900937,-552.5099063,5.909563771,-0.6936767456,0.153910266,10.07891533,8.55956,5.321509833,-1.186546539e-11,3.360117888e-10,0.6217036661,9.00862203e-10,-7.894600157,0.4029674733,-56.2776401,-776.2776401,2.349901237,0.2237150727,-0.3351631703,75.02725774,58.57851064,-46.8790731,1.346916365e-12,-2.960047375e-09,0.8002776546,1.450798527e-09,
2532578000,-3.157333538,0.6952377143,163.499425,-556.500575,5.562491797,-0.6666056592,0.1974648691,11.54420952,9.171529698,7.010835647,-8.96370418e-12,4.405823427e-10,0.7644129036,9.496968695e-10,-7.916588524,0.4019486495,-62.30462203,-782.304622,2.344194438,0.1868139229,-0.3558978435,69.79205559,53.20473266,-45.16843417,1.391304745e-12,-2.838522474e-09,0.8489551947,1.325826551e-09,
2544576000,-3.390983642,0.6767851454,159.2958667,-560.7041333,5.187834413,-0.6330773649,0.2392721945,13.26996524,9.947200772,8.783232559,-7.121153101e-12,5.493625964e-10,0.8829853504,9.958120506e-10,-7.879735785,0.4036576716,-67.66995033,-787.6699503,2.353778366,0.1533662399,-0.3733876167,65.50746863,48.88189707,-43.60950109,1.4342458e-12,-2.727632291e-09,0.8921401111,1.215820713e-09,
2556574000,-3.720462926,0.6515936656,154.8704526,-565.1295474,4.74042376,-0.5899202725,0.2767099151,15.32716611,11.04712053,10.62464818,-5.859319845e-12,6.614184753e-10,0.9617572434,1.034522125e-09,-7.805784515,0.4071090664,-72.68499623,-792.6849962,2.37330171,0.1211657881,-0.3886600619,61.74270223,45.17308817,-42.08982518,1.479056083e-12,-2.620226808e-09,0.9317455786,1.145832313e-09,
2568572000,-4.171902991,0.6185927852,150.2986246,-569.7013754,4.243739296,-0.5373218302,0.3065000566,17.70213463,12.56140462,12.47303829,-4.96770882e-12,7.728596667e-10,0.992965251,1.033967317e-09,-7.618920085,0.4159623238,-77.34480346,-797.3448035,2.42443661,0.09113039878,-0.405857001,58.47905083,41.73423057,-40.96404991,1.512604893e-12,-2.538231761e-09,0.9815455886,1.145573103e-09,
2580570000,-4.806777064,0.5749911321,145.6560924,-574.3439076,3.705784164,-0.4747507454,0.3243863928,20.44177314,14.67875126,14.22674772,-4.335097375e-12,8.774252294e-10,0.9692069492,9.544415301e-10,-7.337949647,0.4296378332,-82.21304843,-802.2130484,2.506543941,0.05821160338,-0.4256760235,55.18122902,38.16877451,-39.85113159,1.547618204e-12,-2.457792108e-09,1.044076791,1.22055161e-09,
2592568000,-5.668889689,0.5206615603,141.573075,-578.426925,3.172417304,-0.4078870343,0.3235994865,23.3549409,17.4642922,15.50650711,-3.958913318e-12,9.519276859e-10,0.8878978281,7.351564713e-10,-6.930275094,0.45028372,-87.64617919,-807.6461792,2.638240439,0.01849331823,-0.449903796,51.56196509,34.19394039,-38.59288386,1.590679715e-12,-2.369175364e-09,1.128646872,1.325203113e-09,
2604566000,-6.746934817,0.4598892512,138.6207263,-581.3792737,2.702944266,-0.3450780124,0.304005409,26.17975842,20.73200001,15.98636689,-3.822389935e-12,9.768649794e-10,0.771096222,3.430122213e-10,-6.442151813,0.476312972,-93.89382916,-813.8938292,2.819074931,-0.03234538426,-0.4752134504,47.42957278,29.92981627,-36.79362,1.660780534e-12,-2.248315649e-09,1.229329966,1.566058489e-09,
2616564000,-8.088575917,0.3940680312,137.9395744,-582.0604256,2.300700579,-0.2925713686,0.2639916807,28.61770518,24.26725711,15.16816673,-4.010104369e-12,9.226178732e-10,0.6250466074,-2.65679737e-10,-5.948688241,0.504156752,-100.1240296,-820.1240296,3.033532791,-0.08862047571,-0.4963068022,43.36921722,26.05205264,-34.67246106,1.754300959e-12,-2.108984747e-09,1.330891716,1.815066063e-09,
2628562000,-9.520012852,0.3341945455,140.0650136,-579.9349864,2.003880468,-0.2562514617,0.2145254824,30.36907052,27.34638797,13.20816071,-4.584157833e-12,7.997315893e-10,0.4829947092,-1.098349692e-09,-5.540603356,0.5284085452,-109.7953488,-829.7953488,3.240958948,-0.1789516511,-0.4971839671,37.50881346,22.01380769,-30.36944777,1.993723884e-12,-1.838818233e-09,1.379563599,2.015415829e-09,
2640560000,-10.87604511,0.2858891967,146.5886573,-573.4113427,1.800685819,-0.2386428247,0.1574237434,31.13318179,29.45017957,10.0976201,-5.969047904e-12,6.086156541e-10,0.3428712573,-1.920051383e-09,-5.286311495,0.5441071404,-118.8943121,-838.8943121,3.386995668,-0.2629101062,-0.4763726024,32.51036623,19.3193351,-26.14741294,2.305129697e-12,-1.575987677e-09,1.353432342,2.116403977e-09,
2652558000,-11.63577229,0.2619457673,158.0165842,-561.9834158,1.709827966,-0.2429002787,0.09805630853,30.61623101,29.95930078,6.308240493,-9.511455951e-12,3.784979091e-10,0.2105603378,-2.364403734e-09,-5.185862942,0.5504360288,-128.0344143,-848.0344143,3.448755078,-0.3391427251,-0.4335458843,28.07582245,17.590279,-21.88227344,2.741970653e-12,-1.312948476e-09,1.243998087,2.036022127e-09,
2664556000,-11.38615476,0.2695828509,170.4299868,-549.5700132,1.73816134,-0.2658311158,0.04481887279,29.03527259,28.90056773,2.793606875,-2.138109724e-11,1.668632009e-10,0.09666269886,-2.200950788e-09,-5.208763934,0.5489866749,-136.7112037,-856.7112037,3.434458781,-0.3996111608,-0.376427004,24.44669946,16.62883796,-17.91990129,3.333186901e-12,-1.070362518e-09,1.077640021,1.936132465e-09,
2676554000,-10.33495942,0.3042650217,179.2069576,-540.7930424,1.874657826,-0.3042358768,0.004211258719,26.6735969,26.67244798,0.2475683431,-2.401867312e-10,1.472106506e-11,0.009281800578,-1.533133776e-09,-5.292585626,0.5437142541,-144.8576512,-864.8576512,3.383218231,-0.4446084628,-0.3129672586,21.56459173,16.11958147,-14.32447939,4.151119875e-12,-8.517712335e-10,0.8886384186,1.821458538e-09,
2688552000,-9.085789893,0.3513261733,-176.4739159,-536.4739159,2.083213655,-0.3506610786,-0.02160759179,24.04804655,24.01887506,-1.184138392,4.999185236e-11,-7.009776204e-11,0.04930032688,-7.319460617e-10,-5.370950518,0.5388308766,-152.2961848,-872.2961848,3.336803785,-0.4770607441,-0.2505030139,19.35191865,15.80917509,-11.16094702,5.303964939e-12,-6.606976124e-10,0.7059790881,1.741607058e-09,
2700550000,-7.926924714,0.401470616,-175.4212942,-535.4212942,2.341523496,-0.400189369,-0.03204878177,21.44384746,21.38151418,-1.633843694,3.607093525e-11,-9.628938553e-11,0.07641384422,-8.895685258e-11,-5.42067501,0.5357550206,-159.5788709,-879.5788709,3.308070283,-0.5020846295,-0.1869343919,17.56819842,15.55878399,-8.158788911,7.223409104e-12,-4.808322693e-10,0.5243847409,1.710166246e-09,
2712548000,-6.896973721,0.4520134044,-176.4484874,-536.4484874,2.649724311,-0.4511453165,-0.0280003784,18.93215553,18.88543939,-1.329169689,4.414304329e-11,-7.798716418e-11,0.07038066002,3.408160817e-10,-5.42260336,0.5356360911,-166.9630365,-886.9630365,3.306966932,-0.5218299307,-0.1208285792,16.15333907,15.2987303,-5.184516774,1.131708078e-11,-3.041942381e-10,0.3388854286,1.739490608e-09,
2724546000,-6.062737192,0.4975802574,-178.8846089,-538.8846089,2.98073529,-0.4974859754,-0.009685906396,16.78135416,16.77579501,-0.4319132938,1.352475528e-10,-2.523030835e-11,0.02574621909,6.085535772e-10,-5.453452794,0.5337370615,-174.4576597,-894.4576597,3.289425204,-0.5312418935,-0.05154902012,15.39002411,15.23253873,-2.196043268,2.660021178e-11,-1.282823418e-10,0.1441679097,1.795178309e-09,
2736544000,-5.415772728,0.5360574839,177.897341,-542.102659,3.310878893,-0.5356965522,0.01966799492,15.12934709,15.10635195,0.8338310048,-6.974926838e-11,4.849486291e-11,0.05519737707,7.495485187e-10,-5.484772694,0.5318159585,177.5764746,-902.4235254,3.271824374,-0.5313402768,0.02248830866,15.31822735,15.2881924,0.9587816928,-6.065937948e-11,5.576188278e-11,0.06271386882,1.827869137e-09,
2748542000,-4.957238798,0.5651165941,174.2632251,-545.7367749,3.598933812,-0.5622862739,0.05648814963,14.11570476,13.92518252,2.311365936,-2.505238316e-11,1.338401647e-10,0.1659846061,7.875218243e-10,-5.596440672,0.5250225614,169.3819847,-910.6180153,3.210726315,-0.5160328423,0.09674086847,16.24435489,15.69412831,4.192064214,-1.381305774e-11,2.427424218e-10,0.2671103569,1.826738642e-09,
2760540000,-4.662390407,0.5846291687,170.790046,-549.209954,3.814974594,-0.5770924066,0.09357146548,13.70798687,13.18539751,3.74889272,-1.537882215e-11,2.161369904e-10,0.2843215548,7.577993196e-10,-5.770614854,0.5145993784,161.6417483,-918.3582517,3.120307867,-0.4884092319,0.1620769645,17.92172076,16.39849478,7.23031425,-7.973865647e-12,4.16853316e-10,0.4409132879,1.786029103e-09,
2772538000,-4.456912684,0.5986243325,167.6614023,-552.3385977,3.982863093,-0.5847972139,0.1279191543,13.66272401,12.69111426,5.06020218,-1.1344223e-11,2.904761594e-10,0.3987200869,7.018028186e-10,-5.987879249,0.5018871051,154.058725,-925.941275,3.015154035,-0.4513184061,0.2195503645,20.13096479,17.36133192,10.19018633,-5.633269119e-12,5.84958087e-10,0.5869472672,1.712218556e-09,
2784536000,-4.297074483,0.6097422315,164.8325152,-555.1674848,4.124817907,-0.5885019406,0.1595338674,13.8221979,12.32377994,6.259201446,-9.131631246e-12,3.577554214e-10,0.5078962359,6.650202759e-10,-6.253744169,0.4867576565,146.6663055,-933.3336945,2.896794614,-0.4066784031,0.2674802658,22.72626971,18.608759,13.04597345,-4.381177053e-12,7.45665045e-10,0.7010662799,1.626626792e-09,
2796534000,-4.177808471,0.6181723509,162.0855761,-557.9144239,4.237965362,-0.5882015,0.1901474451,14.17839227,12.07452162,7.431872905,-7.657760048e-12,4.229590304e-10,0.6155004013,6.641377996e-10,-6.562857587,0.4697395427,139.8919492,-940.1080508,2.771731368,-0.3592713107,0.3026208243,25.44248399,20.09451378,15.60546402,-3.646895685e-12,8.881303565e-10,0.776603216,1.50662216e-09,
2808532000,-4.065624948,0.6262082034,159.2159152,-560.7840848,4.350572212,-0.5854572533,0.2222082774,14.68945633,11.85819622,8.669677593,-6.536387756e-12,4.912965364e-10,0.7311126778,6.851166869e-10,-6.862020674,0.4538360245,133.5958533,-946.4041467,2.661903915,-0.3129504056,0.3286779287,28.13596076,21.67276477,17.94222826,-3.158379976e-12,1.01675691e-09,0.8278698379,1.374189954e-09,
2820530000,-4.03204681,0.6286337006,156.1267167,-563.8732833,4.385518296,-0.5748495433,0.2544176331,15.5290739,11.88307129,9.997237258,-5.644291167e-12,5.641172853e-10,0.8413007895,7.060535884e-10,-7.117738191,0.4406695991,128.0563363,-951.9436637,2.575704086,-0.2716446018,0.3469854549,30.60324892,23.18906736,19.97062842,-2.825515389e-12,1.126889e-09,0.8612087808,1.260485223e-09,
2832528000,-4.080023095,0.6251710305,153.0158909,-566.9841091,4.335766877,-0.5571101629,0.283667206,16.61504863,12.15861878,11.3237728,-4.961977295e-12,6.362635837e-10,0.9313371045,7.11597978e-10,-7.301707531,0.4314342542,122.906556,-957.093444,2.517623098,-0.2343855114,0.362213953,32.91949822,24.5894395,21.88727548,-2.567167559e-12,1.229808878e-09,0.8901087588,1.186722996e-09,
2844526000,-4.215313972,0.6155088495,149.9373726,-570.0626274,4.201680188,-0.5327095892,0.3083368894,17.90469923,12.7062226,12.61468041,-4.435412047e-12,7.058078367e-10,0.9927954833,6.875365854e-10,-7.391406333,0.4270017779,118.0146548,-961.9853452,2.490412226,-0.2005616177,0.3769689057,35.11967224,25.81917785,23.80675184,-2.350228449e-12,1.332018844e-09,0.9220569293,1.181244915e-09,
2856524000,-4.472486946,0.597551929,146.9426327,-573.0573673,3.969585256,-0.5008231082,0.3259517174,19.4090609,13.6288577,13.81904059,-4.03184996e-12,7.699457866e-10,1.013954426,6.137122457e-10,-7.346874783,0.4291965881,112.9877496,-967.0122504,2.503833296,-0.1676159917,0.3951133894,37.37456383,26.84506723,26.00385331,-2.142617002e-12,1.448838446e-09,0.968664116,1.253271505e-09,
2868522000,-4.872572113,0.5706520665,144.3150307,-575.6849693,3.658226683,-0.4635044843,0.332877416,21.03344891,14.96804643,14.77712959,-3.754670796e-12,8.198832775e-10,0.9872450395,4.574676149e-10,-7.19085251,0.4369757883,107.5051019,-972.4948981,2.552245105,-0.1314382628,0.4167395141,39.94888914,27.82496221,28.66505227,-1.935571455e-12,1.590430459e-09,1.030191957,1.398404063e-09,
2880520000,-5.39608781,0.537273734,142.5730867,-577.4269133,3.322209797,-0.4266647781,0.3265275369,22.54094233,16.60456081,15.24410186,-3.62449408e-12,8.42269508e-10,0.9180671521,2.086699806e-10,-6.958479109,0.4488239717,101.0951798,-978.9048202,2.628604833,-0.08637142073,0.4404349388,43.26051355,29.05564309,32.05061055,-1.723903413e-12,1.770865364e-09,1.103076963,1.603271591e-09,
2892518000,-6.016226619,0.5002518104,142.242492,-577.757508,3.002015498,-0.3955037549,0.3063146318,23.71607553,18.36484212,15.00615915,-3.666692695e-12,8.256835068e-10,0.8171134308,-1.403182536e-10,-6.708317474,0.4619384644,93.7604462,-986.2395538,2.717046969,-0.03029626117,0.4609439027,47.56250579,30.87226882,36.18141754,-1.520752305e-12,1.990809201e-09,1.171971446,1.82566593e-09,
2904516000,-6.656740727,0.4646896116,143.4723817,-576.5276183,2.736150172,-0.3734106519,0.2765879971,24.44423081,19.97351862,14.0918052,-3.888478727e-12,7.721701154e-10,0.7055244231,-5.412697206e-10,-6.549540078,0.4704603162,85.23518284,-994.7648172,2.776865193,0.03907922125,0.4688344309,53.30898863,34.05722896,41.01162548,-1.336101267e-12,2.247260101e-09,1.204197368,2.015366008e-09,
2916514000,-7.177845574,0.4376306405,146.8957523,-573.1042477,2.556381524,-0.3665936597,0.2390181294,24.39935109,21.0026525,12.41841059,-4.394303524e-12,6.776759622e-10,0.5912782013,-9.146042156e-10,-6.520049114,0.472060372,76.00728866,-1003.992711,2.788311947,0.1141434716,0.4580526855,60.39606733,39.07072742,46.05608763,-1.184865416e-12,2.513292926e-09,1.178787565,2.12342995e-09,
2928512000,-7.378765003,0.4276236832,151.9359339,-568.0640661,2.494204672,-0.3773445863,0.2011792177,23.50460573,21.08687479,10.38316918,-5.234114191e-12,5.642909096e-10,0.4923996223,-1.109328025e-09,-6.649103514,0.4650983773,66.4471081,-1013.552892,2.739005296,0.1858512055,0.4263517679,68.55966367,46.39299232,50.47888416,-1.076622316e-12,2.743360429e-09,1.088071315,2.132905325e-09,
2940510000,-7.203800119,0.4363248962,157.7628744,-562.2371256,2.548143224,-0.4038734778,0.1651230723,21.88010658,20.25949402,8.263895354,-6.549568097e-12,4.472828845e-10,0.4079023567,-1.043785881e-09,-6.95604777,0.4489496233,57.29604101,-1022.703959,2.629432234,0.2425667925,0.3777791887,76.71901962,55.72442192,52.73136422,-1.026427936e-12,2.854082208e-09,0.9462882235,2.068748477e-09,
2952508000,-6.627406141,0.4662616465,161.9963124,-558.0036876,2.747154363,-0.4434319031,0.1441113123,19.8166108,18.59557968,6.84853853,-7.871022342e-12,3.691704679e-10,0.3682885205,-7.521793733e-10,-7.334781702,0.4297945607,48.52773011,-1031.47227,2.507507754,0.2846346669,0.3220348907,84.40848098,66.23375549,52.32476751,-1.030200464e-12,2.820566581e-09,0.7900015199,1.982743048e-09,
2964506000,-5.874473044,0.5084828946,164.4075805,-555.5924195,3.06903438,-0.4897697771,0.1366763313,17.65406871,16.56420621,6.106817068,-8.791295683e-12,3.278556775e-10,0.3686755038,-3.386114123e-10,-7.799168422,0.4074192818,40.28945804,-1039.710542,2.37506763,0.3107742625,0.263457452,90.59870248,76.59306328,48.39036628,-1.109452948e-12,2.597925587e-09,0.6317852323,1.879549572e-09,
2976504000,-5.101115404,0.555832875,164.8579475,-555.1420525,3.502809613,-0.5365350092,0.1451908016,15.73413952,14.50554059,6.095280022,-8.772431766e-12,3.259172321e-10,0.4202035756,4.039937457e-11,-8.299280631,0.3846236354,32.13028763,-1047.869712,2.250043575,0.3257150239,0.2045606612,95.18483123,85.80620096,41.20009676,-1.297822876e-12,2.202986811e-09,0.4801529062,1.78742128e-09,
2988502000,-4.415914614,0.6014565645,163.6448444,-556.3551556,4.018273598,-0.5771184227,0.1693644745,14.35947747,12.68388987,6.731532593,-7.911386974e-12,3.584928793e-10,0.5307151561,3.306804668e-10,-8.854497519,0.3608071407,24.90325787,-1055.096742,2.128946093,0.3272593189,0.1519313363,96.85073312,91.43216141,31.94095123,-1.667319138e-12,1.70103961e-09,0.3493404371,1.671423028e-09,
3000500000,-3.886013968,0.6392920469,161.5051994,-558.4948006,4.544651796,-0.6062741763,0.2027953264,13.67747983,11.2791098,7.736610136,-6.856078605e-12,4.103715201e-10,0.6859238247,4.940397505e-10,-9.463460727,0.3363775195,17.61896526,-1062.381035,2.013761677,0.320598228,0.1018165594,96.40024015,93.95527216,21.57343581,-2.458709298e-12,1.144315597e-09,0.2296138931,1.518985985e-09,
3012498000,-3.525061998,0.6664182781,158.9424469,-561.0575531,4.995532335,-0.6219148508,0.2394477808,13.64842982,10.34037318,8.908216386,-5.930654259e-12,4.706348924e-10,0.8614985393,5.175288407e-10,-10.17292113,0.309994468,11.44839894,-1068.551601,1.898527486,0.3038267746,0.06152935282,93.38260817,92.52905567,12.59703797,-4.1939662e-12,6.655210596e-10,0.1361414301,1.33866602e-09,
3024496000,-3.333678603,0.6812649878,156.5396662,-563.4603338,5.274804849,-0.624948838,0.2712211893,14.04746257,9.872404839,9.993339156,-5.265704579e-12,5.258692108e-10,1.012249732,4.237977758e-10,-10.8806349,0.2857381675,6.053088167,-1073.946912,1.80009362,0.2841450675,0.03013106283,89.63842556,89.44605731,5.869426505,-8.965436693e-12,3.088607958e-10,0.06561973419,1.161760088e-09,
3036494000,-3.249566819,0.687894218,154.9508511,-565.0491489,5.408083781,-0.6231942776,0.2912513476,14.43941268,9.685322494,10.70939619,-4.894211341e-12,5.613228087e-10,1.105734599,2.758695602e-10,-11.50141973,0.2660290194,1.775829589,-1078.22417,1.724903372,0.2659012516,0.008244002865,86.21784733,86.20427808,1.529587758,-3.426678071e-11,8.017188658e-11,0.01774375694,1.086777634e-09,
3048492000,-3.183561076,0.6931415707,154.348491,-565.651509,5.517663552,-0.6248281135,0.3000584372,14.53744795,9.51530135,10.99074306,-4.750157579e-12,5.738020917e-10,1.155059904,1.470601162e-10,-11.95445965,0.2525090904,-2.634585624,-1082.634586,1.675617823,0.2522421896,-0.01160683069,83.72665095,83.70092643,-2.075329731,2.515636944e-11,-1.083483195e-10,0.02479458496,1.097477936e-09,
3060490000,-2.993725644,0.7084573622,154.0802451,-565.9197549,5.860060042,-0.6371915967,0.3096751575,14.3138095,8.970375285,11.15425971,-4.662173321e-12,5.800559939e-10,1.24345519,1.046627983e-10,-12.39361768,0.240059621,-7.678248668,-1087.678249,1.631785407,0.2379072449,-0.03207435791,81.17302037,80.98560407,-5.512818641,9.43312222e-12,-2.866836151e-10,0.06807158759,1.140735415e-09,
3072488000,-2.699852273,0.7328369969,153.7990001,-566.2009999,6.486066472,-0.6575384825,0.3235632983,13.94876459,8.115871616,11.34463139,-4.566038266e-12,5.876521451e-10,1.397832781,1.56523394e-10,-12.93690636,0.2255042245,-12.92144519,-1092.921445,1.582325254,0.2197939086,-0.0504261143,78.07513062,77.63808435,-8.249477545,6.279188079e-12,-4.273231105e-10,0.1062555525,1.100080732e-09,
3084486000,-2.361253068,0.7619690768,152.9652569,-567.0347431,7.402269644,-0.6787095306,0.346338342,13.78060992,7.137522995,11.78817098,-4.377144679e-12,6.08252293e-10,1.651577304,2.546271707e-10,-13.57476686,0.2095374513,-17.71651895,-1097.716519,1.530164147,0.1995998832,-0.06376386199,74.8062977,74.14959641,-9.890375532,5.217044563e-12,-5.103288376e-10,0.1333840778,9.599046707e-10,
3096484000,-2.052799222,0.7895143697,151.5256432,-568.4743568,8.501836289,-0.6940072754,0.3764131263,13.9771138,6.254128113,12.49982366,-4.111946021e-12,6.424734389e-10,1.998651681,3.497118425e-10,-14.27024551,0.193413919,-21.373234,-1101.373234,1.479586553,0.1801121026,-0.07048811626,71.83118311,71.07300274,-10.40899362,4.937902938e-12,-5.350077014e-10,0.1464549579,7.489478638e-10,
3108482000,-1.793900901,0.8134014737,149.7178933,-570.2821067,9.718198262,-0.7024153404,0.4101641709,14.46911628,5.517418373,13.37585214,-3.827809495e-12,6.848464899e-10,2.424295429,4.1179419e-10,-14.95568678,0.1787374925,-24.18283949,-1104.182839,1.435274936,0.1630519996,-0.07321978321,69.35439288,68.57422845,-10.37337959,4.935731254e-12,-5.31119253e-10,0.1512722756,5.303830257e-10,
3120480000,-1.574336912,0.8342249112,147.8701651,-572.1298349,11.06453886,-0.7064592769,0.4436738584,15.08596377,4.890374597,14.27131876,-3.573836021e-12,7.278851089e-10,2.918246542,4.372922244e-10,-15.48712167,0.1681294981,-25.86286257,-1105.862863,1.404220363,0.1512897673,-0.07334121931,67.71098174,66.95249753,-10.10643968,5.046619251e-12,-5.154623109e-10,0.1509494052,3.588462176e-10,
3132478000,-1.404916978,0.8506563555,145.899724,-574.100276,12.39193246,-0.7043924888,0.4769145174,15.85149524,4.41169164,15.22520536,-3.337097863e-12,7.735622382e-10,3.451103704,4.390820286e-10,-15.89542801,0.1604089512,-26.92606864,-1106.926069,1.382112104,0.1430192714,-0.07263965617,66.58450519,65.85635132,-9.820250612,5.173798743e-12,-4.989472958e-10,0.1491162267,2.59318289e-10,
3144476000,-1.261673336,0.8648012988,143.9907901,-576.0092099,13.79304152,-0.69955723,0.5084299051,16.64521891,4.005704709,16.15604043,-3.132830628e-12,8.177240644e-10,4.033257967,4.401031509e-10,-16.13397131,0.1560635331,-27.75140588,-1107.751406,1.369846639,0.1381125144,-0.07266883602,65.92496624,65.2054545,-9.713386517,5.210761272e-12,-4.916346884e-10,0.1489658586,2.526050199e-10,
3156474000,-1.161225563,0.8748603253,142.1749896,-577.8250104,14.98214159,-0.6910411435,0.5365097639,17.44850184,3.727119596,17.04578529,-2.958018607e-12,8.594783254e-10,4.573447364,4.316513452e-10,-16.19030093,0.1550547066,-28.83890933,-1108.838909,1.36701715,0.1358247166,-0.07479042983,65.61430823,64.85697296,-9.94034722,5.072433482e-12,-5.01209703e-10,0.153265667,3.271269171e-10,
3168472000,-1.072870603,0.8838050318,140.2278886,-579.7721114,16.21244931,-0.6792881323,0.5654015985,18.34248471,3.485835116,18.00821199,-2.789328496e-12,9.045672342e-10,5.166111243,4.268131596e-10,-16.06814522,0.1572507549,-30.36180127,-1110.361801,1.373185157,0.135683947,-0.07948374946,65.58239712,64.72817258,-10.55056804,4.760958715e-12,-5.299636721e-10,0.1629980829,4.730052613e-10,
3180470000,-0.9981437734,0.8914414241,138.4590596,-581.5409404,17.42323358,-0.6672279119,0.5911638743,19.17509865,3.280985528,18.89231437,-2.648766436e-12,9.453965036e-10,5.758121822,4.329495169e-10,-15.82203136,0.1617701664,-32.6856347,-1112.685635,1.385980455,0.1361532467,-0.08736063268,65.62068205,64.58934134,-11.58839495,4.318227709e-12,-5.798986752e-10,0.1794165216,6.793964272e-10,
3192468000,-0.9523739677,0.8961512226,136.6311274,-583.3688726,18.2587727,-0.651455197,0.6153804839,20.0646299,3.1698833,19.81265285,-2.516233551e-12,9.877253701e-10,6.250278314,4.245415406e-10,-15.51123389,0.1676634141,-36.04325402,-1116.043254,1.40287407,0.1355681148,-0.09865245405,65.50511285,64.19559748,-13.03246227,3.82531411e-12,-6.497107541e-10,0.2030117763,9.198776771e-10,
3204466000,-0.9102730869,0.9005054502,134.6232193,-585.3767807,19.10160359,-0.6325524407,0.6409270439,21.06175768,3.073618586,20.83627859,-2.383659997e-12,1.034867193e-09,6.77907099,4.183008248e-10,-15.1490709,0.1748020232,-40.67069996,-1120.6707,1.423660814,0.13258169,-0.1139203353,65.05540363,63.32988766,-14.88391316,3.336931842e-12,-7.392334175e-10,0.2350219417,1.167038014e-09,
3216464000,-0.8697071759,0.9047209377,132.9772398,-587.0227602,19.99097065,-0.6167553049,0.6619160589,21.8905651,2.973102984,21.68772692,-2.281536392e-12,1.073137751e-09,7.294643689,4.084855162e-10,-14.8046372,0.1818729621,-46.23531491,-1126.235315,1.44460812,0.1258011963,-0.1313462345,64.10765092,61.86517505,-16.80746926,2.944008849e-12,-8.316560712e-10,0.2716790059,1.397909585e-09,
3228462000,-0.8553208626,0.9062206556,131.2522115,-588.7477885,20.32665793,-0.5975390942,0.6813097001,22.78104193,2.963287635,22.58749207,-2.182510992e-12,1.113505754e-09,7.622443331,3.994454152e-10,-14.53305646,0.1876493987,-52.79342402,-1132.793424,1.461991161,0.1134698144,-0.1494553379,62.48084219,59.68206903,-18.49070788,2.666066114e-12,-9.11544742e-10,0.3098201551,1.590746706e-09,
3240460000,-0.8139295386,0.9105494221,129.4948147,-590.5051853,21.35871525,-0.5791170677,0.7026547317,23.69441625,2.86040543,23.52112757,-2.088119405e-12,1.155238367e-09,8.223004797,4.022571606e-10,-14.37316185,0.1911357423,-60.17170655,-1140.171707,1.472602765,0.09507137984,-0.1658140668,60.19349809,56.91625611,-19.59073769,2.507048161e-12,-9.621975715e-10,0.3442028523,1.7365425e-09,
3252458000,-0.8169603023,0.9102317599,127.7378489,-592.2621511,21.27959463,-0.5571069656,0.719828928,24.63412287,2.913583747,24.461215,-2.000462477e-12,1.196978802e-09,8.39557642,3.979083513e-10,-14.35017027,0.1916423494,-68.0569063,-1148.056906,1.474152374,0.07161397244,-0.177758907,57.4586847,53.90455819,-19.89469914,2.459637234e-12,-9.735220897e-10,0.3690726685,1.812964963e-09,
3264456000,-0.823766097,0.9095188307,126.0471146,-593.9528854,21.1040468,-0.5352066395,0.7353763367,25.55299081,2.981316326,25.37847695,-1.921072509e-12,1.237299585e-09,8.512507287,3.839142611e-10,-14.44984966,0.1894556306,-76.10664022,-1156.10664,1.467477507,0.0454912412,-0.1839129765,54.60251057,51.01573648,-19.46352466,2.504885176e-12,-9.48922626e-10,0.3815200173,1.820122033e-09,
3276454000,-0.8379322853,0.9080366666,124.3826736,-595.6173264,20.74779803,-0.5127841613,0.7493884119,26.47300078,3.078303904,26.29341772,-1.847434355e-12,1.277212316e-09,8.541527587,3.708041576e-10,-14.64326585,0.1852834836,-83.97947371,-1163.979474,1.454841604,0.01943341099,-0.184261531,51.91550629,48.50355502,-18.51013084,2.624258231e-12,-8.991363286e-10,0.3816242094,1.793680214e-09,
3288452000,-0.8652307572,0.905187321,122.8812364,-597.1187636,20.09422517,-0.4914257044,0.7601742321,27.31841529,3.223091055,27.12761504,-1.784091034e-12,1.312925969e-09,8.416645567,3.575480449e-10,-14.90347313,0.1798151764,-91.51850633,-1171.518506,1.438474771,-0.004765072075,-0.1797520285,49.54052842,46.43921064,-17.25293227,2.805212124e-12,-8.350097413e-10,0.3715164843,1.764649631e-09,
3300450000,-0.8992080661,0.9016533419,121.3127531,-598.6872469,19.33622737,-0.4685976155,0.7703213769,28.21553593,3.40017127,28.00991437,-1.721611649e-12,1.350699549e-09,8.237795144,3.351987592e-10,-15.17331935,0.174314708,-99.08800862,-1179.088009,1.422230382,-0.0275332537,-0.1721265156,47.39560099,44.6640787,-15.85758705,3.040954133e-12,-7.64687653e-10,0.3550411765,1.769115337e-09,
3312448000,-0.9601061994,0.8953538183,119.8603243,-600.1396757,18.11202079,-0.4457853115,0.7764881944,29.0653135,3.682225573,28.83112318,-1.66651605e-12,1.385264242e-09,7.829809067,3.085188247e-10,-15.44235179,0.168998329,-106.6624521,-1186.662452,1.406734029,-0.04845735788,-0.1619021917,45.49120548,43.15686419,-14.38523023,3.340059822e-12,-6.911747744e-10,0.3333242696,1.839117993e-09,
3324446000,-1.045367737,0.8866079336,118.6540432,-601.3459568,16.63791827,-0.425146047,0.7780260064,29.78889623,4.057221088,29.51130793,-1.622229859e-12,1.412828042e-09,7.273773672,2.703392573e-10,-15.71447433,0.1637858139,-114.6140233,-1194.614023,1.391731728,-0.06821733493,-0.1489032842,43.74434634,41.82959184,-12.80051107,3.740016682e-12,-6.128132658e-10,0.3060156818,2.003506306e-09,
3336444000,-1.118633084,0.8791608612,117.5476954,-602.4523046,15.55092895,-0.4066003264,0.7794870073,30.4591852,4.390279402,30.1411249,-1.582620676e-12,1.437790959e-09,6.865422935,2.323264238e-10,-15.96876576,0.1590602688,-123.4738268,-1203.473827,1.37829172,-0.08773064588,-0.1326781929,42.06393827,40.58673861,-11.0495046,4.317113677e-12,-5.27083109e-10,0.2722442104,2.239538317e-09,
3348442000,-1.216675222,0.8692931129,116.6307128,-603.3692872,14.30141253,-0.3896504889,0.7770733637,31.03062872,4.81917616,30.65412631,-1.550559401e-12,1.457022618e-09,6.360864449,2.118523022e-10,-16.34639686,0.1522930754,-133.9508448,-1213.950845,1.35930596,-0.1056976352,-0.1096411909,40.54458541,39.56001768,-8.880788635,5.35211969e-12,-4.221131529e-10,0.2244889956,2.468928941e-09,
3360440000,-1.272449499,0.863729047,115.8545751,-604.1454249,13.67664206,-0.3766622777,0.7772730506,31.51127606,5.080758742,31.09897763,-1.522922749e-12,1.472889269e-09,6.120931775,2.20633494e-10,-17.0384116,0.1406304674,-145.3600066,-1225.360007,1.327287534,-0.1157022831,-0.07993691281,39.6894923,39.17189776,-6.38891425,7.413049957e-12,-3.025875433e-10,0.1630994314,2.564822937e-09,
3372438000,-1.271360803,0.8638373142,114.9253563,-605.0746437,13.68831192,-0.3640531661,0.7833774299,32.07295761,5.128378051,31.66029609,-1.490600235e-12,1.494139439e-09,6.173549565,2.763292903e-10,-18.09897565,0.1244661389,-156.9909104,-1236.99091,1.28432056,-0.1145639683,-0.04865097036,39.74325548,39.55056054,-3.908902307,1.20731707e-11,-1.844722199e-10,0.09883304444,2.440027991e-09,
3384436000,-1.269407578,0.86403159,113.6354844,-606.3645156,13.70929902,-0.3464045015,0.7915519628,32.86239046,5.194998973,32.44917091,-1.449206325e-12,1.525939905e-09,6.2462324,3.569295495e-10,-19.49196238,0.1060234375,-167.3447361,-1247.344736,1.237195117,-0.1034476936,-0.02322808625,40.62967909,40.58490765,-1.906854362,2.466131901e-11,-8.967086317e-11,0.04698432182,2.163488686e-09,
3396434000,-1.315774559,0.859431509,111.7725402,-608.2274598,13.22793961,-0.3187827449,0.7981228479,34.03568623,5.499932672,33.58837117,-1.395108575e-12,1.573931748e-09,6.107051335,4.339773583e-10,-21.05221969,0.08859087991,-175.6543006,-1255.654301,1.194404199,-0.08833618228,-0.006712890921,41.88371226,41.87987803,-0.5667179031,8.268562611e-11,-2.655607488e-11,0.01353198552,1.850802111e-09,
3408432000,-1.435488391,0.8476675938,109.7225898,-610.2774102,12.12918275,-0.2860593503,0.7979413498,35.37219151,6.143639107,34.83457522,-1.340463456e-12,1.626582205e-09,5.670023029,4.846007805e-10,-22.58175287,0.07428692065,177.2481214,-1262.751879,1.160496643,-0.07420125393,0.003566580295,43.09250756,43.09139909,0.3090835618,-1.510739517e-10,1.443249467e-11,0.007172743711,1.685703423e-09,
3420430000,-1.690809269,0.8231131434,107.509455,-612.490545,10.30666257,-0.2476444364,0.7849761016,36.88162419,7.420934777,36.1273294,-1.28796353e-12,1.681029302e-09,4.868299007,4.696738148e-10,-23.95957705,0.06339005778,170.7419981,-1269.258002,1.135360634,-0.06256433305,0.01019821829,44.11252723,44.10328022,0.9031790019,-5.151878268e-11,4.202553557e-11,0.02047872624,1.791057856e-09,
3432428000,-2.096476427,0.7855542429,105.3013948,-614.6986052,8.326367783,-0.2073050389,0.7577071264,38.46622128,9.423228974,37.29414077,-1.243306173e-12,1.72925604e-09,3.95768169,3.558600634e-10,-25.1934885,0.05499529994,163.0519892,-1276.948011,1.11639159,-0.0526068351,0.01603134171,45.00345652,44.98020187,1.446561072,-3.205397706e-11,6.707419503e-11,0.03215995065,2.224535057e-09,
3444426000,-2.700653008,0.7327694412,103.8398742,-616.1601258,6.484173999,-0.1752852261,0.7114957087,39.64022113,12.26605749,37.69470739,-1.225809256e-12,1.741741297e-09,3.073090716,6.123711539e-11,-26.3251761,0.04827710233,152.7633637,-1287.236636,1.101452014,-0.04292432607,0.02209481478,45.88616307,45.84121813,2.030438748,-2.275691462e-11,9.381951111e-11,0.04429286198,3.013719782e-09,
3456424000,-3.512882566,0.6673533912,103.8720839,-616.1279161,5.01238656,-0.1600013485,0.6478889698,39.92071276,15.70893278,36.70003731,-1.254661622e-12,1.689894628e-09,2.336252743,-4.475805696e-10,-27.49903807,0.04217432074,138.1954897,-1301.80451,1.088062623,-0.03143773099,0.02811302901,46.95438363,46.88007558,2.640578577,-1.743789363e-11,1.2158842e-10,0.05632624401,4.143409962e-09,
3468422000,-4.36153844,0.6052336666,106.9016092,-613.0983908,4.066288158,-0.1759590183,0.5790908521,38.41778395,18.44030623,33.70283712,-1.361512829e-12,1.546516867e-09,1.827672312,-1.036908641e-09,-28.77385575,0.03641725547,118.0847499,-1321.91525,1.075587189,-0.01714440898,0.03212920379,48.31616615,48.21645835,3.102427323,-1.479062693e-11,1.423606021e-10,0.06434374132,5.486817571e-09,
3480420000,-4.933608148,0.5666561317,113.4366563,-606.5633437,3.615272412,-0.225378956,0.5199072012,35.04293281,19.15788905,29.34250205,-1.55844447e-12,1.341793302e-09,1.531614573,-1.43066311e-09,-30.02408324,0.03153521804,90.90855712,-1349.091443,1.06512414,-0.0005000428705,0.03153125329,49.95007032,49.85084621,3.146848764,-1.453157222e-11,1.439011774e-10,0.06312528277,6.651177017e-09,
3492418000,-4.870696975,0.570775274,121.4510818,-598.5489182,3.659563811,-0.2978136452,0.4869203695,30.82250641,17.54479754,25.34180303,-1.798276225e-12,1.154865546e-09,1.444405556,-1.409586422e-09,-30.68547388,0.02922310147,57.911323,-1382.088677,1.060205597,0.01552422203,0.0247585983,51.5759209,51.51269834,2.5529446,-1.785058787e-11,1.163416729e-10,0.04955951992,7.18451386e-09,
3504416000,-4.20436082,0.6162855131,127.4945204,-592.5054796,4.212208734,-0.3751240879,0.4889680485,27.18272166,14.55811874,22.95564278,-1.978404172e-12,1.0425429e-09,1.576827555,-1.019402034e-09,-30.29806509,0.03055601717,24.64072389,-1415.359276,1.063038232,0.02777358629,0.01273962677,52.85622225,52.83904162,1.347557512,-3.370211589e-11,6.120005137e-11,0.02550306499,6.838740812e-09,
3516414000,-3.379579481,0.6776743157,130.3146693,-589.6853307,5.204904225,-0.4384451324,0.5167285014,24.9639964,11.57377558,22.11897003,-2.046233691e-12,1.00111745e-09,1.911128299,-4.841594585e-10,-29.42120105,0.03380180931,-3.940968567,-1443.940969,1.069968687,0.03372188123,-0.002323152849,53.4898537,53.48927501,-0.2488118063,1.819068892e-10,-1.126136708e-11,0.004651620465,5.811861977e-09,
3528412000,-2.595208358,0.7417193039,131.0202766,-588.9797234,6.74351328,-0.4868097192,0.5596104209,23.89767298,8.912321949,22.17361701,-2.034249881e-12,1.000178197e-09,2.487973071,-5.874311237e-11,-28.60270753,0.03714194338,-25.85747916,-1465.857479,1.077149364,0.03342335494,-0.01619886733,53.45697092,53.42886098,-1.73336528,2.602260371e-11,-7.818634911e-11,0.03244248985,4.589037986e-09,
3540410000,-1.961255862,0.7978793164,130.144305,-589.855695,8.895078347,-0.5144047048,0.609917374,23.87636296,6.816720922,22.88259216,-1.964542157e-12,1.028659859e-09,3.356832768,1.8761059e-10,-28.08717678,0.03941315137,-42.35487147,-1482.354871,1.082060568,0.02912577575,-0.02655344964,52.9977746,52.92296463,-2.814947281,1.596968343e-11,-1.265426248e-10,0.0531895237,3.51371611e-09,
3552408000,-1.453298271,0.8459312845,128.8483423,-591.1516577,11.98122071,-0.5306198225,0.6588188993,24.27185824,5.120934679,23.72549537,-1.888347873e-12,1.062949376e-09,4.633040032,3.059861043e-10,-27.77452228,0.04085769726,-55.25902463,-1495.259025,1.08519632,0.02328346719,-0.03357426963,52.38110151,52.2630155,-3.515253342,1.274502414e-11,-1.574903405e-10,0.06726082121,2.671904676e-09,
3564406000,-1.080174843,0.8830621246,127.3489231,-592.6510769,16.10309849,-0.5357250117,0.701995319,24.9216045,3.861488495,24.62062707,-1.813568048e-12,1.099340115e-09,6.375942102,3.438631031e-10,-27.75136865,0.04096675529,-65.12381444,-1505.123814,1.085433441,0.01723302501,-0.03716581613,51.75105909,51.60820444,-3.842570965,1.16201322e-11,-1.715753377e-10,0.07445659089,1.998408632e-09,
3576404000,-0.7880477928,0.9132666745,125.8097692,-594.1902308,22.05918733,-0.5343486392,0.7406264582,25.67423216,2.858389332,25.51461948,-1.744152537e-12,1.135435989e-09,8.926222608,3.646996447e-10,-27.87424506,0.04039129215,-72.17652983,-1512.17653,1.084182838,0.01236318085,-0.03845267534,51.24992268,51.09854319,-3.936173078,1.130574988e-11,-1.751651665e-10,0.07703102345,1.421037928e-09,
3588402000,-0.5410934216,0.9396050211,124.2373864,-595.7626136,32.1153357,-0.5286433407,0.7767842776,26.49493602,1.992119999,26.4199374,-1.678754761e-12,1.171792802e-09,13.26222186,3.644594976e-10,-28.06959598,0.03949300691,-77.05455105,-1517.054551,1.082233669,0.008847352123,-0.03848924467,50.89130037,50.74071693,-3.912045345,1.133744417e-11,-1.735093655e-10,0.07709874006,9.223295195e-10,
3600400000,-0.3536261075,0.9601049187,122.5279112,-597.4720888,49.13149327,-0.5162583968,0.8094928799,27.43227126,1.323461769,27.40032765,-1.613294386e-12,1.211225861e-09,20.7035279,3.460566024e-10,-28.35239545,0.0382278812,-79.98295982,-1519.98296,1.079494675,0.006649398139,-0.03764513787,50.6684372,50.52501758,-3.809609759,1.160349683e-11,-1.684030175e-10,0.07540046379,4.870849915e-10,
3612398000,-0.1577639157,0.9820007155,121.118839,-598.881161,110.1155279,-0.5075125465,0.8406880636,28.22350959,0.5986975148,28.21715888,-1.561389502e-12,1.243190899e-09,47.13091032,3.303443632e-10,-28.5378775,0.03742020177,-81.13959668,-1521.139597,1.077749817,0.00576374304,-0.03697364962,50.57891961,50.44081135,-3.735192054,1.17953709e-11,-1.645650005e-10,0.07405099074,9.759896313e-11,
3624396000,-0.04174224993,0.995205775,119.8954661,-600.1045339,416.1685759,-0.4960296064,0.8627799049,28.92858239,0.1603601909,28.92813793,-1.51797287e-12,1.270296112e-09,180.3947587,3.082548705e-10,-28.65943043,0.03690017949,-80.65328932,-1520.653289,1.076627944,0.005992895658,-0.03641027942,50.60209965,50.46810042,-3.680126222,1.193223436e-11,-1.616021758e-10,0.07291984821,-2.305996633e-10,
3636394000,0.08807067688,1.01019109,118.41936,-601.58064,nan,-0.4807715689,0.8884507514,29.79547627,-0.3434915947,29.79349627,-1.469020067e-12,1.303979217e-09,-86.7371916,3.051137465e-10,-28.63102216,0.03702106362,-78.82717255,-1518.827173,1.076888626,0.007173538587,-0.03631940935,50.72157825,50.58792719,-3.679690506,1.189427313e-11,-1.610499118e-10,0.07273851114,-4.757095591e-10,
3648392000,0.184949853,1.021521455,117.2204553,-602.7795447,nan,-0.4672596759,0.9083911486,30.51188073,-0.730451846,30.503136,-1.430125485e-12,1.330647823e-09,-41.75927019,2.939982521e-10,-28.33582654,0.03830087299,-76.15904932,-1516.159049,1.079652507,0.009162621703,-0.03718875146,50.92344612,50.78276252,-3.782644043,1.1532492e-11,-1.650114619e-10,0.0744867718,-6.269708816e-10,
3660390000,0.3012547326,1.03529171,115.8669859,-604.1330141,nan,-0.4516805738,0.9315651265,31.33437355,-1.207131711,31.31111302,-1.388654691e-12,1.361417338e-09,-25.93843964,2.748830895e-10,-27.76722485,0.04089203816,-73.11310276,-1513.113103,1.085270981,0.01187845729,-0.03912877506,51.20026509,51.04367925,-4.001244003,1.086670144e-11,-1.739753856e-10,0.07838862835,-6.653062835e-10,
3672388000,0.3684685108,1.043334157,114.8223493,-605.1776507,nan,-0.4379980915,0.9469444727,31.9772417,-1.493420436,31.94234935,-1.356765266e-12,1.384326164e-09,-21.38871853,2.641302086e-10,-26.9462097,0.04494584142,-69.97001027,-1509.97001,1.094122079,0.01539448779,-0.04222722353,51.56069123,51.37705211,-4.34780365,9.967853564e-12,-1.88426289e-10,0.08462540125,-6.057924678e-10,
3684386000,0.4483502364,1.05297367,113.6819278,-606.3180722,nan,-0.422936287,0.9643020522,32.68887303,-1.840394455,32.6370245,-1.32356249e-12,1.409826163e-09,-17.73371161,2.434918707e-10,-25.92419375,0.05055804972,-67.55347145,-1507.553471,1.10650056,0.01930412776,-0.04672758332,51.96403679,51.73743955,-4.847521864,8.911180317e-12,-2.093990875e-10,0.09369466109,-4.328545309e-10,
3696384000,0.5054465888,1.059918151,112.6087227,-607.3912773,nan,-0.407470554,0.9784652443,33.36578742,-2.100256055,33.29962003,-1.293015622e-12,1.433779372e-09,-15.8550287,2.443194892e-10,-24.66807368,0.05842467646,-65.85592852,-1505.855929,1.124099846,0.02389759058,-0.05331367539,52.4411542,52.14354922,-5.578972015,7.717717312e-12,-2.402134014e-10,0.1069925638,-1.44262245e-10,
3708382000,0.5706639949,1.067906426,111.7152514,-608.2847486,nan,-0.3951190417,0.9921215032,33.93781907,-2.395774808,33.85315091,-1.267758614e-12,1.452896791e-09,-14.13035599,2.300519344e-10,-23.27490784,0.0685890216,-65.82204405,-1505.822044,1.147279822,0.02809214779,-0.06257223919,52.87880642,52.46570341,-6.596827557,6.505797415e-12,-2.831201625e-10,0.1257359976,1.988125207e-10,
3720380000,0.5933060576,1.070693837,110.5292661,-609.4707339,nan,-0.3754771011,1.002697481,34.6996032,-2.526201935,34.6075247,-1.236124724e-12,1.480482807e-09,-13.69942926,2.318552294e-10,-21.81917882,0.08110377315,-67.72017882,-1507.720179,1.176524336,0.03074889697,-0.07504883313,53.15409297,52.55756912,-7.941002973,5.3871302e-12,-3.397098888e-10,0.1510915194,6.251940926e-10,
3732378000,0.6285349429,1.075045256,109.7533625,-610.2466375,nan,-0.3633351438,1.011785489,35.20606256,-2.701268096,35.10227901,-1.214784374e-12,1.496820852e-09,-12.9947409,2.36521833e-10,-20.28048535,0.09682237523,-70.91498102,-1510.914981,1.214403839,0.03165809082,-0.09150047886,53.2412572,52.35540625,-9.671758081,4.408888196e-12,-4.124202069e-10,0.1847327482,1.080512718e-09,
3744376000,0.6420541598,1.076719821,108.5824289,-611.4175711,nan,-0.3431168392,1.020586306,35.97502528,-2.799547632,35.86593058,-1.185109761e-12,1.52448369e-09,-12.81133072,2.408281758e-10,-18.75236003,0.1154468263,-76.81140174,-1516.811402,1.261028573,0.02634001603,-0.1124018383,52.67058103,51.35450729,-11.70062766,3.632716607e-12,-4.973359325e-10,0.2278403256,1.535097068e-09,
3756374000,0.6766580966,1.081017949,107.5806499,-612.4193501,nan,-0.3265192647,1.030526552,36.64427054,-2.987622534,36.52227643,-1.160094764e-12,1.547423347e-09,-12.22452837,2.524820968e-10,-17.3112395,0.1362818514,-84.61161745,-1524.611617,1.315570193,0.01279774465,-0.1356796254,51.2726297,49.41841585,-13.66392079,3.100815813e-12,-5.789307815e-10,0.2764945123,1.944621266e-09,
3768372000,0.6945581959,1.083248035,106.4146008,-613.5853992,nan,-0.3061106331,1.039097005,37.43147072,-3.112854378,37.30181145,-1.132234648e-12,1.575419751e-09,-11.98315338,2.476706856e-10,-16.07964977,0.1570426125,-94.02443093,-1534.024431,1.372599172,-0.01102153775,-0.1566553792,48.93569849,46.59083464,-14.96651976,2.821925473e-12,-6.321020328e-10,0.3212331327,2.252643976e-09,
3780370000,0.6956425703,1.083383279,105.3845722,-614.6154278,nan,-0.2874178028,1.04456227,38.13521809,-3.160193885,38.00405285,-1.107786097e-12,1.599984358e-09,-12.02586115,2.428557666e-10,-15.07025673,0.1763953626,-104.3052851,-1544.305285,1.42834961,-0.04358524732,-0.1709258616,45.93745188,43.3200824,-15.28463106,2.75442444e-12,-6.434884911e-10,0.3528301476,2.434770914e-09,
3792368000,0.6929250418,1.083044377,104.3316725,-615.6683275,nan,-0.2680909966,1.049339002,38.86425348,-3.192588646,38.73290044,-1.083501804e-12,1.625510121e-09,-12.13212998,2.216885193e-10,-14.38520035,0.1908710149,-115.6135683,-1555.613568,1.471793789,-0.08251340621,-0.1721141543,42.58195667,40.09993729,-14.32543415,2.929556415e-12,-6.011978944e-10,0.3572433055,2.469863648e-09,
3804366000,0.6343658613,1.075767186,103.3773037,-616.6226963,nan,-0.2488922339,1.046579044,39.52940427,-2.961798763,39.41828954,-1.061304644e-12,1.649056802e-09,-13.30890202,2.010786756e-10,-13.93906444,0.2009309225,-126.3993354,-1566.399335,1.502912522,-0.1192343282,-0.1617294364,39.59341152,37.51936695,-12.64655446,3.308000917e-12,-5.290662507e-10,0.3370673732,2.380415821e-09,
3816364000,0.6108383282,1.072857191,102.6305611,-617.3694389,nan,-0.234594983,1.046894334,40.05835649,-2.88187601,39.95455813,-1.043768075e-12,1.666236613e-09,-13.86407951,1.689624586e-10,-13.76819689,0.2049227406,-136.3175691,-1576.317569,1.515478812,-0.1481958151,-0.1415320811,37.31925154,35.78965317,-10.57484098,3.943633035e-12,-4.410056834e-10,0.2954720161,2.187772053e-09,
3828362000,0.5659169085,1.067322944,101.8925524,-618.1074476,nan,-0.2199507019,1.04441369,40.58538754,-2.698215728,40.49559623,-1.026595455e-12,1.683507023e-09,-15.00828707,1.183191903e-10,-13.68995823,0.2067769326,-145.361697,-1585.361697,1.521358849,-0.1701270804,-0.1175307464,35.63536062,34.60722281,-8.498179571,4.891941232e-12,-3.532913779e-10,0.2455608651,2.004793752e-09,
3840360000,0.4717975641,1.055819985,101.4250673,-618.5749327,nan,-0.209143366,1.034898494,40.91869154,-2.265177888,40.85594554,-1.014361899e-12,1.693181287e-09,-18.0365285,6.66050274e-11,-13.67147731,0.2072173592,-153.3803878,-1593.380388,1.522759578,-0.1852525093,-0.09284687253,34.48700898,33.85563667,-6.568839592,6.308985618e-12,-2.722305439e-10,0.1940249907,1.897736512e-09,
3852358000,0.3724695111,1.043814861,101.424782,-618.575218,nan,-0.2067602221,1.023132286,40.91422053,-1.788792695,40.87509832,-1.010728896e-12,1.688699219e-09,-22.85066259,1.040459561e-12,-13.58525296,0.2092846384,-161.1642538,-1601.164254,1.529355185,-0.1980770312,-0.06756885077,33.53239085,33.20244462,-4.692430802,8.804315873e-12,-1.938614109e-10,0.1413278707,1.914223839e-09,
3864356000,0.3127294788,1.036660316,101.4260174,-618.5739826,nan,-0.2053649499,1.016115077,40.91103603,-1.502067603,40.88345218,-1.007384914e-12,1.683800226e-09,-27.21811728,-6.244701548e-11,-13.43930368,0.212830966,-169.4005675,-1609.400568,1.540750352,-0.2091994676,-0.03914847156,32.72224105,32.61274913,-2.674631396,1.539852296e-11,-1.101556916e-10,0.08201183486,2.037955806e-09,
3876354000,0.2594880627,1.030325392,101.8696072,-618.1303928,nan,-0.2119225828,1.008295211,40.58738007,-1.238634187,40.56847553,-1.012064082e-12,1.665656288e-09,-32.75258826,-1.121053991e-10,-13.38279839,0.2142200324,-178.6919508,-1618.691951,1.545241776,-0.2141642093,-0.004890168076,32.36154658,32.35984647,-0.3317125385,1.237755351e-10,-1.361941922e-11,0.01025074512,2.170307386e-09,
3888352000,0.2808577395,1.032863397,102.5512855,-617.4487145,nan,-0.2244550673,1.008179904,40.09724254,-1.32778843,40.07525218,-1.021358704e-12,1.640328468e-09,-30.18195615,-1.36419257e-10,-13.56439981,0.2097876942,171.3709519,-1628.629048,1.530965394,-0.2074129902,0.03147583408,32.83641873,32.7654569,2.157597947,-1.897072978e-11,8.831308959e-11,0.06584977447,2.169145341e-09,
3900350000,0.3996175069,1.047082438,103.2832211,-616.7167789,nan,-0.2405826178,1.019069004,39.58057291,-1.86963877,39.53639087,-1.032094656e-12,1.613294202e-09,-21.14653991,-1.222110764e-10,-14.08435364,0.1975978969,161.5791601,-1638.42084,1.4925159,-0.1874732058,0.06243977872,34.26595852,33.98023183,4.415852979,-9.240637755e-12,1.801901956e-10,0.129953586,1.947014938e-09,
3912348000,0.5760316732,1.068566571,103.6653753,-616.3346247,nan,-0.2524499016,1.038317661,39.32153918,-2.679424902,39.23014307,-1.036961809e-12,1.595888502e-09,-14.64125493,-6.440792732e-11,-14.89834183,0.1799214359,153.6181466,-1646.381853,1.43879073,-0.1611830752,0.07994835435,36.19705577,35.71274915,5.901389184,-6.893319327e-12,2.40069457e-10,0.1652460067,1.524788701e-09,
3924346000,0.8280709643,1.100027515,103.9518815,-616.0481185,nan,-0.2652242583,1.067575115,39.14342927,-3.832509388,38.95535813,-1.041083682e-12,1.579865233e-09,-10.16445211,1.167237773e-11,-15.79493006,0.1622757021,148.1359384,-1651.864062,1.387420306,-0.1378212374,0.08566627113,37.96637379,37.39188309,6.579712617,-6.16376277e-12,2.668454278e-10,0.1759663348,9.818820468e-10,
3936344000,1.009907727,1.123299036,103.6079346,-616.3920654,nan,-0.2642861051,1.091766266,39.40640274,-4.69114221,39.12617745,-1.033379083e-12,1.58195639e-09,-8.340437295,6.86396204e-11,-16.71310129,0.1459973375,145.1626161,-1654.837384,1.341913073,-0.1198312069,0.08340086569,39.36617861,38.80658741,6.613984521,-6.113133959e-12,2.674177689e-10,0.1704345824,4.673891625e-10,
3948342000,1.172735096,1.144555232,103.0598601,-616.9401399,nan,-0.2586338979,1.114950754,39.81479988,-5.482429826,39.43553287,-1.022157111e-12,1.589619134e-09,-7.193075721,1.168048826e-10,-17.42642001,0.1344865955,144.6018079,-1655.398192,1.310767216,-0.1096262203,0.07790209359,40.1748223,39.67842637,6.295937349,-6.402431938e-12,2.537848926e-10,0.1586740686,8.198497662e-11,
3960340000,1.342243968,1.167111097,102.6290174,-617.3709826,nan,-0.2551742118,1.138874196,40.14553586,-6.303720179,39.64753664,-1.013611316e-12,1.593323159e-09,-6.289545779,1.47049039e-10,-17.84279829,0.1281917527,145.2912885,-1654.708711,1.29408245,-0.1053809887,0.07299296322,40.51278538,40.07377769,5.947950986,-6.75647662e-12,2.39031447e-10,0.1484250133,-1.284118483e-10,
3972338000,1.459613153,1.182988867,101.9187752,-618.0812248,nan,-0.2443165639,1.157485238,40.67009437,-6.915675403,40.07779946,-9.997008674e-13,1.605749534e-09,-5.795211187,1.744688988e-10,-18.0084056,0.12577077,146.3010218,-1653.698978,1.287729501,-0.1046367551,0.06978134476,40.56952565,40.16767217,5.696009471,-7.034014093e-12,2.282152383e-10,0.1418058145,-1.590505247e-10,
3984336000,1.552873354,1.195759026,101.0027472,-618.9972528,nan,-0.2282178586,1.173778623,41.34367876,-7.446268867,40.66758971,-9.822357633e-13,1.62447342e-09,-5.461472106,2.034846279e-10,-17.94913845,0.1266318867,147.0862427,-1652.913757,1.289985139,-0.106306129,0.06880873248,40.43230645,40.0425692,5.600362227,-7.132603108e-12,2.237073709e-10,0.1398602122,-6.123027453e-11,
3996334000,1.65154651,1.209420499,100.105095,-619.894905,nan,-0.212197994,1.190659462,42.01204365,-8.013212506,41.24075941,-9.656765824e-13,1.64242296e-09,-5.146594999,2.145213347e-10,-17.62190635,0.1314936202,147.1392496,-1652.86075,1.30280404,-0.1104535576,0.07134832714,40.09923848,39.68305861,5.762272687,-6.911376425e-12,2.294838674e-10,0.1452073728,1.187186778e-10,
4008332000,1.742218012,1.222111696,99.14132203,-620.858678,nan,-0.1941570738,1.206590249,42.73501154,-8.563134392,41.86829278,-9.483555568e-13,1.66242361e-09,-4.889365373,2.015076193e-10,-17.09310642,0.1397477033,146.1945282,-1653.805472,1.324899344,-0.1161207462,0.07775212468,39.65284685,39.16333929,6.211370138,-6.392474967e-12,2.466288373e-10,0.1586016476,3.527902281e-10,
4020330000,1.823060147,1.233539348,98.21659922,-621.7834008,nan,-0.1762921109,1.220876904,43.43547089,-9.074154191,42.47705095,-9.3197459e-13,1.68156162e-09,-4.68110306,1.877664237e-10,-16.45822064,0.1503449926,144.1829831,-1655.817017,1.353896561,-0.1219132586,0.08798166965,39.20901865,38.58864208,6.947218587,-5.69832828e-12,2.750232391e-10,0.1800327302,6.376633052e-10,
4032328000,1.914831124,1.246641431,97.59515595,-622.404844,nan,-0.1647718242,1.235704295,43.91584528,-9.607844626,42.85196364,-9.210719409e-13,1.69135592e-09,-4.460101647,1.763979642e-10,-15.71021399,0.1638661691,140.9453771,-1659.054623,1.391961581,-0.1272495602,0.1032456818,38.81895379,37.973502,8.05756286,-4.898471412e-12,3.180299218e-10,0.2121890907,9.747041758e-10,
4044326000,2.000470048,1.258993542,96.82309929,-623.1769007,nan,-0.1495738229,1.250076962,44.51297522,-10.14253912,43.34205652,-9.079552876e-13,1.705624754e-09,-4.273294488,1.707677461e-10,-14.92494019,0.1793713143,135.9925933,-1664.007407,1.437155848,-0.1290128169,0.1246184637,38.73054923,37.50682665,9.658850753,-4.074257942e-12,3.801013672e-10,0.257522473,1.344520598e-09,
4056324000,2.13313571,1.278370633,96.02851101,-623.971489,nan,-0.1342587476,1.271300934,45.13842306,-10.92466973,43.79644766,-8.958774565e-13,1.718408376e-09,-4.008949356,1.871581387e-10,-14.11013203,0.197012326,129.2396218,-1670.760378,1.490698257,-0.1246231118,0.152587472,39.14683113,37.31138625,11.84630084,-3.312109888e-12,4.648044228e-10,0.3174982767,1.725717028e-09,
4068322000,2.198719793,1.288059692,95.31195315,-624.6880469,nan,-0.1192463962,1.282527998,45.69971126,-11.37320396,44.26187796,-8.838426934e-13,1.731548454e-09,-3.891768591,1.954903408e-10,-13.48936324,0.211607881,120.9990561,-1679.000944,1.536808717,-0.1089831274,0.1813851516,40.45904365,37.82326391,14.36436285,-2.723443972e-12,5.619415948e-10,0.3797758673,2.050933928e-09,
4080320000,2.287416903,1.30128027,94.308787,-625.691213,nan,-0.09776734203,1.297602362,46.49270684,-12.00004735,44.91737585,-8.683834371e-13,1.752024939e-09,-3.743099885,2.024921161e-10,-13.09476203,0.2214429704,111.1728705,-1688.827129,1.568854848,-0.07998145302,0.2064944462,42.87714383,39.32849848,17.07977371,-2.283724943e-12,6.662052026e-10,0.4342849172,2.245701585e-09,
4092318000,2.352994217,1.311141944,93.46107369,-626.5389263,nan,-0.07915416422,1.308750479,47.16896176,-12.49553096,45.48376259,-8.550556356e-13,1.768915721e-09,-3.640002392,2.174984159e-10,-13.04519552,0.2227102594,100.7331794,-1699.266821,1.573043095,-0.04147658013,0.2188139688,46.19283524,41.95830675,19.32041723,-2.012955883e-12,7.51393197e-10,0.4604670381,2.276452526e-09,
4104316000,2.452230803,1.326207685,92.58085,-627.41915,nan,-0.05971793721,1.32486248,47.88027667,-13.18202859,46.02993609,-8.4243998e-13,1.784923933e-09,-3.491870449,2.219623638e-10,-13.30433294,0.2161639925,90.8734904,-1709.12651,1.551554127,-0.003295353696,0.2161388727,49.68616033,45.25098353,20.51982014,-1.889756254e-12,7.957064726e-10,0.4534668319,2.114238346e-09,
4116314000,2.507052107,1.334604563,91.47873886,-628.5212611,nan,-0.03444080099,1.334160099,48.7766055,-13.7044803,46.81179834,-8.259548544e-13,1.809951598e-09,-3.415802521,2.352480051e-10,-13.86223393,0.2027161285,81.98556679,-1718.014433,1.508516818,0.02826319999,0.2007361958,52.79263307,48.69682579,20.3882629,-1.896406392e-12,7.883006061e-10,0.418677451,1.781996874e-09,
4128312000,2.571612114,1.344561296,90.50636642,-629.4936336,nan,-0.01188275711,1.344508787,49.57857745,-14.26476297,47.48212168,-8.119279709e-13,1.830533732e-09,-3.32863026,2.505708796e-10,-14.60821661,0.1860326487,74.88673982,-1725.11326,1.457101009,0.04850391015,0.1795982101,54.93013454,51.4820562,19.15509254,-2.012627327e-12,7.384683288e-10,0.3720731834,1.368904326e-09,
4140310000,2.617449655,1.351675627,89.41780546,-630.5821945,nan,0.0137344257,1.351605847,50.48820914,-14.77067016,48.27925605,-7.962083041e-13,1.855871239e-09,-3.26858941,2.686252413e-10,-15.37965253,0.1702226603,70.24183745,-1729.758163,1.41028515,0.0575439061,0.1602012889,55.94336793,53.12600164,17.52964248,-2.192876702e-12,6.738454974e-10,0.3299635196,9.387877521e-10,
4152308000,2.687092218,1.362556786,88.19988775,-631.8001122,nan,0.04280161102,1.361884362,51.52150078,-15.45604561,49.14850656,-7.798664653e-13,1.88382648e-09,-3.179888814,2.795529955e-10,-16.08767671,0.1568975509,67.18194969,-1732.81805,1.37219095,0.06084580984,0.1446189092,56.33714846,54.01239964,16.01670944,-2.393080315e-12,6.13908814e-10,0.2965376385,5.45787949e-10,
4164306000,2.700802132,1.36470916,86.83064003,-633.16936,nan,0.0754514415,1.362621801,52.70921824,-15.9030448,50.25290891,-7.605298965e-13,1.920607865e-09,-3.159955187,2.712149823e-10,-16.63973971,0.1472356624,65.56352604,-1734.436474,1.345313836,0.06090904938,0.1340463651,56.3637501,54.35964467,14.89635378,-2.56565064e-12,5.693213558e-10,0.2740333177,2.452642209e-10,
4176304000,2.713932808,1.366773785,85.76261083,-634.2373892,nan,0.1009895389,1.363037671,53.6543798,-16.27983471,51.12493964,-7.454100078e-13,1.948322454e-09,-3.140384441,2.430880499e-10,-16.98016788,0.1415766416,65.43884066,-1734.561159,1.329852724,0.05884835959,0.1287665175,56.14418745,54.30038604,14.27017381,-2.670538017e-12,5.438226479e-10,0.2628005958,4.361705821e-11,
4188302000,2.720311209,1.367777831,84.77917668,-635.2208233,nan,0.1244602789,1.36210346,54.5407717,-16.60661437,51.9510937,-7.314547212e-13,1.974134951e-09,-3.128337453,2.132313755e-10,-17.05267771,0.1403996789,65.81656775,-1734.183432,1.326662695,0.05751602948,0.1280780082,55.99786629,54.17871061,14.15727182,-2.684123979e-12,5.379745278e-10,0.2613069167,-4.251752359e-11,
4200300000,2.686674517,1.362491262,83.97579267,-636.0242073,nan,0.1429916011,1.3549671,55.28382344,-16.65854914,52.71426633,-7.18805936e-13,1.997413532e-09,-3.164397205,1.918801592e-10,-16.81579166,0.1442814231,66.1134574,-1733.886543,1.337216994,0.05842342063,0.1319235876,56.09187124,54.16012474,14.59379688,-2.596399544e-12,5.529783375e-10,0.2694564857,3.228216558e-11,
4212298000,2.457043298,1.326942686,83.11901903,-636.880981,nan,0.1589774093,1.317384938,56.1319344,-15.57168039,53.92881261,-7.006162169e-13,2.037613935e-09,-3.463262234,1.428888238e-10,-16.43928417,0.1506731235,66.14444312,-1733.855557,1.354805971,0.06093707752,0.1378008081,56.36005787,54.24439265,15.29712355,-2.469967673e-12,5.779773484e-10,0.282003776,1.944188186e-10,
4224296000,2.224562761,1.291897739,82.44876898,-637.551231,nan,0.1697716929,1.280694085,56.82256519,-14.35956845,54.9782385,-6.852909061e-13,2.07136489e-09,-3.828683201,6.405676962e-11,-15.86991466,0.1608808185,64.57772441,-1735.422276,1.383451653,0.06906393158,0.1453024814,57.25348736,54.86410156,16.36741199,-2.301896409e-12,6.16660036e-10,0.2983264379,4.166427071e-10,
4236294000,1.930607934,1.248907854,82.45680433,-637.5431957,nan,0.163948645,1.238100024,56.87335545,-12.54037959,55.47357425,-6.772482476e-13,2.084107843e-09,-4.423596099,-8.743425782e-11,-15.27183662,0.1723487623,62.38568766,-1737.614312,1.416476783,0.07988664881,0.1527161393,58.4663184,55.76856838,17.55497559,-2.140098729e-12,6.595295656e-10,0.3147826115,6.768807361e-10,
4248292000,1.564680455,1.197385578,82.9235044,-637.0764956,nan,0.1475111773,1.188264564,56.47760951,-10.14004349,55.55987665,-6.742865534e-13,2.08145509e-09,-5.479254276,-2.892300862e-10,-14.68641237,0.1843653836,58.99485257,-1741.005147,1.452078369,0.09496938941,0.1580234468,60.20930705,57.22453214,18.7220078,-2.001028849e-12,7.013877781e-10,0.327167512,9.070224782e-10,
4260290000,1.25559818,1.155526498,84.76991653,-635.2300835,nan,0.1053325522,1.150715665,54.73373212,-7.88960779,54.16212257,-6.897398103e-13,2.023376234e-09,-6.864995575,-5.279128574e-10,-14.0171606,0.1991324193,54.31769191,-1745.682308,1.497291747,0.1161520338,0.1617480308,62.75892881,59.47523952,20.03444607,-1.864677068e-12,7.484422712e-10,0.3368535583,1.133646912e-09,
4272288000,0.9967147535,1.121594156,87.53854151,-632.4614585,nan,0.04816948719,1.120559303,52.18082275,-5.967092336,51.83851919,-7.186327797e-13,1.931133054e-09,-8.687400207,-7.795547847e-10,-13.42515808,0.213177859,49.02330204,-1750.976698,1.541870514,0.1397918151,0.1609442387,65.7669312,62.31907549,21.01480597,-1.772695841e-12,7.828616068e-10,0.3372130573,1.304439032e-09,
4284286000,0.8851274665,1.107277241,91.55030301,-628.449697,nan,-0.02995693212,1.10687193,48.6718961,-4.944557884,48.42008692,-7.672132811e-13,1.798735233e-09,-9.792601897,-9.625602051e-10,-12.87018708,0.227243069,42.88877076,-1757.111229,1.588135958,0.1664956104,0.1546564713,69.40308949,65.98225659,21.5204704,-1.726195249e-12,7.99453921e-10,0.3261554167,1.443207542e-09,
4296284000,1.00501153,1.122666016,96.36888811,-623.6311119,nan,-0.1245365497,1.115737259,44.76304408,-5.187964852,44.46138927,-8.331901379e-13,1.647062875e-09,-8.570102253,-1.036546425e-09,-12.2848098,0.2430857551,36.53812602,-1763.461874,1.642307254,0.195309893,0.1447229423,73.63247346,70.37773208,21.64984933,-1.711087707e-12,8.02014145e-10,0.3076235721,1.543013146e-09,
4308282000,1.403204837,1.175331137,101.1425784,-618.8574216,nan,-0.2271340883,1.15317535,41.21906439,-6.725096473,40.66674743,-9.083988395e-13,1.502295781e-09,-6.047013242,-9.762598979e-10,-11.76584887,0.2580521944,29.39219256,-1770.607807,1.695607406,0.2248358956,0.1266481547,78.38683153,75.65084293,20.5291335,-1.79947323e-12,7.583795756e-10,0.2713668838,1.677995168e-09,
4320280000,2.037395267,1.264357134,105.128075,-614.871925,nan,-0.3299688402,1.22054067,38.56645034,-9.185088705,37.45671151,-9.835095716e-13,1.37986908e-09,-4.077991266,-7.947156187e-10,-11.32093162,0.2716147929,22.44806204,-1777.551938,1.74579986,0.2510334674,0.1037149649,83.01169265,81.00515943,18.14125856,-2.030676879e-12,6.683064461e-10,0.22395189,1.837820872e-09,
4332278000,2.847605473,1.387970621,108.2544088,-611.7455912,nan,-0.4347635916,1.318121036,36.80593099,-12.20317409,34.72404207,-1.057970457e-12,1.275657504e-09,-2.845492642,-5.627542224e-10,-10.7662455,0.2895261033,13.69514789,-1786.304852,1.815022493,0.2812946368,0.06854700428,88.86328713,87.88480417,13.15085534,-2.793507321e-12,4.831231128e-10,0.1496374198,2.013748295e-09,
4344276000,3.737139727,1.537648208,109.9759693,-610.0240307,nan,-0.5253005951,1.44513712,36.19642607,-15.45156719,32.73271043,-1.119233638e-12,1.199180868e-09,-2.118407151,-3.30689455e-10,-10.28939675,0.3058652669,4.696333687,-1795.303666,1.881285008,0.3048383634,0.02504263749,93.80786992,93.6649963,5.175415664,-7.078764866e-12,1.896042023e-10,0.05525453338,2.240334346e-09,
4356274000,4.625511556,1.703238941,110.8720966,-609.1279034,nan,-0.6068350683,1.591469161,36.24286793,-18.58393926,31.11563397,-1.174157319e-12,1.136798777e-09,-1.674329298,-1.292455374e-10,-9.926123708,0.3189288557,-5.221656948,-1805.221657,1.93655078,0.3176053232,-0.02902539722,96.47894776,96.27811549,-6.221883832,5.871959417e-12,-2.273143441e-10,0.06462407163,2.428134275e-09,
4368272000,5.611899448,1.90807294,110.9609329,-609.0390671,nan,-0.6825774219,1.781805378,36.9254384,-21.98457833,29.66759708,-1.228084038e-12,1.080918204e-09,-1.3494731,2.607338824e-11,-9.644890864,0.3294241673,-16.47669221,-1816.476692,1.982511302,0.3158964272,-0.09343302021,95.53194811,93.49994005,-19.59883464,1.859003512e-12,-7.140698683e-10,0.2096133391,2.589484921e-09,
4380270000,6.512681649,2.116577048,110.5531654,-609.4468346,nan,-0.7430802047,1.981850199,37.85874567,-24.97752672,28.45009284,-1.27713134e-12,1.033720046e-09,-1.139027621,1.335698913e-10,-9.699442026,0.3273617236,-28.15729822,-1828.157298,1.973366325,0.2886202291,-0.154479971,89.14276727,84.24153397,-29.15127633,1.246412157e-12,-1.059197201e-09,0.3460439875,2.603302038e-09,
4392268000,7.542617303,2.383037437,109.5723436,-610.4276564,nan,-0.7983099256,2.24534378,39.18331047,-28.26943762,27.13246609,-1.335494277e-12,9.831517787e-10,-0.9597808934,2.242275335e-10,-9.982751569,0.3168563547,-39.75939783,-1839.759398,1.927641959,0.2435791842,-0.2026502666,80.44878428,73.34833548,-33.04585562,1.096514299e-12,-1.197424946e-09,0.4505331362,2.444822441e-09,
4404266000,8.518766018,2.666479818,108.6817624,-611.3182376,nan,-0.8541040747,2.525989083,40.37439376,-31.11587774,25.72729725,-1.404599232e-12,9.296955564e-10,-0.82682216,2.964011843e-10,-10.52282193,0.2977548906,-49.80225627,-1849.802256,1.848008442,0.1921792272,-0.227431571,72.30945752,64.69846981,-32.29188213,1.119059639e-12,-1.166916954e-09,0.4991135375,2.141600177e-09,
4416264000,9.578521502,3.012493199,107.0541268,-612.9458732,nan,-0.8834889045,2.880028234,41.88008996,-34.09496622,24.32026344,-1.4818247e-12,8.764625809e-10,-0.7133095038,4.029051555e-10,-11.06285417,0.2798061729,-58.45357655,-1858.453577,1.777030189,0.1463915784,-0.2384554469,66.05795967,58.66955584,-30.35683207,1.187158363e-12,-1.094010657e-09,0.5174205195,1.810421257e-09,
4428262000,10.8358478,3.481708357,105.4110752,-614.5889248,nan,-0.925237782,3.356520242,43.3826345,-37.14173826,22.41749886,-1.603244162e-12,8.057011432e-10,-0.6035662279,5.824955831e-10,-11.45078237,0.2675844561,-65.06106292,-1865.061063,1.730690271,0.1128275546,-0.2426342598,61.91723223,54.87337221,-28.68199207,1.253076289e-12,-1.030851566e-09,0.522694176,1.595538755e-09,
4440260000,12.1641803,4.057037433,102.5063863,-617.4936137,nan,-0.8785450973,3.960771546,45.19757427,-40.22438464,20.61115233,-1.739039544e-12,7.387780843e-10,-0.5124044163,8.411320902e-10,-11.60801238,0.2627842794,-71.22857614,-1871.228576,1.712910135,0.08456227723,-0.2488067499,58.6485539,51.7230987,-27.64731335,1.296459027e-12,-9.909794883e-10,0.5345254644,1.568838493e-09,
4452258000,13.74167941,4.865012613,98.37582507,-621.6241749,nan,-0.7086650291,4.813121814,47.20520899,-43.44979631,18.45120474,-1.937381199e-12,6.595755322e-10,-0.4246557246,1.314190074e-09,-11.29582039,0.2724011774,-77.87264965,-1877.87265,1.748767505,0.05722747963,-0.2663220175,55.6441951,48.23131367,-27.74917711,1.288218999e-12,-9.919503101e-10,0.5753352957,1.889041455e-09,
4464256000,15.58000166,6.011738524,92.40632684,-627.5936732,nan,-0.252408738,6.006437372,49.3249604,-46.6731796,15.95512533,-2.234450925e-12,5.688152883e-10,-0.3418478335,2.158472519e-09,-10.5997376,0.2951298385,-85.92904682,-1885.929047,1.837401991,0.02095178958,-0.2943851968,51.96592734,43.67107196,-28.16549446,1.265766684e-12,-1.004126481e-09,0.6449462585,2.682254269e-09,
4476254000,17.95237066,7.899844322,82.07933042,-637.9206696,nan,1.088613285,7.824478348,51.74736635,-50.14472127,12.77876573,-2.782380373e-12,4.543539604e-10,-0.2548377059,3.649972394e-09,-9.268398445,0.3440171374,-98.50732245,-1898.507322,2.048860137,-0.05089245285,-0.3402319049,45.63873481,36.12935756,-27.88482809,1.275080013e-12,-9.914558529e-10,0.7718052568,4.207325615e-09,
4488252000,20.11366087,10.13171683,64.03939774,-655.9606023,nan,4.435189582,9.109378645,54.47879655,-53.62433237,9.610944348,-3.68957919e-12,3.408073568e-10,-0.1792273008,5.116851778e-09,-8.005075864,0.3978745925,-118.8382758,-1918.838276,2.321567193,-0.1919104227,-0.3485320373,35.43367945,27.29012851,-22.60076382,1.568988577e-12,-8.01430775e-10,0.8281662655,5.727568084e-09,
4500250000,21.19153807,11.47035617,33.73302582,-686.2669742,nan,9.539140095,6.369762712,57.79724104,-57.52408196,5.612581144,-6.301165089e-12,1.984934243e-10,-0.09756924323,5.755690967e-09,-7.826965842,0.4061175036,-152.2811221,-1952.281122,2.367669551,-0.3595116296,-0.1888989541,24.32526004,22.16265018,-10.02672493,3.527153744e-12,-3.546031521e-10,0.4524154307,6.450384471e-09,
4512248000,19.52384987,9.466566577,6.07390139,-713.9260986,nan,9.413423591,1.001668133,61.73541951,-61.71964984,1.395294037,-2.527908977e-11,4.921448092e-11,-0.02260696619,5.080733401e-09,-10.34724074,0.3038351137,177.2630016,-1982.736998,1.872882617,-0.3034885132,0.01450857259,26.72134898,26.70770518,0.8538006262,-4.1311475e-11,3.011505353e-11,0.03196832602,5.885164842e-09,
4524246000,16.82583471,6.938917686,-13.24012581,-733.2401258,nan,6.754472537,-1.589238624,66.29640865,-66.14627301,-4.45918901,7.888928856e-12,-1.568663537e-10,-0.06741406292,3.529063662e-09,-13.88702995,0.2021382505,154.1369556,-2005.863044,1.50669994,-0.1818919474,0.08817704781,34.71407591,34.14175715,6.277538111,-5.603824976e-12,2.208326472e-10,0.1838668726,4.501775321e-09,
4536244000,14.33374298,5.208193952,-22.19957726,-742.1995773,nan,4.8221281,-1.967832522,71.47888867,-70.68136085,-10.64785204,3.295047785e-12,-3.735818192e-10,-0.1506458267,2.057659765e-09,-17.21019012,0.1378765774,140.8543113,-2019.145689,1.319853454,-0.1069292487,0.08704071675,40.40642484,39.78486314,7.060016572,-4.969560755e-12,2.477019613e-10,0.1774548413,3.202239364e-09,
4548242000,11.99329484,3.977999664,-28.34530532,-748.3453053,nan,3.501046271,-1.888691698,77.87395702,-75.46270899,-19.22843557,1.819837525e-12,-6.728535044e-10,-0.2548071203,1.083026228e-09,-20.49714873,0.09443708286,128.7010825,-2031.298917,1.208571003,-0.05904748504,0.07370045543,44.45302132,43.96938389,6.539448407,-5.351006144e-12,2.288324893e-10,0.148727315,2.383804587e-09,
4560240000,10.14049533,3.213843811,-30.81155221,-750.8115522,nan,2.760231094,-1.646182355,85.15981515,-80.30528809,-28.3417505,1.231418748e-12,-9.89143047e-10,-0.3529250835,5.734930221e-10,-23.37235022,0.06782385786,120.824096,-2039.175904,1.145517258,-0.03475322003,0.05824336351,46.65238805,46.33618313,5.422494199,-6.436256388e-12,1.892481e-10,0.1170250511,2.068037711e-09,
4572238000,8.480502371,2.654759102,-32.32360597,-752.323606,nan,2.243381899,-1.419501161,93.80776408,-84.91682537,-39.86263126,8.732233507e-13,-1.387577552e-09,-0.469431483,2.24652935e-10,-26.24055,0.04874976203,112.6704659,-2047.329534,1.102496189,-0.01878964289,0.04498320373,48.15934678,47.96470372,4.32549178,-8.047404134e-12,1.505659588e-10,0.09018072551,2.004192369e-09,
4584236000,7.006951679,2.240513597,-32.59581164,-752.5958116,nan,1.887614287,-1.206985287,104.4476319,-89.54315141,-53.77110603,6.456604651e-13,-1.866818663e-09,-0.6005049541,3.447928445e-11,-29.07743557,0.03516642507,104.20745,-2055.79255,1.072896354,-0.008631016608,0.03409080528,49.14526896,49.03115301,3.34716234,-1.037233149e-11,1.162063715e-10,0.06826603363,2.363638632e-09,
4596234000,5.664549818,1.919674036,-32.30487025,-752.3048702,nan,1.622539995,-1.025920254,117.3333012,-93.22989032,-71.24107749,4.860573572e-13,-2.46688259e-09,-0.7641441736,-1.101006124e-10,-31.91975395,0.02535200446,93.72606544,-2066.273935,1.052022894,-0.001647532486,0.02529841432,49.83562277,49.77187266,2.519918524,-1.374141645e-11,8.725784833e-11,0.05062936935,3.112786685e-09,
4608232000,4.456379825,1.670394269,-31.56554849,-751.5655485,nan,1.423245821,-0.8744074256,132.5939063,-94.84840973,-92.65486045,3.727499467e-13,-3.200029652e-09,-0.9768731042,-2.21585294e-10,-34.86912238,0.01805277133,79.25021086,-2080.749789,1.036769331,0.0033672105,0.01773596477,50.33775209,50.30609239,1.785035912,-1.934812294e-11,6.164995361e-11,0.03548349369,4.437582103e-09,
4620230000,3.404452361,1.479866769,-30.46096068,-750.4609607,nan,1.275607831,-0.7502201774,149.8970539,-93.14529583,-117.4439468,2.933093438e-13,-4.04563943e-09,-1.260868257,-3.066212203e-10,-37.70258299,0.01302779303,57.92409915,-2102.075901,1.026399513,0.006918308199,0.01103903995,50.69656498,50.6842095,1.119199981,-3.07785986e-11,3.855353723e-11,0.0220818277,5.868796982e-09,
4632228000,2.409019287,1.319626306,-28.73232178,-748.7323218,nan,1.157147475,-0.6343684326,172.0230952,-86.79246499,-148.5227703,2.313327725e-13,-5.102972708e-09,-1.711240375,-3.836063562e-10,-39.32224399,0.010811546,26.27263502,-2133.727365,1.021859426,0.009694691055,0.004785654834,50.97893718,50.9766017,0.4879698793,-7.041046119e-11,1.676575902e-11,0.009572428585,6.65045502e-09,
4644226000,1.536467055,1.193502554,-27.09956908,-747.0995691,nan,1.062475345,-0.5436860195,194.8723874,-70.86004473,-181.5326456,1.887782906e-13,-6.221018935e-09,-2.561847743,-4.481508049e-10,-38.42024723,0.01199465162,-6.530033789,-2166.530034,1.02428054,0.01191683487,-0.001364079966,51.20605358,51.20586297,-0.1397178851,2.452758463e-10,-4.78805124e-12,0.002728552494,6.415507165e-09,
4656224000,0.7197510756,1.086394489,-24.96172797,-744.961728,nan,0.9849142518,-0.4584723567,222.0496963,-42.83080176,-217.8797605,1.56880649e-13,-7.447373856e-09,-5.086987671,-4.960546707e-10,-36.35286535,0.01521797031,-32.14860947,-2192.148609,1.030906271,0.0128846108,-0.008097741962,51.30519238,51.29846207,-0.8309958653,4.113271758e-11,-2.840436793e-11,0.01619923545,5.371008464e-09,
4668222000,-0.02561372648,0.9970554545,-22.66781354,-742.6678135,678.2219633,0.920037637,-0.3842529449,249.4504378,1.908678388,-249.4431355,1.366775149e-13,-8.504331636e-09,130.6889296,-5.484799637e-10,-34.15442966,0.01960101302,-51.41713754,-2211.417138,1.039985788,0.01222408966,-0.01532224994,51.23724262,51.21318301,-1.570005576,2.171538011e-11,-5.352662066e-11,0.03065627802,4.220428703e-09,
4680220000,-0.6916744343,0.9234561507,-20.23520446,-740.2352045,25.128814,0.8664610676,-0.3194001889,273.488546,61.42253231,-266.5018899,1.276008508e-13,-9.062628066e-09,4.338829415,-5.809800321e-10,-32.59544251,0.02345459155,-67.27826031,-2227.27826,1.048035844,0.009059477943,-0.0216343182,50.9137986,50.86615332,-2.202120519,1.544232825e-11,-7.488501948e-11,0.04329245235,3.420828464e-09,
4692218000,-1.274992891,0.8634761679,-17.61763815,-737.6176381,13.64945694,0.8229770114,-0.2613425553,291.7147107,127.6677989,-262.2945016,1.293161493e-13,-8.89674488e-09,2.054507901,-6.070108021e-10,-31.55417196,0.02644182351,-80.11127481,-2240.111275,1.054319966,0.004540993028,-0.02604898104,50.45586003,50.38743005,-2.626919083,1.291205166e-11,-8.910224486e-11,0.05213441289,2.903008233e-09,
4704216000,-1.818113063,0.8111372516,-14.9397385,-734.9397385,9.589700809,0.783718791,-0.2091135994,298.4844455,188.9687628,-231.0492824,1.464293899e-13,-7.816953003e-09,1.222685057,-6.19544213e-10,-30.8388825,0.02871149952,-91.67912068,-2251.679121,1.059120435,-0.0008413040633,-0.02869917093,49.91600943,49.8338511,-2.862740323,1.181818874e-11,-9.685339133e-11,0.05744569724,2.465665624e-09,
4716214000,-2.291998307,0.7680687307,-12.20629843,-732.2062984,7.623244316,0.750704738,-0.1623944929,295.4761142,231.6256024,-183.4549383,1.839489113e-13,-6.190932019e-09,0.792032212,-6.176971126e-10,-30.4588823,0.02999548477,-101.9112344,-2261.911234,1.061846072,-0.006190949399,-0.02934963802,49.38524058,49.30022628,-2.896493652,1.165075441e-11,-9.774604848e-11,0.05875213706,2.079734206e-09,
4728212000,-2.721406809,0.7310206742,-9.560949679,-729.5609497,6.435515701,0.7208664099,-0.1214201186,283.3695011,251.2501522,-131.040586,2.568723532e-13,-4.410918336e-09,0.521554255,-6.164168355e-10,-30.27347642,0.03064264001,-109.6277816,-2269.627782,1.063222587,-0.0102931176,-0.02886213986,48.98201458,48.90045895,-2.825396737,1.191362022e-11,-9.510484236e-11,0.0577785321,1.706096316e-09,
4740210000,-3.069216819,0.7023266676,-6.966998637,-726.9669986,5.718774517,0.697140815,-0.08519056312,270.0586926,255.9767269,-86.06748931,3.901067053e-13,-2.889759391e-09,0.3362316972,-6.17203613e-10,-30.27024333,0.03065404803,-116.0517161,-2276.051716,1.063246869,-0.01346271332,-0.02753953541,48.67260591,48.59880601,-2.679294733,1.253147117e-11,-8.995867288e-11,0.0551308757,1.357900632e-09,
4752208000,-3.36915269,0.678488304,-4.247003852,-724.2470039,5.22061351,0.6766252151,-0.05024636137,256.279823,251.9486638,-46.91714501,7.138272352e-13,-1.571289713e-09,0.1862170821,-6.088002412e-10,-30.32476045,0.03046224996,-121.4544183,-2281.454418,1.062838708,-0.01589581372,-0.02598599197,48.43633059,48.37092636,-2.516267975,1.330968571e-11,-8.427166623e-11,0.05202025607,1.111147835e-09,
4764206000,-3.625073469,0.6587889811,-1.533895237,-721.5338952,4.861475419,0.6585529134,-0.01763467719,242.5615864,242.092021,-15.08564197,2.214449616e-12,-5.039569006e-10,0.06231366863,-5.962837879e-10,-30.41635774,0.03014269733,-125.3236812,-2285.323681,1.062159036,-0.01742835379,-0.02459338705,48.28803709,48.2296244,-2.374416993,1.406930382e-11,-7.932070978e-11,0.04923150497,8.94323704e-10,
4776204000,-3.822449395,0.6439876373,0.8703921489,-719.1296079,4.617782441,0.6439133313,0.009782574382,230.7475346,230.6187149,7.709284544,-4.32238242e-12,2.568924491e-10,0.03342870308,-5.691687097e-10,-30.53740697,0.02972553305,-128.9885922,-2288.988592,1.061272421,-0.01870228419,-0.02310480212,48.16506887,48.11363627,-2.225278363,1.497452029e-11,-7.415178481e-11,0.04625047149,7.040323453e-10,
4788202000,-3.987186297,0.6318888399,3.35188656,-716.6481134,4.433141445,0.6308078536,0.0369453354,219.8204197,218.1761093,26.83658469,-1.238569618e-12,8.920206601e-10,0.1230042317,-5.397937842e-10,-30.731262,0.02906945568,-131.5988016,-2291.598802,1.059879578,-0.01929951895,-0.02173848712,48.10746774,48.06198787,-2.091357074,1.589349751e-11,-6.951457273e-11,0.0435137448,4.404720423e-10,
4800200000,-4.141184542,0.6207843687,5.602100373,-714.3978996,4.274044198,0.6178193921,0.06060058715,209.1913136,205.238933,40.47204092,-8.192297093e-13,1.341886873e-09,0.1971947541,-5.161797575e-10,-31.06580982,0.02797109762,-133.5214222,-2293.521422,1.057551988,-0.0192616177,-0.02028231707,48.11100078,48.07140463,-1.951525781,1.698973113e-11,-6.470459035e-11,0.04059639604,1.098681104e-10,
4812198000,-4.229698415,0.6144903672,7.757853132,-712.2421469,4.18793781,0.6088661857,0.08294805147,201.4597333,194.6634786,51.88597373,-6.374214471e-13,1.716036871e-09,0.2665419015,-4.809556873e-10,-31.25596994,0.02736538123,-132.5698766,-2292.569877,1.05627063,-0.01851237587,-0.02015331312,48.18313508,48.14398442,-1.941975861,1.703071244e-11,-6.422741909e-11,0.04033683304,-2.199559118e-10,
4824196000,-4.317373479,0.6083189227,9.815033379,-710.1849666,4.106195106,0.5994150831,0.1036989384,193.6701232,183.9568002,60.5641171,-5.447281223e-13,1.998069442e-09,0.3292301075,-4.485752615e-10,-31.37732961,0.02698568953,-130.8758103,-2290.87581,1.055468227,-0.01766001926,-0.02040468474,48.2653544,48.2251554,-1.969472409,1.675117541e-11,-6.49748205e-11,0.04083910964,-5.597675414e-10,
4836194000,-4.363182958,0.6051190873,11.63233146,-708.3676685,4.064818115,0.592690926,0.1220105574,187.8400603,175.2974456,67.48847169,-4.876259667e-13,2.220986973e-09,0.3849940395,-4.14462193e-10,-31.3362354,0.02711366527,-128.1713517,-2288.171352,1.055738609,-0.01675666226,-0.02131584186,48.35268595,48.30874171,-2.060998142,1.596756958e-11,-6.782565837e-11,0.0426630475,-8.316155829e-10,
4848192000,-4.409574461,0.6018957503,13.35247198,-706.647528,4.023809722,0.5856251738,0.1390023381,182.0892259,166.9182048,72.76537023,-4.51144407e-13,2.388719003e-09,0.4359342969,-3.725897627e-10,-31.15061884,0.02769931684,-123.6317209,-2283.631721,1.056976854,-0.01534133861,-0.02306285938,48.48983749,48.43825761,-2.235964997,1.468166534e-11,-7.340156534e-11,0.046161136,-1.071090407e-09,
4860190000,-4.41190879,0.6017340127,14.94002513,-705.0599749,4.021769531,0.5813931275,0.1551317293,177.9666082,160.0411352,77.83924886,-4.206958692e-13,2.548974674e-09,0.4863702619,-3.368848205e-10,-30.60253444,0.02950348224,-118.2320186,-2278.232019,1.0608008,-0.01395642133,-0.02599372555,48.62448472,48.55879495,-2.526647312,1.296051503e-11,-8.273923637e-11,0.05203274329,-1.124858101e-09,
4872188000,-4.440432362,0.5997612209,16.20778409,-703.7922159,3.997017042,0.5759241752,0.1674062919,173.8005237,154.0148531,80.53599863,-4.056075642e-13,2.630789756e-09,0.522910596,-3.040769711e-10,-29.63195606,0.03299151026,-112.71378,-2272.71378,1.068234169,-0.01273894285,-0.03043286192,48.74327912,48.65304538,-2.964529535,1.101895254e-11,-9.683935215e-11,0.06093204469,-9.661138307e-10,
4884186000,-4.426136557,0.6007491599,17.48017475,-702.5198253,4.00938207,0.57300713,0.1804504976,170.7797445,148.7073493,83.97526652,-3.880400451e-13,2.736398402e-09,0.5647015223,-2.735321889e-10,-28.4108701,0.03797138997,-109.3374367,-2269.337437,1.078940251,-0.01257350415,-0.03582922619,48.7598351,48.6347669,-3.490124281,9.336563279e-12,-1.137283739e-10,0.07176192062,-5.926422489e-10,
4896184000,-4.407115076,0.6020661994,18.64936508,-701.3506349,4.025961597,0.570453659,0.1925261838,168.0631922,143.8592555,86.88930411,-3.741072135e-13,2.824416372e-09,0.6039882787,-2.460939819e-10,-26.91217407,0.04512230703,-107.2144312,-2267.214431,1.094509082,-0.01335388574,-0.04310100146,48.68462086,48.50400961,-4.189673047,7.758580462e-12,-1.361891578e-10,0.08637787022,-7.443074482e-11,
4908182000,-4.386746774,0.6034796938,19.62654521,-700.3734548,4.043877876,0.5684186922,0.2027015814,165.8369157,139.8309353,89.15824224,-3.636955401e-13,2.891085736e-09,0.6376145741,-2.148512799e-10,-25.33335048,0.05411684581,-108.1827539,-2268.182754,1.11442607,-0.01688710558,-0.05141457639,48.34364033,48.08858067,-4.959432366,6.538340011e-12,-1.608168108e-10,0.1031311862,4.844143568e-10,
4920180000,-4.341071875,0.6066614604,20.44934293,-699.5506571,4.084678461,0.5684305366,0.2119548363,164.5859538,136.6835204,91.68506662,-3.52809715e-13,2.965771895e-09,0.6707836202,-1.772574576e-10,-23.68833203,0.06540085085,-111.6836853,-2271.683685,1.139954869,-0.02416444867,-0.06077294392,47.64905241,47.29797138,-5.773569045,5.602666562e-12,-1.867598447e-10,0.1220680058,1.079266205e-09,
4932178000,-4.303830791,0.6092681287,21.2202,-698.7798,4.1185996,0.5679574649,0.2205265759,163.2125466,133.6191659,93.72435037,-3.44293601e-13,3.024362391e-09,0.7014289434,-1.380510566e-10,-22.15919362,0.07799025117,-117.5644158,-2277.564416,1.169174461,-0.0360896424,-0.06913766693,46.5327621,46.08887906,-6.411955727,5.032582174e-12,-2.069054379e-10,0.1391215377,1.649624479e-09,
4944176000,-4.282264101,0.6107827949,21.68066064,-698.3193394,4.138518991,0.5675743839,0.2256433942,162.3483909,131.7625711,94.84526805,-3.393989866e-13,3.053105965e-09,0.7198195,-1.007306951e-10,-20.78102059,0.09140058396,-125.8318649,-2285.831865,1.201190057,-0.05350669295,-0.07410196055,44.94749648,44.45377758,-6.643726278,4.845230901e-12,-2.138641257e-10,0.1494524569,2.190059011e-09,
4956174000,-4.246120681,0.6133296582,21.99229219,-698.0077078,4.172364632,0.5687002599,0.2296808306,162.2271145,130.6318939,96.19222918,-3.3383633e-13,3.088969185e-09,0.736360978,-7.781160365e-11,-19.66426464,0.1039409707,-136.7346142,-2296.734614,1.231995811,-0.07568845838,-0.07123891246,42.99694843,42.55776765,-6.129762438,5.238777373e-12,-1.968417557e-10,0.1440339279,2.595459293e-09,
4968172000,-4.221592239,0.6150641129,22.23871722,-697.7612828,4.195670415,0.5693125998,0.2327810705,162.0282737,129.6936757,97.12214975,-3.298414432e-13,3.11129933e-09,0.7488580245,-6.924423222e-11,-18.97857693,0.1124789241,-149.3959765,-2309.395976,1.253467612,-0.0968113161,-0.05726322932,41.19994178,40.92554331,-4.747115717,6.748289267e-12,-1.52073425e-10,0.1159939572,2.792893269e-09,
4980170000,-4.240803988,0.6137051964,22.62162223,-697.3783778,4.177392969,0.5664898647,0.2360578347,160.4672376,127.9201378,96.88226193,-3.29861549e-13,3.096137458e-09,0.757365209,-7.530116174e-11,-18.73819904,0.1156351979,-161.8349371,-2321.834937,1.261510177,-0.1098722087,-0.03604992031,40.11218247,40.00550508,-2.923481875,1.093139426e-11,-9.342785316e-11,0.07307698952,2.72395521e-09,
4992168000,-4.243954454,0.6134826393,22.86142176,-697.1385782,4.17441182,0.5652918606,0.2383402212,159.687734,126.8707963,96.97408649,-3.287571768e-13,3.091623763e-09,0.7643531003,-7.891091458e-11,-18.84408875,0.1142340468,-173.5981436,-2333.598144,1.257932801,-0.1135217184,-0.01273722529,39.80666804,39.79341463,-1.027118674,3.103918534e-11,-3.274549538e-11,0.02581127264,2.486539094e-09,
5004166000,-4.254658508,0.6127270797,23.30717393,-696.6928261,4.164316675,0.5627266189,0.2424319009,158.1478874,124.9224812,96.98003915,-3.279488171e-13,3.0844006e-09,0.7763217497,-7.642028238e-11,-19.09883909,0.1109323071,176.538843,-2343.461157,1.249547493,-0.1107299617,0.006697188721,40.03129124,40.02761071,0.5428249168,-5.859069497e-11,1.726426916e-11,0.01356126202,2.191463061e-09,
5016164000,-4.267628347,0.6118128336,23.60013304,-696.399867,4.15215384,0.5606419094,0.2449399779,157.0255822,123.6379631,96.80231171,-3.277650754e-13,3.071384112e-09,0.7829497453,-8.177257303e-11,-19.40289889,0.1071161748,167.7168405,-2352.283159,1.239933061,-0.1046640871,0.02278823792,40.52975791,40.4867491,1.866661179,-1.699741622e-11,5.922620426e-11,0.0461054844,1.889579191e-09,
5028162000,-4.299892965,0.6095444085,23.90266957,-696.0973304,4.122221435,0.5572668796,0.2469777538,155.5076835,122.2625737,96.09631979,-3.293852249e-13,3.041708741e-09,0.7859831251,-8.227628074e-11,-19.81413222,0.1021629416,160.179858,-2359.820142,1.227575685,-0.09611097536,0.03464025184,41.24131596,41.14061236,2.880304856,-1.098936032e-11,9.116944828e-11,0.07001122954,1.632391989e-09,
5040160000,-4.292156844,0.6100875434,24.32966714,-695.6703329,4.129356516,0.5559057155,0.2513476598,154.4296751,120.5461461,96.52539157,-3.27140442e-13,3.048016968e-09,0.8007339488,-8.553403332e-11,-20.10930189,0.09874950002,153.7732409,-2366.226759,1.219138852,-0.08858344372,0.04363985855,41.8768265,41.71510767,3.676736358,-8.58842087e-12,1.161016249e-10,0.08813920336,1.414057787e-09,
5052158000,-4.310382786,0.608808715,24.71927836,-695.2807216,4.112588334,0.5530220663,0.2545872064,152.9705701,118.923399,96.21445045,-3.274182658e-13,3.030983074e-09,0.809045581,-9.851055376e-11,-20.41679341,0.09531479748,148.2568525,-2371.743147,1.210713732,-0.08105714814,0.05014627956,42.51956286,42.30343922,4.281618299,-7.357584519e-12,1.348811175e-10,0.1012120616,1.264682672e-09,
5064156000,-4.323964518,0.6078574923,25.03905585,-694.9609442,4.100186695,0.5507307397,0.2572671439,151.8137404,117.6194884,95.98472644,-3.274243128e-13,3.016582363e-09,0.8160614174,-1.115447167e-10,-20.68499659,0.09241663906,143.1397857,-2376.860214,1.203654327,-0.07394268155,0.05543748749,43.1345936,42.86737737,4.793862987,-6.555826308e-12,1.506602464e-10,0.1118300974,1.163190628e-09,
5076154000,-4.310343729,0.6088114526,25.67544854,-694.3245515,4.112624113,0.548699092,0.2637815218,150.2672416,115.1585075,96.53373539,-3.247926785e-13,3.026665693e-09,0.8382683791,-1.142792452e-10,-20.85130946,0.09066392715,138.1839927,-2381.816007,1.199406864,-0.06757089602,0.06044933166,43.69228299,43.37122793,5.2869822,-5.930311338e-12,1.657651346e-10,0.1219006805,1.136004779e-09,
5088152000,-4.312963314,0.6086278683,26.26054637,-693.7394536,4.11022589,0.5458121863,0.2692896943,148.5831356,112.9060604,96.58762713,-3.238460156e-13,3.021214441e-09,0.8554689339,-1.103589035e-10,-20.98150558,0.08931506549,133.6889407,-2386.311059,1.196149211,-0.06169374291,0.06458376738,44.21194658,43.84186851,5.708483682,-5.479479305e-12,1.785586192e-10,0.1302062133,1.115709783e-09,
5100150000,-4.292662989,0.6100519934,26.57655339,-693.4234466,4.128888894,0.5455923101,0.2729330794,148.0458051,111.7231145,97.1365332,-3.212584672e-13,3.031236221e-09,0.8694398971,-8.341251385e-11,-21.06242588,0.08848684408,128.4486614,-2391.551339,1.19415374,-0.05502228309,0.06929985526,44.80843135,44.3775258,6.199251885,-5.033822523e-12,1.934534437e-10,0.1396934997,1.075420243e-09,
5112148000,-4.258922172,0.6124263827,26.97185845,-693.0281416,4.160309966,0.5458123976,0.2777677103,147.5012898,110.2404575,97.99832656,-3.176859832e-13,3.050951985e-09,0.8889506517,-6.292962596e-11,-21.17796041,0.08731763808,123.9121365,-2396.087863,1.191342885,-0.04871633626,0.07246439471,45.37786835,44.90155675,6.557525261,-4.747628639e-12,2.041534321e-10,0.1460422697,9.756607632e-10,
5124146000,-4.249537728,0.6130884205,27.12120251,-692.8787975,4.169139684,0.5456757729,0.2794912561,147.2359472,109.677654,98.2305266,-3.161929366e-13,3.051020379e-09,0.8956293559,-3.809728369e-11,-21.45091567,0.08461633611,119.847189,-2400.152811,1.184876221,-0.04211257635,0.07339247407,45.97973913,45.48532395,6.724709328,-4.618757057e-12,2.088681178e-10,0.1478434964,7.717811281e-10,
5136144000,-4.212870162,0.6156820498,27.34727518,-692.6527248,4.204024425,0.5468724973,0.2828336226,147.1972442,108.8141275,99.12877665,-3.125958397e-13,3.071727507e-09,0.9109917887,-7.534728114e-12,-21.62323622,0.08295416362,116.9189168,-2403.081083,1.180916068,-0.03755576554,0.07396592281,46.39937425,45.89302686,6.836081933,-4.532895228e-12,2.118313332e-10,0.1489568765,5.506837694e-10,
5148142000,-4.218382043,0.6152914749,27.2116092,-692.7883908,4.198741046,0.5471933147,0.2813593351,147.4924287,109.3284706,99.0015254,-3.122681771e-13,3.060634718e-09,0.9055420319,1.203218639e-12,-21.71336207,0.08209787125,115.2775773,-2404.722423,1.178881536,-0.03505612093,0.07423697764,46.63107851,46.11867094,6.893886699,-4.484411655e-12,2.131246856e-10,0.1494814694,3.886515988e-10,
5160140000,-4.179446358,0.618055794,27.0893781,-692.9106219,4.236366906,0.5502533685,0.2814501643,148.4861789,109.7757146,99.98718827,-3.084709644e-13,3.083919285e-09,0.9108315866,1.129441256e-11,-21.52185116,0.08392810976,114.3041554,-2405.695845,1.183234767,-0.03454316987,0.07648984916,46.67982095,46.13549598,7.107861518,-4.339300127e-12,2.192287991e-10,0.1540649205,3.521625135e-10,
5172138000,-4.146848804,0.6203796734,27.22416586,-692.7758341,4.268421789,0.5516561859,0.2838069621,148.6369611,109.2364311,100.7985531,-3.052781558e-13,3.101732395e-09,0.9227558252,1.389509728e-11,-21.04393019,0.08867546825,112.7610943,-2407.238906,1.194607882,-0.03430760955,0.08176996145,46.70436585,46.08250922,7.596060401,-4.050994171e-12,2.337429049e-10,0.1648360849,5.227464375e-10,
5184136000,-4.148058006,0.6202933135,27.0970782,-692.9029218,4.267223547,0.5522074593,0.2825433005,148.9870887,109.7268899,100.7827477,-3.046193947e-13,3.094068611e-09,0.9184872349,1.970832402e-11,-20.25328871,0.09712601374,110.5717158,-2409.428284,1.215148548,-0.03412809179,0.09093258984,46.72602815,45.95787577,8.437734385,-3.638462435e-12,2.590416486e-10,0.1835971364,8.385584953e-10,
5196134000,-4.141669304,0.6207497235,26.90767507,-693.0923249,4.273562405,0.5535454438,0.2809228736,149.648185,110.4570258,100.9644725,-3.03369006e-13,3.092490471e-09,0.9140611183,4.847404295e-11,-19.24495543,0.1090817831,105.854356,-2414.145644,1.244874964,-0.02980037653,0.1049322303,47.13683896,46.1083315,9.793025723,-3.127684185e-12,2.999553999e-10,0.2123916742,1.249749433e-09,
5208132000,-4.118634165,0.622398148,26.82199465,-693.1780054,4.296584192,0.5554359933,0.2808385872,150.2915782,110.7783,101.566366,-3.008764767e-13,3.103759506e-09,0.9168435155,6.70097394e-11,-18.16740972,0.1234893527,99.64767992,-2420.35232,1.281774906,-0.02069548266,0.1217428323,48.00144647,46.59817128,11.52168808,-2.652296275e-12,3.520904635e-10,0.2472562283,1.716325979e-09,
5220130000,-4.116403289,0.6225580248,26.31484281,-693.6851572,4.298827717,0.5580433453,0.2759820991,151.837753,112.7882127,101.6539341,-2.9992635e-13,3.099295629e-09,0.9012815405,7.964456747e-11,-17.11854849,0.1393389634,91.23302359,-2428.766976,1.323795217,-0.002998387837,0.139306699,49.70673186,47.81417305,13.58543516,-2.244219125e-12,4.142021673e-10,0.2841298781,2.154816341e-09,
5232128000,-4.129569717,0.6216150407,25.94632519,-694.0536748,4.285622355,0.5589589292,0.2719745837,152.7049906,114.2688149,101.2988257,-3.002875734e-13,3.08138655e-09,0.8864958106,9.425066512e-11,-16.186539,0.1551218766,80.8159196,-2439.18408,1.367205334,0.02475852283,0.153133315,52.47906182,50.0713898,15.71330179,-1.935861665e-12,4.779794479e-10,0.3138179678,2.586172352e-09,
5244126000,-4.146752797,0.6203865306,25.62547386,-694.3745261,4.268516956,0.5593655167,0.2683089006,153.3527059,115.5596878,100.8117601,-3.010480487e-13,3.059554621e-09,0.8723782662,9.039591812e-11,-15.44937961,0.1688616465,68.73396053,-2451.266039,1.406338237,0.06124593879,0.1573632442,56.35589625,53.61267933,17.3685825,-1.747360998e-12,5.271223002e-10,0.3239640831,2.925739087e-09,
5256124000,-4.189505517,0.6173404358,25.13120406,-694.8687959,4.226577844,0.5589015332,0.2621798807,154.0334386,117.5230417,99.57225968,-3.040998222e-13,3.01503871e-09,0.84725734,8.892416934e-11,-15.08914192,0.1760122539,55.04519887,-2464.954801,1.427220562,0.1008427101,0.1442603941,60.95904724,58.4243129,17.39554835,-1.740669845e-12,5.267355771e-10,0.2977450224,3.113576551e-09,
5268122000,-4.250699082,0.6130064525,24.77017697,-695.229823,4.168044824,0.5566072135,0.2568371482,153.9449195,118.8713406,97.8194388,-3.088439803e-13,2.955217669e-09,0.8229017884,4.434234846e-11,-15.09842253,0.1758242905,40.93295234,-2479.067048,1.426667004,0.1328311698,0.1151957529,65.08289892,63.31809779,15.05331273,-2.006929995e-12,4.547748003e-10,0.2377410764,3.067544027e-09,
5280120000,-4.307213099,0.6090309243,24.45353171,-695.5464683,4.1154941,0.5543992048,0.2521114604,153.7874083,119.9986106,96.18160122,-3.133894239e-13,2.899134351e-09,0.8015226238,2.640919769e-11,-15.48614797,0.1681483467,27.47437907,-2492.525621,1.404274839,0.1491841095,0.07757556308,67.40832374,66.56518803,10.62816315,-2.836077708e-12,3.20357246e-10,0.1596654868,2.965317751e-09,
5292118000,-4.406755287,0.6020911389,25.00667494,-694.9933251,4.026276607,0.5456502401,0.2545182804,150.395688,117.5249068,93.84433526,-3.204664357e-13,2.82227075e-09,0.7985059324,1.013178252e-11,-16.17707578,0.1552909729,16.27146262,-2503.728537,1.367679208,0.1490707876,0.04351076381,67.47881881,67.21212482,5.993435182,-5.017816781e-12,1.802463277e-10,0.08917193435,2.756571393e-09,
5304116000,-4.446928423,0.5993128352,24.44261147,-695.5573885,3.991425171,0.5456001289,0.2479846242,151.1954568,119.5676184,92.53999569,-3.242482518e-13,2.776748802e-09,0.7739553312,-1.00229159e-11,-17.11375079,0.1394159493,3.335755447,-2516.664245,1.324003098,0.1391797368,0.00811220019,66.16700877,66.15795336,1.094649617,-2.741144871e-11,3.284598178e-11,0.01654600182,2.48539586e-09,
5316114000,-4.519020531,0.5943591781,24.55682706,-695.4431729,3.930470239,0.5405991067,0.2470130329,149.5668632,118.8572717,90.79204552,-3.297448682e-13,2.718151424e-09,0.7638745548,-1.680635812e-11,-18.23956121,0.1224678065,-6.529754269,-2526.529754,1.279118663,0.1216733498,-0.01392693734,63.84975433,63.82424105,-1.804821785,1.658790432e-11,-5.403313556e-11,0.02827799837,2.158291293e-09,
5328112000,-4.571107852,0.5908056058,24.89491455,-695.1050855,3.887652491,0.5359087648,0.2487027536,147.7517362,117.4007084,89.70869086,-3.329754905e-13,2.679669945e-09,0.7641239312,-6.204484973e-11,-19.52519433,0.1056185701,-14.80061565,-2534.800616,1.236182386,0.1021142139,-0.02698091291,61.36342975,61.27226477,-3.343662781,8.933554994e-12,-9.987786662e-11,0.054570576,1.706841469e-09,
5340110000,-4.630144149,0.5868036311,25.14348024,-694.8565198,3.84031359,0.5312020064,0.2493249484,146.0867126,116.2790515,88.43364624,-3.370174565e-13,2.635648317e-09,0.7605294772,-7.786587858e-11,-20.875511,0.09041166142,-21.27167392,-2541.271674,1.198796879,0.08425197813,-0.03280049849,59.18947167,59.06042628,-3.906354436,7.629538746e-12,-1.164237474e-10,0.06614165665,1.334657033e-09,
5352108000,-4.668568767,0.584213464,25.48923028,-694.5107697,3.810160567,0.5273497419,0.2514112592,144.5677085,114.9129618,87.72020043,-3.389968384e-13,2.60852425e-09,0.7633621053,-9.698368526e-11,-22.26673905,0.07703055866,-26.15491583,-2546.154916,1.16691898,0.06914305299,-0.0339550466,57.41865973,57.28514041,-3.913460553,7.598612586e-12,-1.163740701e-10,0.06831545711,9.541870078e-10,
5364106000,-4.695769704,0.582386789,25.94129186,-694.0587081,3.789120525,0.5237070986,0.2547650817,143.003207,113.2480861,87.3200333,-3.397886654e-13,2.590816611e-09,0.771050852,-1.144172431e-10,-23.62743782,0.06586096796,-29.67639132,-2549.676391,1.14100892,0.05722235322,-0.03260781183,56.06268924,55.9428143,-3.664239777,8.09727512e-12,-1.087193044e-10,0.06549973973,6.086255389e-10,
5376104000,-4.699523826,0.5821351304,26.5905072,-693.4094928,3.786236283,0.5205617718,0.2605700516,141.3602735,111.0161958,87.510749,-3.382914871e-13,2.590680589e-09,0.7882701111,-1.283384961e-10,-24.89083123,0.05694537252,-31.20526124,-2551.205261,1.120767919,0.04870632743,-0.02950371365,55.11531778,55.01899318,-3.257091256,9.08913478e-12,-9.642339015e-11,0.05919939766,3.135165372e-10,
5388102000,-4.702353148,0.581945538,27.06384233,-692.9361577,3.78406567,0.5182225646,0.2647753439,140.1693714,109.4152078,87.61144329,-3.371502517e-13,2.5878861e-09,0.8007245526,-1.138409342e-10,-25.91858637,0.0505906992,-31.8906218,-2551.890622,1.106573001,0.04295444655,-0.02672703439,54.4848806,54.40680789,-2.91572782,1.013065073e-11,-8.612541026e-11,0.05359123119,1.896529043e-10,
5400100000,-4.617778493,0.5876396283,27.69960454,-692.3003955,3.850126582,0.5202942665,0.2731560159,139.9065481,107.418994,89.63817235,-3.287950998e-13,2.641869265e-09,0.8344722756,-9.284914112e-11,-26.73814104,0.04603550886,-31.81862913,-2551.818629,1.096514093,0.03911735307,-0.02427139808,54.06848318,54.00462206,-2.627102896,1.121866672e-11,-7.742753132e-11,0.04864588984,3.062360158e-10,
5412098000,-4.576878515,0.5904132214,27.84529754,-692.1547025,3.882970116,0.5220504421,0.2757736534,140.1615211,106.9688473,90.56996029,-3.246910385e-13,2.663413869e-09,0.8466947395,-5.627670876e-11,-27.18153226,0.04374449296,-33.46552736,-2553.465527,1.091491223,0.0364924325,-0.02412225186,53.78516777,53.72244406,-2.596781804,1.132449959e-11,-7.636422331e-11,0.04833700047,5.727499645e-10,
5424096000,-4.515081101,0.594628807,28.20498679,-691.7950132,3.933749696,0.5240239619,0.2810379075,140.1820287,105.7842041,91.98208155,-3.189991537e-13,2.6989572e-09,0.8695256754,-2.671914833e-11,-27.61913336,0.04159521104,-37.03140395,-2557.031404,1.086800925,0.03320568715,-0.02505082677,53.43238714,53.365219,-2.678319639,1.095545346e-11,-7.858780703e-11,0.05018848773,9.906113158e-10,
5436094000,-4.439426831,0.5998306569,28.02652552,-691.9734745,3.997884107,0.5294886074,0.2818485969,141.7798742,106.4098181,93.69356082,-3.124808657e-13,2.743108074e-09,0.8804973306,1.313928702e-11,-28.06983998,0.03949189748,-41.65357172,-2561.653572,1.082231264,0.02950743712,-0.02624730694,53.03830122,52.96514596,-2.784727975,1.051357449e-11,-8.152972013e-11,0.05257661288,1.499296612e-09,
5448092000,-4.35655923,0.6055807179,28.18602797,-691.813972,4.070746008,0.5337701456,0.2860374758,142.620629,105.8318846,95.60468621,-3.055600121e-13,2.792896741e-09,0.9033637315,5.432508226e-11,-28.72735435,0.0366127443,-49.11824517,-2569.118245,1.076008363,0.02396304436,-0.02768150195,52.45320993,52.37279311,-2.903407147,1.006161644e-11,-8.481714318e-11,0.05543731724,1.990046094e-09,
5460090000,-4.255899052,0.6126395745,27.57101565,-692.4289843,4.16315005,0.5430668978,0.2835587996,145.8721082,108.002575,98.05159727,-2.972799762e-13,2.858084094e-09,0.9078635137,7.779452156e-11,-29.97731057,0.03170549013,-59.8015161,-2579.801516,1.065487287,0.01594776886,-0.02740267821,51.61938616,51.54188228,-2.827613654,1.030861358e-11,-8.242147843e-11,0.05486050428,2.450864404e-09,
5472088000,-4.202269374,0.6164339243,27.25951551,-692.7404845,4.214225467,0.5479734427,0.282340024,147.6206544,109.1396826,99.40013721,-2.926038761e-13,2.891039614e-09,0.9107607317,1.036354983e-10,-32.21616583,0.02450144558,-70.93526324,-2590.935263,1.050233689,0.00800306053,-0.02315754429,50.8063267,50.75185693,-2.351988697,1.236607364e-11,-6.840727475e-11,0.0463429092,3.678803009e-09,
5484086000,-4.140206006,0.620854309,26.80970014,-693.1902999,4.275017091,0.5541183518,0.2800230799,149.9605095,110.8384059,101.0099114,-2.87310756e-13,2.931432275e-09,0.9113259126,1.052302561e-10,-35.97532318,0.01589402314,-83.67491071,-2603.674911,1.032301446,0.001751037325,-0.01579727318,50.17536704,50.15033023,-1.584877305,1.83113443e-11,-4.599509512e-11,0.03160252978,-6.655852977e-09,
5496084000,-4.108352954,0.6231352971,26.32853205,-693.671468,4.306944335,0.5584947805,0.2763714506,151.9383587,112.7320825,101.8662967,-2.842734184e-13,2.949832036e-09,0.9036140774,1.189870666e-10,-44.01152633,0.006301206085,-116.6304492,-2636.630449,1.012682326,-0.002824416147,-0.00563274991,49.71836278,49.71520792,-0.5600889043,5.170229257e-11,-1.62189875e-11,0.01126594714,-1.132626107e-08,
5508082000,-4.075945088,0.6254646159,25.76391268,-694.2360873,4.339949401,0.5632888796,0.2718669231,154.2272568,115.0281703,102.7354212,-2.812545318e-13,2.968519733e-09,0.8931327073,1.297619455e-10,-41.03523596,0.008876427328,106.7885401,-2413.21146,1.017911848,-0.002563870065,0.008498089927,49.74428708,49.73710268,0.845407353,-3.417855626e-11,2.442787874e-11,0.01699751911,-1.123868699e-08,
5520080000,-4.062815536,0.6264107804,25.21271696,-694.787283,4.353473534,0.5667342084,0.2668385331,156.1672736,117.334452,103.0574778,-2.797662041e-13,2.971353136e-09,0.8783224029,1.308012487e-10,-33.19712239,0.02188486542,78.43947582,-2441.560524,1.044749058,0.00438579187,0.02144089934,50.44030787,50.39395135,2.162018769,-1.333568412e-11,6.233532379e-11,0.04290234663,-6.555305669e-09,
5532078000,-4.061412824,0.6265119496,24.5652168,-695.4347832,4.354923666,0.5698055121,0.2604590205,158.2097034,120.1004127,102.9864123,-2.793520791e-13,2.962864331e-09,0.8575025675,1.287473348e-10,-29.31328092,0.03422440876,61.50530642,-2458.494694,1.070874454,0.01632769082,0.0300785084,51.6583453,51.56490773,3.105628675,-9.263653641e-12,8.934728596e-11,0.06022756195,4.106634283e-09,
5544076000,-4.060125388,0.626604819,24.1030439,-695.8969561,4.356255522,0.5719727007,0.2558922212,159.6859157,122.114038,102.8968095,-2.789902638e-13,2.953880117e-09,0.8426288346,1.355144316e-10,-26.84080266,0.0454946017,47.58217103,-2472.417829,1.095326023,0.03068757119,0.03358618404,53.16222776,53.04220008,3.570359971,-8.040424009e-12,1.024950665e-10,0.06731168703,3.350116924e-09,
5556074000,-4.056848157,0.6268412849,23.53827027,-696.4617297,4.359649712,0.5746840334,0.2503362902,161.5394257,124.6233359,102.7813709,-2.787004721e-13,2.944194629e-09,0.8247361549,1.245677184e-10,-25.13133495,0.05539024073,33.52867586,-2486.471324,1.117276452,0.04617382975,0.03059503577,54.83614997,54.73314862,3.359432283,-8.526802797e-12,9.623166535e-11,0.06137838526,3.122634379e-09,
5568072000,-4.049582376,0.6273658595,22.79956635,-697.2004336,4.367194743,0.5783473085,0.2431096717,164.0543535,127.9926587,102.624121,-2.785260621e-13,2.933355771e-09,0.8017969311,1.178501589e-10,-24.14329997,0.06206331963,20.07732596,-2499.922674,1.132340106,0.05829174269,0.02130559496,56.1870077,56.13567314,2.401257125,-1.190355335e-11,6.863631453e-11,0.04277595673,2.918816838e-09,
5580070000,-4.048823458,0.6274206772,22.5267413,-697.4732587,4.367984419,0.5795489968,0.2403740137,164.9486486,129.2519231,102.4792518,-2.783200787e-13,2.922916646e-09,0.7928644257,1.036488858e-10,-23.71488886,0.06520119521,7.820067842,-2512.179932,1.139497815,0.06459484009,0.008871442412,56.90496329,56.89593167,1.013807858,-2.813356909e-11,2.891586163e-11,0.01781863533,2.601203952e-09,
5592068000,-4.056719994,0.6268505342,22.06366921,-697.9363308,4.359782562,0.5809443924,0.2354680555,166.2629244,131.3678926,101.9109259,-2.792717074e-13,2.900470384e-09,0.7757673808,9.369239829e-11,-23.66437326,0.06558149865,-2.599460925,-2522.599461,1.140368579,0.06551401506,-0.002974356347,57.010634,57.00961657,-0.3405987221,8.356120106e-11,-9.693725154e-12,0.005974408224,2.209479525e-09,
5604066000,-4.029463609,0.6288206853,21.66777605,-698.332224,4.388231296,0.5843884517,0.2321757777,168.181574,133.3807826,102.4431973,-2.772258769e-13,2.90937709e-09,0.7680506535,1.094752227e-10,-23.88527644,0.06393463323,-11.30957172,-2531.309572,1.136602924,0.0626931448,-0.01253821843,56.68752071,56.6695593,-1.426903289,1.990317453e-11,-4.052391812e-11,0.02517936095,1.775529485e-09,
5616064000,-4.023277154,0.6292687173,21.20563047,-698.7943695,4.394743021,0.5866598374,0.2276166817,169.8465583,135.6378313,102.2263767,-2.772203551e-13,2.89701705e-09,0.7536715657,1.205091969e-10,-24.31979239,0.06081495371,-18.07465787,-2538.074658,1.129505796,0.05781392135,-0.01886820323,56.13382139,56.09359907,-2.124628705,1.333843997e-11,-6.021034672e-11,0.03787649109,1.307875658e-09,
5628062000,-4.01318995,0.6299999319,20.59148997,-699.40851,4.405404411,0.58975036,0.2215726226,172.1265,138.7079856,101.9197074,-2.774617304e-13,2.882168894e-09,0.7347789456,1.355021727e-10,-24.86063338,0.05714369658,-22.78737866,-2542.787379,1.12121401,0.05268354493,-0.02213246829,55.5584637,55.50375718,-2.464919244,1.147251312e-11,-6.970500361e-11,0.04440995293,8.392957158e-10,
5640060000,-4.016118488,0.6297875567,19.99924743,-700.0007526,4.402303559,0.5918095489,0.2153922571,174.0194103,141.6267721,101.1168263,-2.790698874e-13,2.853381478e-09,0.7139668923,1.448681936e-10,-25.34829161,0.05402383613,-25.10596331,-2545.105963,1.114218176,0.04891991497,-0.02292197178,55.14077001,55.08257877,-2.532594198,1.114219616e-11,-7.146641799e-11,0.04597813419,4.500785672e-10,
5652058000,-4.02240894,0.6293316202,19.34460845,-700.6553916,4.395658515,0.5938016581,0.2084655341,176.0279742,144.8614313,100.0050669,-2.8157333e-13,2.81601865e-09,0.6903498468,1.444308612e-10,-25.70460882,0.05185248312,-25.91968499,-2545.919685,1.109376404,0.04663652024,-0.02266528151,54.88914776,54.83253623,-2.492290711,1.129834476e-11,-7.017981527e-11,0.04545277098,1.328863854e-10,
5664056000,-4.055760341,0.6269197951,18.70043978,-701.2995602,4.360777585,0.5938233304,0.2010031883,177.2375445,147.7666627,97.8680774,-2.871121269e-13,2.750006054e-09,0.6623150013,1.463377417e-10,-25.93288387,0.05050749231,-26.22858147,-2546.228581,1.106388396,0.04530714074,-0.02232195729,54.74324884,54.68849787,-2.447752862,1.147955429e-11,-6.877968145e-11,0.04475809278,-7.493248967e-11,
5676054000,-4.097981258,0.6238798184,18.12170715,-701.8782929,4.31744931,0.5929341068,0.1940494081,177.9246563,150.1722406,95.42264648,-2.938476053e-13,2.675623923e-09,0.6354213407,1.582496654e-10,-26.02519702,0.0499735439,-25.09593711,-2545.095937,1.105204531,0.04525598524,-0.02119553939,54.73788323,54.68852143,-2.324109547,1.206471364e-11,-6.516737204e-11,0.04249720941,-1.512856325e-10,
5688052000,-4.154577763,0.6198278869,17.45032967,-702.5496703,4.260775136,0.59130172,0.1858733043,178.4177439,152.7442476,92.20675761,-3.034546683e-13,2.579997732e-09,0.6036676278,1.451301201e-10,-25.70372147,0.05185778068,-23.89956523,-2543.899565,1.10938819,0.04741134052,-0.02100938379,54.97479496,54.92606663,-2.314148905,1.209108497e-11,-6.475120784e-11,0.04213207038,-1.339869304e-10,
5700050000,-4.193175502,0.6170796505,16.55204043,-703.4479596,4.223018319,0.5915087182,0.1757974157,180.0248365,156.548806,88.88989297,-3.141152946e-13,2.481954695e-09,0.5678094597,1.331514743e-10,-25.15395035,0.05524620907,-23.81696808,-2543.816968,1.116953665,0.05054144843,-0.02230931658,55.32039031,55.26506918,-2.473401024,1.128877794e-11,-6.906149932e-11,0.04475523256,-2.009890529e-11,
5712048000,-4.293449816,0.6099967332,16.35098501,-703.649015,4.128162173,0.5853255123,0.1717266991,177.6410566,155.8499881,85.24744109,-3.268488279e-13,2.375251685e-09,0.5469839437,1.253677062e-10,-24.5763947,0.0590446109,-23.97443064,-2543.974431,1.125499278,0.05395064814,-0.02399153269,55.69925319,55.63479555,-2.678867277,1.040104765e-11,-7.464134912e-11,0.04815093234,1.349373062e-10,
5724046000,-4.366621675,0.6048795699,15.79578697,-704.204213,4.061747882,0.5820381149,0.1646539612,177.0363998,157.1137455,81.59140781,-3.407788161e-13,2.268618363e-09,0.5193142558,1.212126144e-10,-23.83591208,0.06429902627,-24.62444041,-2544.62444,1.137434988,0.05845157349,-0.02679138546,56.20328105,56.12210297,-3.019662172,9.20785895e-12,-8.396056935e-11,0.05380522133,3.172822184e-10,
5736044000,-4.426336316,0.600735344,15.12096527,-704.8790347,4.009208729,0.5799362309,0.1567064822,177.062257,158.9760418,77.95935473,-3.5590937e-13,2.163096494e-09,0.4903842985,1.107088205e-10,-22.99301364,0.0708515439,-26.40998911,-2546.409989,1.152508554,0.0634570678,-0.03151415268,56.76846449,56.6549072,-3.588878752,7.731234947e-12,-9.957869806e-11,0.06334630006,5.486381144e-10,
5748042000,-4.530468971,0.5935762988,14.54929419,-705.4507058,3.920972852,0.5745414161,0.1491139956,175.4073023,159.3277265,73.36482299,-3.774090629e-13,2.031365503e-09,0.4604648832,8.225754287e-11,-22.20667502,0.07756508076,-29.45134255,-2549.451343,1.168174641,0.06754162183,-0.03813752842,57.23206031,57.06429463,-4.37892744,6.323134939e-12,-1.212461474e-10,0.07673673124,7.595403391e-10,
5760040000,-4.585819044,0.5898058119,14.58331943,-705.4166806,3.875739487,0.5708037518,0.1485058002,173.7053152,158.0816396,71.99813728,-3.837720762e-13,1.989371504e-09,0.4554490798,6.850291767e-11,-21.41421811,0.08497459327,-33.40958774,-2553.409588,1.185731659,0.0709330291,-0.04678874742,57.61682885,57.36257089,-5.406887091,5.11031101e-12,-1.493970193e-10,0.09425810257,9.58314342e-10,
5772038000,-4.671395952,0.5840233383,14.28814309,-705.7118569,3.807962042,0.5659576422,0.1441360706,171.9231416,157.5089924,68.9092441,-4.001413786e-13,1.900064903e-09,0.4374940316,5.483678729e-11,-20.5667881,0.09368295803,-37.52797807,-2557.527978,1.206733303,0.07429583026,-0.05706685756,57.9975807,57.6168901,-6.63425524,4.156222355e-12,-1.829292384e-10,0.1151442785,1.128685485e-09,
5784036000,-4.75503519,0.5784265786,13.77212441,-706.2278756,3.744132098,0.5617969397,0.1377007821,170.6679196,157.6954885,65.26616036,-4.216004644e-13,1.795879562e-09,0.4138746199,5.2646266e-11,-19.77632842,0.1026085568,-43.0678112,-2563.067811,1.228681826,0.07496027325,-0.07006763413,58.06044547,57.4867721,-8.141643654,3.379691459e-12,-2.240274494e-10,0.1416263839,1.30314048e-09,
5796034000,-4.893183738,0.5692995141,13.77061451,-706.2293855,3.643598197,0.5529358476,0.1355134132,166.8450468,154.8589367,62.09653265,-4.422031751e-13,1.705126319e-09,0.4009877245,3.136821994e-11,-18.97667543,0.1125035505,-48.99777404,-2568.997774,1.253530142,0.07381226875,-0.08490463982,57.90758979,57.0697019,-9.815196389,2.797629595e-12,-2.695182642e-10,0.1719861163,1.507876133e-09,
5808032000,-4.964100504,0.5646703378,13.7051139,-706.2948861,3.594219447,0.5485930311,0.1337844408,165.0714187,153.6423688,60.35392078,-4.540311425e-13,1.653851912e-09,0.3928208166,6.435340682e-12,-18.30174788,0.121594129,-55.81783282,-2575.817833,1.276851813,0.06831473445,-0.1005894093,57.25324641,56.09568491,-11.45462171,2.392271024e-12,-3.138859542e-10,0.2041979116,1.695641218e-09,
5820030000,-5.019315398,0.5610921983,13.64420772,-706.3557923,3.556765663,0.545257774,0.1323571492,163.7325334,152.7303472,59.00663995,-4.634405419e-13,1.613599659e-09,0.3863452225,-8.119799457e-12,-17.7043077,0.1302520643,-63.71766338,-2583.717663,1.299516812,0.05767493638,-0.116786994,56.03288527,54.51515373,-12.95307861,2.111163686e-12,-3.54215784e-10,0.2376051011,1.908921192e-09,
5832028000,-5.074440023,0.5575425266,13.69634761,-706.3036524,3.520208427,0.5416883675,0.132012808,162.2124905,151.4760901,58.0334919,-4.702424465e-13,1.583723038e-09,0.3831198168,-2.822135965e-11,-17.22288982,0.1376751343,-72.32761254,-2592.327613,1.319311526,0.0417945788,-0.1311779547,54.28467811,52.44184134,-14.02424879,1.945901817e-12,-3.827191019e-10,0.2674247974,2.084489758e-09,
5844026000,-5.082753979,0.5570091136,13.9503561,-706.0496439,3.514765567,0.540580116,0.1342843657,161.5423348,150.5334127,58.61414157,-4.646282194e-13,1.596284884e-09,0.3893762888,-2.951633883e-11,-16.87052389,0.1433751236,-81.96870981,-2601.96871,1.334744245,0.02003149515,-0.1419688884,52.00288593,49.94646258,-14.47933084,1.880873124e-12,-3.943269718e-10,0.2898970236,2.215652479e-09,
5856024000,-5.0536363,0.5588795067,14.16151948,-705.8384805,3.533908604,0.5418950929,0.1367333586,161.893479,150.4343233,59.82485187,-4.542925886e-13,1.625919036e-09,0.3976808652,-1.137384114e-11,-16.66246686,0.146850915,-91.70978423,-2611.709784,1.344256162,-0.00438158127,-0.146785534,49.57291532,47.48169868,-14.24648108,1.907698236e-12,-3.87190675e-10,0.3000415207,2.280738436e-09,
5868022000,-5.004379356,0.5620578687,14.04906844,-705.9509316,3.566813414,0.5452456989,0.1364411066,163.3653679,151.7385512,60.52813817,-4.480960163e-13,1.641669439e-09,0.3988975623,6.477674628e-12,-16.70771216,0.146087949,-101.8766947,-2621.876695,1.342161582,-0.03006579925,-0.1429606119,47.13801243,45.24653187,-13.21906085,2.051765848e-12,-3.585328884e-10,0.2921563334,2.273664168e-09,
5880020000,-4.974291661,0.5640081984,13.89262546,-706.1073745,3.587242221,0.5475094884,0.1354201166,164.4460408,152.8320745,60.70302578,-4.458933435e-13,1.643053359e-09,0.3971877367,2.719158374e-11,-16.95510422,0.1419857596,-111.6293596,-2631.62936,1.330963644,-0.05233608482,-0.1319882198,45.10788099,43.55494575,-11.73403717,2.306714622e-12,-3.176060657e-10,0.2694076866,2.179680668e-09,
5892018000,-4.922753062,0.5673647461,13.94490866,-706.0550913,3.622831778,0.5506433109,0.1367285607,165.7086,153.6826058,61.97577603,-4.358470323e-13,1.674087063e-09,0.4032712467,4.411842402e-11,-17.42222458,0.1345515705,-121.1118829,-2641.111883,1.310940701,-0.06952426368,-0.1151976644,43.57956076,42.42724038,-9.955269441,2.713332695e-12,-2.689113206e-10,0.2346433412,1.960594712e-09,
5904016000,-4.827369033,0.5736295934,13.62635906,-706.3736409,3.690757071,0.5574834806,0.1351409606,168.9390856,156.7023339,63.12521846,-4.27041136e-13,1.701670617e-09,0.4028352157,7.473579997e-11,-18.09790063,0.1244815446,-129.1654457,-2649.165446,1.284360755,-0.07861779201,-0.0965137178,42.77403411,41.97484949,-8.229824072,3.275533568e-12,-2.218519025e-10,0.1960656005,1.666601729e-09,
5916014000,-4.7442586,0.5791446783,13.22940251,-706.7705975,3.752226945,0.5637751004,0.1325375215,172.1134573,159.8664228,63.76338337,-4.219097729e-13,1.715387701e-09,0.3988541325,1.232641034e-10,-18.8773806,0.1137970411,-135.4504393,-2655.450439,1.256819366,-0.08109676701,-0.07983157868,42.54290672,41.99701572,-6.793348406,3.960108181e-12,-1.827573395e-10,0.1617578842,1.311273331e-09,
5928012000,-4.659902567,0.584796644,12.6363543,-707.3636457,3.816916749,0.5706317892,0.1279315284,175.8656968,163.9102462,63.73519054,-4.212420999e-13,1.711158922e-09,0.3888420159,1.656547923e-10,-19.70509598,0.1034535031,-140.452679,-2660.452679,1.230782237,-0.07977289055,-0.06587042756,42.64182398,42.26869123,-5.628756005,4.769783141e-12,-1.511205345e-10,0.1331660821,9.716947088e-10,
5940010000,-4.57247156,0.590712855,11.77785015,-708.2221498,3.886544873,0.5782762059,0.1205749011,180.4372824,169.2033913,62.67236423,-4.27520434e-13,1.679225551e-09,0.37039662,2.125352887e-10,-20.48623956,0.09455576707,-143.7870496,-2663.78705,1.208860499,-0.07629012687,-0.05586241696,42.93236234,42.66212866,-4.809419262,5.57109183e-12,-1.288622155e-10,0.1127327541,6.928190575e-10,
5952008000,-4.491377012,0.5962537857,10.77458808,-709.2254119,3.953606818,0.5857419875,0.1114670399,185.277679,175.0978937,60.56852285,-4.414785863e-13,1.619584484e-09,0.3459123441,2.406513309e-10,-21.14793223,0.08762002819,-145.9822482,-2665.982248,1.192069162,-0.0726251115,-0.04901900162,43.24443134,43.03491491,-4.251698563,6.289181946e-12,-1.136891689e-10,0.09879649052,5.012319693e-10,
5964006000,-4.450210955,0.5990863883,9.570288513,-710.4297115,3.988605879,0.5907485344,0.09960255907,189.2061662,180.6845104,56.14339717,-4.753170272e-13,1.498237792e-09,0.3107261217,2.570986505e-10,-21.59768306,0.08319856717,-147.6480523,-2667.648052,1.181497463,-0.07028423685,-0.04452109197,43.44532334,43.27173165,-3.879865927,6.878050206e-12,-1.035377632e-10,0.08966283019,3.936794745e-10,
5976004000,-4.490910724,0.5962857954,8.542932719,-711.4570673,3.95399958,0.5896699029,0.08857852697,189.6384043,182.855075,50.26674788,-5.298201407e-13,1.338720891e-09,0.2748993863,2.63890575e-10,-21.96189032,0.07978210379,-149.3469838,-2669.346984,1.173398288,-0.06863420139,-0.0406759202,43.58736591,43.44200919,-3.556726618,7.487878124e-12,-9.472393635e-11,0.08187297697,3.516898132e-10,
5988002000,-4.48244765,0.5968670681,7.341272537,-712.6587275,3.961142694,0.591974343,0.07626712393,191.981422,186.8089623,44.26373236,-6.004684087e-13,1.176484544e-09,0.2369465137,2.63890575e-10,-22.25745054,0.0771129776,-150.6067412,-2670.606741,1.167112497,-0.06718634453,-0.03784714551,43.71282446,43.58664116,-3.318996016,8.008136438e-12,-8.821550529e-11,0.07614709296,3.516898132e-10,
6000000000,-4.507419326,0.5951535572,6.190009656,-713.8099903,3.940144678,0.5916836811,0.06417303313,192.7010918,189.0045517,37.5631497,-7.061661245e-13,9.963934921e-10,0.1987420375,2.63890575e-10,-22.45734714,0.07535856905,-152.0981376,-2672.098138,1.163000633,-0.06659816699,-0.03526468606,43.76332486,43.65364371,-3.096448547,8.566531447e-12,-8.213584871e-11,0.07093218993,3.516898132e-10,
