Frequency,S11_Magnitude,S11_Magnitude (linear),S11_Phase,S11_Unwrapped Phase,S11_VSWR,S11_Real,S11_Imaginary,S11_Impedance (absolute),S11_Resistance,S11_Reactance,S11_Capacitance,S11_Inductance,S11_Quality Factor,S11_Group delay,S21_Magnitude,S21_Magnitude (linear),S21_Phase,S21_Unwrapped Phase,S21_VSWR,S21_Real,S21_Imaginary,S21_Impedance (absolute),S21_Resistance,S21_Reactance,S21_Capacitance,S21_Inductance,S21_Quality Factor,S21_Group delay,
1000000,-35.05450182,0.01767156079,-88.46498679,-88.46498679,1.035978925,0.0004733827629,-0.0176652192,50.04734591,50.0161201,-1.767643457,9.003792165e-08,-2.813291938e-07,0.03534147498,2.648171349e-09,-0.05775292269,0.9933730051,-1.135524532,-1.135524532,300.7959159,0.9931779237,-0.01968601501,4783.57304,1521.617608,-4535.113106,3.509393027e-11,-0.0007217856683,2.980455197,2.386033714e-09,
12998000,-13.86297577,0.2026988158,-105.5677522,-105.5677522,1.508462347,-0.05439983818,-0.1952625605,45.0212309,41.69599354,-16.98102925,7.210735894e-10,-2.079254303e-07,0.4072580554,2.648171349e-09,-0.2563074486,0.9709226388,-12.99886288,-12.99886288,67.78203245,0.946042289,-0.2183912957,435.2493544,56.62274361,-431.5505363,2.837343643e-11,-5.284151489e-06,7.621505226,2.386033714e-09,
24996000,-8.71110537,0.3668130107,-116.9746438,-116.9746438,2.158624599,-0.1663849661,-0.3269064512,36.96029618,29.49074511,-22.2791258,2.857929227e-10,-1.418560169e-07,0.7554616106,2.648171349e-09,-0.745401432,0.9177616971,-23.95069341,-23.95069341,23.319568,0.8387379561,-0.3725656636,231.0649558,47.84687628,-226.0568297,2.816644154e-11,-1.439352771e-06,4.72458909,2.386033714e-09,
36994000,-5.996350438,0.5013978624,-126.6202644,-126.6202644,3.011214251,-0.2990882262,-0.4024252097,29.71424754,20.23707257,-21.7576975,1.9773152e-10,-9.360558761e-08,1.075140558,2.126026496e-09,-1.409942958,0.8501642764,-33.80634895,-33.80634895,12.34795169,0.7064208989,-0.4730209409,159.0357388,44.72203329,-152.6181705,2.818918996e-11,-6.565912375e-07,3.412594626,2.115166547e-09,
48992000,-4.345611265,0.6063444919,-135.1296984,-135.1296984,4.080584315,-0.4297197496,-0.4277786574,23.88494182,14.19667515,-19.20793744,1.691275003e-10,-6.239872203e-08,1.352988446,1.834939577e-09,-2.145140825,0.7811653277,-42.26152,-42.26152,8.139319556,0.5781271208,-0.5253458874,123.4303794,42.93070028,-115.7238676,2.807191389e-11,-3.759394505e-07,2.695597016,1.847715629e-09,
60990000,-3.283583728,0.6852054578,-142.4047435,-142.4047435,5.353350304,-0.5429157983,-0.4180298499,19.37436713,10.38010346,-16.35908169,1.595153853e-10,-4.268943623e-08,1.576003722,1.589260006e-09,-2.917767912,0.71467996,-49.52343241,-49.52343241,6.009672366,0.4639252114,-0.5436366833,102.2677053,41.9641678,-93.26141842,2.798075842e-11,-2.433680233e-07,2.222406003,1.607165586e-09,
72988000,-2.56996778,0.7438778223,-148.7104933,-148.7104933,6.808773211,-0.6356837401,-0.3863423314,15.79779633,7.906014004,-13.67718215,1.594307311e-10,-2.982395937e-08,1.72997191,1.372915618e-09,-3.687487759,0.6540720815,-55.99615749,-55.99615749,4.781551281,0.3657888312,-0.5422258006,88.05583829,41.09184856,-77.87997585,2.799902189e-11,-1.698222054e-07,1.895265815,1.409652532e-09,
84986000,-2.064731193,0.7884305436,-154.1521617,-154.1521617,8.453160365,-0.7095520633,-0.343742042,12.90368502,6.221822887,-11.30460114,1.656599397e-10,-2.117034748e-08,1.816927506,1.198907635e-09,-4.44791452,0.5992447999,-61.64802106,-61.64802106,3.990577787,0.2845734371,-0.5273635265,78.11808375,40.56634811,-66.75931702,2.8051808e-11,-1.250214777e-07,1.6456822,1.240966423e-09,
96984000,-1.689620587,0.8232257959,-158.9060242,-158.9060242,10.31386794,-0.7680625717,-0.296277905,10.49428828,5.014261872,-9.218853741,1.780094731e-10,-1.512853813e-08,1.838526582,1.057975586e-09,-5.172638043,0.551274746,-66.64264562,-66.64264562,3.457070295,0.2185609713,-0.5060977647,70.86269884,40.15405444,-58.38813235,2.810576791e-11,-9.58174532e-08,1.454103033,1.087150184e-09,
108982000,-1.402641671,0.8508792178,-163.1990669,-163.1990669,12.41194682,-0.8145592601,-0.2459444149,8.410583822,4.115645332,-7.334806318,1.991024974e-10,-1.071159166e-08,1.782176482,9.492349246e-10,-5.863580315,0.5091209687,-71.00059561,-71.00059561,3.074323555,0.16574857,-0.4813850561,65.47249645,39.92617403,-51.88977181,2.814385581e-11,-7.577869446e-08,1.29964298,9.503634479e-10,
120980000,-1.181363517,0.8728343395,-167.0355047,-167.0355047,14.72751631,-0.8505851583,-0.1958179578,6.618022157,3.438630107,-5.654559246,2.32652537e-10,-7.438841585e-09,1.644422072,8.640234136e-10,-6.513970697,0.4723908372,-74.79840044,-74.79840044,2.790684736,0.1238684922,-0.4558614918,61.39954473,39.82130713,-46.73507881,2.814903896e-11,-6.148221862e-08,1.173619908,8.286844217e-10,
132978000,-1.006821567,0.8905512584,-170.5874786,-170.5874786,17.2733942,-0.8785612725,-0.1456421448,5.032075407,2.914176918,-4.102359783,2.917471275e-10,-4.909916211e-09,1.407725028,7.925561752e-10,-7.131232642,0.4399855037,-78.09457282,-78.09457282,2.571336123,0.09076763271,-0.4305211729,58.28265009,39.84048122,-42.53943298,2.813511133e-11,-5.091339195e-08,1.067743955,7.353735303e-10,
144976000,-0.8727328865,0.9044058351,-173.8716136,-173.8716136,19.92177908,-0.899237314,-0.09655137306,3.669207127,2.516989963,-2.669801953,4.111922988e-10,-2.93091393e-09,1.060712197,7.361017217e-10,-7.708605455,0.4116894399,-80.99225726,-80.99225726,2.399565019,0.06445736595,-0.406612153,55.85195432,39.90644748,-39.07577575,2.809418319e-11,-4.289746486e-08,0.9791845233,6.67945608e-10,
156974000,-0.7644878723,0.9157472147,-176.8973726,-176.8973726,22.73808761,-0.9144049027,-0.0495644536,2.582439666,2.200563302,-1.351486508,7.502062742e-10,-1.3702636e-09,0.6141547971,6.851725356e-10,-8.254190531,0.3866254811,-83.78508812,-83.78508812,2.260650611,0.04185533661,-0.3843532145,53.78405372,39.90175474,-36.06347741,2.811414015e-11,-3.656453103e-08,0.9038068035,6.124363e-10,
168972000,-0.675907056,0.9251340107,-179.7777049,-179.7777049,25.71440019,-0.9251270478,-0.003589309191,1.946853481,1.944443094,-0.09684798063,9.725564477e-09,-9.122123692e-11,0.04980756749,6.436552282e-10,-8.770768459,0.3643020181,-86.37836332,-86.37836332,2.146148103,0.02301201171,-0.3635744871,52.07458165,39.90477936,-33.45699685,2.815259493e-11,-3.151318816e-08,0.8384207954,5.623980839e-10,
180970000,-0.6058410307,0.932626923,177.5683069,-182.4316931,28.68544837,-0.9317871053,0.0395697856,2.040665357,1.743828239,1.05989536,-8.297562921e-10,9.321301083e-10,0.6077980253,6.081461209e-10,-9.243338285,0.3450111143,-88.62793909,-88.62793909,2.053486927,0.008261184742,-0.3449121943,50.7437748,39.9527937,-31.28426052,2.811173508e-11,-2.751309445e-08,0.7830306123,5.099071532e-10,
192968000,-0.5488965506,0.9387612887,174.9949109,-185.0050891,31.65908046,-0.9351817476,0.08190150196,2.696232416,1.582339476,2.183087497,-3.778015137e-10,1.800553285e-09,1.379658114,5.782089122e-10,-9.680331616,0.3280827671,-90.71660575,-90.71660575,1.976557085,-0.004103266765,-0.3280571067,49.63091037,39.9859223,-29.39988574,2.805363831e-11,-2.424825433e-08,0.7352559113,4.639162921e-10,
204966000,-0.507503177,0.9432457154,172.5825526,-187.4174474,34.23963019,-0.9353525374,0.1217707288,3.554785342,1.466426517,3.238223603,-2.397902232e-10,2.514462365e-09,2.208241303,5.531950166e-10,-10.08180144,0.3132635953,-92.62812575,-92.62812575,1.912325583,-0.01436418972,-0.3129340988,48.70861673,40.01668137,-27.77038991,2.796123364e-11,-2.156355115e-08,0.6939703383,4.323661329e-10,
216964000,-0.4680550877,0.9475393303,170.2279413,-189.7720587,37.12379845,-0.9337912803,0.1608248339,4.481398866,1.356679975,4.271107028,-1.717481225e-10,3.133090263e-09,3.148205255,5.293608596e-10,-10.4398281,0.3006135794,-94.39719181,-94.39719181,1.85964946,-0.02304809132,-0.2997287267,47.92906044,40.02022546,-26.37378222,2.78137814e-11,-1.934660961e-08,0.6590113352,4.085339706e-10,
228962000,-0.4368078971,0.9509542093,168.0047708,-191.9952292,39.77821914,-0.930190038,0.1976370447,5.401379701,1.270834923,5.249750591,-1.324091661e-10,3.649180897e-09,4.130946119,5.106365562e-10,-10.75169876,0.2900113949,-96.12519802,-96.12519802,1.816946618,-0.03094461006,-0.288355753,47.22262426,39.96059006,-25.16202465,2.762556304e-11,-1.749050323e-08,0.6296709986,4.015315485e-10,
240960000,-0.408451451,0.9540638213,165.8515129,-194.1484871,42.53866729,-0.9251227786,0.233207246,6.315323895,1.193493188,6.201523193,-1.065066696e-10,4.096128282e-09,5.196111091,4.944865919e-10,-11.01982474,0.2811957568,-97.79093266,-97.79093266,1.782398711,-0.03811855371,-0.2786001247,46.58387342,39.85642002,-24.11478895,2.738997979e-11,-1.592790448e-08,0.6050415199,4.068132536e-10,
252958000,-0.3856998956,0.9565661429,163.7428555,-196.2571445,45.04702724,-0.9183178012,0.2677894729,7.227199472,1.132583194,7.13790358,-8.814568064e-11,4.490993122e-09,6.302321646,4.832173625e-10,-11.25629414,0.2736435984,-99.60289126,-99.60289126,1.753469228,-0.04564881511,-0.2698092004,45.91906614,39.66456342,-23.13618474,2.719443056e-11,-1.455671758e-08,0.5832960898,4.211475332e-10,
264956000,-0.3684788323,0.9584645584,161.6797688,-198.3202312,47.15164885,-0.9098843482,0.3012719413,8.131905812,1.087967977,8.058797542,-7.453772403e-11,4.840794185e-09,7.407201047,4.725877011e-10,-11.46878373,0.2670304658,-101.4440469,-101.4440469,1.728626371,-0.0529817495,-0.2617216153,45.27648904,39.44276596,-22.23125443,2.701981704e-11,-1.335396833e-08,0.5636332516,4.444189949e-10,
276954000,-0.3466781371,0.9608732279,159.6548875,-200.3451125,50.11589572,-0.9009296126,0.3340706411,9.026942632,1.029796332,8.968010526,-6.40790966e-11,5.15357498e-09,8.708528328,4.615467419e-10,-11.66113721,0.2611819376,-103.3939115,-103.3939115,1.7070264,-0.06050136721,-0.2540779193,44.62343717,39.17630815,-21.36511232,2.689721468e-11,-1.227771845e-08,0.5453579812,4.631620016e-10,
288952000,-0.3308221589,0.9626288915,157.6893039,-202.3106961,52.51727787,-0.8905653997,0.3654417211,9.905568648,0.9890758731,9.856065095,-5.588443489e-11,5.428726845e-09,9.964923181,4.516793047e-10,-11.84337773,0.255759111,-105.4932729,-105.4932729,1.68730196,-0.0683197126,-0.2464652911,43.95043829,38.87465609,-20.50371038,2.686346119e-11,-1.129345656e-08,0.5274312996,4.799448997e-10,
300950000,-0.310695153,0.9648620884,155.7703398,-204.2296602,55.91857914,-0.8798652548,0.3959747253,10.76971179,0.9353422026,10.72901799,-4.92907936e-11,5.673953306e-09,11.47068737,4.417051681e-10,-12.03445185,0.250194298,-107.5809101,-107.5809101,1.667357683,-0.07557176028,-0.2385080623,43.32856875,38.61627148,-19.65066022,2.691216506e-11,-1.039209074e-08,0.508869952,4.862531017e-10,
312948000,-0.2942234732,0.9666935621,153.8673956,-206.1326044,59.04845092,-0.8678753248,0.4257802998,11.63513229,0.8923589515,11.60086199,-4.383870243e-11,5.899812523e-09,13.00021921,4.333347656e-10,-12.22139236,0.2448670686,-109.7156296,-109.7156296,1.648540299,-0.08260641212,-0.230512607,42.72887782,38.36357578,-18.8147031,2.703028232e-11,-9.568532155e-09,0.490431424,4.823928711e-10,
324946000,-0.2763926733,0.9686800741,152.0266001,-207.9733999,62.85711155,-0.8555047777,0.4543706211,12.47935231,0.8447929515,12.45072523,-3.933818218e-11,6.098226985e-09,14.73819734,4.25667003e-10,-12.42010572,0.2393286625,-111.7840496,-111.7840496,1.629256423,-0.08881710262,-0.2222380053,42.19931481,38.16958112,-17.99625648,2.721615455e-11,-8.814366619e-09,0.471481634,4.742631224e-10,
336944000,-0.2629339054,0.9701822054,150.2027028,-209.7972972,66.07404166,-0.8419133453,0.4821155781,13.32410638,0.8102784647,13.29944584,-3.551639352e-11,6.281971323e-09,16.41342627,4.186806226e-10,-12.62345622,0.2337906771,-113.8096526,-113.8096526,1.61025276,-0.0943811639,-0.213893143,41.72475675,38.01376883,-17.20199713,2.745892517e-11,-8.125334993e-09,0.4525201699,4.601981021e-10,
348942000,-0.2409292191,0.9726431646,148.4098114,-211.5901886,72.10787111,-0.8285136414,0.5095094421,14.16082806,0.7488807343,14.14101231,-3.225420823e-11,6.449816902e-09,18.882863,4.121422844e-10,-12.82166967,0.2285159489,-115.7762747,-115.7762747,1.592406152,-0.09937204665,-0.2057783644,41.29934632,37.88201498,-16.44958807,2.77275731e-11,-7.502774824e-09,0.4342321304,4.395794201e-10,
360940000,-0.2297035507,0.973901024,146.6337958,-213.3662042,75.63135899,-0.813375273,0.535634082,14.99910541,0.7204675145,14.98179194,-2.943210716e-11,6.606156824e-09,20.79454194,4.088857394e-10,-13.03227837,0.2230417078,-117.6581394,-117.6581394,1.574140749,-0.1035348562,-0.1975554022,40.94159203,37.80391886,-15.71870468,2.805229279e-11,-6.93109533e-09,0.4157956411,4.139186659e-10,
372938000,-0.211660185,0.9759262301,144.910264,-215.089736,82.07797276,-0.7985542835,0.5610196635,15.81961321,0.6700584543,15.80541628,-2.700085743e-11,6.745116153e-09,23.5881156,4.049713025e-10,-13.24434788,0.2176619953,-119.3531392,-119.3531392,1.556439784,-0.106695961,-0.1897174639,40.66599233,37.7794627,-15.04776165,2.836035028e-11,-6.421779625e-09,0.3983053379,3.862146024e-10,
384936000,-0.1999714075,0.9772404379,143.1220165,-216.8779835,86.8751528,-0.7817095953,0.5864545866,16.68039607,0.6395079519,16.66813255,-2.48053099e-11,6.89157597e-09,26.06399577,4.021142107e-10,-13.44730938,0.2126348921,-120.9603734,-120.9603734,1.54011764,-0.1093889832,-0.1823393751,40.42987822,37.76870155,-14.42567975,2.866126245e-11,-5.964415486e-09,0.3819479929,3.599495576e-10,
396934000,-0.1864974419,0.9787575562,141.4197787,-218.5802213,93.15112574,-0.7651298131,0.6103627797,17.50816936,0.6025074993,17.49779926,-2.291492294e-11,7.015930219e-09,29.04162899,3.975957846e-10,-13.63437046,0.2081045026,-122.4660027,-122.4660027,1.52558577,-0.1117103046,-0.1755798731,40.22585374,37.76234699,-13.86089675,2.892747337e-11,-5.557675164e-09,0.3670560189,3.294647944e-10,
408932000,-0.1774010654,0.9797831058,139.6948191,-220.3051809,97.92716357,-0.7471922387,0.6337812658,18.35643236,0.5793413602,18.34728788,-2.121275908e-11,7.140702021e-09,31.66921809,3.92364454e-10,-13.82066802,0.2036885418,-123.8753222,-123.8753222,1.511580085,-0.1135334601,-0.1691129075,40.06267721,37.77961011,-13.33113518,2.919455788e-11,-5.188432457e-09,0.3528658752,2.927037504e-10,
420930000,-0.1658925271,0.9810821489,138.0372251,-221.9627749,104.7202526,-0.7295124789,0.6559982667,19.18038326,0.547673547,19.17256258,-1.972105246e-11,7.249205583e-09,35.0072825,3.91061937e-10,-13.99763625,0.1995805373,-125.0109183,-125.0109183,1.498689866,-0.1145058453,-0.1634649879,39.96946075,37.83631193,-12.88298462,2.93490308e-11,-4.871096581e-09,0.3404926105,2.536607677e-10,
432928000,-0.1583625714,0.9819330356,136.3396337,-223.6603663,109.6992827,-0.7103744295,0.6779090325,20.03418504,0.5289236939,20.02720175,-1.835625929e-11,7.362490196e-09,37.86406619,3.908381718e-10,-14.15176608,0.1960702471,-126.0092629,-126.0092629,1.487779551,-0.1152728427,-0.158605528,39.89507305,37.8867069,-12.49857167,2.941332162e-11,-4.594781263e-09,0.3298933238,2.195585355e-10,
444926000,-0.151220856,0.9827407329,134.6518414,-225.3481586,114.879776,-0.6906672481,0.6991123662,20.89327551,0.5111964129,20.88702084,-1.712599632e-11,7.47151799e-09,40.85909117,3.91318235e-10,-14.27175144,0.1933803882,-126.8771918,-126.8771918,1.479483478,-0.1160479269,-0.1546895382,39.82299613,37.91296659,-12.18515431,2.935629973e-11,-4.358764244e-09,0.3213980704,1.949760664e-10,
456924000,-0.1494640039,0.9829395272,132.9468134,-227.0531866,116.2300452,-0.6696955376,0.7194984371,21.77231635,0.511711688,21.76630218,-1.600263529e-11,7.581599094e-09,42.53626151,3.895365688e-10,-14.35163545,0.191610025,-127.6838594,-127.6838594,1.474053442,-0.1171319984,-0.1516393637,39.72921828,37.8954355,-11.93091589,2.919458979e-11,-4.155755093e-09,0.3148378093,1.82461797e-10,
468922000,-0.1423806331,0.9837414445,131.2825701,-228.7174299,122.0121578,-0.6490461386,0.7392471437,22.64113153,0.4937898877,22.63574625,-1.499424857e-11,7.682708225e-09,45.8408461,3.876242681e-10,-14.39294462,0.1907009115,-128.3844012,-128.3844012,1.471274252,-0.1184127553,-0.1494833002,39.62264403,37.84318857,-11.74082615,2.890818768e-11,-3.98490691e-09,0.3102493895,1.787788843e-10,
480920000,-0.1454868391,0.9833897065,129.6116818,-230.3883182,119.4072641,-0.6269906641,0.7575869732,23.52553282,0.5113987959,23.51997376,-1.407053013e-11,7.783664819e-09,45.99145314,3.867211545e-10,-14.39218302,0.1907176334,-129.1961762,-129.1961762,1.471325316,-0.120529269,-0.1478036231,39.45214761,37.71734895,-11.57037334,2.860223171e-11,-3.82908199e-09,0.3067652861,1.944488642e-10,
492918000,-0.1441633071,0.9835395641,127.9481185,-232.0518815,120.5034653,-0.6048253704,0.7755877419,24.41798338,0.5138482444,24.41257611,-1.322610127e-11,7.882410789e-09,47.50931111,3.850824026e-10,-14.34296344,0.1918014244,-129.9820137,-129.9820137,1.474639353,-0.1232414492,-0.1469671106,39.23812096,37.52958066,-11.45254172,2.819314801e-11,-3.697833364e-09,0.3051603967,2.279451103e-10,
504916000,-0.1394725354,0.9840708632,126.2622545,-233.7377455,124.5560818,-0.5820603185,0.7934741644,25.33527288,0.504459277,25.33025015,-1.244404348e-11,7.984366749e-09,50.21267584,3.862113709e-10,-14.24886487,0.1938906008,-131.0844486,-131.0844486,1.481052822,-0.1274192194,-0.1461434487,38.91160214,37.23238175,-11.30763153,2.787592906e-11,-3.564286836e-09,0.3037042219,2.77962424e-10,
516914000,-0.1324090461,0.9848714492,124.6408902,-235.3591098,131.2003689,-0.5598315084,0.8102841808,26.23039052,0.4859511021,26.2258887,-1.174009532e-11,8.074805139e-09,53.96816385,3.874202301e-10,-14.13364141,0.19647981,-132.3630587,-132.3630587,1.489047599,-0.1323932301,-0.1451769553,38.52583462,36.88056191,-11.13840591,2.764259407e-11,-3.429453177e-09,0.3020129124,3.404670264e-10,
528912000,-0.1319990859,0.9849179346,122.9245207,-237.0754793,131.6078327,-0.5353361186,0.8267276324,27.1928652,0.4922601998,27.18840925,-1.106758619e-11,8.181265932e-09,55.23178445,3.883399449e-10,-13.99917191,0.1995452547,-134.0086414,-134.0086414,1.498579728,-0.1386374287,-0.1435199359,38.04469037,36.4507886,-10.89671859,2.761474109e-11,-3.278932275e-09,0.298943288,3.993269032e-10,
540910000,-0.124616665,0.9857554044,121.2501032,-238.7498968,139.4041259,-0.5113850601,0.8427330761,28.14681234,0.4723064862,28.14284938,-1.045507265e-11,8.280626336e-09,59.58598962,3.917815105e-10,-13.87048345,0.2025236881,-135.8727794,-135.8727794,1.507911483,-0.1453706115,-0.1410079061,37.52905488,36.00447031,-10.58811022,2.778923989e-11,-3.115398271e-09,0.2940776555,4.508981404e-10,
552908000,-0.1174085874,0.9865737835,119.5709032,-240.4290968,147.9622928,-0.4868744018,0.8580682648,29.11942918,0.4525191082,29.11591287,-9.8863697e-12,8.381035282e-09,64.34184179,3.927304925e-10,-13.74466677,0.2054786299,-137.9536118,-137.9536118,1.517238775,-0.1525890134,-0.1376156255,36.98012349,35.54174307,-10.21342416,2.818356256e-11,-2.939941077e-09,0.2873641886,4.875988416e-10,
564906000,-0.1143377828,0.9869226379,117.8566287,-242.1433713,151.9360416,-0.4611501571,0.8725576346,30.12979822,0.448564684,30.12645898,-9.351813899e-12,8.487739313e-09,67.16190564,3.948303338e-10,-13.64369103,0.2078813118,-140.1283501,-140.1283501,1.524874151,-0.1595452583,-0.1332664637,36.45350667,35.11641117,-9.782423793,2.880033045e-11,-2.756071102e-09,0.2785712852,5.086398658e-10,
576904000,-0.1092127528,0.9875051344,116.1396931,-243.8603069,159.0657473,-0.435056443,0.8865056581,31.16012614,0.4364002111,31.15707008,-8.854416981e-12,8.595540533e-09,71.39563476,3.948971344e-10,-13.56644055,0.2097384105,-142.4112356,-142.4112356,1.530807554,-0.1661986623,-0.127938288,35.95136931,34.72894739,-9.295222864,2.967951327e-11,-2.564344615e-09,0.2676505786,5.150441588e-10,
588902000,-0.11043464,0.9873662269,114.4387944,-245.5612056,157.3058354,-0.4084940928,0.8989019091,32.20014784,0.4496599363,32.19700804,-8.39385739e-12,8.701469824e-09,71.60301695,3.927496352e-10,-13.50939204,0.2111204963,-144.6287575,-144.6287575,1.535241429,-0.1721515461,-0.1222117389,35.50347073,34.39575794,-8.799333474,3.071335967e-11,-2.378082293e-09,0.2558261251,5.111601696e-10,
600900000,-0.1127025117,0.9871084609,112.7514639,-247.2485361,154.1405133,-0.3817489202,0.9103026285,33.25172826,0.4678232353,33.24843716,-7.966117198e-12,8.806212555e-09,71.07051265,3.92041196e-10,-13.46696684,0.2121542117,-146.8265078,-146.8265078,1.538567864,-0.1775767992,-0.1160857009,35.09618156,34.10283606,-8.290870434,3.194609651e-11,-2.195927795e-09,0.2431138108,4.986696809e-10,
612898000,-0.1179607893,0.9865110644,111.0687651,-248.9312349,147.269668,-0.3546390407,0.9205624536,34.32119547,0.4994612856,34.31756106,-7.566856752e-12,8.911449339e-09,68.70915133,3.915637075e-10,-13.43474092,0.2129427969,-148.9599335,-148.9599335,1.54111136,-0.1824508639,-0.1098012614,34.7310854,33.84711319,-7.785963103,3.335182368e-11,-2.021828289e-09,0.2300332988,4.806859589e-10,
624896000,-0.105681618,0.9879066733,109.3580293,-250.6419707,164.3804657,-0.3274615302,0.9320560828,35.43045094,0.4568885803,35.42750494,-7.189055222e-12,9.023041487e-09,77.54079762,3.967947069e-10,-13.39869372,0.2138283644,-151.0151175,-151.0151175,1.543973745,-0.1870458472,-0.1036166996,34.38900127,33.60571361,-7.297905241,3.489909515e-11,-1.858705598e-09,0.2171626327,4.612601972e-10,
636894000,-0.1142605542,0.9869314129,107.6791452,-252.3208548,152.0387321,-0.299717536,0.9403206966,36.54252054,0.504501694,36.53903783,-6.83905139e-12,9.130826301e-09,72.42599631,4.033985018e-10,-13.38028717,0.2142819756,-152.9155389,-152.9155389,1.545442433,-0.1907830251,-0.09756332507,34.11012126,33.41837901,-6.834640952,3.65626167e-11,-1.70792454e-09,0.2045174289,4.380595548e-10,
648892000,-0.1163899237,0.9866894936,105.8769366,-254.1230634,149.2572438,-0.2699306821,0.9490487784,37.76296092,0.5260535293,37.75929667,-6.495667939e-12,9.261292654e-09,71.77843046,4.087004088e-10,-13.34588959,0.2151322505,-154.8102648,-154.8102648,1.548200001,-0.1946738874,-0.09156398181,33.82281105,33.21602156,-6.377966711,3.845611993e-11,-1.564335712e-09,0.1920147691,4.106938854e-10,
660890000,-0.1249022971,0.9857229887,104.097356,-255.902644,139.0853413,-0.2400928004,0.9560362219,38.99696115,0.5781421829,38.99267535,-6.176008958e-12,9.390181461e-09,67.44478521,4.155209821e-10,-13.30003745,0.21627092,-156.5228692,-156.5228692,1.551902247,-0.1983678314,-0.08615865764,33.5528549,33.01770334,-5.968696499,4.03470192e-11,-1.437376192e-09,0.1807726127,3.843377745e-10,
672888000,-0.1410933198,0.983887253,102.3224664,-257.6775336,123.1253279,-0.2099748038,0.9612204266,40.25794999,0.669306764,40.25238584,-5.87605323e-12,9.520702075e-09,60.14041394,4.180497336e-10,-13.24540783,0.2176354353,-158.0809618,-158.0809618,1.556352997,-0.2019030629,-0.0812424512,33.29698159,32.8229621,-5.598405283,4.224866723e-11,-1.324163715e-09,0.1705636824,3.539129419e-10,
684886000,-0.1600113538,0.9817466597,100.482623,-259.517377,108.5689868,-0.1786163463,0.9653614373,41.59871744,0.779245445,41.59141821,-5.587250119e-12,9.665082654e-09,53.37396385,4.23811846e-10,-13.17738674,0.2193464769,-159.5805027,-159.5805027,1.561956029,-0.2055634723,-0.07652800649,33.03479291,32.61585618,-5.24437487,4.431064943e-11,-1.218696519e-09,0.1607921877,3.245328315e-10,
696884000,-0.1833667055,0.9791104025,98.65593386,-261.3440661,94.74143301,-0.1473566302,0.9679582655,42.96581463,0.9173551533,42.95602037,-5.316619728e-12,9.810331386e-09,46.82594327,4.308658218e-10,-13.08868302,0.2215980065,-160.9246936,-160.9246936,1.569366493,-0.2094300267,-0.07242057985,32.76174042,32.38816494,-4.933397175,4.629281147e-11,-1.126693319e-09,0.1523209847,2.99396808e-10,
708882000,-0.2167668564,0.9753526251,96.77781213,-263.2221879,80.14454409,-0.1151105629,0.9685361643,44.41104773,1.115895046,44.39702624,-5.056992403e-12,9.967817189e-09,39.78602326,4.354551062e-10,-12.95993837,0.2249070563,-162.1097442,-162.1097442,1.580335708,-0.2140320493,-0.06909027313,32.44247995,32.10423565,-4.672532385,4.805005208e-11,-1.049055591e-09,0.1455425519,2.805954418e-10,
720880000,-0.2464739699,0.9720224633,94.86972117,-265.1302788,70.48592167,-0.08251535373,0.9685137508,45.92282355,1.307488965,45.90420673,-4.809552483e-12,1.013467069e-08,35.1086762,4.425986154e-10,-12.77735014,0.2296849256,-163.2822343,-163.2822343,1.596340207,-0.2199769125,-0.06607059115,32.03629494,31.72905239,-4.426220488,4.987973194e-11,-9.772151675e-10,0.1395005572,2.748886657e-10,
732878000,-0.2849183444,0.9677297287,92.97146669,-267.0285333,60.97654735,-0.05016578537,0.9664285911,47.47322252,1.55877264,47.44762465,-4.576926849e-12,1.030393053e-08,30.43909255,4.457390661e-10,-12.55197005,0.2357227491,-164.4615838,-164.4615838,1.616851408,-0.2271073315,-0.063146452,31.55564377,31.2772345,-4.182493947,5.192220476e-11,-9.082884002e-10,0.1337232659,2.825391102e-10,
744876000,-0.329933916,0.9627273376,91.00056984,-268.9994302,52.65862994,-0.01681148214,0.9625805424,49.13499322,1.865781917,49.09955618,-4.351696349e-12,1.049092341e-08,26.31580664,4.500462735e-10,-12.28539453,0.2430693914,-165.6853793,-165.6853793,1.642250131,-0.235522736,-0.060098002,30.9962044,30.74635414,-3.927644884,5.440063083e-11,-8.392055832e-10,0.1277434347,3.045646201e-10,
756874000,-0.3777575452,0.957441224,89.08602863,-270.9139714,45.99383277,0.01527227252,0.9573194113,50.80325434,2.208369958,50.75523375,-4.143007435e-12,1.067277557e-08,22.98312091,4.566601172e-10,-11.96267132,0.2522704803,-167.0099993,-167.0099993,1.674763999,-0.2458147043,-0.05670561172,30.32280126,30.10280282,-3.64603052,5.767349166e-11,-7.66684785e-10,0.1211193038,3.446204131e-10,
768872000,-0.4300593951,0.9516933403,87.09306086,-272.9069391,40.40215888,0.04826407648,0.9504687227,52.60010871,2.605577043,52.53553469,-3.940151578e-12,1.087474903e-08,20.1627255,4.657479314e-10,-11.58444894,0.2634981393,-168.5855259,-168.5855259,1.715539643,-0.2582864652,-0.05214759171,29.52057213,29.33689364,-3.287985726,6.295586024e-11,-6.806063703e-10,0.1120768193,4.101020303e-10,
780870000,-0.490192184,0.9451274803,85.06300662,-274.9369934,35.44811669,0.08133786172,0.9416209993,54.49771278,3.083746922,54.4103961,-3.745928694e-12,1.108978895e-08,17.64424821,4.759947695e-10,-11.16632225,0.2764928388,-170.4540708,-170.4540708,1.764312653,-0.2726642369,-0.04585306778,28.61348262,28.47345365,-2.827335353,7.208818146e-11,-5.762603214e-10,0.09929723974,5.021101123e-10,
792868000,-0.550939586,0.9385405056,82.95360221,-277.0463978,31.54175813,0.1151336371,0.9314518379,56.54670436,3.609062414,56.43141361,-3.557118325e-12,1.132765911e-08,15.6360315,4.841738278e-10,-10.69599297,0.2918773212,-172.8200711,-172.8200711,1.824369364,-0.2895885785,-0.03648048599,27.56937455,27.48210701,-2.19185015,9.158163274e-11,-4.399771285e-10,0.07975553509,6.065896449e-10,
804866000,-0.6274462317,0.9303099982,80.87598451,-279.1240155,27.69852128,0.1475210493,0.9185391841,58.64609527,4.282996177,58.48948995,-3.380794052e-12,1.156576554e-08,13.65620877,4.927401548e-10,-10.23280547,0.3078645804,-175.7364975,-175.7364975,1.889607934,-0.3070126245,-0.02288773137,26.5207442,26.48690021,-1.339399171,1.476340467e-10,-2.648540239e-10,0.05056836248,7.055630793e-10,
816864000,-0.7056344488,0.9219731585,78.73016026,-281.2698397,24.63220503,0.1801811457,0.9041953659,60.90595637,5.03350649,60.69760567,-3.209954046e-12,1.182611056e-08,12.05871211,5.077345355e-10,-9.791460215,0.3239119639,-179.0444651,-179.0444651,1.958194633,-0.3238669201,-0.005401703843,25.53689568,25.53503579,-0.3082015926,6.321723496e-10,-6.004892727e-11,0.0120697537,7.909784122e-10,
828862000,-0.7871865672,0.9133572315,76.53331412,-283.4666859,22.08328824,0.2127025852,0.8882449226,63.32295392,5.883612085,63.04902538,-3.045506457e-12,1.210643514e-08,10.7160405,5.298663112e-10,-9.340123982,0.3411880415,177.4205037,-182.5794963,2.035767603,-0.3408423291,0.01535533694,24.58504089,24.57020464,0.8539785726,-2.248489834e-10,1.639777323e-10,0.03475667317,8.730440649e-10,
840860000,-0.894646406,0.902126997,74.15969929,-285.8403007,19.43464428,0.2462418649,0.867869842,66.05727529,7.044574387,65.6805724,-2.881771283e-12,1.243178146e-08,9.323568578,5.546697926e-10,-8.890031185,0.3593341066,173.5191421,-186.4808579,2.121751947,-0.3570378254,0.04055849414,23.72640526,23.62414774,2.200443133,-8.601739554e-11,4.164919269e-10,0.09314381022,9.642050074e-10,
852858000,-1.031789271,0.8879950328,71.7180102,-288.2819898,16.85635092,0.2785587144,0.8431727112,69.00795321,8.586234114,68.47170357,-2.725412672e-12,1.277775443e-08,7.9745908,5.808468513e-10,-8.433724795,0.378716093,169.12709,-190.87291,2.219140199,-0.3719173852,0.07143764901,23.00710476,22.69358292,3.785256108,-4.930013802e-11,7.063804531e-10,0.1667985228,1.097728394e-09,
864856000,-1.21319342,0.8696416453,69.15894151,-290.8410585,14.34232312,0.3093982979,0.8127418314,72.24979496,10.71330528,71.4510879,-2.575535161e-12,1.314877139e-08,6.669378501,5.765473483e-10,-7.972021839,0.399391583,164.2788847,-195.7211153,2.329956663,-0.3844511252,0.1082172301,22.50308721,21.79214476,5.611716373,-3.279295976e-11,1.032694923e-09,0.2575109717,1.310326726e-09,
876854000,-1.498595593,0.8415311964,66.48949206,-293.5105079,11.62078058,0.33570131,0.7716731075,75.74923684,14.07374079,74.43034799,-2.438612495e-12,1.350961255e-08,5.288597333,4.727366101e-10,-7.480396161,0.4226493369,158.333651,-201.666349,2.464099252,-0.39278898,0.1560425559,22.3667244,20.90833876,7.944289172,-2.284745339e-11,1.44194232e-09,0.3799579327,1.703127859e-09,
888852000,-1.944410909,0.7994281826,64.3226112,-295.6773888,8.97149064,0.3463949894,0.7204831229,78.48909126,19.06986791,76.13722864,-2.351763323e-12,1.363288409e-08,3.992540956,4.506399475e-11,-7.022779223,0.4455136747,150.6175215,-209.3824785,2.606941972,-0.3882045299,0.2185856291,23.11491831,20.29269882,11.06823487,-1.617753362e-11,1.981842075e-09,0.5454294165,2.372668027e-09,
900850000,-2.622573953,0.7393861349,63.92676643,-296.0732336,6.674188782,0.3249746962,0.6641410267,78.25565012,25.27526919,74.06151189,-2.38547613e-12,1.308459312e-08,2.93019676,-3.554570372e-10,-6.765660806,0.4588988398,139.1763411,-220.8236589,2.696166534,-0.3472603059,0.2999973752,26.02336101,20.71828844,15.74699471,-1.121940866e-11,2.782052559e-09,0.7600528758,2.446078572e-09,
912848000,-2.953519442,0.7117443494,69.46708428,-290.5329157,5.938285497,0.249641078,0.6665278322,70.55724136,24.49225792,66.16988447,-2.634882705e-12,1.15367117e-08,2.701665347,-2.340115985e-10,-7.777739187,0.4084256799,122.6164519,-237.3835481,2.380809362,-0.2201466137,0.3440159945,33.61794728,25.9220333,21.40594704,-8.144927385e-12,3.732124387e-09,0.8257819433,8.335611987e-10,
924846000,-1.810189399,0.8118775455,71.59384789,-288.4061521,9.631373088,0.2563510822,0.7703436062,68.81900969,14.86575677,67.19423614,-2.561053718e-12,1.156332495e-08,4.520068314,3.01461594e-10,-11.56694169,0.264029781,119.5076945,-240.4923055,1.717501263,-0.1300453445,0.2297823614,39.01371776,34.97843984,17.27943633,-9.959123956e-12,2.973584473e-09,0.4940024886,-9.656884381e-10,
936844000,-1.191958635,0.8717702982,65.54287856,-294.4571214,14.59701046,0.3609234842,0.7935475357,77.30878165,11.55997071,76.43961536,-2.222462076e-12,1.298587879e-08,6.612440227,9.988150931e-10,-12.29200049,0.2428845979,142.4499238,-217.5500762,1.641605222,-0.1925640056,0.1480271314,34.15502794,32.58061865,10.25032789,-1.657353287e-11,1.741368202e-09,0.3146142804,-1.946370065e-09,
948842000,-1.221180788,0.868842308,59.37838412,-300.6216159,14.24881972,0.4425588268,0.7476821791,87.1104604,14.09069297,85.96327519,-1.951251625e-12,1.441913424e-08,6.100713102,1.311218605e-09,-10.43245252,0.3008689525,150.114999,-209.885001,1.86069401,-0.2608615696,0.1499112006,29.69845498,28.20532002,9.298287535,-1.803944863e-11,1.559657375e-09,0.3296643161,-1.401969783e-09,
960840000,-1.492269343,0.8421443375,54.00400588,-305.9959941,11.66980208,0.4949523864,0.6813436875,96.85559595,20.21353954,94.72285515,-1.74869584e-12,1.569003228e-08,4.686109275,1.225384423e-09,-8.988176252,0.3552967112,149.3473861,-210.6526139,2.10220226,-0.3056526006,0.1811414935,27.21929105,25.14370222,10.42516397,-1.588861943e-11,1.72683941e-09,0.4146232674,8.669910739e-11,
972838000,-1.907615405,0.8028219347,49.04568274,-310.9543173,9.143116056,0.526215321,0.606317157,106.7116906,30.01870409,102.4024527,-1.597604396e-12,1.675289876e-08,3.411288254,1.134336782e-09,-7.91351249,0.4020910214,146.3364636,-213.6635364,2.344990745,-0.3346631966,0.222885025,25.92762458,22.89244048,12.17283391,-1.343964846e-11,1.991458689e-09,0.5317403324,7.128587415e-10,
984836000,-2.447299483,0.7544579268,44.2453371,-315.7546629,7.145243599,0.5404625217,0.526409561,116.484599,44.11318499,107.8085744,-1.499004419e-12,1.742246173e-08,2.443908196,1.067414448e-09,-6.994043073,0.4469900402,142.4668029,-217.5331971,2.616571392,-0.3544633215,0.2723157172,25.35612584,20.96161508,14.2668781,-1.13273225e-11,2.305606388e-09,0.6806192198,9.43213942e-10,
996834000,-3.154233651,0.6954858803,39.76012763,-320.2398724,5.567839949,0.534640021,0.4448153074,124.1003812,62.2917189,107.3342739,-1.48750648e-12,1.713703612e-08,1.723090578,9.857039377e-10,-6.18367505,0.4907002142,138.1601081,-221.8398919,2.926960222,-0.3655774246,0.3273222369,25.41857892,19.2504007,16.59898272,-9.618687527e-12,2.650200685e-09,0.8622668676,1.104927382e-09,
1008832000,-4.036437321,0.6283160214,35.59447405,-324.405526,4.380915281,0.5109195087,0.3657079141,127.2780578,81.14116517,98.06026374,-1.608822847e-12,1.547014339e-08,1.208514366,8.492428759e-10,-5.385737595,0.5379143377,133.0655383,-226.9344617,3.32820181,-0.3673064567,0.3929857524,26.17657677,17.55584345,19.41663029,-8.125075789e-12,3.06319852e-09,1.105992449,1.277442108e-09,
1020830000,-5.14025993,0.5533335501,32.08345775,-327.9165423,3.477614114,0.4688258551,0.2939053169,123.3760055,94.13466123,79.75151594,-1.954914465e-12,1.243385087e-08,0.8472067026,5.99582386e-10,-4.623968654,0.5872209851,127.1746421,-232.8253579,3.845207552,-0.354826242,0.4678961673,27.80135629,15.94493997,22.77442207,-6.845723313e-12,3.550700752e-09,1.428316576,1.48257048e-09,
1032828000,-6.519684178,0.4720802059,29.7430832,-330.2569168,2.788454274,0.4098877515,0.2342045089,112.5557058,96.39924423,58.10312053,-2.652116948e-12,8.953474191e-09,0.6027341915,1.140279409e-10,-3.923418403,0.6365449541,120.3713851,-239.6286149,4.502743799,-0.3218390006,0.5491895268,30.48255011,14.51559282,26.80454115,-5.748886722e-12,4.13047983e-09,1.84660327,1.68526278e-09,
1044826000,-8.269698851,0.3859357921,29.73700201,-330.262998,2.256988397,0.3351124336,0.1914316915,97.46872952,88.88815758,39.98810668,-3.809301242e-12,6.091258107e-09,0.4498699013,-8.463226677e-10,-3.331112502,0.6814662859,112.4889995,-247.5110005,5.278770226,-0.2606649744,0.6296428114,34.45731559,13.48634289,31.70843978,-4.80398107e-12,4.830043403e-09,2.351151831,1.873685337e-09,
1056824000,-10.36422219,0.3032416774,34.30510889,-325.6948911,1.870435753,0.2504921943,0.1709069207,82.08930311,76.82646787,28.91967357,-5.207437637e-12,4.355227551e-09,0.3764285197,-2.327845957e-09,-2.886091455,0.7172910753,104.0127505,-255.9872495,6.074414088,-0.1736832954,0.6959458309,39.58734952,13.03777146,37.37880091,-4.028952052e-12,5.629150106e-09,2.866962428,2.015087406e-09,
1068822000,-12.45012707,0.2385028904,48.07996776,-311.9200322,1.626405241,0.1593420512,0.1774647554,68.25337212,63.87950261,24.0402153,-6.194074069e-12,3.579753315e-09,0.3763369206,-3.530910821e-09,-2.622120432,0.7394247419,94.88910142,-265.1108986,6.675325794,-0.06301924872,0.7367343641,46.07893275,13.54777776,44.04231785,-3.380995403e-12,6.558203883e-09,3.250888717,2.060629123e-09,
1080820000,-12.86846822,0.2272880427,70.84469276,-289.1553072,1.588286594,0.0745800026,0.2147036972,57.67470293,52.53962904,23.78988732,-6.189768039e-12,3.503153312e-09,0.4527989206,-3.771598702e-09,-2.557689173,0.7449301315,85.65270049,-274.3472995,6.840988871,0.05646712644,0.7427868904,53.77353043,15.43284398,51.51135702,-2.858668315e-12,7.5852474e-09,3.337774754,1.992001138e-09,
1092818000,-11.24036652,0.2741458487,87.72217253,-272.2778275,1.755374473,0.01089595902,0.2739292325,51.02391238,43.89954606,26.00518198,-5.600314217e-12,3.787321639e-09,0.5923792912,-2.906393378e-09,-2.73287099,0.7300564638,77.16685376,-282.8331462,6.408956807,0.1621547357,0.7118204001,61.98058676,19.31943428,58.89272106,-2.47292344e-12,8.576970428e-09,3.048366749,1.866774405e-09,
1104816000,-9.291470615,0.3431045436,95.93696072,-264.0630393,2.044624499,-0.03548873868,0.3412642338,46.91959832,37.11115523,28.70907286,-5.017772987e-12,4.13570301e-09,0.773596852,-1.457581365e-09,-2.897130412,0.7163800441,69.85382094,-290.1461791,6.051689976,0.2467330866,0.6725497391,70.13973451,23.86894718,65.95343598,-2.184201749e-12,9.500962468e-09,2.763148098,1.752469621e-09,
1116814000,-7.384116975,0.4273602761,98.30146772,-261.6985323,2.492597381,-0.06170293873,0.4228824339,45.02841351,31.29159579,32.37891375,-4.401259821e-12,4.614254635e-09,1.034747923,-3.17680126e-10,-3.042234888,0.7045117741,62.47293442,-297.5270656,5.768459196,0.3256024953,0.6247558362,79.70371896,29.79790436,73.92406721,-1.927762061e-12,1.053477187e-08,2.480847858,1.703660379e-09,
1128812000,-5.866766577,0.5089342411,97.03355535,-262.9664446,3.072774295,-0.06231930751,0.5051043116,45.27254086,26.77644292,36.50513746,-3.862286854e-12,5.146980255e-09,1.363330356,3.579023588e-10,-3.230625462,0.6893959487,55.15262524,-304.8473748,5.439066044,0.3939155617,0.5657714241,90.72054474,38.16598872,82.30172868,-1.713126988e-12,1.160399335e-08,2.156415474,1.707816889e-09,
1140810000,-4.707362212,0.5816100327,94.03462229,-265.9653777,3.780229346,-0.04092165262,0.5801686379,47.03022844,23.29848119,40.8536799,-3.414881442e-12,5.69951622e-09,1.753491121,7.030925392e-10,-3.481505151,0.6697685372,47.72452061,-312.2754794,5.056358116,0.4505505593,0.4955745019,103.5828301,50.35811982,90.5177466,-1.54124996e-12,1.262817367e-08,1.797480663,1.694114605e-09,
1152808000,-3.848451674,0.6420626638,90.34098094,-269.6590191,4.58757022,-0.003821046493,0.6420512938,49.7301626,20.69727094,45.21849232,-3.053142482e-12,6.242797215e-09,2.184756263,8.292157163e-10,-3.795196646,0.6460113788,40.34533119,-319.6546688,4.649899122,0.4923616842,0.4182232341,117.8187621,67.34389983,96.67502189,-1.428067945e-12,1.334680849e-08,1.435542375,1.650079964e-09,
1164806000,-3.252411149,0.6876689932,86.46348721,-273.5365128,5.403462852,0.04241859144,0.6863594592,52.96789705,18.98745726,49.44769545,-2.763251897e-12,6.756356986e-09,2.604229454,8.197300551e-10,-4.223277759,0.6149447697,33.2898048,-326.7101952,4.194060079,0.514035433,0.3375272484,131.0843631,88.81283003,96.4126106,-1.417205046e-12,1.317347571e-08,1.085570751,1.548777955e-09,
1176804000,-2.836913424,0.721363774,82.91104859,-277.0889514,6.177817575,0.08902358903,0.7158494919,56.2424007,17.86589024,53.32933154,-2.536003542e-12,7.212438712e-09,2.984980363,7.597087872e-10,-4.743246232,0.5792121834,26.7341962,-333.2658038,3.752989324,0.517296173,0.2605598257,140.3280101,110.4229973,86.59510423,-1.561790067e-12,1.171141404e-08,0.7842125858,1.409718005e-09,
1188802000,-2.453374727,0.7539304145,80.0463703,-279.9536297,7.127782213,0.1303177028,0.7425822286,59.13107153,16.50087786,56.78208036,-2.357758421e-12,7.601895663e-09,3.441155122,7.016069512e-10,-5.296806049,0.5434501307,21.08205988,-338.9179401,3.38068245,0.5070749534,0.1954815496,143.2944457,125.300797,69.51984217,-1.925758516e-12,9.307207193e-09,0.5548236233,1.266119806e-09,
1200800000,-2.101119779,0.7851344091,77.14256454,-282.8574355,8.308144648,0.174712751,0.765448558,62.28111144,15.13657338,60.41374834,-2.193884048e-12,8.007284043e-09,3.991243383,6.698533947e-10,-5.841707309,0.5104046644,16.00436973,-343.9956303,3.085006238,0.4906217222,0.1407240104,141.6617082,132.3966884,50.3900433,-2.630296584e-12,6.678734571e-09,0.3805989704,1.135136645e-09,
1212798000,-1.807742255,0.8121063143,74.19554488,-285.8044551,9.644317251,0.221181268,0.7814061124,65.70540435,13.98686189,64.19943812,-2.044091971e-12,8.424863762e-09,4.589981557,6.67167242e-10,-6.402482877,0.4784932946,11.31108826,-348.6889117,2.835041773,0.4691993851,0.09384972049,136.5586681,132.6837764,32.29992745,-4.062843678e-12,4.238705139e-09,0.2434353945,1.026538905e-09,
1224796000,-1.587198421,0.8329905585,71.37003945,-288.6299605,10.97537087,0.2661028852,0.7893430972,69.21486481,13.17617689,67.94914182,-1.912372088e-12,8.829586151e-09,5.15696946,6.597675607e-10,-6.969759596,0.448241456,7.104816968,-352.895183,2.624773956,0.4447996533,0.05544070127,129.5665402,128.3368854,17.80820571,-7.296863271e-12,2.314070234e-09,0.1387613987,9.115633497e-10,
1236794000,-1.407945693,0.8503597887,68.52422222,-291.4757778,12.36539145,0.3113233965,0.7913213715,73.00011542,12.58051076,71.90791056,-1.789559293e-12,9.253359421e-09,5.715818056,6.495450989e-10,-7.53684368,0.4199115457,3.362291453,-356.6377085,2.447750055,0.4191887283,0.0246275522,122.0816633,121.863968,7.287373798,-1.765841484e-11,9.377645445e-10,0.05979924925,7.871534087e-10,
1248792000,-1.282639196,0.8627163727,65.72962173,-294.2703783,13.56837963,0.3546136219,0.786465968,76.98081228,12.35302126,75.98321081,-1.677306315e-12,9.683841339e-09,6.150981951,6.394572086e-10,-8.090709236,0.3939712571,0.2922814141,-359.7077186,2.300173504,0.3939661309,0.002009746227,115.0067666,115.0054648,0.5471956722,-2.329095895e-10,6.973851216e-11,0.004757997135,6.609948564e-10,
1260790000,-1.186963255,0.8722718101,62.98791797,-297.012082,14.65825055,0.3961669953,0.7771163507,81.18139877,12.34568579,80.23717061,-1.573264598e-12,1.012868307e-08,6.499207251,6.221305617e-10,-8.635224713,0.3700315581,-2.282323835,-362.2823238,2.174762205,0.3697380226,-0.01473596355,108.6407779,108.5774928,-3.707652115,3.404696451e-11,-4.680328694e-10,0.03414752008,5.409440408e-10,
1272788000,-1.096675947,0.8813861112,60.32821792,-299.6717821,15.86143183,0.4363132816,0.7658147278,85.58812533,12.33990501,84.69388373,-1.47642711e-12,1.05904913e-08,6.86341456,6.001629865e-10,-9.134157014,0.3493752607,-4.347984705,-364.3479847,2.073968571,0.3483697551,-0.02648747805,103.3958396,103.2081225,-6.227606553,2.007903758e-11,-7.787269887e-10,0.06034027555,4.329031982e-10,
1284786000,-1.038622318,0.8872967364,57.78914366,-302.2108563,16.74571504,0.4729616375,0.7507348319,90.11832617,12.640333,89.22743241,-1.388324348e-12,1.105319246e-08,7.058946342,5.802914121e-10,-9.588828233,0.3315572954,-6.00001937,-366.0000194,1.992029064,0.3297409781,-0.03465728605,99.09735074,98.79821855,-7.69395451,1.610051329e-11,-9.531010551e-10,0.07787543767,3.277855796e-10,
1296784000,-0.9972642667,0.8915316934,55.36764896,-304.632351,17.43856571,0.5066649715,0.7335661981,94.77999161,13.12677865,93.86657814,-1.307499411e-12,1.152029166e-08,7.150770244,5.676732581e-10,-9.986441348,0.3167217822,-7.198021447,-367.1980214,1.927065356,0.314225707,-0.03968491421,95.70413547,95.33387919,-8.410292696,1.459289232e-11,-1.032199391e-09,0.08821934833,2.337223023e-10,
1308782000,-0.9757333565,0.893744397,52.935997,-307.064003,17.82253682,0.5386658021,0.7131747337,99.832156,13.94564183,98.85331783,-1.230159906e-12,1.202109608e-08,7.088473877,5.652925413e-10,-10.31543076,0.3049498766,-7.936293956,-367.936294,1.877490317,0.3020291278,-0.04210502584,93.1518711,92.75296299,-8.611558784,1.412118191e-11,-1.047211948e-09,0.09284402898,1.557923398e-10,
1320780000,-0.9490547048,0.8964937471,50.4950925,-309.5049075,18.32250413,0.5702993954,0.6917077693,105.3587892,14.80156055,104.313893,-1.155174235e-12,1.256989938e-08,7.047492908,5.63027116e-10,-10.55362289,0.2967008944,-8.427407741,-368.4274077,1.843740286,0.293497219,-0.04348336615,91.42097963,91.00811027,-8.678673962,1.388469277e-11,-1.045786475e-09,0.09536154455,1.094605549e-10,
1332778000,-0.9449780169,0.8969146116,48.01713805,-311.982862,18.40139171,0.5999536195,0.6667169377,111.4629692,16.17274322,110.2834343,-1.082809443e-12,1.316960042e-08,6.819092642,5.54807996e-10,-10.68562359,0.2922259777,-8.749879911,-368.7498799,1.825760677,0.2888250019,-0.0444537999,90.48964315,90.06510589,-8.755125261,1.363954718e-11,-1.045501548e-09,0.0972088488,1.08203518e-10,
1344776000,-0.9338213093,0.8980674058,45.66771962,-314.3322804,18.62080938,0.6275860232,0.6423868374,117.8246716,17.54546796,116.5109858,-1.015788532e-12,1.378913611e-08,6.640517428,5.435707285e-10,-10.68624215,0.2922051678,-9.155182397,-369.1551824,1.825677596,0.2884827734,-0.04649246806,90.41085325,89.94720644,-9.144530563,1.294221965e-11,-1.082259976e-09,0.1016655316,1.585753227e-10,
1356774000,-0.9298967522,0.8984732725,43.36782803,-316.632172,18.69924619,0.6531544543,0.616963111,124.6532722,19.23820561,123.1597732,-9.524534051e-13,1.444712729e-08,6.401832668,5.366857058e-10,-10.57227883,0.2960643109,-9.909213084,-369.9092131,1.841168634,0.291647525,-0.05094896778,91.00845033,90.44607875,-10.10172618,1.161226737e-11,-1.184972335e-09,0.111687829,2.670535259e-10,
1368772000,-0.9262368453,0.8988519351,41.08057663,-318.9194234,18.77299321,0.6775421849,0.5906533577,132.1428056,21.20625105,130.4301192,-8.914790218e-13,1.516585538e-08,6.150550558,5.364734467e-10,-10.37290696,0.3029386264,-11.27239725,-371.2723973,1.869187816,0.2970946203,-0.05921653471,92.03673281,91.2640677,-11.90084585,9.770374021e-12,-1.383779361e-09,0.1304001251,4.240885808e-10,
1380770000,-0.928550035,0.8986125885,38.72023037,-321.2797696,18.72631484,0.7011061628,0.562098508,140.7081377,23.74772916,138.6896729,-8.311026461e-13,1.598611427e-08,5.840123576,5.37183007e-10,-10.10125924,0.3125626196,-13.45866725,-373.4586673,1.909355902,0.3039790478,-0.07274702518,93.31120937,92.12128798,-14.85429552,7.759732126e-12,-1.712185635e-09,0.1612471542,6.025804947e-10,
1392768000,-0.9209185085,0.8994024672,36.40562331,-323.5943767,18.88120329,0.7238710814,0.5337934578,150.1389061,26.4513273,147.7904544,-7.732055583e-13,1.688837003e-08,5.587260432,5.393678986e-10,-9.857574225,0.3214558168,-16.53924194,-376.5392419,1.947486766,0.3081555783,-0.09150946213,93.95389936,92.05589233,-18.78956871,6.081693653e-12,-2.147129127e-09,0.2041104403,7.787329763e-10,
1404766000,-0.9078834736,0.9007532263,34.1040856,-325.8959144,19.15178856,0.7458420061,0.5050505683,160.7216569,29.50577647,157.9900635,-7.171109775e-13,1.789970683e-08,5.354546884,5.374031784e-10,-9.634872695,0.3298043391,-20.28936014,-380.2893601,1.984203147,0.309341083,-0.1143634404,93.87193548,90.92527864,-23.33525176,4.855161197e-12,-2.643800224e-09,0.2566420704,9.280896302e-10,
1416764000,-0.9009139092,0.9014762814,31.74024413,-328.2597559,19.2996804,0.7666531224,0.4742388383,173.0429425,33.53111519,169.7631416,-6.617275482e-13,1.907067313e-08,5.062854029,5.34321167e-10,-9.485568254,0.3355224523,-24.67487966,-384.6748797,2.009883489,0.3048863323,-0.1400701267,92.54046444,88.24781268,-27.85787351,4.032502605e-12,-3.129468474e-09,0.3156777791,1.031192655e-09,
1428762000,-0.898048869,0.9017736823,29.44694596,-330.553054,19.36114197,0.7852747046,0.4433276582,186.7161719,38.49310207,182.7052543,-6.096901849e-13,2.035219606e-08,4.746441426,5.258973364e-10,-9.432396012,0.3375827132,-29.43424328,-389.4342433,2.019244878,0.2940076254,-0.1658963667,89.94478065,84.23264944,-31.54242119,3.531548818e-12,-3.513623857e-09,0.3744678744,1.0792207e-09,
1440760000,-0.8958065503,0.9020065111,27.19477948,-332.8052205,19.40951927,0.8022969238,0.4122322066,202.1964166,44.58486294,197.219626,-5.601164893e-13,2.178605622e-08,4.423466016,5.131296583e-10,-9.474738457,0.3359410515,-34.23684941,-394.2368494,2.011780813,0.2777288175,-0.1890055396,86.50195194,79.57890127,-33.9084969,3.257766479e-12,-3.745734816e-09,0.4260990835,1.066918381e-09,
1452758000,-0.9018253815,0.901381688,25.01932869,-334.9806713,19.28020922,0.8168006865,0.3812159309,219.4538703,52.41030661,213.103639,-5.140862522e-13,2.334628172e-08,4.066063582,5.02476205e-10,-9.582340967,0.3318050195,-38.81565719,-398.8156572,1.993138318,0.2585314234,-0.2079809464,82.82202147,75.03017064,-35.07079603,3.1237857e-12,-3.842133753e-09,0.4674225812,1.010971535e-09,
1464756000,-0.9087530619,0.9006630518,22.87229941,-337.1277006,19.1334955,0.829847002,0.3500684021,239.3228058,62.31226261,231.0683607,-4.702343632e-13,2.510702929e-08,3.708232553,4.973183831e-10,-9.769849897,0.3247188537,-43.02576883,-403.0257688,1.961729364,0.2373847108,-0.2215645121,79.14537831,70.92088851,-35.13144575,3.092849756e-12,-3.817252327e-09,0.4953610493,9.317211601e-10,
1476754000,-0.9291255068,0.8985530541,20.75650888,-339.2434911,18.7147384,0.8402324283,0.3184447478,262.0974895,75.86790353,250.876773,-4.295873864e-13,2.703786719e-08,3.306757684,4.960262197e-10,-9.987190339,0.3166944723,-46.87312924,-406.8731292,1.926948369,0.2164974503,-0.2311368486,75.79166986,67.41375341,-34.63759621,3.111460061e-12,-3.733014879e-09,0.5138060775,8.287488171e-10,
1488752000,-0.9431896131,0.8970993032,18.58590266,-341.4140973,18.43621435,0.8503127574,0.2859289675,290.0585459,93.70668065,274.505042,-3.894461797e-13,2.934594501e-08,2.929407381,5.128070674e-10,-10.23016993,0.3079580093,-50.32993625,-410.3299363,1.889998045,0.1965898393,-0.2370455032,72.81337935,64.50160015,-33.78360239,3.164403212e-12,-3.611633983e-09,0.5237637874,7.336711029e-10,
1500750000,-1.008528944,0.8903762208,16.45014642,-343.5498536,17.24421685,0.8539300024,0.2521375924,321.0437092,122.0295901,296.9475415,-3.571346971e-13,3.149136702e-08,2.433406039,5.309501185e-10,-10.49711699,0.2986373687,-53.06156443,-413.0615644,1.851591902,0.1794680799,-0.2386953838,70.41045042,62.36344192,-32.68688791,3.244428487e-12,-3.466453296e-09,0.5241354053,6.274011076e-10,
1512748000,-0.9808755334,0.8932154435,13.95069409,-346.0493059,17.72930006,0.8668687615,0.2153424688,371.1397732,157.7050111,335.9670531,-3.131532002e-13,3.534681071e-08,2.130351158,5.483621694e-10,-10.7674986,0.2894843365,-55.77620584,-415.7762058,1.814857016,0.1628137504,-0.2393592776,68.17218359,60.42143395,-31.57050737,3.332514001e-12,-3.321506493e-09,0.5225050997,5.17267678e-10,
1524746000,-1.01484567,0.889728939,11.60750202,-348.392498,17.13712485,0.8715330151,0.1790189611,426.6224519,214.599117,368.719318,-2.830914397e-13,3.848739532e-08,1.718177238,5.655174602e-10,-11.00912136,0.2815424801,-57.69959973,-417.6995997,1.78374148,0.1504445482,-0.2379760619,66.57925944,59.14446002,-30.57336483,3.414124784e-12,-3.191287034e-09,0.5169269416,4.069139734e-10,
1536744000,-1.05256374,0.8858737093,9.164576098,-350.8354239,16.52444584,0.8745654651,0.1410938557,497.8752832,301.9359272,395.8718144,-2.616158329e-13,4.099899274e-08,1.31111199,5.73224981e-10,-11.22573896,0.2746079159,-59.18203829,-419.1820383,1.757129618,0.1406849624,-0.2358330952,65.35872234,58.22068023,-29.70042053,3.487032595e-12,-3.075963686e-09,0.5101352374,2.795051046e-10,
1548742000,-1.084606713,0.8826116677,6.630064135,-353.3699359,16.03746839,0.8767090427,0.1019049092,587.5045744,431.8825599,398.2952163,-2.580096592e-13,4.093041481e-08,0.9222303777,5.871821051e-10,-11.38573768,0.2695957963,-60.14652515,-420.1465251,1.73820987,0.134200377,-0.2338207694,64.56450617,57.64887806,-29.07201946,3.534808209e-12,-2.987557387e-09,0.5042946271,1.655223488e-10,
1560740000,-1.134555516,0.8775507146,4.059817053,-355.9401829,15.33329254,0.8753486595,0.06212874503,673.6160785,592.6009959,320.2853116,-3.183849631e-13,3.266078305e-08,0.5404737991,5.963018078e-10,-11.47590616,0.2668115908,-60.58904717,-420.5890472,1.727811808,0.1310232448,-0.2324249003,64.18166636,57.39484845,-28.72486151,3.550026763e-12,-2.929189806e-09,0.5004780443,6.08380381e-11,
1572738000,-1.207083707,0.8702535722,1.478861928,-358.5211381,14.41468257,0.8699637032,0.02245962952,708.5766098,696.7396455,128.9754953,-7.846148926e-13,1.30518164e-08,0.1851128985,6.026244906e-10,-11.47316682,0.2668957505,-60.57078214,-420.5707821,1.728124958,0.1311386835,-0.2324564203,64.19568164,57.40526601,-28.73536108,3.52165731e-12,-2.907906312e-09,0.5005701232,-1.325951155e-11,
1584736000,-1.288705868,0.8621140176,-1.137795162,-361.1377952,13.50473765,0.8619440355,-0.01711896927,669.2468716,663.375038,-88.45865802,1.135331954e-12,-8.883897812e-09,0.1333463772,6.060370605e-10,-11.30435244,0.2721337324,-60.2837924,-420.2837924,1.747757506,0.1348978786,-0.2363457862,64.63195645,57.56484642,-29.38670194,3.41753019e-12,-2.951304744e-09,0.5104973568,-3.036466422e-11,
1596734000,-1.380960326,0.8530057991,-3.785649307,-363.7856493,12.60597892,0.8511445715,-0.05631883965,581.829568,537.6703353,-222.3426563,4.48295902e-13,-2.216207133e-08,0.4135297071,6.020359588e-10,-10.97769016,0.2825631295,-60.01279482,-420.0127948,1.787701723,0.1412269153,-0.244738392,65.35379822,57.69825808,-30.69250653,3.24754518e-12,-3.059284846e-09,0.5319485813,3.178188584e-11,
1608732000,-1.477439247,0.8435834244,-6.396146104,-366.3961461,11.78636866,0.8383324674,-0.09397695485,492.1812166,412.3291557,-268.7508461,3.681176075e-13,-2.65880368e-08,0.6517871522,5.937763976e-10,-10.48909541,0.2989132932,-60.2122734,-420.2122734,1.852714194,0.1484965564,-0.259418445,66.13708499,57.46475022,-32.74013581,3.021732074e-12,-3.239044448e-09,0.5697429414,1.85468561e-10,
1620730000,-1.579298791,0.8337484902,-8.893771982,-368.893772,11.02996594,0.8237240627,-0.1289000134,418.6053245,319.6409716,-270.2962578,3.63303371e-13,-2.654296861e-08,0.8456245657,5.889760165e-10,-9.84613555,0.3218794292,-61.29291596,-421.292916,1.949328019,0.154608972,-0.2823161928,66.68031316,56.42036107,-35.53881006,2.763163467e-12,-3.489894858e-09,0.6298933469,4.229083634e-10,
1632728000,-1.667393931,0.8253350775,-11.40716642,-371.4071664,10.45049602,0.8090317752,-0.1632347294,361.5036566,252.5745385,-258.6329373,3.768968076e-13,-2.521100295e-08,1.023986578,5.973642514e-10,-9.126837312,0.3496698074,-63.64918506,-423.6491851,2.075360829,0.1552065736,-0.3133367099,66.42100903,54.05707494,-38.59511744,2.525654406e-12,-3.762172094e-09,0.7139697714,7.060356795e-10,
1644726000,-1.734508998,0.8189823646,-13.99990079,-373.9999008,10.04864725,0.7946554314,-0.1981283902,316.3827393,202.2002137,-243.3374433,3.97665242e-13,-2.354699624e-08,1.203448003,6.267756949e-10,-8.374660558,0.3813001465,-67.42763717,-427.4276372,2.232585216,0.1463620455,-0.3520908311,64.93476093,50.11402403,-41.29295064,2.343422831e-12,-3.995788484e-09,0.8239799426,1.003320636e-09,
1656724000,-1.804327951,0.812425605,-16.74399902,-376.743999,9.662436094,0.7779800107,-0.2340565456,277.9417509,163.3262161,-224.8914495,4.271663406e-13,-2.160443493e-08,1.376946426,6.663130595e-10,-7.681694229,0.4129669428,-72.39274174,-432.3927417,2.40696316,0.1249186344,-0.3936204143,62.10291771,45.04476572,-42.75209316,2.247049219e-12,-4.107025041e-09,0.9491023536,1.266150092e-09,
1668722000,-1.879979985,0.805380297,-19.7614543,-379.7614543,9.276451816,0.7579501964,-0.2723029979,244.1344689,132.3528848,-205.1447118,4.649174143e-13,-1.956574848e-08,1.549982927,7.020684989e-10,-7.07936663,0.4426206468,-78.5892514,-438.5892514,2.588220462,0.08756861511,-0.4338718413,57.94707368,39.38607076,-42.5041266,2.243907982e-12,-4.053845908e-09,1.079166461,1.469623123e-09,
1680720000,-1.999526773,0.7943715127,-22.91635302,-382.916353,8.726278816,0.7316751902,-0.3093178239,214.7936759,110.0260373,-184.473831,5.133221405e-13,-1.746865753e-08,1.676637963,7.160844078e-10,-6.62418643,0.4664345138,-85.4126618,-445.4126618,2.748368385,0.03730479997,-0.4649403269,53.16380382,34.22887175,-40.67891806,2.327852026e-12,-3.852069881e-09,1.188438765,1.599645984e-09,
1692718000,-2.187744926,0.7773431103,-26.07587592,-386.0758759,7.982430332,0.6982194774,-0.3416897313,189.9915159,95.21010917,-164.4135372,5.718708322e-13,-1.545870438e-08,1.726849582,6.987474073e-10,-6.314233876,0.4833795869,-92.65624595,-452.656246,2.871314314,-0.02240156597,-0.4828602229,48.21593935,29.9714031,-37.76892643,2.489435503e-12,-3.551159341e-09,1.260165442,1.644421407e-09,
1704716000,-2.420496142,0.7567896656,-29.05163351,-389.0516335,7.223334773,0.6615722469,-0.3674952518,170.3137518,85.59559106,-147.2418719,6.340693554e-13,-1.374673068e-08,1.720203928,6.558970642e-10,-6.133030905,0.4935696591,-99.90583899,-459.905839,2.949210461,-0.08490853749,-0.4862114238,43.58064156,26.7572507,-34.39944554,2.714042547e-12,-3.211585858e-09,1.28561211,1.631425883e-09,
1716714000,-2.686002256,0.7340064685,-31.78424256,-391.7842426,6.518979837,0.623933085,-0.3866173836,154.7527698,79.27734154,-132.9041868,6.975631339e-13,-1.232142238e-08,1.67644606,6.06256577e-10,-6.060645501,0.4977000965,-106.8562453,-466.8562453,2.981685017,-0.1443188061,-0.4763165631,39.50486306,24.48328969,-31.00326969,2.990299476e-12,-2.874284023e-09,1.266303265,1.592669041e-09,
1728712000,-2.98215513,0.7094017304,-34.22718506,-394.2271851,5.882353439,0.5865431335,-0.3990212622,142.355808,75.22751725,-120.8552718,7.617840677e-13,-1.11266156e-08,1.606530114,5.6028715e-10,-6.042330206,0.4987506672,-113.5455881,-473.5455881,2.990030249,-0.1992402246,-0.4572259408,35.92290189,22.80332895,-27.75721652,3.316817466e-12,-2.555485365e-09,1.217244052,1.553635313e-09,
1740710000,-3.306645063,0.6833886268,-36.58105968,-396.5810597,5.316892473,0.5487709942,-0.4072719131,131.729274,72.12607326,-110.2289943,8.294646126e-13,-1.007835269e-08,1.528282205,5.074772282e-10,-6.057557437,0.4978770735,-120.2322891,-480.2322891,2.983088392,-0.2506845566,-0.4301614039,32.66348424,21.49830274,-24.59118098,3.718042256e-12,-2.248397499e-09,1.143866159,1.533484536e-09,
1752708000,-3.641164613,0.6575696638,-38.75341036,-398.7534104,4.840604026,0.5128038779,-0.411618811,122.9068954,69.76597114,-101.1870259,8.9739931e-13,-9.188304814e-09,1.450377946,4.295357189e-10,-6.039381504,0.4989200128,-126.7707468,-486.7707468,2.991378724,-0.2986608511,-0.3996534438,29.7040694,20.34073708,-21.6468509,4.194844214e-12,-1.965645917e-09,1.064211725,1.551740415e-09,
1764706000,-4.03321472,0.6285491798,-40.48081112,-400.4808111,4.384292862,0.4780892324,-0.4080499445,115.7281541,68.91455731,-92.97198205,9.700534837e-13,-8.384938064e-09,1.349090608,2.949436368e-10,-6.024102067,0.4997984405,-133.3614114,-493.3614114,2.998388173,-0.3431606136,-0.363372088,26.97379771,19.37384129,-18.76805894,4.805387459e-12,-1.692649854e-09,0.9687319444,1.642636458e-09,
1776704000,-4.453215208,0.5988792137,-41.55373454,-401.5537345,3.986029317,0.4481616517,-0.3972498541,110.4240988,69.3594957,-85.92288375,1.042548354e-12,-7.696865473e-09,1.238804909,1.008845436e-10,-5.973262306,0.5027324107,-140.4930336,-500.4930336,3.021979399,-0.3878818037,-0.3198243004,24.24546465,18.41900024,-15.76651472,5.68158294e-12,-1.412344855e-09,0.8559918841,1.850139994e-09,
1788702000,-4.834991264,0.5731264303,-41.55061835,-401.5506184,3.685227997,0.4289106452,-0.3801441352,107.764115,71.33988784,-80.76957894,1.101626362e-12,-7.186707311e-09,1.132179786,-1.074063352e-10,-5.92423232,0.505578252,-148.8461796,-508.8461796,3.045129503,-0.4326645175,-0.261554553,21.44837086,17.54861503,-12.33202023,7.215192304e-12,-1.097277231e-09,0.7027346718,2.171392106e-09,
1800700000,-5.075482736,0.5574755995,-40.3972497,-400.3972497,3.519524794,0.4245563676,-0.3612906513,108.1488508,74.64492674,-78.25796347,1.12940635e-12,-6.9168333e-09,1.048402978,-2.091076706e-10,-6.036947312,0.4990598531,-158.984726,-518.984726,2.99249294,-0.4658648165,-0.1789712538,19.07301566,17.21713543,-8.206715156,1.076984386e-11,-7.253508545e-10,0.4766597317,2.467277441e-09,
1812698000,-4.909283027,0.5682452952,-38.73946336,-398.7394634,3.632259887,0.4432310897,-0.3555965645,112.4970641,77.57039371,-81.47652086,1.077611457e-12,-7.153641169e-09,1.050355902,-8.611596177e-11,-6.566085785,0.4695649917,-171.0098177,-531.0098177,2.770490199,-0.4637964474,-0.07337667738,18.4630245,18.14427775,-3.415912569,2.570324345e-11,-2.999172342e-10,0.1882639043,2.546721964e-09,
1824696000,-4.443745157,0.5995325158,-38.44333913,-398.4433391,3.994163269,0.4695678897,-0.3727535841,116.9278229,76.20217608,-88.68677545,9.834918082e-13,-7.73550153e-09,1.163835208,2.62229868e-10,-7.746379387,0.4099029375,177.3044749,-542.6955251,2.38927293,-0.4094494008,0.0192770942,20.95888954,20.93642191,0.9702001975,-8.99017722e-11,8.462349741e-11,0.04634030598,2.214203707e-09,
1836694000,-3.856298896,0.6414828577,-40.66777888,-400.6677789,4.57853381,0.4865653463,-0.4180363865,116.6166055,67.12370013,-95.36163565,9.086772036e-13,-8.263366514e-09,1.420685026,7.140096472e-10,-9.588214791,0.3315807125,168.0091937,-551.9908063,1.992133886,-0.3243459363,0.06888746274,25.60659579,25.30521951,3.917092477,-2.2121751e-11,3.394275966e-10,0.1547938549,1.330263782e-09,
1848692000,-3.382942878,0.6774119538,-45.09631307,-405.0963131,5.199857756,0.478196716,-0.4798071029,109.6196844,53.842788,-95.48523131,9.016113398e-13,-8.220377734e-09,1.773408006,1.109605827e-09,-11.94354643,0.25282655,163.6869394,-556.3130606,1.676754641,-0.242648079,0.07101530933,30.55712248,30.21134161,4.583947243,-1.878088092e-11,3.946346188e-10,0.1517293506,-1.1058973e-10,
1860690000,-3.096852385,0.7000956525,-50.83301434,-410.8330143,5.668792956,0.4421682799,-0.5427901389,98.9896304,42.08222985,-89.59929049,9.54644198e-13,-7.663914988e-09,2.12914788,1.3689457e-09,-14.52218534,0.1878844046,167.0700413,-552.9299587,1.4627036,-0.1831204694,0.04204097057,34.54613231,34.415658,2.999623694,-2.851539111e-11,2.56574141e-10,0.08715869081,-1.849325669e-09,
1872688000,-2.978965723,0.7096622664,-57.32421268,-417.3242127,5.888529351,0.3831357696,-0.5973504117,87.72756246,33.65973727,-81.01325387,1.049055894e-12,-6.885108362e-09,2.406829656,1.510976687e-09,-16.57578704,0.1483237333,-179.8376089,-539.8376089,1.348310125,-0.1483231376,-0.0004203873992,37.08350382,37.08349011,-0.03188022667,2.665835233e-09,-2.70941858e-12,0.0008596878712,-3.167371208e-09,
1884686000,-3.024259721,0.705971248,-64.11812798,-424.118128,5.802055876,0.3081685591,-0.635159462,77.41927226,28.43375577,-72.00878592,1.172723528e-12,-6.080882558e-09,2.532510531,1.587192851e-09,-16.95195247,0.1420372896,-160.2897553,-520.2897553,1.331103643,-0.1337153611,-0.04790400647,38.22981864,38.04835992,-3.720395214,2.269823302e-11,-3.14173973e-10,0.09778069861,-3.41120337e-09,
1896684000,-3.200796123,0.6917675627,-71.08541317,-431.0854132,5.488609756,0.2242421762,-0.6544140946,68.38849247,25.31205209,-63.53177096,1.320791269e-12,-5.331091205e-09,2.509941538,1.640388778e-09,-15.42236801,0.1693875941,-144.2293468,-504.2293468,1.407861941,-0.1374348818,-0.09901419239,38.02232668,37.25591502,-7.59566468,1.104738189e-11,-6.373689976e-10,0.2038780869,-2.505503057e-09,
1908682000,-3.527519728,0.6662297373,-78.23006577,-438.2300658,4.992145567,0.1358991183,-0.6522219657,60.49368269,23.72472918,-55.64730785,1.49845048e-12,-4.640136028e-09,2.345540277,1.69802904e-09,-13.05783464,0.2223864223,-137.0643773,-497.0643773,1.571971552,-0.1628134431,-0.1514843345,36.27634719,34.56317003,-11.01638067,7.569158846e-12,-9.185979843e-10,0.3187317788,-9.611240149e-10,
1920680000,-3.999755445,0.6309751096,-85.694736,-445.694736,4.419688623,0.04736751731,-0.6291946498,53.51090138,23.08857318,-48.27353679,1.716548184e-12,-4.000131204e-09,2.090797747,1.741480634e-09,-10.67669318,0.2925265849,-137.3404517,-497.3404517,1.826961349,-0.2151220621,-0.1982279024,32.87577708,30.16290371,-13.077307,6.336461468e-12,-1.083636031e-09,0.4335559708,4.890112133e-10,
1932678000,-4.685909683,0.5830482764,-93.48478094,-453.4847809,3.796718389,-0.03543966251,-0.581970208,47.42153293,23.39251453,-41.25035817,1.996332627e-12,-3.396943726e-09,1.763399917,1.738524137e-09,-8.614562149,0.3709128612,-142.9773842,-502.9773842,2.179209805,-0.2961360491,-0.2233378407,28.07277975,24.92772271,-12.91083279,6.378321002e-12,-1.063199797e-09,0.5179306964,1.508325531e-09,
1944676000,-5.688091346,0.5195118195,-101.067768,-461.067768,3.162433294,-0.09973063447,-0.509849322,42.67624564,24.84450885,-34.6988807,2.358616929e-12,-2.839803846e-09,1.396641846,1.636165164e-09,-7.005324517,0.4464098556,-151.8337251,-511.8337251,2.61278108,-0.3935466476,-0.2107197081,22.77651607,20.1552632,-10.60825385,7.71487642e-12,-8.68194001e-10,0.5263267335,2.115369779e-09,
1956674000,-7.046870682,0.4442796959,-108.0894125,-468.0894125,2.598932746,-0.1379491927,-0.4223203386,39.54315577,27.23901798,-28.6652589,2.837564805e-12,-2.33161868e-09,1.052360218,1.397938744e-09,-5.879349643,0.5081974925,-162.3921421,-522.3921421,3.066673044,-0.4843880282,-0.153730054,18.02692624,16.65293528,-6.902884651,1.178341141e-11,-5.614773917e-10,0.4145145908,2.401171137e-09,
1968672000,-8.799135155,0.3631142079,-113.7276976,-473.7276976,2.140280447,-0.1461136618,-0.3324195027,38.39242135,30.48103085,-23.34276708,3.463334432e-12,-1.887118203e-09,0.7658129147,9.154679111e-10,-5.131692252,0.5538796223,-173.3174446,-533.3174446,3.483094923,-0.5501166338,-0.06445405509,14.64679018,14.39993319,-2.677757758,3.019085977e-11,-2.164801366e-10,0.1859562626,2.482343606e-09,
1980670000,-11.08487356,0.2790977415,-117.3452604,-477.3452604,1.774301199,-0.1282039296,-0.2479098662,39.23225187,34.55377708,-18.57972217,4.324827526e-12,-1.492956739e-09,0.5377045215,-2.483381634e-10,-4.658940508,0.5848614203,175.9078232,-544.0921768,3.81766836,-0.5833703372,0.04173644301,13.21767716,13.11256749,1.663599484,-4.830134574e-11,1.336770291e-10,0.1268706136,2.451606834e-09,
1992668000,-14.21125154,0.1947320442,-116.2106552,-476.2106552,1.483645333,-0.08600782899,-0.1747089649,42.29839277,39.7574438,-14.43951846,5.531367005e-12,-1.153288324e-09,0.363190313,-2.759806052e-09,-4.405133518,0.6022035677,165.4066068,-554.5933932,4.027697177,-0.5827754148,0.1517298679,13.96065327,12.60483489,6.0014979,-1.330839022e-11,4.793412936e-10,0.4761266571,2.386848819e-09,
2004666000,-18.16427432,0.1235339374,-101.4847234,-461.4847234,1.281890977,-0.02459642874,-0.1210605195,47.63327663,46.25563139,-11.37302104,6.980752883e-12,-9.029297233e-10,0.2458732202,-4.974341414e-09,-4.308941988,0.6089097114,155.2999504,-564.7000496,4.113908625,-0.5531992319,0.2544437981,16.33429298,12.70056335,10.27155381,-7.72933199e-12,8.154817618e-10,0.8087478896,2.319698563e-09,
2016664000,-19.52887462,0.105573828,-62.05609068,-422.0560907,1.236070525,0.04947263074,-0.09326463405,55.15744538,54.2015757,-10.22413677,7.718980354e-12,-8.068879622e-10,0.1886317258,-5.388689536e-09,-4.362974802,0.605133589,145.43915,-574.56085,4.065004124,-0.4983421437,0.3432808884,19.772365,13.41193305,14.52812684,-5.432215159e-12,1.146558475e-09,1.083223931,2.240170841e-09,
2028662000,-16.07772634,0.1570773923,-36.99467577,-396.9946758,1.372697068,0.1254563672,-0.09451987683,64.19801284,63.02509633,-12.21564915,6.422348772e-12,-9.583562689e-10,0.193821983,-3.848253996e-09,-4.564802331,0.5912346568,135.7944136,-584.2055864,3.892782701,-0.4238222063,0.4122294953,23.89734135,14.80158252,18.76155853,-4.181590735e-12,1.47190354e-09,1.26753734,2.160841952e-09,
2040660000,-12.8861946,0.2268246607,-32.07938429,-392.0793843,1.586735373,0.1921914996,-0.1204651575,73.356287,71.09865932,-18.05894474,4.318740515e-12,-1.408451345e-09,0.2539983863,-1.266815446e-09,-4.895562425,0.5691436291,126.7797496,-593.2202504,3.641918131,-0.3407693719,0.4558516268,28.29831624,16.85584469,22.73049057,-3.431157636e-12,1.772794063e-09,1.348522782,2.04048272e-09,
2052658000,-10.66685489,0.2928581101,-33.36464397,-393.364644,1.828286697,0.2445914019,-0.1610618476,81.2395942,76.62253383,-26.9973883,2.871982455e-12,-2.093270188e-09,0.352342672,2.815601419e-10,-5.377953284,0.5383966336,117.9632434,-602.0367566,3.332724035,-0.2524568923,0.4755380664,33.06639106,19.78312655,26.49554909,-2.926379268e-12,2.05435957e-09,1.339300389,1.876639261e-09,
2064656000,-9.020099499,0.353993286,-36.51245348,-396.5124535,2.095943055,0.284514158,-0.2106251182,87.26143753,78.61905386,-37.86294826,2.035907307e-12,-2.91868252e-09,0.4816001517,8.137424136e-10,-5.965409676,0.5031871202,110.2876541,-609.7123459,3.025660528,-0.1744718563,0.4719712378,37.56338775,23.30639833,29.458783,-2.616722253e-12,2.270843633e-09,1.263978354,1.676862933e-09,
2076654000,-7.750521364,0.4097075167,-40.85882662,-400.8588266,2.388150886,0.3098715369,-0.268029625,90.29607556,75.9089286,-48.90005951,1.567280034e-12,-3.747704812e-09,0.6441937781,1.046130781e-09,-6.598842867,0.4677974571,103.5118093,-616.4881907,2.757967763,-0.1092988992,0.4548496581,41.70880003,27.17225574,31.6432065,-2.422007609e-12,2.425138097e-09,1.164541023,1.431494871e-09,
2088652000,-6.758079869,0.4592995359,-45.90619962,-405.9061996,2.698905647,0.3195967332,-0.3298696588,89.94262289,69.00101022,-57.69346584,1.32077067e-12,-4.396232725e-09,0.8361249445,1.182011974e-09,-7.270152428,0.4330044689,97.79126409,-622.2087359,2.527364662,-0.05870003913,0.4290071975,45.27863038,31.13309528,32.8768117,-2.317738053e-12,2.50520771e-09,1.05600845,1.174208772e-09,
2100650000,-5.980819458,0.5022951989,-51.2604297,-411.2604297,3.018446267,0.3143270417,-0.3917894558,86.83402878,59.94579244,-62.82237279,1.206013301e-12,-4.759713025e-09,1.047986359,1.254088329e-09,-7.916392587,0.4019577168,93.29630258,-626.7036974,2.344245141,-0.02311240864,0.4012926895,48.04830498,34.70912351,33.22523675,-2.280333403e-12,2.517297343e-09,0.9572479333,9.130668778e-10,
2112648000,-5.398126732,0.5371476294,-56.83885534,-416.8388553,3.321032206,0.2938174129,-0.4496653241,81.80492197,50.75472847,-64.15608152,1.174235371e-12,-4.833156069e-09,1.264041469,1.274641837e-09,-8.505793006,0.3755868252,90.03672507,-629.9632749,2.203007369,-0.0002407411595,0.375586748,49.97890652,37.62151614,32.90155954,-2.289689036e-12,2.478617279e-09,0.8745410319,6.799442158e-10,
2124646000,-4.961228141,0.5648571012,-62.47629196,-422.476292,3.596191287,0.2610292805,-0.5009264013,75.99425854,42.71845654,-62.85110024,1.191847437e-12,-4.708108213e-09,1.471286777,1.258508342e-09,-8.959622236,0.3564666364,87.67012125,-632.3298788,2.107841976,0.01449138453,0.3561719566,51.30272432,39.7478786,32.43571596,-2.309457971e-12,2.429724541e-09,0.8160364048,5.076752614e-10,
2136644000,-4.630773622,0.5867611065,-67.82594346,-427.8259435,3.839815495,0.2214562658,-0.5433651796,70.40503334,36.37279875,-60.28174044,1.235669085e-12,-4.490283346e-09,1.657330272,1.203766531e-09,-9.244937947,0.3449475801,85.92000749,-634.0799925,2.053190767,0.02454272264,0.3440733756,52.24358288,41.17246366,32.15929397,-2.316228806e-12,2.395490592e-09,0.7810874334,4.482637313e-10,
2148642000,-4.355638869,0.6056448889,-72.9461352,-432.9461352,4.071571139,0.1776178489,-0.5790143618,65.23697643,31.29759915,-57.23917698,1.294084664e-12,-4.239839841e-09,1.828867981,1.132535264e-09,-9.283953563,0.3434016059,84.39070336,-635.6092966,2.046001967,0.03356557744,0.3417572457,53.09831226,41.97186841,32.52373021,-2.277486026e-12,2.409108838e-09,0.7748935523,5.059663724e-10,
2160640000,-4.126419005,0.6218405656,-77.60095723,-437.6009572,4.28877457,0.1335209907,-0.6073366728,60.76620005,27.38881604,-54.24374456,1.357963377e-12,-3.995649474e-09,1.980507097,1.071959347e-09,-9.143941543,0.3489819161,81.99555117,-638.0044488,2.072111282,0.0485957289,0.3455818759,54.5370625,42.85644457,33.72856868,-2.183935501e-12,2.484480723e-09,0.7870127589,6.733727053e-10,
2172638000,-3.8990693,0.6383318803,-82.04746966,-442.0474697,4.5299317,0.08831488445,-0.6321930643,56.72317383,24.07028777,-51.36282407,1.426211277e-12,-3.762544585e-09,2.133868301,1.037693249e-09,-8.888508228,0.3593971167,78.70529725,-641.2947028,2.122059004,0.07038989526,0.3524365902,56.67600672,44.05329874,35.65777065,-2.054369568e-12,2.61208285e-09,0.8094233954,9.237846765e-10,
2184636000,-3.667999969,0.6555412148,-86.42573906,-446.4257391,4.806209874,0.04086786071,-0.6542660791,52.94501265,21.15231171,-48.53611102,1.500984026e-12,-3.535949233e-09,2.294600783,1.039843028e-09,-8.55504905,0.3734629707,74.22028426,-645.7797157,2.192149716,0.1015593629,0.3593887676,59.87172587,45.95076733,38.38164326,-1.898092972e-12,2.796176685e-09,0.8352775262,1.205174327e-09,
2196634000,-3.425736373,0.6740827,-90.94418277,-450.9441828,5.136526046,-0.01110777215,-0.6739911749,49.24200265,18.47526052,-45.64471025,1.587347366e-12,-3.30714232e-09,2.470585473,1.065304868e-09,-8.224125348,0.3879660584,68.32791343,-651.6720866,2.267792624,0.1432735599,0.3605417445,64.48500084,49.16153361,41.73079135,-1.736224218e-12,3.023563198e-09,0.8488504789,1.483369348e-09,
2208632000,-3.209898616,0.6910429954,-95.60946664,-455.6094666,5.473392641,-0.06754761047,-0.6877337725,45.61946213,16.19893437,-42.64656903,1.689711944e-12,-3.073129551e-09,2.632677438,1.079383681e-09,-8.001114734,0.3980560813,61.15681625,-658.8431837,2.322568661,0.1920278297,0.3486745711,70.56713597,54.33619448,45.0255333,-1.600434505e-12,3.244558709e-09,0.8286471611,1.708786934e-09,
2220630000,-3.054639577,0.7035063489,-100.4623559,-460.4623559,5.745507003,-0.1277493484,-0.6918101524,42.0734932,14.42736177,-39.52252601,1.813423481e-12,-2.832621994e-09,2.739414638,1.056473754e-09,-7.93867878,0.4009276985,53.20159347,-666.7984065,2.338495195,0.2401562242,0.3210420649,77.64968991,61.67102246,47.18219294,-1.519028096e-12,3.38159857e-09,0.7650626025,1.834718815e-09,
2232628000,-2.965072669,0.7107982772,-104.9774542,-464.9774542,5.915588126,-0.1836979497,-0.6866507512,38.97483435,13.21045228,-36.66771963,1.944105651e-12,-2.613892163e-09,2.77565967,9.966709992e-10,-8.059653467,0.3953823939,44.8797981,-675.1202019,2.307875887,0.2801634873,0.278990426,84.85710094,70.77788511,46.81045352,-1.522863283e-12,3.336926289e-09,0.6613711818,1.847228375e-09,
2244626000,-2.889267307,0.7170288575,-109.0762188,-469.0762188,6.067858519,-0.2343434292,-0.6776529641,36.30604566,12.25200204,-34.17626951,2.07468175e-12,-2.423264378e-09,2.789443668,9.209773579e-10,-8.381396727,0.3810045514,36.84310109,-683.1568989,2.231041528,0.3049105226,0.2284601528,90.52958646,79.83992098,42.6754384,-1.661491605e-12,3.025896951e-09,0.5345125331,1.75560404e-09,
2256624000,-2.863249567,0.7191798679,-112.8270408,-472.8270408,6.121996508,-0.2790062738,-0.6628538162,33.99326287,11.63195884,-31.94118743,2.208054923e-12,-2.25274475e-09,2.745985253,8.691098853e-10,-8.852026605,0.3609097957,29.44257957,-690.5574204,2.129448686,0.3142978458,0.177405594,93.62240242,86.68657971,35.36369795,-1.994358628e-12,2.494127216e-09,0.4079489359,1.590888853e-09,
2268622000,-2.805685069,0.723961959,-116.427358,-476.427358,6.245378183,-0.3222085511,-0.6483074639,31.84598761,10.97234813,-29.89606167,2.346626721e-12,-2.097355132e-09,2.724673088,8.399507858e-10,-9.432132878,0.3375929403,23.00547564,-696.9945244,2.019291492,0.3107433324,0.1319377682,93.86019224,89.95561418,26.79035584,-2.618662387e-12,1.879474658e-09,0.2978174968,1.376181095e-09,
2280620000,-2.747402241,0.7288361208,-120.0715293,-480.0715293,6.375613618,-0.3652057683,-0.6307351566,29.75228113,10.36423515,-27.88872285,2.502295394e-12,-1.94623747e-09,2.690861646,8.242354745e-10,-10.08184198,0.3132621332,17.44113879,-702.5588612,1.912319382,0.2988600222,0.09389276434,92.04491253,90.11222933,18.7630501,-3.71932188e-12,1.309394888e-09,0.2082186873,1.136741541e-09,
2292618000,-2.698899287,0.7329174057,-123.5938877,-483.5938877,6.488320253,-0.4055251719,-0.61050574,27.80380596,9.854962864,-25.99867945,2.670159131e-12,-1.804844221e-09,2.638130636,8.150810877e-10,-10.76753428,0.2894831476,13.12326408,-706.8767359,1.814852305,0.2819229648,0.06572620984,89.00600682,88.10380486,12.64076027,-5.491806651e-12,8.775293055e-10,0.143475759,8.909289778e-10,
2304616000,-2.649257359,0.737118196,-127.044295,-487.044295,6.607981875,-0.4440637829,-0.5883456395,25.9553932,9.39054594,-24.19710898,2.854027007e-12,-1.67103305e-09,2.576752101,8.033896989e-10,-11.40167702,0.2691015189,9.834160333,-710.1658397,1.736358129,0.2651474065,0.04596172653,85.97050866,85.55144424,8.478133529,-8.145566745e-12,5.854931404e-10,0.0990998294,6.559221467e-10,
2316614000,-2.623438815,0.7393125172,-130.5437924,-490.5437924,6.672021604,-0.4805746156,-0.5618104991,24.15840778,9.040379125,-22.40312951,3.066604478e-12,-1.539129437e-09,2.478118362,7.95024194e-10,-12.01864801,0.2506499368,7.568106294,-712.4318937,1.668979557,0.248466527,0.03301175204,83.01025935,82.80502741,5.833574674,-1.177691915e-11,4.007755479e-10,0.07044952289,4.443118629e-10,
2328612000,-2.588049513,0.7423308755,-133.9469022,-493.9469022,6.761892325,-0.5151712715,-0.5344657984,22.45647494,8.695771214,-20.7045123,3.301094792e-12,-1.41510285e-09,2.38098632,7.983174724e-10,-12.53165909,0.2362746048,6.05316063,-713.9468394,1.618742303,0.2349572517,0.02491543197,80.68529724,80.57315976,4.252424699,-1.607260859e-11,2.906428426e-10,0.05277718674,2.556888461e-10,
2340610000,-2.551203011,0.7454866137,-137.3122445,-497.3122445,6.858132843,-0.5479770222,-0.5054418605,20.82045259,8.376682553,-19.06101875,3.567343807e-12,-1.296096041e-09,2.275485388,8.049441129e-10,-12.92577859,0.2257933103,5.418227216,-714.5817728,1.583289484,0.2247844604,0.02132053821,78.97848613,78.89888306,3.545070269,-1.918077838e-11,2.410548775e-10,0.04493181819,9.605294934e-11,
2352608000,-2.498112912,0.7500571483,-140.9008524,-500.9008524,7.001829163,-0.5820861923,-0.4730342381,19.11232993,8.020775159,-17.34786215,3.899640747e-12,-1.173590336e-09,2.162866033,8.164797021e-10,-13.16242044,0.2197247494,5.387141277,-714.6128587,1.563198049,0.2187542384,0.02062883171,77.98468526,77.91151111,3.37750957,-2.002967829e-11,2.284899751e-10,0.04335058481,-1.828427795e-11,
2364606000,-2.48657811,0.7510538808,-144.4507124,-504.4507124,7.033866952,-0.6110692126,-0.436665031,17.51618222,7.822749322,-15.67230782,4.294656084e-12,-1.054858721e-09,2.003427079,8.224141261e-10,-13.22613761,0.2181188098,5.826718056,-714.1732819,1.557933386,0.2169918938,0.02214346891,77.69439946,77.61054105,3.608826046,-1.865071114e-11,2.428998759e-10,0.04649917392,-5.637710289e-11,
2376604000,-2.490395642,0.7507238579,-148.0106905,-508.0106905,7.023230716,-0.6367241553,-0.397704238,15.98968813,7.691370522,-14.01830753,4.777137312e-12,-9.38769327e-10,1.822602031,8.285805372e-10,-13.070945,0.2220510086,6.243789791,-713.7562102,1.570862643,0.2207338314,0.02415007447,78.30359085,78.20272876,3.973103892,-1.685517967e-11,2.66068358e-10,0.05080518231,-5.236918281e-12,
2388602000,-2.484029242,0.7512743094,-151.5185099,-511.5185099,7.040986819,-0.660348494,-0.3582638055,14.53218508,7.548878563,-12.41768238,5.365816206e-12,-8.274026114e-10,1.644970478,8.335635074e-10,-12.67365517,0.232443412,6.207445424,-713.7925546,1.605671075,0.231080578,0.02513376721,80.02658006,79.91383277,4.246510021,-1.569076748e-11,2.829492149e-10,0.05313861034,1.453918543e-10,
2400600000,-2.489529749,0.750798701,-155.2613103,-515.2613103,7.025640349,-0.6818947513,-0.3141945856,13.0658842,7.45180308,-10.73256543,6.177272859e-12,-7.115474631e-10,1.44026423,8.331273416e-10,-12.10066766,0.2482942241,5.309876175,-714.6901238,1.660615448,0.2472287343,0.02297769893,82.81796233,82.71882036,4.051128458,-1.636531298e-11,2.685816542e-10,0.04897468847,3.782713005e-10,
2412598000,-2.462934237,0.7531011108,-158.8273734,-518.8273734,7.100481968,-0.7022641222,-0.2720043855,11.69695114,7.282704215,-9.153189895,7.207135641e-12,-6.038202041e-10,1.256839441,8.397103132e-10,-11.39018755,0.2694577149,3.153734221,-716.8462658,1.737692315,0.2690496249,0.01482428511,86.79626718,86.75194526,2.773443854,-2.378569194e-11,1.829593238e-10,0.03196981746,6.749615583e-10,
2424596000,-2.43046241,0.7559218163,-162.3488101,-522.3488101,7.194095718,-0.7203331233,-0.2292116572,10.41741289,7.114379979,-7.609736455,8.626033313e-12,-4.995171041e-10,1.069627498,8.496649539e-10,-10.60400664,0.2949848201,-0.3986529218,-720.3986529,1.836818351,0.2949776799,-0.002052430608,91.83920722,91.83827897,-0.4129134878,1.589723807e-10,-2.710440117e-11,0.004496093485,9.948324923e-10,
2436594000,-2.402934402,0.7583213439,-166.1094798,-526.1094798,7.275451511,-0.7361451575,-0.1820482565,9.181708102,6.972450066,-5.974002321,1.093381129e-11,-3.90213552e-10,0.856801019,8.781271724e-10,-9.837858322,0.3221863107,-5.515029826,-725.5150298,1.950663334,0.3206949174,-0.03096431514,97.13511711,96.90403235,-6.696229529,9.754536306e-12,-4.373884322e-10,0.06910166034,1.303793692e-09,
2448592000,-2.392670643,0.7592179507,-169.9699613,-529.9699613,7.306267041,-0.7476145028,-0.1322287863,8.128624093,6.895143619,-4.304825679,1.509899828e-11,-2.79807451e-10,0.6243271957,9.016859195e-10,-9.163463382,0.3481984479,-11.84054224,-731.8405422,2.068418591,0.3407896357,-0.07144636694,101.2480007,99.93541248,-16.25026103,3.999846858e-12,-1.056243494e-09,0.1626076346,1.556258164e-09,
2460590000,-2.423094341,0.7565633219,-173.9811835,-533.9811835,7.215688843,-0.7523927768,-0.07932949941,7.410975944,6.948128276,-2.577998819,2.508985567e-11,-1.667491355e-10,0.3710350063,9.053911171e-10,-8.629823431,0.3702617321,-19.28257122,-739.2825712,2.175922605,0.3494905847,-0.1222705258,102.3581296,98.47996696,-27.90847173,2.317633831e-12,-1.805165115e-09,0.2833923751,1.724202963e-09,
2472588000,-2.50859682,0.7491523721,-177.8861281,-537.8861281,6.97296756,-0.7486425684,-0.02763297656,7.229614052,7.172938625,-0.9034770749,7.124448268e-11,-5.815479265e-11,0.125956337,8.949234127e-10,-8.268292946,0.3859982651,-27.12445604,-747.124456,2.257319786,0.3435455117,-0.1759861983,99.68751855,92.11935899,-38.10019757,1.689433675e-12,-2.452424252e-09,0.413595991,1.804953217e-09,
2484586000,-2.606919591,0.7407199137,178.2954148,-541.7045852,6.713666052,-0.7403921324,0.02203362852,7.484529919,7.449107453,0.727314419,-8.807322522e-11,4.658952637e-11,0.097637794,8.735293044e-10,-8.036317198,0.3964460911,-35.10964979,-755.1096498,2.313705653,0.3243138599,-0.2280132089,94.21958215,82.86737928,-44.8366715,1.428672657e-12,-2.872099377e-09,0.5410653974,1.794462806e-09,
2496584000,-2.730682344,0.7302404446,174.5646155,-545.4353845,6.414009845,-0.7269570321,0.06917066063,8.148513503,7.812572563,2.315595445,-2.753032017e-11,1.476170885e-10,0.296393464,8.635120546e-10,-7.928397525,0.4014025469,-42.90749461,-762.9074946,2.341143517,0.2940088411,-0.2732815508,87.35040032,73.18676852,-47.68426732,1.336899728e-12,-3.039828362e-09,0.6515421883,1.718223773e-09,
2508582000,-2.889298791,0.7170262586,170.9283565,-549.0716435,6.067793605,-0.7080576658,0.1130530736,9.144424715,8.29066928,3.858148033,-1.644420729e-11,2.447770616e-10,0.4653602626,8.708691735e-10,-7.93295695,0.4011918967,-50.14498849,-770.1449885,2.339968162,0.2571026466,-0.3079824135,80.4692738,64.86629479,-47.62003599,1.332300254e-12,-3.021214422e-09,0.7341260379,1.601870682e-09,
2520580000,-3.019100393,0.7063907121,167.1486494,-552.8513506,5.811773614,-0.6886959092,0.1571170991,10.28031873,8.709075672,5.462321315,-1.155958924e-11,3.449029343e-10,0.6271987431,9.030825414e-10,-7.902228205,0.4026137379,-56.71423458,-776.7142346,2.347917632,0.2209605201,-0.3365624318,74.61998922,58.17336793,-46.73330776,1.351117517e-12,-2.950843432e-09,0.8033454039,1.468162508e-09,
2532578000,-3.213700431,0.690740592,163.1957589,-556.8042411,5.467062757,-0.6612446566,0.1996949412,11.75093802,9.338391486,7.132950917,-8.810246632e-12,4.482564396e-10,0.763830787,9.499327755e-10,-7.919986275,0.4017914457,-62.80091979,-782.8009198,2.343315614,0.1836523001,-0.3573628388,69.37303135,52.79751235,-45.0004463,1.396498523e-12,-2.827965603e-09,0.8523213367,1.341709009e-09,
2544576000,-3.460374891,0.6713998741,158.9275825,-561.0724175,5.086424934,-0.6265011698,0.2414002384,13.52292098,10.15656197,8.928249589,-7.005487823e-12,5.584329394e-10,0.8790621879,9.984243365e-10,-7.879478753,0.4036696168,-68.28655373,-788.2865537,2.353845547,0.149343548,-0.3750275512,65.0229895,48.42575394,-43.39280492,1.441408176e-12,-2.714078651e-09,0.8960687526,1.239648276e-09,
2556574000,-3.800012023,0.6456533353,154.5237617,-565.4762383,4.644190278,-0.5828724251,0.2777192206,15.5913566,11.28956899,10.75341958,-5.789154928e-12,6.694349082e-10,0.9525093111,1.033100507e-09,-7.812112534,0.4068125791,-73.33491335,-793.3349133,2.371615664,0.1166644156,-0.3897254015,61.24980813,44.76145099,-41.80850991,1.489008149e-12,-2.602714029e-09,0.9340293711,1.172604993e-09,
2568572000,-4.273658837,0.611388208,149.9222766,-570.0777234,4.146524221,-0.5290625499,0.3064120743,18.01408732,12.87468943,12.59959183,-4.917811878e-12,7.807012301e-10,0.9786326808,1.024768513e-09,-7.629887094,0.4154374514,-78.21917783,-798.2191778,2.421361845,0.08481919871,-0.4066865864,57.84200276,41.24890693,-40.54904388,1.528085903e-12,-2.512516983e-09,0.9830331734,1.168430476e-09,
2580570000,-4.911795232,0.5680809663,145.3871601,-574.6128399,3.630497487,-0.4675358017,0.322686006,20.71787509,14.99884266,14.29213305,-4.315264664e-12,8.81457826e-10,0.9528823906,9.383864253e-10,-7.350677351,0.4290087326,-83.15865421,-803.1586542,2.502680538,0.05110372669,-0.4259541075,54.51951402,37.71124767,-39.3730772,1.566408853e-12,-2.428308421e-09,1.044067212,1.24406884e-09,
2592568000,-5.759505452,0.515257981,141.3645726,-578.6354274,3.12590599,-0.4024858179,0.3217078696,23.58088909,17.73780594,15.53797191,-3.950896415e-12,9.538592757e-10,0.8759804884,7.01358203e-10,-6.939060212,0.4498285224,-88.60857522,-808.6085752,2.635230253,0.0109229866,-0.4496958838,50.91687832,33.78460336,-38.0936881,1.611524653e-12,-2.338530277e-09,1.127545814,1.339124311e-09,
2604566000,-6.854772607,0.4542148927,138.5368451,-581.4631549,2.664445902,-0.3403803175,0.3007530684,26.38657562,21.02964046,15.93755298,-3.834097241e-12,9.738821504e-10,0.75786141,3.177134943e-10,-6.47015792,0.4747796588,-95.00762296,-815.007623,2.807925632,-0.04144270047,-0.4729674693,46.72507579,29.60267558,-36.15126977,1.690289948e-12,-2.209064114e-09,1.221216294,1.577987553e-09,
2616564000,-8.174368299,0.3901948967,138.2006218,-581.7993782,2.27973641,-0.2908837532,0.2600744116,28.67906259,24.44458991,14.99835509,-4.05550684e-12,9.122889222e-10,0.6135654209,-3.028568071e-10,-5.990916361,0.5017116457,-101.2149577,-821.2149577,3.013740202,-0.09757811585,-0.4921311682,42.72694772,25.85875051,-34.01348384,1.788288784e-12,-2.068901844e-09,1.31535682,1.820152568e-09,
2628562000,-9.61995376,0.3303712998,140.1076678,-579.8923322,1.986729809,-0.2534777064,0.2118826281,30.52126284,27.56186093,13.11073253,-4.618223524e-12,7.938324791e-10,0.4756838648,-1.126599216e-09,-5.60035392,0.5247860766,-110.9343133,-830.9343133,3.208630895,-0.1875047073,-0.4901452957,36.93088181,21.9521102,-29.69839876,2.038772994e-12,-1.798187361e-09,1.352872161,2.015527533e-09,
2640560000,-10.95891546,0.2831745551,147.1197781,-572.8802219,1.79007953,-0.2378120626,0.1537311015,31.16825492,29.56051884,9.881084994,-6.099854228e-12,5.955643954e-10,0.3342662911,-1.93300169e-09,-5.354577914,0.5398475121,-119.9539729,-839.9539729,3.34638528,-0.2695480978,-0.4677383449,32.05444233,19.35406878,-25.55205069,2.358839171e-12,-1.540103301e-09,1.320241804,2.11292045e-09,
2652558000,-11.65428747,0.2613879884,158.4077543,-561.5922457,1.70778158,-0.2430454257,0.09619044392,30.60095112,29.96872135,6.188210541,-9.695945407e-12,3.712960458e-10,0.2064889746,-2.375605817e-09,-5.272563178,0.5449690533,-129.1662542,-849.1662542,3.39530545,-0.3441876143,-0.4225235559,27.68352297,17.70475959,-21.2818921,2.819324113e-12,-1.276925265e-09,1.202043552,2.021526354e-09,
2664556000,-11.36095568,0.2703660871,170.7964562,-549.2035438,1.74110066,-0.2668854954,0.04324295821,28.96715256,28.84187471,2.691131839,-2.219526349e-11,1.607423281e-10,0.09330641181,-2.179893731e-09,-5.291995846,0.5437511741,-137.7304625,-857.7304625,3.383572924,-0.4023697852,-0.3657374677,24.17276926,16.76664003,-17.41271247,3.43027431e-12,-1.040067937e-09,1.038533209,1.925043143e-09,
2676554000,-10.30783572,0.3052166449,179.5738621,-540.4261379,1.878595155,-0.3052082032,0.002270030556,26.61623075,26.6158972,0.1332510992,-4.462449576e-10,7.923460951e-12,0.00500644777,-1.508638401e-09,-5.382309048,0.5381267084,-145.7037603,-865.7037603,3.33019193,-0.4445654573,-0.3032192417,21.4360129,16.30366666,-13.91736693,4.272548922e-12,-8.275632557e-10,0.8536341684,1.808001294e-09,
2688552000,-9.058513117,0.3524311964,-176.3854189,-536.3854189,2.088474906,-0.3517301109,-0.02221884988,23.9901045,23.95928216,-1.215694002,4.86942204e-11,-7.196576806e-11,0.05074000103,-6.986889149e-10,-5.463469189,0.5331219213,-153.2592216,-873.2592216,3.283773626,-0.4761052643,-0.2398807209,19.26490929,16.00276274,-10.72605775,5.519014818e-12,-6.349533542e-10,0.6702628743,1.735637767e-09,
2700550000,-7.867162808,0.4042423962,-175.4201498,-535.4201498,2.357070035,-0.4029516588,-0.03227809729,21.30372902,21.24058331,-1.639051827,3.595631885e-11,-9.659632305e-11,0.07716604592,-5.789278743e-11,-5.499438068,0.5309187908,-160.4481938,-880.4481938,3.263654056,-0.5003056317,-0.1776767776,17.55183907,15.73120776,-7.78435336,7.570862648e-12,-4.587651834e-10,0.4948350743,1.708661489e-09,
2712548000,-6.867501185,0.4535497592,-176.6173725,-536.6173725,2.659985577,-0.4527595686,-0.02676111241,18.8538232,18.81116517,-1.267562345,4.6288528e-11,-7.437243984e-11,0.06738351049,3.578989037e-10,-5.510363398,0.5302514077,-167.8417733,-887.8417733,3.25759658,-0.5183577134,-0.1116773759,16.23754501,15.50625636,-4.818078605,1.217779948e-11,-2.826939933e-10,0.3107183637,1.733495355e-09,
2724546000,-6.043244654,0.4986981617,-179.0598852,-539.0598852,2.98961234,-0.498631032,-0.008182321039,16.72954338,16.72557617,-0.3643125453,1.60343685e-10,-2.128139603e-11,0.02178176355,6.192387294e-10,-5.525841331,0.5293073607,-175.3134215,-895.3134215,3.24905731,-0.5275376498,-0.04324708189,15.52326763,15.41240366,-1.851931818,3.154285456e-11,-1.081809972e-10,0.1201585333,1.797432768e-09,
2736544000,-5.41166874,0.5363108251,177.705121,-542.294879,3.313234184,-0.535880692,0.0214752191,15.12391141,15.09649723,0.9102019108,-6.389692424e-11,5.293652626e-11,0.06029225832,7.527979924e-10,-5.567902562,0.5267503974,176.7361332,-903.2638668,3.226099692,-0.5258959663,0.02999022771,15.56331202,15.50996166,1.287544309,-4.517056395e-11,7.488242148e-11,0.08301402266,1.833781685e-09,
2748542000,-4.960280388,0.5649187385,174.0452762,-545.9547238,3.596842422,-0.5618705416,0.05860610555,14.14076631,13.93577289,2.39906353,-2.413659511e-11,1.389183136e-10,0.1721514514,7.93554133e-10,-5.660248658,0.5211797907,168.444776,-911.555224,3.176933139,-0.5106165658,0.1043987398,16.52319884,15.88346317,4.553207404,-1.271745825e-11,2.636544994e-10,0.2866633903,1.835653608e-09,
2760540000,-4.655038227,0.5851242381,170.5723202,-549.4276798,3.820720283,-0.5772210488,0.09584484806,13.7174412,13.16938363,3.838688294,-1.501907683e-11,2.213140244e-10,0.2914857977,7.713630497e-10,-5.841780848,0.5104003431,160.6760452,-919.3239548,3.084970183,-0.4816457579,0.1688960452,18.27927463,16.62675333,7.594929544,-7.591058492e-12,4.378746837e-10,0.4567896927,1.792318592e-09,
2772538000,-4.453903955,0.5988317275,167.3686027,-552.6313973,3.985439122,-0.5843382486,0.1309513235,13.70668356,12.68956336,5.181520612,-1.107861306e-11,2.974403302e-10,0.4083293069,7.253668728e-10,-6.077246974,0.4967497433,153.0731129,-926.9268871,2.974165881,-0.4428946786,0.2249546868,20.57105445,17.6605428,10.54862593,-5.441852081e-12,6.055339761e-10,0.5972990776,1.706866201e-09,
2784536000,-4.298805876,0.6096207013,164.3847928,-555.6152072,4.123222483,-0.5871203066,0.1640949268,13.92262892,12.34078376,6.445514123,-8.867674233e-12,3.684044427e-10,0.5222937415,6.912516999e-10,-6.350437652,0.4813689989,145.7143354,-934.2856646,2.856306306,-0.3977259669,0.2711644672,23.1952953,18.94968422,13.37651645,-4.272915129e-12,7.645577985e-10,0.705896536,1.612408747e-09,
2796534000,-4.187603495,0.6174756347,161.4737268,-558.5262732,4.228425119,-0.5854768458,0.1961963878,14.35333916,12.12124057,7.687253861,-7.403358916e-12,4.374931436e-10,0.6341969549,6.876222521e-10,-6.659739071,0.4645292297,139.0634657,-940.9365343,2.735031137,-0.3509220213,0.3043700712,25.88481489,20.44742736,15.87218814,-3.585611443e-12,9.033100257e-10,0.7762437717,1.491178422e-09,
2808532000,-4.11701803,0.622513965,158.5912099,-561.4087901,4.298209243,-0.5795603937,0.2272298101,14.97395789,12.02516452,8.922714453,-6.351024094e-12,5.056357239e-10,0.7420035242,6.96406438e-10,-6.948059625,0.4493626984,132.8586446,-947.1413554,2.632154949,-0.3056528905,0.3293981561,28.53630283,22.00691622,18.1663485,-3.119414696e-12,1.02945744e-09,0.8254836032,1.363229429e-09,
2820530000,-4.093666829,0.6241897871,155.4152289,-564.5847711,4.321835148,-0.5676049367,0.2596873624,15.87141635,12.08772193,10.28536997,-5.486172894e-12,5.803758416e-10,0.8508939926,7.086304501e-10,-7.206528817,0.436187845,127.2968727,-952.7031273,2.547280743,-0.2643058353,0.3469902903,31.02143291,23.55441232,20.18709886,-2.795216804e-12,1.139103846e-09,0.857041075,1.257955818e-09,
2832528000,-4.154510549,0.6198326834,152.3741697,-567.6258303,4.26084151,-0.5491684255,0.287413632,16.96665524,12.40282276,11.57745126,-4.853253303e-12,6.505173457e-10,0.9334529307,7.068738858e-10,-7.359100253,0.4285929148,122.1567839,-957.8432161,2.500131608,-0.228113381,0.3628445563,33.3015878,24.88867707,22.12576561,-2.539496465e-12,1.243209234e-09,0.8889892197,1.190484195e-09,
2844526000,-4.301490689,0.6094322963,149.2783802,-570.7216198,4.120751105,-0.5239043022,0.3113390531,18.28674115,12.99165083,12.86941765,-4.347617505e-12,7.200607179e-10,0.9905914053,6.711971703e-10,-7.424583193,0.4253739013,117.247079,-962.752921,2.480524126,-0.194748334,0.3781746188,35.49523905,26.07731719,24.08081234,-2.323480813e-12,1.347352887e-09,0.9234390243,1.191557445e-09,
2856524000,-4.56476364,0.5912372904,146.3937031,-573.6062969,3.892814225,-0.4924181361,0.32723984,19.76357442,13.9316115,14.01816945,-3.974577311e-12,7.810405096e-10,1.00621306,5.911973327e-10,-7.388520897,0.4271436507,112.1733686,-967.8266314,2.491276657,-0.1612084542,0.3955547151,37.79886183,27.16344464,26.28500012,-2.119699371e-12,1.464502906e-09,0.9676607836,1.269315722e-09,
2868522000,-4.96650904,0.5645137804,143.9100196,-576.0899804,3.592567824,-0.4561795821,0.3325296936,21.33777453,15.26924051,14.90472797,-3.722527309e-12,8.269628514e-10,0.9761276575,4.365730126e-10,-7.232152055,0.4349029938,106.5552291,-973.4447709,2.539215352,-0.1239210189,0.4168743157,40.46764604,28.21395878,29.01039308,-1.912530339e-12,1.609591092e-09,1.028228378,1.418132539e-09,
2880520000,-5.484530875,0.5318307647,142.2906159,-577.7093841,3.271959473,-0.420743744,0.3252978084,22.79048754,16.87957022,15.31294979,-3.608198138e-12,8.460735051e-10,0.9071883698,1.996871134e-10,-6.996102328,0.4468840802,100.0900588,-979.9099412,2.615878568,-0.07829226088,0.4399723889,43.84913748,29.50308106,32.43940606,-1.703241941e-12,1.792347154e-09,1.099526046,1.623610161e-09,
2892518000,-6.078146146,0.4966983218,141.9015184,-578.0984816,2.973759848,-0.3908774266,0.3064703253,23.93820108,18.56800882,15.10849164,-3.641857537e-12,8.313141444e-10,0.8136839972,-1.372804973e-10,-6.751458925,0.459649777,92.66217632,-987.3378237,2.701303182,-0.02134936494,0.4591537021,48.2674498,31.44883456,36.61580963,-1.502710842e-12,2.014710746e-09,1.164297824,1.837798184e-09,
2904516000,-6.684617246,0.463200626,143.0854309,-576.9145691,2.725786759,-0.3703437038,0.2782092038,24.61490376,20.08562338,14.22888683,-3.851016978e-12,7.79681597e-10,0.7084115119,-5.277981244e-10,-6.591505545,0.4681927914,84.05576048,-995.9442395,2.760761358,0.04848629886,0.4656753899,54.14842939,34.78761901,41.49546926,-1.320522113e-12,2.273772652e-09,1.192822919,2.021819419e-09,
2916514000,-7.191165385,0.4369600482,146.4773767,-573.5226233,2.5521458,-0.3642795325,0.2413182669,24.53996292,21.07498838,12.57197855,-4.340626673e-12,6.860562064e-10,0.5965354913,-8.871204392e-10,-6.5606823,0.4698571986,74.88255356,-1005.117446,2.772568438,0.1225380436,0.4535969742,61.28549612,39.93248125,46.48988036,-1.173809547e-12,2.536965111e-09,1.164212163,2.134500893e-09,
2928512000,-7.432404131,0.424991059,151.4012262,-568.5987738,2.478206785,-0.3731392683,0.203431774,23.73860638,21.26172421,10.55748627,-5.147692524e-12,5.737644671e-10,0.4965489238,-1.09433274e-09,-6.715221605,0.4615714304,65.31584926,-1014.684151,2.714513146,0.1927594967,0.4193947565,69.49343657,47.54828121,50.68035794,-1.072342331e-12,2.754309862e-09,1.065871503,2.144348271e-09,
2940510000,-7.263139687,0.4333542056,156.9022286,-563.0977714,2.52954177,-0.3986151271,0.170005435,22.17858799,20.45827316,8.56439284,-6.319764445e-12,4.635472945e-10,0.4186273579,-1.050953995e-09,-6.997881198,0.4467925677,55.93459685,-1024.065403,2.615280423,0.2502658909,0.3701223884,77.97353112,57.24401162,52.94331582,-1.022318767e-12,2.865554076e-09,0.9248708175,2.082879802e-09,
2952508000,-6.717831139,0.4614327797,161.5066525,-558.4933475,2.713556868,-0.4376046173,0.146363961,20.10776881,18.84652773,7.009333707,-7.690459897e-12,3.778381319e-10,0.3719164509,-7.814631114e-10,-7.3912659,0.4270086817,47.21953585,-1032.780464,2.490454281,0.2900204914,0.3134079272,85.52925261,67.87894636,52.03558102,-1.035925779e-12,2.804977984e-09,0.7665938234,1.995277037e-09,
2964506000,-5.949565433,0.5041058396,164.1214864,-555.8785136,3.033118676,-0.4848711665,0.1379226211,17.87992097,16.76984197,6.201933087,-8.656467875e-12,3.329621554e-10,0.3698265671,-3.827623788e-10,-7.859712424,0.4045892868,38.9480049,-1041.051995,2.359025888,0.3146558614,0.2543308472,91.58729859,78.25015034,47.59356294,-1.128027221e-12,2.555147738e-09,0.6082232779,1.887212536e-09,
2976504000,-5.166546553,0.5516614954,164.6683872,-555.3316128,3.460915088,-0.5320287899,0.1458621686,15.92560382,14.68656316,6.158710882,-8.68208122e-12,3.293089074e-10,0.4193432334,1.64476708e-11,-8.375076004,0.3812819093,30.71834422,-1049.281656,2.232489934,0.3277837751,0.1947657341,95.87534772,87.24066421,39.76366193,-1.344705832e-12,2.126180026e-09,0.4557927463,1.810411691e-09,
2988502000,-4.46983248,0.5977345727,163.5876507,-556.4123493,3.971841636,-0.5733787403,0.1688888382,14.49790083,12.83350762,6.744643122,-7.896008478e-12,3.591910905e-10,0.5255494697,3.178766118e-10,-8.938837335,0.3573206647,23.42819586,-1056.571804,2.11197185,0.3278628182,0.1420705103,97.19540329,92.41630127,30.10271882,-1.769134529e-12,1.603143147e-09,0.3257295348,1.702999843e-09,
3000500000,-3.90914241,0.6375920297,161.4183599,-558.5816401,4.518642425,-0.6043547199,0.203172264,13.75129161,11.34653003,7.768801525,-6.827669244e-12,4.120790417e-10,0.6846852301,4.905073378e-10,-9.598898773,0.3311731061,15.88106532,-1064.118935,1.990310375,0.3185328224,0.09062266401,96.1242248,94.19229481,19.17493654,-2.76625725e-12,1.017092463e-09,0.203572241,1.532351341e-09,
3012498000,-3.540692129,0.6652201465,158.8815096,-561.1184904,4.97407514,-0.6205421711,0.2396774024,13.69861899,10.38682558,8.931182264,-5.915404018e-12,4.718482153e-10,0.8598567669,5.303912409e-10,-10.32852397,0.3044905379,9.587978533,-1070.412021,1.875589922,0.3002371113,0.0507165125,92.73295912,92.15880707,10.30320275,-5.127682407e-12,5.44334186e-10,0.1117983519,1.329213147e-09,
3024496000,-3.329278627,0.6816101809,156.4282651,-563.5717349,5.281607891,-0.6247367078,0.272573815,14.07664707,9.863569826,10.04300668,-5.239663125e-12,5.284828138e-10,1.018191877,4.5122584e-10,-11.08141238,0.2792089793,4.545180384,-1075.45482,1.774729349,0.2783309104,0.02212596774,88.53932605,88.43753267,4.244416765,-1.23979276e-11,2.233495791e-10,0.04799338738,1.105049454e-09,
3036494000,-3.257988223,0.6872275934,154.6281567,-565.3718433,5.394425971,-0.6209417251,0.2944709479,14.56771758,9.721556963,10.84941131,-4.831049977e-12,5.686615683e-10,1.116015815,3.016230519e-10,-11.75311306,0.2584308445,0.3899195172,-1079.61008,1.696983801,0.2584248601,0.001758706369,84.84794612,84.84734343,0.3198015534,-1.6389554e-10,1.676209406e-11,0.00376914044,9.920449134e-10,
3048492000,-3.200457679,0.6917945177,153.8001826,-566.1998174,5.489177237,-0.6207193947,0.3054293499,14.76343037,9.584867822,11.22894407,-4.649391884e-12,5.862380335e-10,1.171528318,1.59122222e-10,-12.22771907,0.244688775,-3.384995207,-1083.384995,1.647915103,0.2442618726,-0.01444763635,82.31147673,82.27262566,-2.528689139,2.064617617e-11,-1.320171993e-10,0.03073548606,9.92728504e-10,
3060490000,-3.071639681,0.7021307863,153.6815787,-566.3184213,5.714356193,-0.6293506694,0.3112962832,14.5896133,9.212748292,11.31291674,-4.596789071e-12,5.883066501e-10,1.227963294,9.533848893e-11,-12.64259954,0.2332759801,-7.87153244,-1087.871532,1.608500514,0.2310779677,-0.03194770344,80.010118,79.8280761,-5.394186535,9.640580963e-12,-2.805143787e-10,0.06757254838,1.046406361e-09,
3072488000,-2.807035611,0.7238494012,153.4650869,-566.5349131,6.242424998,-0.6476007742,0.3233746943,14.24284716,8.442978195,11.47060654,-4.515892067e-12,5.9417766e-10,1.3585972,1.32155097e-10,-13.12058111,0.2207857016,-12.7634555,-1092.763456,1.566688014,0.2153301895,-0.04877740812,77.35517285,76.95156947,-7.891686964,6.563871741e-12,-4.087895509e-10,0.1025539442,1.054239796e-09,
3084486000,-2.469043986,0.7525715576,152.7367364,-567.2632636,7.083145091,-0.6689692281,0.344737757,14.02236839,7.465408044,11.86989882,-4.347006716e-12,6.124693293e-10,1.589986609,2.31239866e-10,-13.68692152,0.2068492374,-17.51946068,-1097.519461,1.521588699,0.1972544859,-0.06226776696,74.44962757,73.82742678,-9.605107993,5.371988523e-12,-4.95609452e-10,0.1301021641,9.571927306e-10,
3096484000,-2.155033456,0.7802761406,151.4185295,-568.5814705,8.102334202,-0.6851899257,0.3732902642,14.14552179,6.5649795,12.52983763,-4.102096269e-12,6.440161146e-10,1.908587472,3.279339637e-10,-14.33498854,0.1919776066,-21.32881542,-1101.328815,1.475178926,0.1788287573,-0.06982604791,71.64454219,70.90309153,-10.2806633,4.999541242e-12,-5.284117028e-10,0.1449959809,7.706585879e-10,
3108482000,-1.88147827,0.8052413838,149.7109088,-570.2890912,9.269122049,-0.6953191664,0.4061341442,14.56202033,5.784473442,13.36384312,-3.831249242e-12,6.842316254e-10,2.310295527,3.951447597e-10,-14.9584922,0.1786797721,-24.26076957,-1104.26077,1.43510379,0.1628996371,-0.07341777162,69.33213325,68.54809992,-10.39724472,4.924402111e-12,-5.323411528e-10,0.1516780878,5.600919707e-10,
3120480000,-1.668488109,0.8252311151,147.8958076,-572.1041924,10.44368462,-0.6990392787,0.4385777926,15.15643313,5.180006589,14.24377046,-3.580748032e-12,7.264800533e-10,2.749759139,4.271737675e-10,-15.4625213,0.1686063531,-26.03625218,-1106.036252,1.40559933,0.1514955903,-0.07400802946,67.73725572,66.9646022,-10.20185591,4.999419076e-12,-5.203288585e-10,0.1523469949,3.901965635e-10,
3132478000,-1.495061894,0.841873628,145.964393,-574.035607,11.6481116,-0.69765217,0.4712034118,15.8886584,4.69142369,15.18025064,-3.346980329e-12,7.712781786e-10,3.235744977,4.374889375e-10,-15.84256686,0.1613881552,-27.26171254,-1107.261713,1.384893574,0.1434617275,-0.07392475478,66.64062682,65.8858054,-10.00168938,5.079941831e-12,-5.081658369e-10,0.1518034017,2.95615772e-10,
3144476000,-1.347756113,0.8562728901,144.0663718,-575.9336282,12.91525928,-0.6933218866,0.5025017651,16.6644986,4.275798374,16.10661546,-3.142444072e-12,8.152224624e-10,3.766925859,4.408955292e-10,-16.06584276,0.1572924444,-28.255185,-1108.255185,1.373302561,0.1385507196,-0.07446214596,65.97859921,65.22255184,-9.959632759,5.08192817e-12,-5.040982297e-10,0.1527022859,2.99153012e-10,
3156474000,-1.230955415,0.8678651101,142.1774406,-577.8225594,14.13604773,-0.6855384778,0.5321906096,17.48605312,3.949889142,17.03409609,-2.96004847e-12,8.588889354e-10,4.312550422,4.323108036e-10,-16.08797595,0.1568921456,-29.53553962,-1109.53554,1.372175742,0.1365040249,-0.07734207495,65.69750379,64.88661831,-10.29022682,4.899964882e-12,-5.188512449e-10,0.1585878119,3.794064167e-10,
3168472000,-1.156798634,0.8753063282,140.2675276,-579.7324724,15.03930634,-0.6731433115,0.5594991067,18.36448441,3.756510109,17.97617645,-2.794299389e-12,9.029580628e-10,4.785339564,4.300111799e-10,-15.96061673,0.1592095679,-31.35996675,-1111.359967,1.378714033,0.1359513784,-0.08285474773,65.60790362,64.67973139,-10.99678881,4.567771531e-12,-5.523777068e-10,0.1700190859,5.374558547e-10,
3180470000,-1.095203729,0.8815355147,138.5274581,-581.4725419,15.88269692,-0.6605109226,0.5838066331,19.18414144,3.597256619,18.84385914,-2.655577492e-12,9.429717399e-10,5.238397239,4.256707994e-10,-15.73023357,0.1634889188,-33.9031344,-1113.903134,1.390882853,0.1356928225,-0.09119256812,65.54723366,64.42579049,-12.07300132,4.144895447e-12,-6.041490213e-10,0.1873939183,7.425956799e-10,
3192468000,-1.026785694,0.8885067168,136.6046697,-583.3953303,16.93830034,-0.6456162282,0.610429252,20.10730754,3.417363109,19.81477847,-2.515963623e-12,9.878313392e-10,5.798265457,4.19066468e-10,-15.40989873,0.1696309381,-37.67849923,-1117.678499,1.408567578,0.1342549078,-0.1036835324,65.31383143,63.87414584,-13.63781764,3.655516092e-12,-6.798896935e-10,0.2135107634,9.772115542e-10,
3204466000,-0.9920666218,0.8920653465,134.8159128,-585.1840872,17.52973011,-0.6287555348,0.6328088651,20.99354355,3.34425009,20.7254641,-2.396404902e-12,1.029363413e-09,6.197342763,4.141417847e-10,-15.08929515,0.1760091488,-42.41366672,-1122.413667,1.427211415,0.1299465828,-0.1187143887,64.69343855,62.83480121,-15.39573799,3.225996947e-12,-7.646540185e-10,0.2450192838,1.213694226e-09,
3216464000,-0.9513318019,0.8962587526,133.0729732,-586.9270268,18.27873484,-0.6120813405,0.6547031268,21.86831096,3.248951098,21.62561771,-2.288089011e-12,1.070064504e-09,6.656184428,4.049105555e-10,-14.79531596,0.1820682434,-48.2089522,-1128.208952,1.44519177,0.1213331877,-0.1357464652,63.5210652,61.15576194,-17.17260918,2.881410606e-12,-8.497236831e-10,0.2808011647,1.421928346e-09,
3228462000,-0.9189268756,0.8996087195,131.3493347,-588.6506653,18.92204891,-0.5943249721,0.6753322707,22.74992992,3.180580386,22.52650039,-2.188420254e-12,1.11049902e-09,7.082512515,4.043021521e-10,-14.56518834,0.1869565061,-54.8493339,-1134.849334,1.459893001,0.1076361905,-0.1528632908,61.75069514,58.86729259,-18.64913438,2.643417581e-12,-9.193547645e-10,0.3167995939,1.585555694e-09,
3240460000,-0.8828248299,0.9033556361,129.5933484,-590.4066516,19.69442976,-0.575739744,0.6961143243,23.66155992,3.099354334,23.45769427,-2.093766009e-12,1.152122846e-09,7.56857453,4.034593031e-10,-14.46076119,0.1892177791,-62.16919897,-1142.169199,1.466753646,0.08833861072,-0.1673309827,59.39897263,56.11496263,-19.47688164,2.521703618e-12,-9.566055403e-10,0.3470889176,1.692777369e-09,
3252458000,-0.8783362124,0.9038225849,127.8242542,-592.1757458,19.79490282,-0.5542615026,0.7139253825,24.60406085,3.129547949,24.40421562,-2.005134831e-12,1.194189609e-09,7.798000228,3.992924727e-10,-14.47440536,0.1889207808,-69.67583832,-1149.675838,1.465850379,0.06561806815,-0.1771590544,56.79347224,53.30884447,-19.58738345,2.498227641e-12,-9.584839832e-10,0.3674321522,1.740413428e-09,
3264456000,-0.8699694773,0.9046936169,126.122245,-593.877755,19.98495331,-0.5333259461,0.7307762829,25.52374678,3.145957647,25.32912554,-1.924815538e-12,1.234893512e-09,8.051324391,3.87547048e-10,-14.58790761,0.1864681318,-77.35359717,-1157.353597,1.458416293,0.04082412957,-0.1819443723,54.11395418,50.63515109,-19.0893036,2.553990205e-12,-9.306778917e-10,0.37699707,1.738779138e-09,
3276454000,-0.881098621,0.9035351843,124.4616064,-595.5383936,19.73294792,-0.5112688784,0.7449697733,26.43990435,3.234057064,26.24136842,-1.851098709e-12,1.274684002e-09,8.114070933,3.760163545e-10,-14.77015989,0.1825963137,-84.84379937,-1164.843799,1.446771446,0.01641016019,-0.1818574178,51.6141079,48.30775646,-18.17627024,2.672460442e-12,-8.829189289e-10,0.3762598716,1.719037139e-09,
3288452000,-0.9053211963,0.9010189814,122.9050512,-597.0949488,19.20589431,-0.4894771819,0.7564702857,27.31479182,3.371174904,27.10595934,-1.785516394e-12,1.311877873e-09,8.040508164,3.549343915e-10,-14.99523782,0.1779254649,-92.13658822,-1172.136588,1.432869423,-0.006633391783,-0.1778017693,49.36109769,46.33553699,-17.01575674,2.844312804e-12,-8.235308881e-10,0.3672290827,1.706531741e-09,
3300450000,-0.9455728417,0.8968531915,121.3122515,-598.6877485,18.38983889,-0.4660962246,0.7662244818,28.22705984,3.574851621,27.99977398,-1.722235148e-12,1.350210557e-09,7.832429691,3.355135714e-10,-15.23010451,0.1731788194,-99.40935646,-1179.409356,1.418902717,-0.02831249748,-0.170848781,47.32275744,44.63440568,-15.72301503,3.066981415e-12,-7.581982947e-10,0.3522622244,1.735860382e-09,
3312448000,-1.017184739,0.8894893714,120.0316174,-599.9683826,17.09780675,-0.4451697016,0.7700748527,28.98046321,3.893460079,28.71773348,-1.673096157e-12,1.379816148e-09,7.375890057,3.11104919e-10,-15.4532754,0.1687859257,-106.9257607,-1186.925761,1.406119027,-0.04913904431,-0.1614745895,45.43009341,43.11057669,-14.33079078,3.352747957e-12,-6.885590934e-10,0.332419371,1.83647642e-09,
3324446000,-1.111587684,0.8798742657,118.652438,-601.347562,15.64922185,-0.4218954887,0.7721288235,29.80709744,4.312908518,29.49342092,-1.623213701e-12,1.411971718e-09,6.838406333,2.669786725e-10,-15.64648772,0.1650728366,-114.9375483,-1194.937548,1.395418532,-0.06959968419,-0.1496827489,43.62705185,41.69712739,-12.83235055,3.730736994e-12,-6.143375533e-10,0.3077514293,2.032564208e-09,
3336444000,-1.23356843,0.8676040657,117.5162116,-602.4837884,14.10620406,-0.4008327063,0.7694608218,30.50927755,4.839942249,30.12293106,-1.583576557e-12,1.436923077e-09,6.223820349,2.23787304e-10,-15.86295928,0.1610096982,-124.0337717,-1204.033772,1.383817782,-0.09011414351,-0.1334299969,41.86740138,40.37946901,-11.06244914,4.312062081e-12,-5.277005887e-10,0.2739622241,2.287858456e-09,
3348442000,-1.320435871,0.858970416,116.8041761,-603.1958239,13.18142168,-0.3873463505,0.7666765813,30.95701892,5.217262436,30.51421296,-1.557669004e-12,1.45037239e-09,5.848701947,1.834257284e-10,-16.21991184,0.1545270124,-134.7514207,-1214.751421,1.365539798,-0.1087920131,-0.1097401269,40.29489679,39.31336247,-8.83958363,5.377068164e-12,-4.20154636e-10,0.2248493406,2.502554341e-09,
3360440000,-1.348669521,0.8561828493,116.1227482,-603.8772518,12.90654724,-0.3769736096,0.768726199,31.37230089,5.366934595,30.90982491,-1.532242277e-12,1.463930743e-09,5.759307173,1.938771165e-10,-16.92194618,0.1425288204,-146.4283309,-1226.428331,1.332439909,-0.1187542682,-0.07881553427,39.44457593,38.94369616,-6.266027431,7.558431723e-12,-2.967674588e-10,0.160899659,2.565904807e-09,
3372438000,-1.338118249,0.857223538,115.3878344,-604.6121656,13.00791119,-0.3675288641,0.7744383307,31.81135921,5.368008581,31.35517594,-1.505105405e-12,1.479739952e-09,5.841118819,2.61087286e-10,-17.99686803,0.1259379439,-157.7864332,-1237.786433,1.288167054,-0.1165909672,-0.04761210011,39.57975614,39.39576883,-3.811888525,1.238043675e-11,-1.798938635e-10,0.09675883066,2.399523483e-09,
3384436000,-1.332553244,0.8577729326,114.0373347,-605.9626653,13.06202094,-0.3493982235,0.7833870598,32.63198989,5.426533303,32.17762422,-1.461436164e-12,1.513170275e-09,5.929683358,3.503348083e-10,-19.42047919,0.1068995902,-167.930572,-1247.930572,1.239389858,-0.104536569,-0.0223523629,40.54003413,40.49864575,-1.831409325,2.56772438e-11,-8.612301926e-11,0.04522149546,2.070066624e-09,
3396434000,-1.359110407,0.8551542917,112.2083374,-607.7916626,12.80779606,-0.32322738,0.7917151782,33.77296237,5.650549008,33.29691102,-1.407320476e-12,1.560274093e-09,5.892685997,4.372221053e-10,-20.97444439,0.08938770367,-175.8213691,-1255.821369,1.196324394,-0.08915008638,-0.006513345253,41.81503199,41.81142717,-0.5490515319,8.534613224e-11,-2.572823889e-11,0.01313161423,1.72347269e-09,
3408432000,-1.470729155,0.8442353678,110.146526,-609.853474,11.83988523,-0.2907733657,0.7925807253,35.10863277,6.260496381,34.54594448,-1.351663004e-12,1.613104744e-09,5.518083931,4.850741085e-10,-22.45314915,0.07539499945,177.8831502,-1262.11685,1.163085857,-0.07534354796,0.002784909891,42.99358781,42.99291328,0.2408317644,-1.938883569e-10,1.124551282e-11,0.005601661901,1.514320897e-09,
3420430000,-1.721176328,0.8202404518,107.8908152,-612.1091848,10.12597367,-0.2519812046,0.7805766274,36.63878752,7.515897045,35.85961576,-1.297578954e-12,1.668572404e-09,4.771169103,4.716689614e-10,-23.77409772,0.06475825151,172.0859001,-1267.9141,1.138484518,-0.06414146864,0.008916453306,43.97292005,43.96587076,0.7873410855,-5.909850709e-11,3.663551824e-11,0.01790800618,1.5721906e-09,
3432428000,-2.091274103,0.7860248834,105.7202413,-614.2797587,8.346881225,-0.212965996,0.7566244788,38.18341615,9.349521306,37.0210713,-1.252476868e-12,1.716594346e-09,3.959675591,3.613419366e-10,-24.89944929,0.05688889987,165.4119136,-1274.588086,1.120640929,-0.05505489064,0.01432850111,44.78281676,44.76432027,1.286976327,-3.602866225e-11,5.967456394e-11,0.02875004735,1.942924918e-09,
3444426000,-2.696493584,0.7331204276,104.2351282,-615.7648718,6.494016803,-0.1802755659,0.7106097957,39.37244947,12.18467784,37.43959673,-1.234161831e-12,1.729953521e-09,3.072678427,8.435919481e-11,-25.94703455,0.05042527464,156.4605921,-1283.539408,1.106206017,-0.04622916562,0.02013883235,45.58306966,45.54595181,1.839161026,-2.512369531e-11,8.498123298e-11,0.04038034013,2.633547639e-09,
3456424000,-3.479570333,0.6699177476,104.1706846,-615.8293154,5.059095833,-0.1640034591,0.6495326427,39.71109627,15.51134717,36.55638489,-1.259591956e-12,1.68327999e-09,2.356751124,-4.033059946e-10,-27.01618081,0.04458522469,143.7356205,-1296.26438,1.093331663,-0.03594889625,0.02637269646,46.53218939,46.46733905,2.455819838,-1.8749799e-11,1.130809954e-10,0.05285045128,3.634051999e-09,
3468422000,-4.316763345,0.6083616551,106.8437387,-613.1562613,4.106752253,-0.1762804036,0.5822620739,38.42784514,18.2826087,33.80008137,-1.357595699e-12,1.550979099e-09,1.848755936,-9.828232604e-10,-28.21318316,0.0388455113,126.0488984,-1313.951102,1.080830942,-0.02285963108,0.03140718094,47.76727959,47.67303784,2.999076979,-1.530032254e-11,1.376181808e-10,0.06290929035,4.927473055e-09,
3480420000,-4.922223937,0.5673993098,113.1258936,-606.8741064,3.62320113,-0.2228476511,0.5218054246,35.20356287,19.17978398,29.51993776,-1.549077117e-12,1.349907199e-09,1.539117322,-1.388586124e-09,-29.62337187,0.03302413163,102.1353199,-1337.86468,1.068303942,-0.006942375088,0.03228616884,49.31126194,49.20855532,3.180980607,-1.437564881e-11,1.454619809e-10,0.06464283672,6.300501838e-09,
3492418000,-4.893317175,0.5692907682,120.9829679,-599.0170321,3.643503906,-0.2930613491,0.48806457,31.07764185,17.69193875,25.55024709,-1.783605526e-12,1.164364667e-09,1.444174517,-1.408177895e-09,-30.80593638,0.02882061084,70.84506335,-1369.154937,1.059351776,0.009456728041,0.02722495002,50.95398725,50.87849573,2.772632032,-1.643620985e-11,1.263531723e-10,0.05449516524,7.239415806e-09,
3504416000,-4.252974905,0.6128458574,127.0895314,-592.9104686,4.165901071,-0.3695842012,0.4888635424,27.42898298,14.76345699,23.11686494,-1.964606341e-12,1.049864892e-09,1.565816526,-1.043262507e-09,-31.13898972,0.02773642696,35.26938012,-1404.73062,1.057055366,0.02264530291,0.01601560603,52.31639121,52.2895323,1.676186603,-2.709456057e-11,7.612491881e-11,0.03205587294,7.328338018e-09,
3516414000,-3.447293524,0.6724117963,130.2734929,-589.7265071,5.105225944,-0.4346717789,0.5130283311,25.05214872,11.7998453,22.09918112,-2.048066009e-12,1.000221792e-09,1.872836513,-5.208810963e-10,-30.71306969,0.02913040452,3.136548808,-1436.863451,1.060008892,0.02908676631,0.001593892383,52.99580736,52.99553764,0.1690818471,-2.676844526e-10,7.652742753e-12,0.003190492156,6.518091515e-09,
3528412000,-2.670698177,0.7353008892,131.0113455,-588.9886545,6.555748841,-0.482510665,0.5548430911,23.96537427,9.165795363,22.14333668,-2.037031655e-12,9.988123523e-10,2.41586636,-9.024999674e-11,-30.01459395,0.03156968892,-22.27614201,-1462.276142,1.065197647,0.02921356865,-0.01196714941,53.00882408,52.99361725,-1.269630442,3.552740725e-11,-5.726881121e-11,0.02395817662,5.222489583e-09,
3540410000,-2.017631463,0.7927174655,130.2712173,-589.7287827,8.648666273,-0.5124177775,0.604837996,23.84757354,7.002749568,22.79623351,-1.971984405e-12,1.024777708e-09,3.255326109,1.722045731e-10,-29.45826555,0.03365787726,-41.14948718,-1481.149487,1.069660375,0.0253442243,-0.02214775376,52.5990168,52.54737379,-2.330252424,1.929139371e-11,-1.047537409e-10,0.04434574472,3.943195443e-09,
3552408000,-1.511426402,0.840289003,129.0397442,-590.9602558,11.52261922,-0.5292638602,0.6526602293,24.19870385,5.315650987,23.60764966,-1.897774211e-12,1.057669654e-09,4.441158707,2.913030629e-10,-29.13997364,0.03491413751,-55.37457591,-1495.374576,1.072354469,0.01983852516,-0.02873029616,52.02230208,51.93642391,-2.987939971,1.499427336e-11,-1.338656528e-10,0.0575307221,2.888153428e-09,
3564406000,-1.136635067,0.877340639,127.5402948,-592.4597052,15.30531893,-0.5345805181,0.6956653409,24.83821001,4.055697739,24.50485651,-1.822136056e-12,1.094170822e-09,6.042081556,3.320313146e-10,-29.11679237,0.0350074423,-65.47306032,-1505.47306,1.072554844,0.01453232614,-0.03184858731,51.47314628,51.36878633,-3.276061435,1.362953152e-11,-1.462800173e-10,0.06377533263,2.049450291e-09,
3576404000,-0.847007126,0.9070884638,126.0857093,-593.9142907,20.52585225,-0.5342703981,0.7330515827,25.5377534,3.064148267,25.35326101,-1.755253033e-12,1.128255313e-09,8.274162608,3.495551201e-10,-29.25558001,0.03445252049,-72.48807212,-1512.488072,1.0713637,0.01036691289,-0.0328557953,51.0464096,50.9362953,-3.351082639,1.327970483e-11,-1.491278297e-10,0.06578968139,1.380656221e-09,
3588402000,-0.6097876801,0.9322032571,124.5775537,-595.4224463,28.49994223,-0.5290451368,0.7675377226,26.31714447,2.237665138,26.22184105,-1.691437135e-12,1.163006714e-09,11.7183937,3.519738708e-10,-29.37617093,0.03397750253,-76.85348734,-1516.853487,1.070345158,0.00772790792,-0.03308700828,50.77795101,50.66688102,-3.356706243,1.321312992e-11,-1.488786349e-10,0.06625050083,8.505753291e-10,
3600400000,-0.3875648829,0.9563607763,122.9719825,-597.0280175,44.83032943,-0.5204791375,0.802326244,27.18450725,1.4442841,27.1461135,-1.628402341e-12,1.199988376e-09,18.79554963,3.424988131e-10,-29.57878334,0.03319409504,-79.50156641,-1519.501566,1.068667547,0.006048251053,-0.03263842222,50.60785401,50.50013917,-3.300125965,1.339488105e-11,-1.45881391e-10,0.06534884893,4.151250895e-10,
3612398000,-0.2279676668,0.9740956786,121.4957896,-598.5042104,76.2071951,-0.5089025597,0.8305904982,28.01068727,0.8618695699,27.99742456,-1.573643874e-12,1.233509849e-09,32.48452612,3.400571979e-10,-29.703724,0.03272003806,-80.33567821,-1520.335678,1.067653708,0.005492894294,-0.03225568171,50.55174604,50.44665804,-3.257870569,1.352355003e-11,-1.435351822e-10,0.06458050336,4.611577723e-11,
3624396000,-0.07537673839,0.991359478,120.22985,-599.77015,230.4674979,-0.4991199037,0.8565471011,28.73467634,0.2885976585,28.73322703,-1.528269989e-12,1.261737159e-09,99.561539,3.180657284e-10,-29.69982393,0.03273473304,-79.71218417,-1519.712184,1.06768512,0.005846193658,-0.032208458,50.58744425,50.48258858,-3.255421056,1.348892441e-11,-1.429524679e-10,0.06448601681,-2.670778264e-10,
3636394000,0.01874915222,1.002160907,118.6046087,-601.3953913,nan,-0.4797970398,0.8798416248,29.68515064,-0.07298583197,29.68506091,-1.474386191e-12,1.299233301e-09,-406.7236081,3.065088048e-10,-29.59542964,0.03313054024,-77.74411323,-1517.744113,1.068531568,0.007032887315,-0.03237547209,50.70752302,50.60132351,-3.280083801,1.334333101e-11,-1.435602277e-10,0.06482209503,-4.929328047e-10,
3648392000,0.1233522458,1.014302772,117.5484983,-602.4515017,nan,-0.4691142843,0.8993007846,30.31359697,-0.4855028189,30.30970881,-1.439252104e-12,1.322209889e-09,-62.42952178,2.927165138e-10,-29.20270782,0.03466287725,-75.02942933,-1515.029429,1.071815072,0.008954214075,-0.033486372,50.90249042,50.78844234,-3.405533146,1.280953974e-11,-1.485606355e-10,0.06705330955,-6.315547733e-10,
3660390000,0.2397171226,1.027982819,116.2169787,-603.7830213,nan,-0.4541337401,0.922231653,31.11848295,-0.9569707676,31.10376486,-1.397911931e-12,1.352401773e-09,-32.5023145,2.704780635e-10,-28.55171921,0.03736061696,-72.0314816,-1512.031482,1.07762121,0.01152554046,-0.03553839637,51.16450465,51.03539421,-3.632502441,1.196979897e-11,-1.57942383e-10,0.07117614152,-6.557803981e-10,
3672388000,0.2922812589,1.034222693,115.102042,-604.897958,nan,-0.4387500485,0.9365441656,31.80026109,-1.18109642,31.77831992,-1.36376845e-12,1.377217412e-09,-26.90577956,2.636106527e-10,-27.72506712,0.0410909937,-68.92919048,-1508.92919,1.085703635,0.01477309362,-0.03834351924,51.49722629,51.3459577,-3.944229146,1.098776681e-11,-1.709360681e-10,0.07681674123,-5.777639016e-10,
3684386000,0.3750434149,1.044124222,113.9864844,-606.0135156,nan,-0.4244585623,0.9539550931,32.49349854,-1.534398397,32.45724987,-1.330893455e-12,1.402060413e-09,-21.15307859,2.465918053e-10,-26.60106921,0.04676775679,-66.63173687,-1506.631737,1.09812458,0.01854993844,-0.04293160676,51.88651023,51.69546471,-4.448468517,9.710564716e-12,-1.921611236e-10,0.08605142718,-3.966178512e-10,
3696384000,0.4401833481,1.05198408,112.9707044,-607.0292956,nan,-0.4105477477,0.9685664927,33.13221977,-1.821704737,33.08210058,-1.301517381e-12,1.424413653e-09,-18.15996847,2.405571948e-10,-25.33216011,0.05412426286,-65.25168137,-1505.251681,1.11444265,0.02265820727,-0.04915324479,52.31263051,52.06020292,-5.132892275,8.388434161e-12,-2.210065778e-10,0.09859531824,-9.717701211e-11,
3708382000,0.4959022674,1.05875412,111.9571523,-608.0428477,nan,-0.3958820449,0.9819560547,33.77651627,-2.076411482,33.71263215,-1.273042801e-12,1.446866059e-09,-16.23600738,2.350403295e-10,-23.88020381,0.06397198246,-65.30471839,-1505.304718,1.136688179,0.02672699883,-0.0581212704,52.7365897,52.38098775,-6.1139198,7.019657612e-12,-2.623949091e-10,0.1167202083,2.702270682e-10,
3720380000,0.5508263287,1.065470222,110.9215387,-609.0784613,nan,-0.3804678679,0.995224093,34.44275636,-2.334585723,34.36354427,-1.244901183e-12,1.470045515e-09,-14.71933283,2.342290053e-10,-22.36534607,0.0761610103,-67.49402609,-1507.494026,1.164879402,0.02915289309,-0.07036055936,52.98758313,52.46464632,-7.425957989,5.760767432e-12,-3.176766678e-10,0.1415421338,7.111506496e-10,
3732378000,0.5667773227,1.067428677,109.9350423,-610.0649577,nan,-0.3639446849,1.003468109,35.08137682,-2.430933346,34.99705077,-1.218436957e-12,1.492333741e-09,-14.39654889,2.298535381e-10,-20.79049361,0.09130095482,-71.34649636,-1511.346496,1.20094872,0.02920208177,-0.08650492917,52.98502086,52.19660186,-9.106436715,4.682588961e-12,-3.883139428e-10,0.174464168,1.200662832e-09,
3744376000,0.5877617814,1.070010622,108.9232561,-611.0767439,nan,-0.3470059466,1.012180619,35.7447835,-2.552414038,35.65353741,-1.192169628e-12,1.515455905e-09,-13.9685556,2.34000191e-10,-19.2373632,0.1091771719,-77.58908628,-1517.589086,1.245115344,0.02346450628,-0.1066258496,52.37516457,51.19636926,-11.04941799,3.84681478e-12,-4.696562233e-10,0.2158242498,1.676815303e-09,
3756374000,0.6251491232,1.074626278,107.9922846,-612.0077154,nan,-0.3319401539,1.022075032,36.36433949,-2.74632863,36.26048628,-1.16847031e-12,1.536331481e-09,-13.2032583,2.389426461e-10,-17.82593325,0.1284408993,-86.18718308,-1526.187183,1.294738244,0.008540947896,-0.1281566105,50.84741349,49.20392276,-12.82316044,3.30412318e-12,-5.433083526e-10,0.2606125634,2.09363204e-09,
3768372000,0.6454497052,1.077140822,106.8393558,-613.1606442,nan,-0.3120361708,1.03095382,37.13896975,-2.877421258,37.02733479,-1.140627691e-12,1.563827393e-09,-12.86823564,2.444700918e-10,-16.6718288,0.1466927196,-96.28685674,-1536.286857,1.343821559,-0.01606377701,-0.1458105245,48.45143019,46.43309802,-13.83865946,3.051914348e-12,-5.844675257e-10,0.2980343774,2.383858749e-09,
3780370000,0.6487390844,1.077548816,105.8166915,-614.1833085,nan,-0.2936972977,1.036751344,37.83423475,-2.930891347,37.72054076,-1.116112349e-12,1.588048397e-09,-12.86998947,2.440336121e-10,-15.83329582,0.1615605076,-107.2125261,-1547.212526,1.385383821,-0.04780848258,-0.1543248087,45.53891314,43.41097942,-13.75788779,3.060089019e-12,-5.792120477e-10,0.3169218474,2.484610122e-09,
3792368000,0.6691878713,1.080088628,104.7313788,-615.2686212,nan,-0.2746531922,1.044584639,38.58394037,-3.066968183,38.46185332,-1.091137423e-12,1.614135041e-09,-12.54067568,2.263696969e-10,-15.33642218,0.1710719835,-118.5591819,-1558.559182,1.412754739,-0.08178374192,-0.1502565908,42.59546898,40.69028477,-12.59661472,3.331622696e-12,-5.286442401e-10,0.3095730294,2.412891237e-09,
3804366000,0.6156876844,1.073456337,103.7760256,-616.2239744,nan,-0.2556190262,1.042577298,39.24672943,-2.859129819,39.14244688,-1.068783816e-12,1.637516975e-09,-13.69033565,2.079786262e-10,-15.0712147,0.1763759089,-128.7096545,-1568.709655,1.428292253,-0.1103009346,-0.1376305383,40.23429184,38.70270601,-10.99539845,3.804756503e-12,-4.599904465e-10,0.284098958,2.210096279e-09,
3816364000,0.6067174828,1.072348316,102.9709182,-617.0290818,nan,-0.2406955082,1.044986403,39.81542074,-2.84896556,39.71336204,-1.050107321e-12,1.656177942e-09,-13.93957252,1.828676336e-10,-15.01607905,0.1774990559,-137.6480568,-1577.648057,1.431608151,-0.131175468,-0.1195780558,38.5508375,37.42663203,-9.241984982,4.512373943e-12,-3.854212003e-10,0.2469360581,1.943858586e-09,
3828362000,0.5698003099,1.067800243,102.2053322,-617.7946678,nan,-0.2257497973,1.043663925,40.3602511,-2.704740604,40.26952007,-1.03235884e-12,1.67410845e-09,-14.88849615,1.46536557e-10,-15.01609291,0.1774987727,-145.3982119,-1585.398212,1.431607314,-0.1461025495,-0.1007961275,37.36663525,36.5825414,-7.614663175,5.459544839e-12,-3.165613085e-10,0.2081501964,1.738700838e-09,
3840360000,0.4833222201,1.057221803,101.567443,-618.432557,nan,-0.2119954556,1.03574894,40.81584695,-2.315724337,40.75010164,-1.016996593e-12,1.688794828e-09,-17.59712976,9.832300308e-11,-14.96081511,0.1786319934,-152.1952507,-1592.195251,1.434962141,-0.1580075567,-0.08332467283,36.43859854,35.91041669,-6.181701771,6.70409477e-12,-2.561865017e-10,0.1721423013,1.650043099e-09,
3852358000,0.3812851983,1.044874812,101.3131011,-618.6868989,nan,-0.2049734723,1.024572715,40.99593441,-1.834012739,40.95489025,-1.008759705e-12,1.691995715e-09,-22.3307556,3.180528298e-11,-14.7920528,0.1821366565,-158.9857364,-1598.985736,1.445396307,-0.1700229629,-0.06531426891,35.52275692,35.20289751,-4.756286959,8.686112371e-12,-1.964995414e-10,0.1351106669,1.709522299e-09,
3864356000,0.2846269427,1.033311701,101.2936108,-618.7063892,nan,-0.2023604489,1.013303173,41.00658575,-1.369753929,40.98370224,-1.004920754e-12,1.687929062e-09,-29.92048527,-4.65925237e-11,-14.57069132,0.1868380965,-166.4892854,-1606.489285,1.4595348,-0.1816675853,-0.043650461,34.65175931,34.51084971,-3.1218065,1.319280133e-11,-1.28572765e-10,0.0904586971,1.886257457e-09,
3876354000,0.2005130382,1.023353436,101.6553686,-618.3446314,nan,-0.2067424192,1.002252377,40.74107757,-0.9601239863,40.72976262,-1.008056377e-12,1.672278397e-09,-42.42135725,-1.238610193e-10,-14.40476774,0.1904415085,-175.170722,-1615.170722,1.470482394,-0.1897654355,-0.01603270659,34.05375467,34.03492097,-1.132414164,3.625696168e-11,-4.649454406e-11,0.03327212557,2.056756203e-09,
3888352000,0.2289869294,1.026713675,102.40254,-617.59746,nan,-0.2205161504,1.002753009,40.20235204,-1.084914039,40.18771045,-1.018500611e-12,1.644931521e-09,-37.04229921,-1.611134766e-10,-14.47549431,0.1888970974,175.1608715,-1624.839128,1.465778379,-0.1882237702,0.01593504741,34.16274077,34.14409874,1.128440818,-3.627235651e-11,4.618844542e-11,0.03304936605,2.086389963e-09,
3900350000,0.3290065459,1.038604805,103.4335886,-616.5664114,nan,-0.2412867327,1.010188424,39.47077783,-1.53634399,39.44086649,-1.034594353e-12,1.609396301e-09,-25.67189819,-1.521637887e-10,-14.87125443,0.1804834061,165.7706555,-1634.229344,1.440463091,-0.1749461006,0.04436351837,35.13596995,34.98912152,3.20901227,-1.271584348e-11,1.309447012e-10,0.09171457101,1.89153681e-09,
3912348000,0.5238867576,1.062170751,103.8839719,-616.1160281,nan,-0.2548747561,1.031137994,39.1639801,-2.430038499,39.08851813,-1.040718913e-12,1.590127177e-09,-16.08555508,-8.158556113e-11,-15.54966878,0.1669231459,157.9815137,-1642.018486,1.400738888,-0.1547482625,0.06258044342,36.64535996,36.34536564,4.679401948,-8.693452833e-12,1.903588205e-10,0.1287482425,1.512032548e-09,
3924346000,0.7323702191,1.087973985,104.2008427,-615.7991573,nan,-0.2669035674,1.054727395,38.95936576,-3.379719638,38.81249381,-1.044915791e-12,1.574071258e-09,-11.4839389,5.564258197e-12,-16.34731363,0.1522770023,152.5685714,-1647.431429,1.359261227,-0.1351554051,0.0701519914,38.14600766,37.7585001,5.423427944,-7.47788817e-12,2.199513921e-10,0.1436346234,1.031187869e-09,
3936344000,0.9422757533,1.114586523,103.7808674,-616.2191326,nan,-0.2655047149,1.082501901,39.27650816,-4.368478382,39.03281299,-1.035850872e-12,1.578181462e-09,-8.93510499,6.266323072e-11,-17.09846899,0.1396614513,149.1074538,-1650.892546,1.324666264,-0.1198479196,0.07170632563,39.34746,38.93320265,5.694588593,-7.100104374e-12,2.302445933e-10,0.1462656089,5.871808286e-10,
3948342000,1.102548515,1.135343887,103.364973,-616.635027,nan,-0.2624383341,1.104595791,39.58969999,-5.135355688,39.25522216,-1.026852178e-12,1.582350934e-09,-7.644109688,1.101851139e-10,-17.72217224,0.1299844462,147.9377397,-1652.06226,1.298809477,-0.1101581474,0.06900100576,40.12014604,39.73061384,5.577135669,-7.227600825e-12,2.248104926e-10,0.1403737604,2.364193477e-10,
3960340000,1.275226799,1.158140742,102.9486066,-617.0513934,nan,-0.2595126672,1.128690903,39.90880955,-5.965950281,39.4603664,-1.018419124e-12,1.585801312e-09,-6.614263369,1.400616681e-10,-18.06412164,0.1249665897,147.6159374,-1652.384063,1.285627013,-0.1055314031,0.06693109509,40.49319223,40.1239031,5.456282392,-7.365306429e-12,2.192726669e-10,0.1359858331,2.074115286e-11,
3972338000,1.39371741,1.174048047,102.2373713,-617.7626287,nan,-0.2488538934,1.14737115,40.43205745,-6.578165988,39.89334534,-1.004323166e-12,1.59835923e-09,-6.064508772,1.753426951e-10,-18.25675415,0.1222256322,148.2085228,-1651.791477,1.278489864,-0.1038882512,0.06439205251,40.62447789,40.28168483,5.26631476,-7.607940793e-12,2.109991712e-10,0.1307372018,-3.779027255e-11,
3984336000,1.500542241,1.188576425,101.3198404,-618.6801596,nan,-0.2333005552,1.165454748,41.10639752,-7.166876749,40.47680564,-9.868654503e-13,1.616852519e-09,-5.64776081,2.02908851e-10,-18.21873239,0.1227618376,148.5241281,-1651.475872,1.279882574,-0.1046986756,0.06409879948,40.55792734,40.21867766,5.234829241,-7.630652155e-12,2.091060969e-10,0.1301591585,9.191033036e-12,
3996334000,1.587603902,1.200549843,100.3925851,-619.6074149,nan,-0.2165694131,1.180854612,41.79202369,-7.676574317,41.0809378,-9.694334582e-13,1.636058027e-09,-5.351467479,2.094105396e-10,-17.93068565,0.1269011967,148.2997783,-1651.700222,1.290691492,-0.1079686899,0.06668339922,40.29466635,39.92950932,5.412432162,-7.35810342e-12,2.15551386e-10,0.1355496788,1.895293657e-10,
4008332000,1.6798452,1.213367226,99.48889898,-620.511101,nan,-0.2000314869,1.196765402,42.46869267,-8.220872521,41.66541866,-9.529732184e-13,1.654368285e-09,-5.06824775,2.030321952e-10,-17.43426893,0.1343651229,147.3718165,-1652.628184,1.310442951,-0.1131605969,0.07244767463,39.88261727,39.4553841,5.822012187,-6.819983683e-12,2.311689796e-10,0.1475593844,4.20570263e-10,
4020330000,1.765830781,1.225438552,98.63032824,-621.3696718,nan,-0.1838877144,1.211563021,43.11796663,-8.742010858,42.22246194,-9.375941223e-13,1.671483069e-09,-4.829834077,1.930572691e-10,-16.7699458,0.1450449824,144.6915266,-1655.308473,1.33930436,-0.1183642658,0.08383285464,39.48332522,38.91667857,6.665215635,-5.939422564e-12,2.638594382e-10,0.1712688719,7.35132839e-10,
4032328000,1.851255843,1.237550107,97.81620429,-622.1837957,nan,-0.168301578,1.226052547,43.74016133,-9.266135664,42.74740276,-9.233248986e-13,1.687228929e-09,-4.613293428,1.738756762e-10,-16.05156173,0.1575512719,141.2454503,-1658.75455,1.374031716,-0.1228639611,0.09862479575,39.15336855,38.37618933,7.762368304,-5.084755036e-12,3.06378669e-10,0.2022704297,1.123969891e-09,
4044326000,1.934715518,1.249498606,97.05959042,-622.9404096,nan,-0.1535653452,1.240025988,44.32410675,-9.783349204,43.23092085,-9.102894089e-13,1.701251271e-09,-4.418826309,1.64273921e-10,-15.27485299,0.1722889208,135.4867385,-1664.513261,1.416302077,-0.1228571964,0.12078734,39.20095331,38.0397582,9.470561569,-4.155260393e-12,3.726916889e-10,0.2489648204,1.53583524e-09,
4056324000,2.051964939,1.266479741,96.51917924,-623.4808208,nan,-0.1437907863,1.258290564,44.75177275,-10.44371375,43.51608907,-9.016492745e-13,1.707408156e-09,-4.166725562,1.701674369e-10,-14.57888654,0.1866618962,127.7005072,-1672.299493,1.45900197,-0.1141501042,0.1476902745,39.95373483,38.20459894,11.69228579,-3.355738206e-12,4.587614498e-10,0.3060439348,1.936695808e-09,
4068322000,2.136162534,1.278816192,95.73111546,-624.2688845,nan,-0.1277027348,1.272424012,45.36783764,-10.98962325,44.01668857,-8.887660272e-13,1.721956513e-09,-4.005295502,1.805373187e-10,-14.16897534,0.1956821598,118.295486,-1681.704514,1.486579185,-0.09275703033,0.1723010185,41.73800099,39.29171909,14.07911706,-2.778621505e-12,5.507826259e-10,0.3583227556,2.189978024e-09,
4080320000,2.216092976,1.290638597,94.80543773,-625.1945623,nan,-0.1081199141,1.286101891,46.09601469,-11.55015273,44.62551448,-8.740628692e-13,1.740640738e-09,-3.863629818,1.966736746e-10,-14.09447723,0.1973677265,108.0154192,-1691.984581,1.491801123,-0.06104049459,0.1876914423,44.43262239,41.38746779,16.16587277,-2.412830151e-12,6.305580347e-10,0.3905982566,2.219846425e-09,
4092318000,2.289633885,1.301612451,94.01750502,-625.982495,nan,-0.09119259078,1.298413988,46.72239954,-12.06632416,45.13741729,-8.616165892e-13,1.755445955e-09,-3.740776122,2.102923099e-10,-14.41944753,0.1901199202,98.0336411,-1701.966359,1.469501411,-0.02657011644,0.1882541181,47.49818568,44.24249361,17.28234364,-2.250339905e-12,6.721301761e-10,0.3906277026,2.037364535e-09,
4104316000,2.395961925,1.317644023,93.12854112,-626.8714589,nan,-0.07191202187,1.315680216,47.4373938,-12.78095941,45.68318517,-8.48834386e-13,1.771477814e-09,-3.574315802,2.243539968e-10,-14.97764764,0.1782861547,89.8907383,-1710.109262,1.433937327,0.0003399872985,0.1782858306,50.03296221,46.95026832,17.29073774,-2.242672292e-12,6.704908641e-10,0.3682777194,1.706378459e-09,
4116314000,2.463595862,1.327944098,92.02800693,-627.9719931,nan,-0.04699329615,1.327112338,48.32742015,-13.35881602,46.44439226,-8.324887074e-13,1.79574605e-09,-3.476684776,2.479690662e-10,-15.69018555,0.1642444573,83.35808699,-1716.641913,1.393044255,0.01899713672,0.1631421177,51.88533316,49.19320015,16.49596483,-2.343872122e-12,6.378071118e-10,0.3353301834,1.275402603e-09,
4128312000,2.518579832,1.336376997,90.95494812,-629.0450519,nan,-0.02227234946,1.336191386,49.20682453,-13.88302186,47.2077672,-8.166466027e-13,1.819956801e-09,-3.400395653,2.713347332e-10,-16.42398109,0.1509388183,78.50156451,-1721.498435,1.355542855,0.03008832164,0.1479094986,53.0336832,50.75896012,15.36553028,-2.508996565e-12,5.92372887e-10,0.3027156239,8.789414614e-10,
4140310000,2.591559247,1.347652627,89.74906238,-630.2509376,nan,0.005902278848,1.347639702,50.2100266,-14.55174652,48.05510841,-7.99922128e-13,1.847254927e-09,-3.30236019,2.752146785e-10,-16.99839585,0.1412798442,76.18412322,-1723.815877,1.329047463,0.03373798731,0.1371923562,53.42481197,51.44653271,14.40363863,-2.668794016e-12,5.536808322e-10,0.2799729714,5.538718357e-10,
4152308000,2.639735844,1.355148199,88.40815996,-631.59184,nan,0.03764503557,1.354625222,51.34529104,-15.14641923,49.06042087,-7.812666789e-13,1.88045022e-09,-3.239077179,2.7299395e-10,-17.43479055,0.1343570539,74.4957488,-1725.504251,1.310421415,0.03591496719,0.1294678843,53.66154852,51.88783937,13.68261362,-2.801312172e-12,5.244446203e-10,0.2636959601,3.384627751e-10,
4164306000,2.674520241,1.360586044,87.35775473,-632.6422453,nan,0.06272238509,1.359139539,52.25046019,-15.61395038,49.86296364,-7.664774978e-13,1.90570461e-09,-3.193488031,2.57364661e-10,-17.6606575,0.1309082825,73.39935713,-1726.600643,1.30125309,0.03740038113,0.1254519427,53.82276461,52.15033683,13.31286441,-2.870820166e-12,5.088022295e-10,0.2552785891,2.51069768e-10,
4176304000,2.689018818,1.362859045,86.25491541,-633.7450846,nan,0.08901857655,1.359948701,53.21879126,-15.9998794,50.75670992,-7.508178074e-13,1.934289573e-09,-3.172318281,2.366372142e-10,-17.68629828,0.1305224105,72.58437008,-1727.41563,1.300231799,0.03906549998,0.1245390957,54.00069504,52.34628615,13.26429005,-2.873055512e-12,5.054893821e-10,0.2533950549,2.158370118e-10,
4188302000,2.656775563,1.357809297,85.26753449,-634.7324655,nan,0.1120236394,1.353180251,54.10763925,-16.10258191,51.65601108,-7.356331232e-13,1.962921849e-09,-3.207933446,2.23152758e-10,-17.54248493,0.132701476,71.71760944,-1728.282391,1.306011073,0.04162853822,0.1260029624,54.27276937,52.57064157,13.48559009,-2.817813125e-12,5.124507077e-10,0.256523217,2.561036935e-10,
4200300000,2.540661998,1.339778795,84.34275815,-635.6572419,nan,0.132071564,1.333253285,54.97129944,-15.70624086,52.67976614,-7.192766848e-13,1.996106274e-09,-3.354065853,1.908877896e-10,-17.23370661,0.1375037903,70.6753202,-1729.32468,1.31885077,0.0455028778,0.12975662,54.68441063,52.86620772,13.98387813,-2.70964372e-12,5.298677065e-10,0.2645144929,3.643981288e-10,
4212298000,2.421354265,1.321501661,83.49453713,-636.5054629,nan,0.1497234229,1.312992588,55.78427458,-15.25114639,53.65899575,-7.04139169e-13,2.027419336e-09,-3.518358186,1.341806382e-10,-16.77250131,0.1450023145,68.82296426,-1731.177036,1.339187619,0.05238221139,0.1352101148,55.42287571,53.42222704,14.75672087,-2.560419826e-12,5.575590971e-10,0.2762281111,4.871419228e-10,
4224296000,2.190655105,1.286864307,83.01892502,-636.981075,nan,0.1564074115,1.277323947,56.28048975,-13.99834343,54.51183273,-6.911542869e-13,2.053792546e-09,-3.89416312,4.792084308e-11,-16.25696614,0.1538691989,66.16200492,-1733.837995,1.363700739,0.06218653729,0.1407429038,56.49333869,54.28229658,15.65022664,-2.407382829e-12,5.896392984e-10,0.2883118,6.24936764e-10,
4236294000,1.860438273,1.238859095,83.03163231,-636.9683677,nan,0.1503000604,1.229707994,56.32701659,-11.96801144,55.04088935,-6.825722003e-13,2.06785214e-09,-4.599000395,-9.856743712e-11,-15.77041655,0.1627343271,63.45375526,-1736.546245,1.388728052,0.07272922382,0.1455778872,57.66721641,55.24920568,16.52371387,-2.273664458e-12,6.207857012e-10,0.2990760441,7.527033449e-10,
4248292000,1.51916029,1.19112685,83.53929286,-636.4607071,nan,0.134027744,1.183562308,55.88536425,-9.735848383,55.03078406,-6.807694707e-13,2.061633547e-09,-5.652387126,-2.914938919e-10,-15.26391067,0.1725061039,59.86354037,-1740.13646,1.416936257,0.08660861578,0.1491888185,59.2549044,56.63718977,17.41758968,-2.150887604e-12,6.525199998e-10,0.3075292004,8.681899637e-10,
4260290000,1.188471381,1.146630709,85.36305501,-634.636945,nan,0.09269550959,1.142877739,54.17858198,-7.390961677,53.67208241,-6.960373152e-13,2.005069425e-09,-7.261853702,-5.236041068e-10,-14.73800319,0.1832735704,55.71651402,-1744.283486,1.448800391,0.103235789,0.1514317453,61.22204794,58.42039698,18.30836884,-2.040475176e-12,6.839598716e-10,0.3133900108,9.983523564e-10,
4272288000,0.934056792,1.113532353,88.14843236,-631.8515676,nan,0.03597859467,1.112950961,51.63286888,-5.53400877,51.33544483,-7.256751991e-13,1.912392095e-09,-9.276357693,-7.556869935e-10,-14.19546611,0.1950862651,51.28084781,-1748.719152,1.484738318,0.1220271406,0.152210472,63.53626754,60.57531835,19.16997913,-1.943291585e-12,7.141365325e-10,0.3164651818,1.107229314e-09,
4284286000,0.8287152084,1.100109108,92.0350263,-627.9649737,nan,-0.03906536063,1.099415275,48.26269213,-4.593662286,48.04358145,-7.732257387e-13,1.784748607e-09,-10.45866641,-9.181718618e-10,-13.5949117,0.2090520426,46.18428471,-1753.815715,1.528611372,0.1447353242,0.1508457571,66.47537818,63.3954212,19.99991189,-1.85743487e-12,7.429674021e-10,0.3154788077,1.228288803e-09,
4296284000,0.9603617661,1.116909766,96.52342581,-623.4765742,nan,-0.1268914858,1.109678321,44.63957717,-4.947234525,44.36458858,-8.350081053e-13,1.643476914e-09,-8.967553158,-9.72519922e-10,-12.93290042,0.2256082512,40.71748786,-1759.282512,1.582672146,0.1709964501,0.147170979,70.08649501,66.94122156,20.76028994,-1.784406246e-12,7.690606032e-10,0.3101271453,1.364878348e-09,
4308282000,1.332573187,1.165812371,101.0047651,-618.9952349,nan,-0.2225426616,1.14437461,41.30854953,-6.40321653,40.80925241,-9.052267314e-13,1.507560147e-09,-6.373242608,-9.201525998e-10,-12.27013938,0.2434966727,34.47157768,-1765.528422,1.643742503,0.2007403761,0.1378184711,74.50937752,71.50313509,20.95111002,-1.763230021e-12,7.739680743e-10,0.2930096701,1.575092037e-09,
4320280000,1.925346347,1.248151541,104.6664922,-615.3335078,nan,-0.3160222627,1.20748176,38.84986313,-8.744436877,37.85296143,-9.732140606e-13,1.394466544e-09,-4.328804926,-7.739657637e-10,-11.62927664,0.262141734,27.66074257,-1772.339257,1.710547665,0.2321820571,0.121695444,79.63555123,77.04767755,20.13644467,-1.829470639e-12,7.41807176e-10,0.2613504432,1.826112667e-09,
4332278000,2.658164903,1.358026501,107.8354767,-612.1645233,nan,-0.4159428629,1.29275965,36.99362162,-11.48269898,35.16639965,-1.044662264e-12,1.291908399e-09,-3.062555217,-5.849423061e-10,-10.94041944,0.283778199,18.69633969,-1781.30366,1.792431056,0.2688034386,0.09096580488,86.31940642,84.67771797,16.75482033,-2.192623373e-12,6.155220133e-10,0.1978657519,2.087380489e-09,
4344276000,3.454236842,1.488373202,109.8229442,-610.1770558,nan,-0.5047291886,1.400179715,36.12884711,-14.38268992,33.14259833,-1.105391623e-12,1.214197337e-09,-2.304339349,-4.018822232e-10,-10.44105467,0.3005711316,9.167647246,-1790.832353,1.85947591,0.2967317522,0.04788812399,92.04295572,91.53698164,9.63777413,-3.801246022e-12,3.530851615e-10,0.1052883103,2.31807735e-09,
4356274000,4.317487306,1.643896101,111.0591871,-608.9408129,nan,-0.5907047299,1.534099838,35.92328325,-17.42897997,31.41198715,-1.163079852e-12,1.147625936e-09,-1.802284884,-2.174173299e-10,-10.12079493,0.3118604158,-1.361778653,-1801.361779,1.906387085,0.3117723357,-0.00741145121,95.29675162,95.28390767,-1.564547096,2.335158172e-11,-5.716017955e-11,0.01641984606,2.425141113e-09,
4368272000,5.270947645,1.834625317,111.7338463,-608.2661537,nan,-0.6793536052,1.704209122,36.23898968,-20.66404391,29.77014717,-1.223853621e-12,1.084654545e-09,-1.440673825,-6.229523804e-11,-10.06141428,0.3139997382,-12.37232395,-1812.372324,1.915450782,0.3067073736,-0.06727869298,93.92285698,92.89357996,-13.86671793,2.627464018e-12,-5.052241947e-10,0.1492753099,2.418518474e-09,
4380270000,6.212150267,2.044596031,111.5754573,-608.4245427,nan,-0.751851628,1.901339543,37.08314976,-23.79066935,28.44580897,-1.277323673e-12,1.033564394e-09,-1.195670813,5.261519766e-11,-10.34088148,0.304057644,-22.90799224,-1822.907992,1.873801232,0.2800769573,-0.1183551808,88.100316,85.24834039,-22.23479572,1.634128133e-12,-8.078903006e-10,0.2608237957,2.253178445e-09,
4392268000,7.258481086,2.30634384,110.910162,-609.089838,nan,-0.8231426141,2.154450776,38.29642524,-27.11203338,27.04725184,-1.339701845e-12,9.800640188e-10,-0.9976105982,1.53339495e-10,-10.77075951,0.289375677,-32.29053833,-1832.290538,1.814426604,0.2446237469,-0.1545881785,81.33169758,77.06273461,-26.00346067,1.393478109e-12,-9.422419815e-10,0.3374323635,1.990509486e-09,
4404266000,8.252746824,2.586052523,110.3347304,-609.6652696,nan,-0.8986638495,2.424885758,39.40230453,-29.98244829,25.56549232,-1.413488992e-12,9.238484857e-10,-0.8526819449,2.331870009e-10,-11.26750575,0.2732906115,-40.06321443,-1840.063214,1.752131776,0.2091588126,-0.1758986908,75.40953897,70.48707696,-26.79870426,1.348443626e-12,-9.684125008e-10,0.3801931562,1.720378693e-09,
4416264000,9.329413791,2.9273233,109.0426286,-610.9573714,nan,-0.9551022807,2.767128717,40.84100624,-32.96864116,24.10511338,-1.495050718e-12,8.687089243e-10,-0.7311527724,3.244498139e-10,-11.76865774,0.2579687582,-46.78255192,-1846.782552,1.695304304,0.1766490252,-0.187997346,70.54557482,65.43654697,-26.35785361,1.367272449e-12,-9.498940036e-10,0.4028001909,1.510306727e-09,
4428262000,10.55886424,3.372432082,107.4732242,-612.5267758,nan,-1.012606695,3.21681921,42.38783094,-36.02211979,22.34133161,-1.608710027e-12,8.02963637e-10,-0.6202114629,4.824789786e-10,-12.04552224,0.2498756218,-52.81597185,-1852.815972,1.666224506,0.151019091,-0.1990755145,66.97797357,61.6493038,-26.18037976,1.372811415e-12,-9.409418075e-10,0.4246662678,1.455301229e-09,
4440260000,11.92263878,3.945771566,105.3339671,-614.6660329,nan,-1.04343889,3.805305314,44.05332007,-39.04674168,20.39722954,-1.757278305e-12,7.311103195e-10,-0.5223798111,6.910493719e-10,-12.15600889,0.2467172726,-58.53134782,-1858.531348,1.655045612,0.1287943082,-0.2104315536,64.05742352,58.45593421,-26.19651243,1.368258811e-12,-9.389775476e-10,0.4481411988,1.576341329e-09,
4452258000,13.50651534,4.73506306,101.7692521,-618.2307479,nan,-0.9658141828,4.635517786,46.03308634,-42.24605851,18.2842987,-1.955066351e-12,6.536091393e-10,-0.4328048426,1.102813771e-09,-11.90918197,0.253828803,-65.61808393,-1865.618084,1.680350043,0.1047848387,-0.2311908276,61.0389651,54.72075037,-27.04431068,1.321794353e-12,-9.667534378e-10,0.4942240466,1.971942455e-09,
4464256000,15.550898,5.991628804,96.97043604,-623.029564,nan,-0.7271272047,5.947344092,48.06678906,-45.49686329,15.50650318,-2.299096329e-12,5.52821485e-10,-0.3408257638,1.907513058e-09,-11.23553371,0.2742984253,-74.42479375,-1874.424794,1.755953783,0.07364995109,-0.2642258708,57.39070715,49.82868768,-28.47446488,1.252032117e-12,-1.015141569e-09,0.5714472166,2.853716955e-09,
4476254000,17.72972065,7.699916804,87.83818243,-632.1618176,nan,0.2904553581,7.694436592,50.48411757,-48.81163844,12.88681806,-2.7590509e-12,4.581958027e-10,-0.2640111758,3.551263882e-09,-10.37067866,0.303016353,-87.45610691,-1887.456107,1.869507783,0.01344929726,-0.3027177342,51.24737975,42.64080028,-28.42632728,1.250790741e-12,-1.010709066e-09,0.6666461955,4.63806692e-09,
4488252000,20.19647889,10.22878251,71.10408695,-648.895913,nan,3.312590524,9.677537686,53.24092039,-52.33588371,9.775013081,-3.627651438e-12,3.466252899e-10,-0.1867745873,5.272984851e-09,-9.268598034,0.3440092325,-109.2423492,-1909.242349,2.048823397,-0.1133732569,-0.3247904812,40.70788432,32.77321188,-24.14639578,1.468556242e-12,-8.562394105e-10,0.7367723332,6.521502669e-09,
4500250000,21.95952055,12.53072005,38.00791137,-681.9920886,nan,9.873276816,7.716044963,56.69255174,-56.41724406,5.58032221,-6.337591099e-12,1.973525612e-10,-0.09891164134,6.155238721e-09,-8.947144886,0.3569790716,-148.3748547,-1948.374855,2.110318672,-0.3039665696,-0.1871854217,27.35693712,25.14067179,-10.78650225,3.278708848e-12,-3.814732852e-10,0.4290459038,7.658704133e-09,
4512248000,20.48764961,10.57748651,8.008081546,-711.9919185,nan,10.4743394,1.473579014,60.32682472,-60.30552736,1.60285675,-2.200556177e-11,5.653558378e-11,-0.02657893596,5.567862713e-09,-11.90354033,0.2539937227,175.1935999,-1984.8064,1.680942588,-0.2531005552,0.02128191916,29.80985219,29.77904429,1.354920133,-2.603235598e-11,4.779042213e-11,0.04549911407,7.360077303e-09,
4524246000,17.4994391,7.498457854,-13.54481237,-733.5448124,nan,7.289903545,-1.756182363,64.87955396,-64.74873787,-4.117944439,8.542666221e-12,-1.448619754e-10,-0.0635988372,3.835917445e-09,-16.51848536,0.1493054746,144.9254806,-2015.074519,1.351020184,-0.1221923996,0.08579709905,39.18329966,38.59341939,6.773400338,-5.193584182e-12,2.382762001e-10,0.1755066134,6.081068507e-09,
4536244000,14.70425587,5.435165759,-23.36534148,-743.3653415,nan,4.989453332,-2.155546864,70.18922059,-69.40195514,-10.48309633,3.346833816e-12,-3.678013351e-10,-0.1510490058,2.198420488e-09,-21.10149252,0.08808974925,125.1563097,-2034.84369,1.193198287,-0.05072287428,0.07202078831,45.19634806,44.72751664,6.493006472,-5.403534008e-12,2.278083091e-10,0.1451680522,4.938702481e-09,
4548242000,12.23872889,4.09200772,-29.14738464,-749.1473846,nan,3.573835621,-1.993044439,76.63252161,-74.28867238,-18.80788462,1.860529735e-12,-6.581373214e-10,-0.2531729808,1.098261604e-09,-25.45776374,0.0533472225,105.3146025,-2054.685397,1.112707053,-0.01409000815,0.05145286987,48.6141947,48.35737069,4.990453465,-7.011913615e-12,1.746290847e-10,0.1031994377,4.351034615e-09,
4560240000,10.33731299,3.287499152,-31.66860055,-751.6686005,nan,2.797987085,-1.725954503,83.69228894,-78.94527884,-27.78564695,1.256064435e-12,-9.697347199e-10,-0.3519608437,5.481140841e-10,-29.55434544,0.03328761868,88.34084468,-2071.659155,1.068867678,0.0009637989342,0.033273663,50.09636608,49.9855615,3.330095421,-1.048034922e-11,1.162222048e-10,0.06662114659,4.269592322e-09,
4572238000,8.604808777,2.693025333,-33.11167974,-753.1116797,nan,2.255697884,-1.47112627,92.35627857,-83.56592752,-39.32452095,8.85172396e-13,-1.368846481e-09,-0.4705807991,2.060098076e-10,-33.2753002,0.02168877333,69.36652918,-2090.633471,1.04433921,0.007642872392,0.02029752178,50.76985394,50.72803301,2.060275869,-1.689530075e-11,7.171610242e-11,0.04061414857,4.209181664e-09,
4584236000,7.095057381,2.263356001,-33.22048493,-753.2204849,nan,1.893452312,-1.240007552,102.9852575,-88.24913662,-53.08533834,6.540012442e-13,-1.843010265e-09,-0.601539464,9.71925062e-12,-36.47881748,0.0149988902,50.92252277,-2109.077477,1.030454565,0.009454860882,0.01164355243,50.95438022,50.94056362,1.186525175,-2.926012702e-11,4.119363546e-11,0.02329234485,4.111515328e-09,
4596234000,5.735122962,1.935334988,-32.82051265,-752.8205127,nan,1.626402517,-1.048969194,115.7393145,-91.96393114,-70.27250024,4.927567645e-13,-2.433343423e-09,-0.7641311041,-1.344077513e-10,-38.58239365,0.01177281495,33.12059258,-2126.879407,1.023826131,0.009859996101,0.006432701511,50.99577676,50.99155574,0.6561178526,-5.277596046e-11,2.271955682e-11,0.0128671864,3.719140549e-09,
4608232000,4.503328679,1.679447507,-32.02408492,-752.0240849,nan,1.423878025,-0.8905702086,130.9086951,-93.57353082,-91.54824292,3.772556762e-13,-3.161810298e-09,-0.9783561881,-2.306508817e-10,-39.2854091,0.01085749268,17.66988336,-2142.330117,1.021953344,0.01034524877,0.003295599367,51.0453277,51.04421867,0.3364822558,-1.026416511e-10,1.162111939e-11,0.006591975831,3.312138414e-09,
4620230000,3.443553792,1.486543731,-30.80715619,-750.8071562,nan,1.27678637,-0.7613335858,148.1759188,-92.17764396,-116.014589,2.969230617e-13,-3.996401761e-09,-1.258597899,-3.126714958e-10,-38.99529254,0.01122626715,5.672801938,-2154.327198,1.022707454,0.01117128768,0.001109687206,51.12974812,51.12962216,0.1134900782,-3.035279163e-10,3.909438911e-12,0.002219654154,2.981387651e-09,
4632228000,2.428402547,1.322574446,-29.24593446,-749.2459345,nan,1.153986776,-0.6461560861,169.274579,-84.89946514,-146.4444055,2.34615888e-13,-5.031563866e-09,-1.724915525,-3.911357861e-10,-37.77844048,0.01291451128,-6.883847962,-2166.883848,1.026166956,0.01282141276,-0.001547894186,51.29879049,51.29854459,-0.1588359292,2.163124201e-10,-5.45731412e-12,0.003096304787,2.918867855e-09,
4644226000,1.542834517,1.194377809,-27.45700919,-747.4570092,nan,1.059839567,-0.5507072214,192.4533706,-69.50065806,-179.4657583,1.909524293e-13,-6.150187898e-09,-2.582216676,-4.582200493e-10,-36.31747316,0.01528010513,-18.98978202,-2178.989782,1.031034419,0.01444851018,-0.004972138995,51.46599623,51.46345053,-0.5118863745,6.694732314e-11,-1.754205045e-11,0.009946600339,3.096706389e-09,
4656224000,0.7243123447,1.086965143,-25.25203352,-745.2520335,nan,0.9830947596,-0.4637002433,219.4557779,-42.14818871,-215.3703059,1.587085931e-13,-7.361597891e-09,-5.109835381,-5.138277732e-10,-34.90056506,0.01798753893,-33.03586241,-2193.035862,1.036634034,0.01507948461,-0.009806156274,51.53088619,51.52097214,-1.010772446,3.38168283e-11,-3.454933247e-11,0.0196186602,3.275519784e-09,
4668222000,-0.03453832972,0.9960315231,-22.90820318,-742.9082032,502.9716927,0.9174742024,-0.3877110819,246.7576833,2.520583349,-246.7448093,1.381721786e-13,-8.412336878e-09,97.89194607,-5.601306485e-10,-33.54781043,0.02101887554,-48.1289007,-2208.128901,1.042940308,0.01402919625,-0.01565167024,51.422528,51.39732981,-1.609619234,2.118095208e-11,-5.48771797e-11,0.0313171762,3.34383332e-09,
4680220000,-0.7041197611,0.9221339506,-20.42350734,-740.4235073,24.68513513,0.8641675946,-0.3217846973,270.8058869,61.34183948,-263.7669561,1.289239123e-13,-8.969624266e-09,4.299951849,-5.915447894e-10,-32.52889143,0.0236349903,-63.05372408,-2223.053724,1.048414251,0.01071031018,-0.02106898247,51.08214066,51.03679946,-2.151788883,1.58035336e-11,-7.317344851e-11,0.0421615169,3.216403683e-09,
4692218000,-1.295211106,0.8614685849,-17.77446674,-737.7744667,13.43715852,0.8203468369,-0.262981349,288.7465657,127.1125737,-259.2623628,1.308285342e-13,-8.793898025e-09,2.039627987,-6.162455713e-10,-31.79027738,0.02573274586,-76.19561309,-2236.195613,1.052824819,0.006140034205,-0.02498948158,50.61740876,50.55422493,-2.528321934,1.341558385e-11,-8.575793656e-11,0.05001207986,3.031535062e-09,
4704216000,-1.842021379,0.8089076284,-15.04366386,-735.0436639,9.466142544,0.7811849933,-0.2099560848,295.7142218,187.9418047,-228.3085172,1.481872243e-13,-7.724226326e-09,1.214783042,-6.272893926e-10,-31.15440398,0.02768724865,-88.46524672,-2248.465247,1.056951323,0.0007415557416,-0.02767731622,50.07415376,49.99749541,-2.7697162,1.221511629e-11,-9.370616149e-11,0.05539709895,2.797287673e-09,
4716214000,-2.318769887,0.7657050399,-12.28943907,-732.2894391,7.536248494,0.7481587744,-0.1629805404,292.6449667,229.8650679,-181.1163358,1.863240884e-13,-6.112012755e-09,0.7879245745,-6.251374366e-10,-30.6994928,0.02917597379,-100.8933832,-2260.893383,1.060105587,-0.005513735054,-0.02865023861,49.45209724,49.37097476,-2.8313906,1.191864385e-11,-9.554905902e-11,0.05734929509,2.536789919e-09,
4728212000,-2.753190612,0.7283505783,-9.61882854,-729.6188285,6.362430545,0.7181108288,-0.1217021053,280.4881754,249.0139791,-129.0955258,2.60742605e-13,-4.34544624e-09,0.5184268218,-6.234487409e-10,-30.50840863,0.02982493931,-111.1161825,-2271.116183,1.061483624,-0.01074474145,-0.02782224894,48.93776168,48.86203958,-2.721324349,1.236923621e-11,-9.160169255e-11,0.05569403923,2.234545003e-09,
4740210000,-3.106687318,0.6993033909,-6.986166261,-726.9861663,5.651222326,0.694111446,-0.08505605832,267.1304244,253.453821,-84.37905098,3.97912803e-13,-2.833069222e-09,0.3329168629,-6.225595903e-10,-30.40899649,0.03016825398,-119.655675,-2279.655675,1.062213377,-0.01492684577,-0.02621665165,48.53026433,48.46356953,-2.543419867,1.320092885e-11,-8.539660567e-11,0.05248106756,1.897177185e-09,
4752208000,-3.407869284,0.6754707319,-4.231051875,-724.2310519,5.16277235,0.6736298302,-0.04983534463,253.5750518,249.4192917,-45.72005952,7.325173295e-13,-1.531198439e-09,0.1833060274,-6.17292751e-10,-30.31912598,0.030482017,-127.3422285,-2287.342229,1.062880767,-0.01848961485,-0.02423401541,48.18565104,48.12904795,-2.33488965,1.434360545e-11,-7.819717263e-11,0.04851310694,1.641152672e-09,
4764206000,-3.657746178,0.6563155455,-1.538281469,-721.5382815,4.819291429,0.6560790173,-0.01761869312,240.4627599,240.0033786,-14.85655365,2.248596468e-12,-4.96303886e-10,0.06190143548,-6.021291036e-10,-30.27085137,0.03065190224,-133.7525576,-2293.752558,1.063242301,-0.02119717893,-0.02214088337,47.92527789,47.87827098,-2.12212825,1.574192987e-11,-7.089265259e-11,0.04432341031,1.425864895e-09,
4776204000,-3.867133947,0.6406831507,0.9885302314,-719.0114698,4.566118048,0.6405877971,0.01105322675,228.1293913,227.9691675,8.548558489,-3.89802281e-12,2.84859135e-10,0.03749874855,-5.748514878e-10,-30.32622463,0.03045711539,-139.5107308,-2299.510731,1.062827784,-0.02316347644,-0.01977597626,47.73695781,47.69959353,-1.888363773,1.764621651e-11,-6.292495647e-11,0.0395886764,1.180206178e-09,
4788202000,-4.031225165,0.6286931692,3.407863658,-716.5921363,4.386380842,0.6275814378,0.03737164581,217.4804242,215.8381371,26.67645953,-1.246004119e-12,8.866982634e-10,0.1235947451,-5.439069642e-10,-30.42000492,0.03013004317,-144.3649725,-2304.364972,1.06213213,-0.02448803383,-0.01755436414,47.61044882,47.58107981,-1.672029103,1.987942577e-11,-5.557653933e-11,0.03514062964,8.47513153e-10,
4800200000,-4.15760376,0.6196119884,5.710598233,-714.2894018,4.257789255,0.6165369665,0.06165375202,208.2599219,204.2098326,40.87223177,-8.11208414e-13,1.355155561e-09,0.2001482066,-5.142476027e-10,-30.71995333,0.02910732758,-147.5242258,-2307.524226,1.059959928,-0.02455548152,-0.01562897458,47.60387548,47.5805972,-1.488533028,2.227421072e-11,-4.93536497e-11,0.03128445448,4.240143922e-10,
4812198000,-4.282706855,0.6107516617,7.847116893,-712.1528831,4.138107997,0.6050325223,0.08338608493,199.0712654,192.381898,51.17200448,-6.463149685e-13,1.692423599e-09,0.2659917851,-4.809334671e-10,-30.96528378,0.02829670134,-148.0490431,-2308.049043,1.058241443,-0.02400979006,-0.01497442112,47.65582997,47.63443807,-1.427739466,2.316475326e-11,-4.721995926e-11,0.02997284158,-2.964808355e-11,
4824196000,-4.364936016,0.6049969695,9.874800541,-710.1251995,4.063252293,0.5960338472,0.1037544509,191.7392715,182.226331,59.64488682,-5.531233195e-13,1.967743136e-09,0.3273121205,-4.473322185e-10,-31.0793668,0.02792747424,-146.8258799,-2306.82588,1.057459651,-0.02337561868,-0.01528150086,47.71635336,47.69404836,-1.458811073,2.261497627e-11,-4.81276037e-11,0.03058685775,-5.026859681e-10,
4836194000,-4.416905275,0.6013879699,11.71219403,-708.287806,4.017410035,0.5888668499,0.1220791688,185.782543,173.5223603,66.37125698,-4.958340816e-13,2.184220407e-09,0.3824939729,-4.133813753e-10,-31.10373164,0.0278492445,-144.0738536,-2304.073854,1.057294086,-0.02255159328,-0.01634032006,47.7951525,47.76961017,-1.562353169,2.106382341e-11,-5.141568549e-11,0.03270600626,-9.335324101e-10,
4848192000,-4.465469299,0.5980349081,13.43882519,-706.5611748,3.975556435,0.5816598847,0.1389875167,180.0893464,165.2774999,71.52286861,-4.589817277e-13,2.347930545e-09,0.4327441344,-3.737095562e-10,-30.87710459,0.02858543271,-138.6556133,-2298.655613,1.05885321,-0.02146058818,-0.01888306432,47.89976274,47.86558421,-1.809176137,1.814510435e-11,-5.939107304e-11,0.0377970136,-1.270734402e-09,
4860190000,-4.464660748,0.5980905805,14.9926541,-705.0073459,3.976245648,0.57773098,0.1547231633,176.253047,158.7852763,76.50080129,-4.280563067e-13,2.505145e-09,0.4817877517,-3.380868119e-10,-30.26097353,0.03068678026,-131.9732371,-2291.973237,1.063316541,-0.02052280954,-0.02281431067,47.99001618,47.94004322,-2.189499884,1.495622388e-11,-7.169878738e-11,0.04567162933,-1.393887265e-09,
4872188000,-4.493247887,0.5961253709,16.30535157,-703.6946484,3.952031784,0.5721486558,0.1673659868,172.0677054,152.7076808,79.29476319,-4.11956716e-13,2.590243546e-09,0.5192585126,-3.095150519e-10,-29.24916421,0.03447797811,-125.4328997,-2285.4329,1.071418315,-0.01998857779,-0.02809248533,48.04182925,47.96600052,-2.698175737,1.210670224e-11,-8.813863624e-11,0.05625183897,-1.245076792e-09,
4884186000,-4.48130814,0.5969453768,17.58038887,-702.4196111,3.962106585,0.5690645097,0.1803035402,169.0508373,147.4822801,82.62664606,-3.943735799e-13,2.692452571e-09,0.5602479566,-2.79081434e-10,-28.00624737,0.03978209329,-120.5822635,-2280.582263,1.082860553,-0.02024013209,-0.03424838681,48.01841949,47.90581284,-3.286595032,9.914749425e-12,-1.070962173e-10,0.06860534948,-8.874853141e-10,
4896184000,-4.472300477,0.5975647574,18.82936867,-701.1706313,3.969743671,0.5655854513,0.1928645551,165.9384575,142.2930752,85.37126231,-3.807594566e-13,2.775071034e-09,0.5999677932,-2.451804192e-10,-26.5651352,0.04696163839,-117.4619237,-2277.461924,1.098551413,-0.02165678417,-0.04166988336,47.88382728,47.71767127,-3.985569349,8.155902606e-12,-1.295545803e-10,0.08352397011,-3.564839932e-10,
4908182000,-4.440047902,0.5997877684,19.75779983,-700.2422002,3.997348512,0.5644782655,0.2027551601,164.1908856,138.7100528,87.85310566,-3.690985632e-13,2.848764783e-09,0.6333578851,-2.142071245e-10,-24.87221509,0.0570675523,-116.7922372,-2276.792237,1.121042716,-0.02572357608,-0.05094117352,47.498486,47.25228258,-4.829903024,6.71368657e-12,-1.566166334e-10,0.102215232,2.312063858e-10,
4920180000,-4.404818287,0.6022254234,20.51166049,-699.4883395,4.027973424,0.5640448722,0.2110185838,162.9242075,135.8404403,89.95372237,-3.596002631e-13,2.90976744e-09,0.6622013457,-1.743335295e-10,-23.31154294,0.06830033801,-119.6291419,-2279.629142,1.146614496,-0.03376659748,-0.05936963084,46.74474612,46.41563135,-5.537188428,5.841842417e-12,-1.791135505e-10,0.1192957688,8.059568918e-10,
4932178000,-4.373490789,0.6044013985,21.3653457,-698.6346543,4.055629601,0.562864719,0.2201916407,161.2285127,132.4653916,91.91057252,-3.510879457e-13,2.965834149e-09,0.6938459276,-1.412886698e-10,-21.87823169,0.08055424203,-124.49188,-2284.49188,1.175223479,-0.04561701619,-0.06639332605,45.65566394,45.25326506,-6.048276746,5.335188096e-12,-1.951699921e-10,0.1336539306,1.348491477e-09,
4944176000,-4.345937212,0.6063217387,21.79057237,-698.2094276,4.080290675,0.5629981832,0.2250757573,160.6239153,130.8560144,93.14905071,-3.455793443e-13,2.998504071e-09,0.7118438624,-1.088321928e-10,-20.64385339,0.09285543537,-131.0178698,-2291.01787,1.20472026,-0.06094050043,-0.07005988356,44.28254228,43.84675457,-6.197230378,5.194318413e-12,-1.994912495e-10,0.1413384055,1.821352075e-09,
4956174000,-4.311107131,0.6087579466,22.16967052,-697.8303295,4.111924914,0.5637527546,0.2297151916,160.2872331,129.465994,94.50160576,-3.398086255e-13,3.034679107e-09,0.7299338062,-8.453869317e-11,-19.60937606,0.1045998826,-140.2204346,-2300.220435,1.233638304,-0.08038624102,-0.06692673377,42.59040891,42.20565716,-5.711867881,5.622059444e-12,-1.834221332e-10,0.1353341771,2.203243758e-09,
4968172000,-4.28620037,0.6105060632,22.45988165,-697.5401184,4.134868123,0.5641975055,0.2332355634,159.975978,128.371718,95.46211569,-3.355772058e-13,3.058120289e-09,0.7436382184,-7.27961622e-11,-19.01531274,0.1120042141,-151.0995125,-2311.099512,1.252262941,-0.09805525575,-0.05413049786,41.09409326,40.84931945,-4.478571426,7.152930476e-12,-1.434706327e-10,0.1096363779,2.424358375e-09,
4980170000,-4.304097513,0.6092494199,22.8564225,-697.1435775,4.118354526,0.5614118229,0.2366466159,158.4444698,126.5928654,95.2832433,-3.353971998e-13,3.045036447e-09,0.7526746709,-7.452336037e-11,-18.78945989,0.1149547723,-162.0331921,-2322.033192,1.259771521,-0.1093490458,-0.03545963706,40.15424849,40.05094709,-2.87842128,1.11025211e-11,-9.19878187e-11,0.07186899411,2.420271137e-09,
4992168000,-4.302984091,0.609327523,23.01933142,-696.9806686,4.119377786,0.5608085818,0.2382724593,157.99568,125.9137929,95.43768463,-3.340496684e-13,3.042641847e-09,0.7579605256,-7.588332008e-11,-18.8807944,0.1137523245,-172.4689042,-2332.468904,1.256705496,-0.1127710828,-0.01490886348,39.86779282,39.84961438,-1.203801622,2.648353875e-11,-3.837831152e-11,0.03020861408,2.271996087e-09,
5004166000,-4.322630222,0.6079508764,23.49938194,-696.5006181,4.101401533,0.557530091,0.2424138317,156.21487,123.8283987,95.23451727,-3.339596822e-13,3.028885168e-09,0.7690846225,-7.824448482e-11,-19.15910409,0.1101652934,178.1951177,-2341.804882,1.247608444,-0.1101106382,0.003469758355,40.08122023,40.08023132,0.2815544906,-1.129603334e-10,8.954696731e-12,0.007024772096,2.058436126e-09,
5016164000,-4.329590919,0.607463872,23.77720846,-696.2227915,4.095072421,0.5559024119,0.2449180767,155.2835831,122.661191,95.22196908,-3.332047982e-13,3.021242342e-09,0.7763007055,-9.186431603e-11,-19.5042698,0.1058733146,169.7193963,-2350.280604,1.236819494,-0.1041735727,0.01889511837,40.56855432,40.53895822,1.549343667,-2.047861792e-11,4.915822194e-11,0.03821863549,1.826623396e-09,
5028162000,-4.375687408,0.6042485677,24.16728317,-695.8327168,4.053677224,0.551288622,0.2473806515,153.2916976,120.9122182,94.22621748,-3.359225145e-13,2.982514939e-09,0.7792944245,-9.808966945e-11,-19.96945861,0.1003522396,162.4178477,-2357.582152,1.22309229,-0.09566426571,0.03031369773,41.27621806,41.19902475,2.523199629,-1.254467048e-11,7.986610086e-11,0.06124415917,1.599635189e-09,
5040160000,-4.401764222,0.6024372105,24.66931932,-695.3306807,4.030651894,0.5474538544,0.2514455604,151.4121479,118.8460848,93.81495972,-3.365919397e-13,2.962428688e-09,0.7893819965,-1.137857908e-10,-20.38060345,0.0957127573,155.9712412,-2364.028759,1.211686625,-0.08741840338,0.03897376886,41.97222272,41.84294597,3.291709738,-9.592996278e-12,1.03943501e-10,0.07866821186,1.387911155e-09,
5052158000,-4.406532432,0.602106587,25.17171025,-694.8282898,4.02647175,0.5449288418,0.256095489,149.9485899,116.8916212,93.91979819,-3.354177619e-13,2.958696093e-09,0.8034775909,-1.242659351e-10,-20.84353572,0.09074510633,150.5228338,-2369.477166,1.199603229,-0.07899832202,0.04465354903,42.69213929,42.52009486,3.828875827,-8.227576431e-12,1.206186573e-10,0.09004861912,1.218948821e-09,
5064156000,-4.406742861,0.6020920002,25.73235837,-694.2676416,4.026287486,0.5423837192,0.2614090241,148.4181721,114.7599158,94.11756227,-3.339199649e-13,2.957901626e-09,0.820125752,-1.3076957e-10,-21.29258676,0.08617289073,145.6930188,-2374.306981,1.188597799,-0.07118136066,0.04856934209,43.36954903,43.16334017,4.224197979,-7.43992901e-12,1.327569666e-10,0.09786540993,1.06050692e-09,
5076154000,-4.38560133,0.6035592824,26.31946048,-693.6805395,4.044890475,0.5409918464,0.267603493,147.1859821,112.5958085,94.79397253,-3.307536297e-13,2.972118124e-09,0.8418961043,-1.230907767e-10,-21.65836203,0.08261937368,141.2320526,-2378.767947,1.180120162,-0.06441736558,0.05173358598,43.96335182,43.72670667,4.555373479,-6.88273983e-12,1.428266768e-10,0.1041782889,9.664962269e-10,
5088152000,-4.372381344,0.6044786033,26.91959614,-693.0804039,4.056616448,0.5389789563,0.2736714573,145.7780426,110.3905882,95.21111152,-3.285280226e-13,2.978157696e-09,0.8624930175,-1.040682059e-10,-21.92704824,0.08010277987,137.7135002,-2382.2865,1.174155934,-0.05925920762,0.05389621187,44.42095216,44.1618253,4.791051756,-6.528737278e-12,1.498617906e-10,0.1084885356,8.922931406e-10,
5100150000,-4.333227208,0.6072096146,27.23640901,-692.763591,4.091774327,0.5398856904,0.2778973864,145.5525802,109.2464989,96.18085097,-3.244505892e-13,3.001413265e-09,0.880402136,-6.881923605e-11,-22.08859865,0.07862670345,133.639754,-2386.360246,1.170672851,-0.05426200493,0.05690161084,44.8688864,44.57756984,5.104628687,-6.113262233e-12,1.592947047e-10,0.1145111478,8.191764721e-10,
5112148000,-4.288576392,0.6103390824,27.52138271,-692.4786173,4.132667685,0.5412721642,0.2820252466,145.4871909,108.1986685,97.2603252,-3.200965519e-13,3.027976014e-09,0.8989050104,-4.207872235e-11,-22.20521544,0.07757811593,130.2188485,-2389.781151,1.168205281,-0.05009288126,0.05923738108,45.24559886,44.92758669,5.355013569,-5.813747122e-12,1.667160027e-10,0.1191921036,7.257702696e-10,
5124146000,-4.265516259,0.611961622,27.50481494,-692.4951851,4.154129368,0.5427928398,0.2826180458,145.9024413,108.2517145,97.82171888,-3.175143416e-13,3.038322893e-09,0.9036505273,-1.005824983e-11,-22.380084,0.07603189236,127.2881157,-2392.711884,1.164576876,-0.04606189874,0.06049090956,45.61201915,45.27802824,5.509668784,-5.637325924e-12,1.711292031e-10,0.1216852632,5.373345288e-10,
5136144000,-4.254212628,0.6127585342,27.69414209,-692.3058579,4.164736157,0.542561619,0.2847804607,145.5557717,107.5473472,98.08185753,-3.159324665e-13,3.03928637e-09,0.9119876974,1.713773051e-11,-22.44591773,0.07545779555,125.2152943,-2394.784706,1.163232777,-0.04351276959,0.06164833973,45.84532425,45.49686336,5.641735537,-5.492501903e-12,1.74821831e-10,0.124002736,3.994002785e-10,
5148142000,-4.250517542,0.6130192648,27.36725131,-692.6327487,4.168215929,0.5444090928,0.2818002105,146.5286589,108.7566188,98.19697428,-3.148266644e-13,3.035762e-09,0.9029057299,4.04335565e-12,-22.21214377,0.07751626015,124.5370397,-2395.46296,1.168059895,-0.04394698222,0.06385478322,45.8067148,45.4332546,5.837336463,-5.296084278e-12,1.804614078e-10,0.1284815828,3.876279769e-10,
5160140000,-4.244822553,0.6134213287,27.22005125,-692.7799488,4.173591169,0.5454888134,0.2805845343,147.0349939,109.305392,98.34439845,-3.136238045e-13,3.033250481e-09,0.8997213828,6.243732822e-12,-21.71417525,0.08209018557,122.9687783,-2397.031222,1.178863292,-0.04467199684,0.06887097549,45.74319157,45.30958831,6.28337348,-4.908691881e-12,1.937989955e-10,0.1386764637,5.322339452e-10,
5172138000,-4.226379433,0.6147252162,27.65453844,-692.3454616,4.191100181,0.5445003462,0.285318181,146.1104081,107.674316,98.76483696,-3.11564291e-13,3.039151702e-09,0.917255299,-7.864430457e-12,-21.01763065,0.08894437082,120.0400048,-2399.959995,1.195255631,-0.0445259568,0.07699701469,45.76131468,45.21979709,7.019107633,-4.383975573e-12,2.159891472e-10,0.1552220064,8.626474952e-10,
5184136000,-4.224312644,0.6148715061,27.41565637,-692.5843436,4.193072005,0.5458150413,0.2831128922,146.8173476,108.5637117,98.83953694,-3.106082905e-13,3.034411304e-09,0.9104288664,4.986108826e-12,-19.99713769,0.100032959,115.9694746,-2404.030525,1.222303605,-0.04380365596,0.08993237796,45.8357859,45.09752486,8.193443757,-3.746944571e-12,2.515418336e-10,0.1816827815,1.241106553e-09,
5196134000,-4.237932824,0.6139080933,27.43929213,-692.5607079,4.180113764,0.5448431762,0.2828940798,146.5301143,108.482557,98.50182351,-3.109535497e-13,3.017060783e-09,0.907996882,4.282568584e-11,-18.92667133,0.1131530939,109.4066112,-2410.593389,1.25518067,-0.03759737458,0.1067242245,46.41589575,45.36754847,9.809226488,-3.122518551e-12,3.00451621e-10,0.2162168074,1.643685634e-09,
5208132000,-4.21327938,0.6156530439,27.2199924,-692.7800076,4.203631688,0.5474736695,0.2816047791,147.5524411,109.2946387,99.1282242,-3.08276786e-13,3.0292525e-09,0.9069815808,5.122797533e-11,-17.8446022,0.1281651322,101.4820416,-2418.517958,1.294012403,-0.02551265161,0.125600182,47.54991872,46.07111437,11.76635845,-2.597144265e-12,3.595673284e-10,0.2553955686,2.05176453e-09,
5220130000,-4.217573327,0.6153487655,26.82748979,-693.1725102,4.199515354,0.5491184027,0.27771043,148.6007646,110.7895094,99.03470018,-3.078586935e-13,3.01943861e-09,0.8938996183,6.79653261e-11,-16.84535463,0.1437911868,91.78602891,-2428.213971,1.335878782,-0.004481545224,0.1437213316,49.56283484,47.5566727,13.95841962,-2.1842511e-12,4.255739762e-10,0.2935112746,2.409462723e-09,
5232128000,-4.211469011,0.6157813756,26.6152177,-693.3847823,4.205369737,0.5505302751,0.275867937,149.3126417,111.6064226,99.1880608,-3.066778232e-13,3.017179659e-09,0.8887307606,7.835848974e-11,-15.97305364,0.1589817664,80.46903821,-2439.530962,1.378069726,0.02632428925,0.1567872247,52.63697882,50.10786125,16.11998078,-1.887023254e-12,4.903501258e-10,0.3217056241,2.733138167e-09,
5244126000,-4.207987983,0.6160282106,26.27387311,-693.7261269,4.208715992,0.5523853368,0.2726924934,150.3569296,112.9348167,99.26194356,-3.057484326e-13,3.012518955e-09,0.8789312847,8.564648513e-11,-15.35255761,0.1707544849,67.87739211,-2452.122608,1.411830952,0.06430440168,0.1581835581,56.69266566,53.90287872,17.56524994,-1.727796858e-12,5.330909963e-10,0.3258684945,2.965012226e-09,
5256124000,-4.236069087,0.6140398341,25.80453945,-694.1954605,4.181881905,0.5528104135,0.2672930312,151.218503,114.7567779,98.47800555,-3.074788761e-13,2.981904797e-09,0.8581454387,1.002907748e-10,-15.05342955,0.1767374247,54.41041486,-2465.589585,1.429358579,0.102856791,0.1437240335,61.20424676,58.67579875,17.41006785,-1.739218177e-12,5.271752261e-10,0.2967163332,3.068761784e-09,
5268122000,-4.286065345,0.6105155539,25.38317316,-694.6168268,4.134993245,0.5515771303,0.2617095926,151.528846,116.3443945,97.08230032,-3.11189009e-13,2.932948019e-09,0.8344390011,5.717780784e-11,-15.10710364,0.1756486507,40.78175054,-2479.218249,1.426149968,0.1330017099,0.1147300904,65.10704737,63.35548031,15.00035774,-2.014014956e-12,4.5317498e-10,0.2367649596,2.95746442e-09,
5280120000,-4.34855844,0.6061387905,24.89464799,-695.105352,4.077930884,0.5498183982,0.2551547811,151.767685,118.1241031,95.28969766,-3.163227225e-13,2.872250329e-09,0.8066913961,3.927357237e-11,-15.50991449,0.1676888845,27.742652,-2492.257348,1.402947603,0.1484126018,0.0780593467,67.30119563,66.4493324,10.67413495,-2.823863173e-12,3.217429416e-10,0.1606356989,2.818773936e-09,
5292118000,-4.439573977,0.5998204953,25.49398404,-694.506016,3.997757198,0.541416263,0.2581725329,148.4893731,115.5823285,93.21920014,-3.226155082e-13,2.803470462e-09,0.8065177553,1.73429121e-11,-16.15281069,0.1557254038,17.34068893,-2502.659311,1.368897523,0.148647587,0.04641439699,67.41510961,67.11208352,6.384766936,-4.710267412e-12,1.920152231e-10,0.09513587719,2.594056444e-09,
5304116000,-4.473350665,0.5974925118,24.90096624,-695.0990338,3.968851658,0.5419477639,0.2515748851,149.4796594,117.7221754,92.11763132,-3.257349477e-13,2.764075365e-09,0.782500247,-5.974862663e-12,-17.02387183,0.1408660733,5.255576246,-2514.744424,1.327925761,0.1402738748,0.01290312578,66.31288921,66.28991709,1.745327242,-1.719215234e-11,5.237017023e-11,0.02632869851,2.322380501e-09,
5316114000,-4.551627227,0.5921321456,25.00546957,-694.9945304,3.903548976,0.5366300831,0.250297087,147.809879,117.0642473,90.2425749,-3.317526247e-13,2.701701256e-09,0.7708807514,-7.590844059e-12,-18.09362665,0.124542812,-3.996992175,-2523.996992,1.284520622,0.1242398879,-0.008681145257,64.18528068,64.17530146,-1.131785249,2.645220116e-11,-3.38836257e-11,0.01763583845,2.012999756e-09,
5328112000,-4.618749757,0.5875739215,25.26794075,-694.7320593,3.849353871,0.5313557487,0.2508070604,145.9689977,115.8732068,88.77132554,-3.36491487e-13,2.651670097e-09,0.7661074378,-5.124979232e-11,-19.32218308,0.1081162182,-11.7435657,-2531.743566,1.242444633,0.1058531658,-0.02200508887,61.8319743,61.77075943,-2.7506953,1.085936176e-11,-8.216545634e-11,0.04453070231,1.574079111e-09,
5340110000,-4.677468034,0.5836152053,25.47443168,-694.5255683,3.803249363,0.5268745654,0.2510177287,144.4545376,114.9339159,87.5060479,-3.405899734e-13,2.608002471e-09,0.761359667,-6.695185026e-11,-20.61543894,0.09315969394,-17.63328803,-2537.633288,1.205459976,0.08878257029,-0.02822027264,59.73471602,59.63813405,-3.39547723,8.777464993e-12,-1.011977254e-10,0.05693466579,1.190729252e-09,
5352108000,-4.721238176,0.5806816353,25.77329619,-694.2267038,3.769645616,0.5229163097,0.2524870187,142.9948231,113.7445351,86.65852623,-3.431499693e-13,2.576953382e-09,0.7618698002,-8.493574796e-11,-21.9249345,0.08012227552,-21.92071795,-2541.920718,1.174202013,0.07432954093,-0.02991150914,58.02200924,57.91712397,-3.487163286,8.527524574e-12,-1.036973234e-10,0.06020953816,7.831042746e-10,
5364106000,-4.757625234,0.5782541234,26.19871078,-693.8012892,3.742192185,0.5188490965,0.2552909053,141.3808004,112.1786066,86.04935167,-3.448062885e-13,2.553115033e-09,0.7670745275,-1.019183121e-10,-23.25507266,0.06874583114,-24.62388128,-2544.623881,1.147641393,0.06249425859,-0.02864361958,56.66016196,56.56653503,-3.255928102,9.112718908e-12,-9.660455102e-11,0.05755926362,4.338448778e-10,
5376104000,-4.76863822,0.5775214099,26.74010758,-693.2598924,3.733967701,0.5157593309,0.2598524416,139.9193591,110.3380531,86.0403457,-3.440727856e-13,2.547150562e-09,0.7797885073,-1.052253952e-10,-24.39856694,0.06026590089,-25.16050223,-2545.160502,1.128261603,0.05454789362,-0.02562237521,55.76548823,55.69187868,-2.864319572,1.03354883e-11,-8.479572167e-11,0.05143154872,1.693314091e-10,
5388102000,-4.779272055,0.5768148029,27.19209462,-692.8079054,3.726063231,0.5130649038,0.2635900632,138.6896033,108.8252156,85.97603446,-3.435634167e-13,2.539579034e-09,0.790037805,-1.010004329e-10,-25.28316151,0.05443044993,-25.3828834,-2545.382883,1.115127332,0.04917591898,-0.02333244248,55.16895941,55.10863271,-2.579279571,1.145212039e-11,-7.61873278e-11,0.04680354862,7.029415367e-11,
5400100000,-4.733093065,0.5798896357,27.54909399,-692.450906,3.760653795,0.5141387667,0.2682038743,138.5392275,107.7499931,87.08074736,-3.384512962e-13,2.566495322e-09,0.8081740415,-8.757979861e-11,-25.91275674,0.05062466507,-25.19816573,-2545.198166,1.106648368,0.04580725651,-0.02155346756,54.79828834,54.74718463,-2.366047176,1.245646837e-11,-6.973354266e-11,0.04321769589,2.408024834e-10,
5412098000,-4.627341913,0.5869929758,27.97546333,-692.0245367,3.842532651,0.5184020019,0.2753545315,139.0846404,106.4865753,89.47148412,-3.286773966e-13,2.631110701e-09,0.8402137438,-7.196665247e-11,-26.24499123,0.04872484187,-26.12315019,-2546.12315,1.102441111,0.04374758692,-0.02145364432,54.57269438,54.52228979,-2.344970844,1.254056294e-11,-6.895915434e-11,0.04300939769,5.487408049e-10,
5424096000,-4.607155568,0.5883587567,28.2398316,-691.7601684,3.858599649,0.5183291941,0.2783897863,138.7331794,105.6248526,89.94601484,-3.262201913e-13,2.639214511e-09,0.8515610924,-4.931811313e-11,-26.55286672,0.04702801671,-29.99083559,-2549.990836,1.098697585,0.04073121768,-0.02350749374,54.24362068,54.18350441,-2.553083268,1.149285123e-11,-7.49130956e-11,0.04711919791,9.743577506e-10,
5436094000,-4.520758604,0.5942402569,28.40094644,-691.5990536,3.929025203,0.5227179252,0.2826436867,139.6019381,105.1200395,91.86119102,-3.187139713e-13,2.689460968e-09,0.8738694492,-1.522872535e-11,-26.93404215,0.04500884752,-34.83737439,-2554.837374,1.09426024,0.03694221579,-0.02571126305,53.83329444,53.76197213,-2.770188252,1.056875646e-11,-8.11040342e-11,0.05152690913,1.441854018e-09,
5448092000,-4.430269556,0.600463374,28.40144614,-691.5985539,4.005798892,0.5281895414,0.2856082489,140.9416027,105.1104056,93.89535673,-3.111226166e-13,2.742962152e-09,0.8933022017,3.740050516e-11,-27.48804943,0.04222770983,-41.88367336,-2561.883673,1.088179018,0.03143860671,-0.02819208196,53.24324347,53.15850876,-3.00265234,9.729054769e-12,-8.771638994e-11,0.05648488661,1.819008045e-09,
5460090000,-4.312682158,0.6086475695,28.2235417,-691.7764583,4.110483145,0.5362849827,0.2878372477,143.1896481,105.6707607,96.62797546,-3.016598078e-13,2.816587261e-09,0.9144249062,7.571565439e-11,-28.51830893,0.03750460135,-51.31558743,-2571.315587,1.077932012,0.02344151281,-0.0292761097,52.3983147,52.30847288,-3.067091336,9.503719749e-12,-8.940195986e-11,0.05863469468,2.054315285e-09,
5472088000,-4.256471435,0.6125992041,27.52081769,-692.4791823,4.162612006,0.5432793185,0.2830642453,146.0030092,108.1885666,98.04138291,-2.966590695e-13,2.851520428e-09,0.9062083545,1.079093667e-10,-30.50981592,0.02982010746,-61.03575443,-2581.035754,1.061473357,0.01444079661,-0.02609027026,51.46422736,51.39418222,-2.68416307,1.083572968e-11,-7.806852167e-11,0.05222698277,2.045879521e-09,
5484086000,-4.203453888,0.6163498656,27.2060751,-692.7939249,4.213083016,0.5481617868,0.2817903693,147.7537721,109.3428212,99.37466801,-2.920385505e-13,2.883975494e-09,0.9088357786,1.274377463e-10,-33.59318774,0.02090935389,-69.62714847,-2589.627148,1.042711784,0.00727912937,-0.01960141209,50.73296666,50.69399274,-1.988216935,1.459661343e-11,-5.77005089e-11,0.03921997119,-5.408724114e-09,
5496084000,-4.164115042,0.6191476771,26.57972559,-693.4202744,4.251379288,0.553711583,0.2770330828,150.2257673,111.7451859,100.4031603,-2.88416025e-13,2.907462707e-09,0.8985009913,1.26253487e-10,-39.77939522,0.01025723343,-76.91152532,-2596.911525,1.020727069,0.002322805723,-0.009990766296,50.23279808,50.22277096,-1.003633528,2.885304206e-11,-2.906309966e-11,0.01998363509,-9.29487961e-09,
5508082000,-4.111174297,0.6229329237,25.94189121,-694.0581088,4.304096077,0.5601650658,0.2725078467,153.0487165,114.2920449,101.790167,-2.838663462e-13,2.9412068e-09,0.8906146272,1.366738045e-10,-48.21354213,0.003884390589,73.43126748,-2446.568733,1.007799076,0.001107693596,0.003723104235,50.11089066,50.10950145,0.3731314241,-7.743867419e-11,1.078155891e-11,0.007446320824,-9.087141757e-09,
5520080000,-4.117304821,0.6224934111,25.42628883,-694.5737112,4.297920775,0.5621976977,0.2672672738,154.4927123,116.3998062,101.5828887,-2.83827323e-13,2.928837784e-09,0.8727066826,1.314219597e-10,-34.84283356,0.01810749283,68.17097559,-2451.829024,1.036882841,0.006733056315,0.01680914184,50.67767698,50.6490448,1.703292434,-1.692721626e-11,4.910932638e-11,0.0336293101,-5.030226764e-09,
5532078000,-4.1176304,0.6224700783,24.83113133,-695.1688687,4.297593343,0.5649223695,0.2614033564,156.2950771,118.8806915,101.4669027,-2.835354941e-13,2.919148848e-09,0.8535187794,1.300182165e-10,-30.132077,0.03114556042,54.08114931,-2465.918851,1.06429358,0.01827119525,0.02522319088,51.85991877,51.7939292,2.615353338,-1.10002224e-11,7.524232515e-11,0.05049536458,2.689411319e-09,
5544076000,-4.11501308,0.6226576755,24.29686432,-695.7031357,4.300227062,0.5675062679,0.2562015159,157.9828858,121.1558253,101.3896356,-2.831375008e-13,2.910613362e-09,0.8368531629,1.399403955e-10,-27.43952071,0.04246429954,41.39832304,-2478.601677,1.088694969,0.03185376305,0.02808121284,53.28750057,53.20335618,2.993427336,-9.590080138e-12,8.593294126e-11,0.05626388165,2.991095568e-09,
5556074000,-4.109362552,0.6230628717,23.69867805,-696.3013219,4.305924648,0.5705211429,0.2504255728,159.945607,123.7619645,101.3191657,-2.827225865e-13,2.902309446e-09,0.8186615826,1.305596061e-10,-25.64152405,0.05223045357,28.73599115,-2491.264009,1.110217624,0.04579797715,0.02511106468,54.79643386,54.72708167,2.756029078,-1.039365543e-11,7.894704986e-11,0.05035951113,2.866795989e-09,
5568072000,-4.108322249,0.6231374999,22.97030671,-697.0296933,4.306975355,0.5737271981,0.2431819196,162.2385124,126.9898169,100.9699029,-2.830892321e-13,2.886072442e-09,0.7951023584,1.213012719e-10,-24.58445072,0.05898987338,16.24665835,-2503.753342,1.12537564,0.05663418199,0.01650377507,56.00167838,55.97098334,1.853916307,-1.541789788e-11,5.299140246e-11,0.03312281107,2.719207721e-09,
5580070000,-4.100841393,0.6236744179,22.67479266,-697.3252073,4.314547017,0.5754692376,0.2404265712,163.3285027,128.3508112,101.0062823,-2.823788065e-13,2.88090456e-09,0.7869547632,1.082434559e-10,-24.04364793,0.06277946403,4.744508766,-2515.255491,1.133969459,0.06256434607,0.005192658734,56.67379561,56.67071535,0.5908721515,-4.827107414e-11,1.685287526e-11,0.01042641068,2.437158869e-09,
5592068000,-4.139338208,0.620916341,22.18913623,-697.8108638,4.275880278,0.574932649,0.2344985109,163.9984107,130.3641093,99.50214937,-2.860323971e-13,2.831914583e-09,0.76326337,9.822876137e-11,-23.99705983,0.06311709593,-5.331033406,-2525.331033,1.134738494,0.06284408425,-0.00586420265,56.70558315,56.70165221,-0.6676798398,4.262647545e-11,-1.900272795e-11,0.01177531542,2.063174994e-09,
5604066000,-4.119065918,0.6223672111,21.75159432,-698.2484057,4.296150278,0.5780541935,0.230638884,165.8276924,132.4768144,99.74325655,-2.847300778e-13,2.83269903e-09,0.7529110435,1.029432097e-10,-24.18706332,0.06175140367,-13.10902077,-2533.109021,1.13163122,0.06014217881,-0.01400550547,56.39773192,56.37545012,-1.585178007,1.791590917e-11,-4.501890512e-11,0.02811823239,1.63873915e-09,
5616064000,-4.124563148,0.6219734444,21.31051826,-698.6894817,4.290633609,0.5794457159,0.2260389964,167.0891894,134.4863766,99.15750952,-2.858001636e-13,2.810047711e-09,0.7373052349,1.150147325e-10,-24.51209918,0.05948329818,-19.38372931,-2539.383729,1.126490679,0.05611160318,-0.01974210603,55.94226714,55.89840147,-2.214941383,1.279457446e-11,-6.276973869e-11,0.03962441366,1.201505271e-09,
5628062000,-4.130694385,0.6215345578,20.89089891,-699.1091011,4.284498337,0.5806755772,0.2216327606,168.2648947,136.4044763,98.52356892,-2.870259237e-13,2.786130111e-09,0.7222898514,1.27924348e-10,-24.99860094,0.05624319102,-23.62000947,-2543.620009,1.119190008,0.05153129729,-0.02253490482,55.43018953,55.37362105,-2.503598183,1.129527037e-11,-7.079879829e-11,0.04521283123,7.586736854e-10,
5640060000,-4.124183398,0.6220006379,20.13557977,-699.8644202,4.29101422,0.5839843718,0.2141192356,170.8103596,140.0343206,97.80883387,-2.885083098e-13,2.760034359e-09,0.6984633013,1.400400039e-10,-25.40108925,0.05369644541,-26.02372749,-2546.023727,1.113486725,0.04825229328,-0.02355895675,55.06690006,55.00552186,-2.59923983,1.085650543e-11,-7.334706852e-11,0.04725416181,3.67538478e-10,
5652058000,-4.14063506,0.6208236417,19.57635818,-700.4236418,4.274590454,0.584937421,0.2080149215,172.1549595,142.5623118,96.50553002,-2.917838978e-13,2.717476031e-09,0.676935782,1.406226876e-10,-25.73239826,0.05168685259,-26.17364206,-2546.173642,1.109007985,0.04638695415,-0.02279871082,54.86168156,54.8044332,-2.505634728,1.123817426e-11,-7.055556624e-11,0.04571956286,5.705746375e-11,
5664056000,-4.175818159,0.6183140171,18.94342868,-701.0565713,4.23990948,0.5848258618,0.2007260202,173.2063684,145.2286098,94.3880128,-2.976978858e-13,2.652219329e-09,0.6499271248,1.319790602e-10,-25.81448756,0.0512006674,-26.044421,-2546.044421,1.107927284,0.04600143983,-0.02248056662,54.81940267,54.76378696,-2.468713675,1.13820862e-11,-6.93686617e-11,0.04507930902,-1.31169544e-10,
5676054000,-4.215001202,0.6155310138,18.45003064,-701.5499694,4.20198006,0.5838927353,0.1948017007,173.6676578,147.1203909,92.28242488,-3.038467639e-13,2.587573001e-09,0.6272578825,1.263311856e-10,-25.79117055,0.05133829869,-24.84189852,-2544.841899,1.108233101,0.0465879918,-0.02156803033,54.88406086,54.83280061,-2.371521444,1.182351365e-11,-6.649678818e-11,0.0432500514,-1.687198494e-10,
5688052000,-4.283866903,0.6106700979,17.84847096,-702.151529,4.137031575,0.5812788152,0.1871707977,173.5872375,149.0494922,88.97627727,-3.144722605e-13,2.489607047e-09,0.5969579364,1.34626575e-10,-25.46204698,0.05332092205,-23.85680932,-2543.856809,1.112648358,0.04876513443,-0.02156576898,55.12399709,55.07250213,-2.382134412,1.174600849e-11,-6.665348117e-11,0.04325451578,-9.444549911e-11,
5700050000,-4.343840161,0.6064681417,17.39553822,-702.6044618,4.082180662,0.5787304799,0.1813136468,173.244629,150.2777496,86.19918469,-3.239204061e-13,2.406825613e-09,0.5735991183,1.373598412e-10,-24.87004496,0.05708181217,-23.62370655,-2543.623707,1.121074793,0.05229818528,-0.02287428899,55.51536856,55.45698539,-2.545371891,1.096958563e-11,-7.107104646e-11,0.04589812938,4.487744228e-11,
5712048000,-4.443235112,0.5995677221,16.56322553,-703.4367745,3.994602359,0.5746891043,0.170920703,172.7793394,152.4294752,81.35081552,-3.425045714e-13,2.266679904e-09,0.5336947817,1.244238362e-10,-24.22555694,0.06147834288,-24.61383421,-2544.613834,1.131011027,0.05589214833,-0.02560574933,55.91598072,55.84224628,-2.870614858,9.706292059e-12,-7.998401701e-11,0.0514057913,1.956677856e-10,
5724046000,-4.502667084,0.595479268,16.12617528,-703.8738247,3.944122369,0.5720485666,0.1653964815,172.2669648,153.3038644,78.57373807,-3.538666231e-13,2.184713193e-09,0.5125359258,1.177257745e-10,-23.45710313,0.06716528213,-25.43257727,-2545.432577,1.144002535,0.06065637944,-0.02884404195,56.45158005,56.35703182,-3.265862056,8.513716403e-12,-9.080606439e-11,0.05794950427,3.69033777e-10,
5736044000,-4.537818282,0.593074274,15.79604549,-704.2039545,3.914901841,0.570677882,0.1614430225,172.1217024,154.068544,76.73828381,-3.615726525e-13,2.129216093e-09,0.498078854,1.02626484e-10,-22.67449342,0.07349796741,-27.17809372,-2547.178094,1.158656894,0.06538313574,-0.03357077263,56.98725375,56.85784789,-3.838257849,7.228921536e-12,-1.064980864e-10,0.06750621051,5.878840355e-10,
5748042000,-4.613254386,0.5879457843,15.23667532,-704.7633247,3.853730222,0.5672785893,0.1545161718,171.3755216,154.9616925,73.18772615,-3.783223028e-13,2.026461948e-09,0.4722956038,7.492526705e-11,-21.83085944,0.08099477962,-30.31137785,-2550.311378,1.176266201,0.06992241614,-0.04087798977,57.50436347,57.31061978,-4.716426343,5.870662886e-12,-1.305910023e-10,0.08229585304,8.087238741e-10,
5760040000,-4.699411785,0.5821426396,14.79161291,-705.2083871,3.786322294,0.5628508813,0.148623478,170.0046624,155.0530629,69.71465358,-3.963424217e-13,1.926276853e-09,0.4496180358,6.721052778e-11,-21.03087467,0.08880885411,-34.87061271,-2554.870613,1.194929142,0.07286280025,-0.05077425439,57.83699382,57.53638318,-5.889181965,4.691801814e-12,-1.627232485e-10,0.1023557902,1.002195291e-09,
5772038000,-4.786029413,0.5763662331,15.01027554,-704.9897245,3.721058981,0.5567002677,0.1492744002,167.1634837,152.6073122,68.22491151,-4.041550121e-13,1.8811955e-09,0.4470618775,5.010593826e-11,-20.2743225,0.09689109746,-39.05184205,-2559.051842,1.214572345,0.07524332272,-0.06104364957,58.10371428,57.66740516,-7.107179124,3.879660193e-12,-1.959693767e-10,0.1232443025,1.158534995e-09,
5784036000,-4.888138048,0.5696303199,14.45773994,-705.5422601,3.647167523,0.5515912963,0.1422172394,165.6064176,152.6283726,64.26558526,-4.281645208e-13,1.768347494e-09,0.4210592315,3.036932226e-11,-19.51942633,0.105688731,-44.45167201,-2564.451672,1.23635782,0.0754449917,-0.07401460048,58.11180336,57.47139008,-8.603546494,3.198244298e-12,-2.367372804e-10,0.1497013815,1.325948987e-09,
5796034000,-4.990302005,0.5629695428,14.32150392,-705.6784961,3.576340086,0.5454741163,0.1392576553,163.2098879,151.1296856,61.62211973,-4.456075841e-13,1.69209928e-09,0.4077433197,2.572780606e-11,-18.72362381,0.1158294008,-50.54103337,-2570.541033,1.262006904,0.07361253146,-0.08942955497,57.87781454,56.94951281,-10.32445673,2.65963475e-12,-2.835021884e-10,0.1812913969,1.521672974e-09,
5808032000,-5.059682368,0.5584906177,14.48013069,-705.5198693,3.52991506,0.5407498338,0.1396473676,161.1484164,149.3168594,60.60765305,-4.521303537e-13,1.660804826e-09,0.4058995971,1.703100738e-13,-18.09385291,0.1245395679,-57.76174175,-2577.761742,1.284512157,0.06643453501,-0.1053401942,57.03226259,55.76955173,-11.93465862,2.296048885e-12,-3.270401942e-10,0.2139995436,1.721844433e-09,
5820030000,-5.137499666,0.5535094204,14.44345218,-705.5565478,3.479377822,0.5360153568,0.1380587402,159.2897126,147.9946884,58.91336632,-4.641742766e-13,1.611048992e-09,0.3980775725,-1.152363765e-11,-17.50047733,0.1333448151,-65.25946541,-2585.259465,1.307722881,0.05580609915,-0.1211054046,55.81977003,54.19626741,-13.36455479,2.046163873e-12,-3.654680401e-10,0.246595484,1.908580915e-09,
5832028000,-5.166066786,0.5516919674,14.39308773,-705.6069123,3.461218302,0.5343760979,0.137135746,158.6832042,147.6233112,58.20410011,-4.68864069e-13,1.588378904e-09,0.3942744518,-1.958814003e-11,-17.0806383,0.1399484476,-74.2780971,-2594.278097,1.325441997,0.03792161278,-0.1347127287,53.86855923,51.94290793,-14.27431224,1.911812686e-12,-3.89543286e-10,0.2748077226,2.068669621e-09,
5844026000,-5.185709369,0.550445761,14.61389449,-705.3861055,3.448851388,0.5326377475,0.1388796809,157.8181385,146.6060923,58.42275709,-4.66150274e-13,1.59107276e-09,0.3985015642,-2.425545578e-11,-16.77902829,0.144893394,-83.50133258,-2603.501333,1.338889661,0.01639904961,-0.1439623798,51.63283222,49.53500661,-14.56820108,1.869399253e-12,-3.967472448e-10,0.2940991044,2.204775493e-09,
5856024000,-5.169719242,0.5514600272,14.81794284,-705.1820572,3.458911404,0.5331203116,0.1410350844,157.8369,146.2771765,59.29143811,-4.583796192e-13,1.611421923e-09,0.4053362221,-9.341225879e-12,-16.60530754,0.147820485,-93.31662478,-2613.316625,1.346923347,-0.008551962074,-0.1475728963,49.16997938,47.07370742,-14.20397629,1.913406941e-12,-3.860354804e-10,0.3017390614,2.25532545e-09,
5868022000,-5.131069776,0.5539193176,14.75485515,-705.2451449,3.483493859,0.5356534741,0.1410743283,158.8819422,147.1582846,59.89917232,-4.52801208e-13,1.624610365e-09,0.4070390769,8.26043713e-12,-16.69537219,0.1462956424,-103.355415,-2623.355415,1.342731394,-0.03379295674,-0.1423392113,46.79406862,44.93150016,-13.07077473,2.075042845e-12,-3.545110105e-10,0.290904481,2.24910047e-09,
5880020000,-5.108321704,0.5553719162,14.52434425,-705.4756557,3.49814142,0.5376228794,0.1392824644,159.8590781,148.2815496,59.72861033,-4.531676692e-13,1.616678783e-09,0.4028054097,2.838108208e-11,-16.99483419,0.141337788,-113.0579664,-2633.057966,1.32920463,-0.05535667007,-0.1300461818,44.83767152,43.33742585,-11.50149158,2.353353471e-12,-3.113117366e-10,0.2653939719,2.134060394e-09,
5892018000,-5.045014865,0.5594345144,14.58229808,-705.4177019,3.53962025,0.541413452,0.1408490324,161.3238611,149.2641021,61.20143753,-4.413614965e-13,1.653170664e-09,0.4100211414,4.856650059e-11,-17.46003106,0.1339671898,-122.2031351,-2642.203135,1.309381326,-0.07139414011,-0.113358214,43.41570291,42.30303984,-9.766067739,2.765899109e-12,-2.638006122e-10,0.2308597154,1.906894005e-09,
5904016000,-4.956003375,0.5651969782,14.29129217,-705.7087078,3.59978404,0.5477059738,0.1395198568,164.1562238,151.8848217,62.27573166,-4.328662913e-13,1.678770946e-09,0.4100194539,7.573864624e-11,-18.10114074,0.1244351178,-129.9807866,-2649.980787,1.284239627,-0.07995338217,-0.09534964718,42.65878527,41.88036221,-8.112165084,3.323041965e-12,-2.186801615e-10,0.1936985417,1.614032007e-09,
5916014000,-4.883433892,0.5699389073,13.82251961,-706.1774804,3.650502066,0.5534337338,0.136167031,167.0065591,154.8817876,62.47257537,-4.306272703e-13,1.680661874e-09,0.4033564976,1.251247934e-10,-18.85536393,0.1140858555,-136.0760506,-2656.076051,1.257555106,-0.08217161631,-0.07914169507,42.45077378,41.91519208,-6.721969043,4.002159848e-12,-1.808370637e-10,0.1603707083,1.279369583e-09,
5928012000,-4.803508739,0.5752075305,13.26855138,-706.7314486,3.708181391,0.5598523633,0.1320190683,170.3329419,158.4437252,62.52117267,-4.294216559e-13,1.678565036e-09,0.3945954476,1.697554762e-10,-19.63518522,0.1042895369,-140.9787895,-2660.97879,1.232864394,-0.08102389058,-0.06566153112,42.53486265,42.16486395,-5.598105773,4.795898218e-12,-1.502976387e-10,0.1327670778,9.598108617e-10,
5940010000,-4.730364217,0.5800718484,12.39142338,-707.6085766,3.762719509,0.5665587331,0.1244771113,174.2385851,163.1337176,61.20845315,-4.377453599e-13,1.640001932e-09,0.3752041825,2.024210287e-10,-20.39343525,0.09557146376,-144.333911,-2664.333911,1.211341106,-0.07764500561,-0.0557239427,42.81576266,42.54748128,-4.785537461,5.598893871e-12,-1.282223333e-10,0.1124752234,6.947354424e-10,
5952008000,-4.670478281,0.5840850441,11.34073312,-708.6592669,3.808675359,0.5726808463,0.1148563756,178.1830655,168.2497553,58.66195246,-4.558270689e-13,1.568603353e-09,0.348659957,2.391513558e-10,-21.00004697,0.08912461183,-146.5803157,-2666.580316,1.195690021,-0.07438863207,-0.04908694177,43.09176865,42.88230551,-4.243630457,6.30113911e-12,-1.134734301e-10,0.0989599418,5.186999653e-10,
5964006000,-4.606803159,0.5883826285,10.41486324,-709.5851368,3.858881423,0.5786887945,0.1063644518,182.0664891,173.1325874,56.33217212,-4.737241905e-13,1.503275424e-09,0.325370128,2.584340892e-10,-21.40555954,0.08505934285,-148.279072,-2668.279072,1.18593412,-0.07235310316,-0.04472270417,43.26549275,43.09095046,-3.882377014,6.873601545e-12,-1.036047738e-10,0.09009727036,4.304510509e-10,
5976004000,-4.673584634,0.5838761938,9.092023116,-710.9079769,3.806261911,0.5765402661,0.09226446363,182.1939845,175.447349,49.12103105,-5.421778588e-13,1.308207776e-09,0.2799759091,2.501344953e-10,-21.73074624,0.08193372277,-150.2082609,-2670.208261,1.178491956,-0.07110512421,-0.04070867522,43.37182472,43.22685392,-3.543201906,7.51646001e-12,-9.436374168e-11,0.08196761007,3.998093205e-10,
5988002000,-4.676730089,0.5836647908,7.934532422,-712.0654676,3.80382143,0.5780770437,0.08056996643,183.930166,178.6715147,43.66687327,-6.086758896e-13,1.160620643e-09,0.2443975099,2.501344953e-10,-21.99588108,0.07947050012,-151.8161314,-2671.816131,1.172662582,-0.07004819648,-0.03753412526,43.46238416,43.33889038,-3.274052155,8.118066444e-12,-8.702094361e-11,0.07554536182,3.998093205e-10,
6000000000,-4.771987688,0.5772987479,7.178893918,-712.8211061,3.731474038,0.5727731894,0.07214373089,181.6889902,177.5782125,38.43003508,-6.902367847e-13,1.019388341e-09,0.2164118815,2.501344953e-10,-22.24426328,0.07723014251,-153.446228,-2673.446228,1.167387658,-0.06908353729,-0.03452477064,43.545291,43.44061171,-3.017552488,8.790509513e-12,-8.004306574e-11,0.0694638581,3.998093205e-10,
