Frequency,S11_Magnitude,S11_Magnitude (linear),S11_Phase,S11_Unwrapped Phase,S11_VSWR,S11_Real,S11_Imaginary,S11_Impedance (absolute),S11_Resistance,S11_Reactance,S11_Capacitance,S11_Inductance,S11_Quality Factor,S11_Group delay,S21_Magnitude,S21_Magnitude (linear),S21_Phase,S21_Unwrapped Phase,S21_VSWR,S21_Real,S21_Imaginary,S21_Impedance (absolute),S21_Resistance,S21_Reactance,S21_Capacitance,S21_Inductance,S21_Quality Factor,S21_Group delay,
1000000,-35.01331563,0.01775555363,-86.10605078,-86.10605078,1.036153024,0.001205778382,-0.01771456416,50.12068549,50.08923894,-1.775177715,8.965578022e-08,-2.825283083e-07,0.03544030121,2.75580662e-09,-0.008851078731,0.9989815009,-1.031155743,-1.031155743,1962.673851,0.9988197231,-0.0179777623,5547.427399,313.6174942,-5538.5553,2.873582269e-11,-0.0008814884536,17.66022433,2.387060272e-09,
12998000,-13.81248752,0.2038804691,-105.6795861,-105.6795861,1.512185573,-0.05510021204,-0.1962936889,44.96224046,41.60703497,-17.04281984,7.184592588e-10,-2.086820297e-07,0.4096138995,2.75580662e-09,-0.2168397354,0.9753444414,-13.02269154,-13.02269154,80.11761062,0.9502594585,-0.2197811204,435.4773252,47.95713952,-432.8286191,2.828965362e-11,-5.299801065e-06,9.025321848,2.387060272e-09,
24996000,-8.681683123,0.3680576458,-117.0503489,-117.0503489,2.164845633,-0.1673827903,-0.3277948018,36.8987974,29.4012633,-22.2954472,2.855837078e-10,-1.419599388e-07,0.75831596,2.75580662e-09,-0.7015771121,0.9224039295,-23.9184276,-23.9184276,24.77450103,0.8431912056,-0.3739754001,231.8932285,45.3554506,-227.414495,2.799828779e-11,-1.44799732e-06,5.014049954,2.387060272e-09,
36994000,-5.969848338,0.5029300473,-126.6542147,-126.6542147,3.023578551,-0.3002413188,-0.4034771157,29.6659695,20.15357705,-21.76931506,1.976259973e-10,-9.365556847e-08,1.080171277,2.117892056e-09,-1.36082384,0.8549856153,-33.77093295,-33.77093295,12.79173524,0.7107209682,-0.4752642504,159.5593422,43.44891632,-153.5297214,2.802182249e-11,-6.60512896e-07,3.533568485,2.111710914e-09,
48992000,-4.319418645,0.6081757057,-135.1342386,-135.1342386,4.104328723,-0.4310515396,-0.4290364311,23.8484562,14.1157648,-19.22222795,1.690017647e-10,-6.244514606e-08,1.361756039,1.827105476e-09,-2.090709727,0.786075958,-42.20894349,-42.20894349,8.349112804,0.5822462547,-0.5281142969,123.8593164,42.13335787,-116.4727883,2.789141132e-11,-3.783723871e-07,2.764384187,1.847154009e-09,
60990000,-3.255834395,0.6873980254,-142.3764853,-142.3764853,5.397912242,-0.5444461598,-0.4196360618,19.35010482,10.29675631,-16.38302067,1.592823004e-10,-4.275190559e-08,1.591085598,1.582769093e-09,-2.856471122,0.719741333,-49.48278717,-49.48278717,6.136264585,0.4675990018,-0.5471551516,102.5812422,41.34762783,-93.87909738,2.779665859e-11,-2.449798721e-07,2.270483273,1.609000003e-09,
72988000,-2.542439182,0.7462391692,-148.6481143,-148.6481143,6.881436996,-0.6372793074,-0.3882627744,15.78822835,7.825142519,-13.71259636,1.590189846e-10,-2.990118229e-08,1.752376564,1.367966637e-09,-3.62319247,0.6589316626,-55.95437734,-55.95437734,4.863927491,0.3689047761,-0.5459855329,88.30318883,40.62494182,-78.40323501,2.781215786e-11,-1.70963205e-07,1.929928549,1.413095502e-09,
84986000,-2.038409714,0.7908234054,-154.0793913,-154.0793913,8.561299167,-0.7112670511,-0.3456889361,12.8995155,6.145115431,-11.34173956,1.651174877e-10,-2.123989734e-08,1.845651183,1.196253663e-09,-4.379471071,0.6039854081,-61.64682369,-61.64682369,4.050318955,0.2868357973,-0.5315294898,78.26660583,40.14537518,-67.18638582,2.787349729e-11,-1.258212578e-07,1.673577231,1.24597179e-09,
96984000,-1.667868137,0.8252900196,-158.8259403,-158.8259403,10.44754293,-0.7695725685,-0.2980967601,10.49798538,4.951424686,-9.256948234,1.772769227e-10,-1.519105285e-08,1.869552466,1.058314435e-09,-5.102378719,0.5557520381,-66.64470092,-66.64470092,3.501990265,0.2203177573,-0.5102160461,70.97581121,39.80188435,-58.76543014,2.792531754e-11,-9.64366152e-08,1.476448442,1.093390287e-09,
108982000,-1.380030042,0.8530971634,-163.1223449,-163.1223449,12.61444099,-0.8163516094,-0.2476788647,8.409976207,4.050394478,-7.370346287,1.981424209e-10,-1.076349346e-08,1.819661351,9.500683737e-10,-5.791276946,0.5133766985,-71.04613054,-71.04613054,3.109955265,0.1667482344,-0.485541616,65.52005575,39.59126433,-52.20545465,2.797367183e-11,-7.623971081e-08,1.318610444,9.555756156e-10,
120980000,-1.162719949,0.8747098207,-166.9824194,-166.9824194,14.96294307,-0.8522306485,-0.1970284043,6.611019363,3.384888468,-5.678741681,2.316618061e-10,-7.470654729e-09,1.677674681,8.642981765e-10,-6.445080689,0.4761523867,-74.8680179,-74.8680179,2.817904194,0.1242964322,-0.4596427877,61.40649843,39.52850354,-46.99207866,2.799509176e-11,-6.182031415e-08,1.188815018,8.336823401e-10,
132978000,-0.9899510535,0.8922826477,-170.5192084,-170.5192084,17.56711067,-0.8800948503,-0.1469740721,5.029091463,2.865736171,-4.132713049,2.896043516e-10,-4.946244568e-09,1.442112184,7.93111726e-10,-7.064340366,0.4433870267,-78.17215843,-78.17215843,2.59316095,0.09088178635,-0.4339729903,58.27124838,39.58343495,-42.76318587,2.798789797e-11,-5.118119098e-08,1.080330343,7.391006642e-10,
144976000,-0.8566289209,0.9060841928,-173.7932377,-173.7932377,20.29566961,-0.900772918,-0.09796282265,3.663045811,2.470803803,-2.704262039,4.059525247e-10,-2.968744281e-09,1.094486756,7.358101828e-10,-7.640357821,0.4149369487,-81.08622426,-81.08622426,2.41843498,0.06429361671,-0.4099256057,55.82189428,39.66265236,-39.28050266,2.794775851e-11,-4.312221447e-08,0.990364999,6.696630288e-10,
156974000,-0.7531406153,0.9169443297,-176.8452938,-176.8452938,23.0802343,-0.9155547745,-0.05046145827,2.566865574,2.167995451,-1.374261473,7.37773472e-10,-1.393354992e-09,0.6338857731,6.864048295e-10,-8.194412075,0.3892955113,-83.89894094,-83.89894094,2.274906337,0.04137528102,-0.3870905337,53.73191663,39.69164769,-36.21728825,2.799474249e-11,-3.672047887e-08,0.912466233,6.151449102e-10,
168972000,-0.6668381136,0.9261004481,-179.7102277,-179.7102277,26.06376355,-0.9260886041,-0.004683715963,1.922534354,1.918384471,-0.1262511837,7.460534251e-09,-1.189161515e-10,0.06581119976,6.444653833e-10,-8.708526122,0.3669219508,-86.46693728,-86.46693728,2.159168135,0.02261138409,-0.3662245804,52.03418528,39.71732939,-33.61681401,2.801875513e-11,-3.166372014e-08,0.8464016721,5.639656328e-10,
180970000,-0.6016295264,0.933079233,177.6154134,-182.3845866,28.88608901,-0.9322712415,0.03882251041,2.01966229,1.731685862,1.039374737,-8.461383683e-10,9.140831469e-10,0.6002097493,6.085600617e-10,-9.18678616,0.3472647425,-88.76671746,-88.76671746,2.06402937,0.007474241162,-0.3471842985,50.67149863,39.76899187,-31.40108374,2.800714941e-11,-2.761583519e-08,0.7895871196,5.097994699e-10,
192968000,-0.544277499,0.9392606434,175.0582765,-184.9417235,31.92757961,-0.9357692522,0.08091021452,2.666007383,1.568957352,2.15545081,-3.826455965e-10,1.777759271e-09,1.373810962,5.787754303e-10,-9.625247582,0.3301700085,-90.83196339,-90.83196339,1.985832264,-0.004794065296,-0.3301352018,49.56957018,39.82600906,-29.51323923,2.794589081e-11,-2.434174532e-08,0.7410543995,4.628011176e-10,
204966000,-0.5017039993,0.9438756884,172.6277476,-187.3722524,34.63518098,-0.9360730646,0.1211137187,3.529887336,1.449605491,3.218500975,-2.412596319e-10,2.499147856e-09,2.220259922,5.537261517e-10,-10.02628012,0.3152724299,-92.72626115,-92.72626115,1.920869682,-0.01499570629,-0.3149155979,48.65411326,39.87129318,-27.88373572,2.784757281e-11,-2.165156353e-08,0.6993436504,4.290826607e-10,
216964000,-0.4658093055,0.9477843532,170.2841395,-189.7158605,37.30269511,-0.9341900837,0.1599502039,4.455900723,1.350060869,4.246455804,-1.727451425e-10,3.115007245e-09,3.145380998,5.299662572e-10,-10.38748825,0.3024305,-94.48200349,-94.48200349,1.86709783,-0.02363372228,-0.3015056459,47.87959624,39.89244486,-26.47732197,2.770501541e-11,-1.942256168e-08,0.6637177055,4.054364148e-10,
228962000,-0.4348142939,0.9511724993,168.0439904,-191.9560096,39.96052374,-0.9305386593,0.1970454946,5.383219761,1.264946539,5.232491305,-1.328459156e-10,3.637183706e-09,4.136531579,5.105989264e-10,-10.70158317,0.2916895305,-96.20833818,-96.20833818,1.823620554,-0.03154448195,-0.2899788404,47.17269745,39.84235028,-25.2557025,2.752309496e-11,-1.755562012e-08,0.6338908804,3.975584263e-10,
240960000,-0.4082860178,0.9540819928,165.9047918,-194.0952082,42.55589715,-0.9253568606,0.2323513062,6.292045323,1.192872654,6.177935673,-1.069133149e-10,4.08054864e-09,5.179040407,4.956457118e-10,-10.97267688,0.2827262651,-97.84689187,-97.84689187,1.788335753,-0.0385995913,-0.2800789398,46.54482288,39.75625973,-24.20455224,2.728840324e-11,-1.598719345e-08,0.6088236773,4.032824663e-10,
252958000,-0.3836148308,0.9567957961,163.7903228,-196.2096772,45.29179149,-0.9187598628,0.267092699,7.205397373,1.12632963,7.116820418,-8.840680703e-11,4.477728116e-09,6.318594692,4.845298763e-10,-11.2076855,0.2751792768,-99.62964776,-99.62964776,1.759303005,-0.04603169472,-0.2713018936,45.88922694,39.57384124,-23.23213806,2.70821122e-11,-1.461708904e-08,0.5870579486,4.175220916e-10,
264956000,-0.3652682488,0.9588189031,161.7068103,-198.2931897,47.56597204,-0.9103628733,0.3009536971,8.118703865,1.07840948,8.04676242,-7.464920621e-11,4.833564875e-09,7.46169481,4.747686788e-10,-11.41953784,0.268548733,-101.4807982,-101.4807982,1.734290158,-0.05345180978,-0.2631754663,45.23983674,39.34962814,-22.3215052,2.691056996e-11,-1.340818056e-08,0.567260893,4.410742903e-10,
276954000,-0.3408969164,0.9615129862,159.6788801,-200.3211199,50.96558009,-0.9016693665,0.3339155224,9.014380225,1.012552267,8.957331564,-6.415549192e-11,5.147438186e-09,8.846290565,4.635794413e-10,-11.61015643,0.2627194211,-103.4083591,-103.4083591,1.712671481,-0.06092196022,-0.2555582301,44.59173459,39.08831738,-21.45987506,2.677844168e-11,-1.2332175e-08,0.5490099471,4.59832112e-10,
288952000,-0.3248691992,0.9632888648,157.7072189,-202.2927811,53.47938308,-0.8912902659,0.3654135998,9.895855467,0.9712228419,9.848080098,-5.592974698e-11,5.424328704e-09,10.13987694,4.518032507e-10,-11.79168326,0.2572858116,-105.483153,-105.483153,1.692825896,-0.06868373964,-0.2479486495,43.92414074,38.79330155,-20.60121099,2.673632285e-11,-1.134715995e-08,0.5310507269,4.765704066e-10,
300950000,-0.304221466,0.9655814786,155.7784715,-204.2215285,57.10824864,-0.8805775035,0.3961449889,10.76448544,0.9158299799,10.7254558,-4.930716427e-11,5.672069474e-09,11.71118662,4.410367924e-10,-11.97893803,0.2517984768,-107.5591886,-107.5591886,1.673076622,-0.07596529958,-0.2400661287,43.30060676,38.53254505,-19.75311412,2.677257914e-11,-1.044627265e-08,0.512634556,4.843842384e-10,
312948000,-0.2874079781,0.9674523883,153.8996909,-206.1003091,60.44844117,-0.8687966267,0.4256248878,11.61891407,0.8715785506,11.58617776,-4.389426325e-11,5.892344613e-09,13.29332594,4.319028584e-10,-12.16990996,0.2463227372,-109.6975886,-109.6975886,1.653655747,-0.08302446638,-0.2319090961,42.69896541,38.28592431,-18.90475196,2.690152918e-11,-9.614328012e-09,0.4937781262,4.813013564e-10,
324946000,-0.268211724,0.9695928713,152.0578371,-207.9421629,64.77404995,-0.8565587527,0.4543318603,12.46343334,0.8196814771,12.43645017,-3.938333613e-11,6.09123522e-09,15.17229622,4.238227231e-10,-12.36573464,0.2408314875,-111.7620971,-111.7620971,1.634461213,-0.08928912483,-0.2236677392,42.16555199,38.08899045,-18.08763614,2.707865714e-11,-8.859123365e-09,0.4748783291,4.725895062e-10,
336944000,-0.2468834989,0.9719766347,150.2399891,-209.7600109,70.36901569,-0.8437846784,0.4824582831,13.30418177,0.7606929622,13.2824169,-3.556192788e-11,6.273927733e-09,17.46094359,4.188700491e-10,-12.56140217,0.2354669138,-113.7760753,-113.7760753,1.615975732,-0.094931596,-0.215482388,41.68555773,37.92457123,-17.30354357,2.729778152e-11,-8.173300287e-09,0.4562620751,4.604515792e-10,
348942000,-0.2280717605,0.9740840048,148.4552773,-211.5447227,76.17241754,-0.8301456218,0.5096056271,14.13767608,0.7087627612,14.11989873,-3.230243816e-11,6.440186848e-09,19.92189701,4.108518429e-10,-12.76417127,0.230033685,-115.7261772,-115.7261772,1.59751623,-0.0998508877,-0.2072324696,41.26574802,37.80422501,-16.54395754,2.756941043e-11,-7.545817416e-09,0.4376219202,4.402513507e-10,
360940000,-0.214937851,0.9755580287,146.6548857,-213.3451143,80.82646054,-0.8149565984,0.5362454755,14.98728788,0.6740866254,14.97212093,-2.945111837e-11,6.601892434e-09,22.21097463,4.072575802e-10,-12.97290017,0.2245716818,-117.659645,-117.659645,1.579219707,-0.1042502896,-0.1989078112,40.88906356,37.71318828,-15.79971358,2.790846199e-11,-6.966815858e-09,0.4189439902,4.138494419e-10,
372938000,-0.1865186577,0.9787551655,144.9774681,-215.0225319,93.14053098,-0.8015284626,0.5617061489,15.78478928,0.5902570406,15.77374937,-2.705506354e-11,6.731601991e-09,26.723526,4.031688211e-10,-13.18026738,0.2192737434,-119.3281565,-119.3281565,1.561717354,-0.1074026803,-0.1911691366,40.61460263,37.68823049,-15.13747764,2.819226568e-11,-6.460066802e-09,0.4016499965,3.840382035e-10,
384936000,-0.172303148,0.9803583283,143.1835961,-216.8164039,100.824327,-0.784835503,0.5874824978,16.64803322,0.5508360782,16.63891793,-2.484886308e-11,6.879496944e-09,30.20665963,3.996081614e-10,-13.38374874,0.2141965951,-120.9127437,-120.9127437,1.545165861,-0.1100396645,-0.1837701106,40.38292383,37.6836625,-14.51627079,2.848239739e-11,-6.001871095e-09,0.3852139051,3.57113683e-10,
396934000,-0.1555963912,0.9822457999,141.4839269,-218.5160731,111.6494007,-0.7685420126,0.6116780086,17.47430437,0.5024883728,17.46707813,-2.295522574e-11,7.003612254e-09,34.76115883,3.960575777e-10,-13.56404812,0.2097961887,-122.3934705,-122.3934705,1.530992601,-0.1123942319,-0.1771495905,40.17674788,37.67273687,-13.96194711,2.871810919e-11,-5.598192391e-09,0.3706114361,3.317685707e-10,
408932000,-0.145015056,0.9834431217,139.7715586,-220.2284414,119.7957182,-0.7508347602,0.6351437133,18.31614524,0.47335308,18.31002767,-2.125592625e-11,7.126200472e-09,38.68154331,3.900194817e-10,-13.7489962,0.205376236,-123.839358,-123.839358,1.516914407,-0.1143671065,-0.1705859409,40.00148694,37.68236461,-13.42230813,2.899624968e-11,-5.223916656e-09,0.3561960155,2.978071559e-10,
420930000,-0.1301348754,0.9851293455,138.130069,-221.869931,133.4930715,-0.7335883141,0.6575165494,19.13170225,0.4293647871,19.12688362,-1.976815042e-11,7.231934226e-09,44.54693117,3.877133614e-10,-13.92011512,0.2013697562,-125.0298562,-125.0298562,1.50428783,-0.1155868863,-0.1648922388,39.88860149,37.72243662,-12.96604428,2.916102276e-11,-4.902501697e-09,0.3437223425,2.579113301e-10,
432928000,-0.1200137477,0.9862779246,136.4375083,-223.5624917,144.7505472,-0.7146798278,0.6796888172,19.98250098,0.4005735432,19.97848558,-1.840101977e-11,7.344580937e-09,49.87470072,3.874247867e-10,-14.08147981,0.1976632854,-126.0261134,-126.0261134,1.492719034,-0.1162564346,-0.1598599882,39.82128901,37.78474308,-12.57172416,2.924217104e-11,-4.621673913e-09,0.3327195883,2.211506582e-10,
444926000,-0.1081449742,0.9876265384,134.7777392,-225.2222608,160.6362554,-0.6956431192,0.7010612171,20.82664432,0.3652519686,20.82344123,-1.717828663e-11,7.448774862e-09,57.0111677,3.887656928e-10,-14.20419231,0.194890372,-126.870049,-126.870049,1.484133751,-0.1169346352,-0.1559119886,39.75670053,37.81957729,-12.25866269,2.918026633e-11,-4.385059004e-09,0.3241353702,1.945913418e-10,
456924000,-0.1035376866,0.9881505476,133.0807428,-226.9192572,167.7841716,-0.6749348148,0.7217371409,21.70071373,0.3541234455,21.69782416,-1.605313938e-11,7.557746954e-09,61.27192207,3.88748865e-10,-14.28303664,0.1931293007,-127.6953196,-127.6953196,1.478711895,-0.1180913066,-0.1528180948,39.65714682,37.79799875,-12.00002434,2.90264574e-11,-4.179826822e-09,0.3174777696,1.832538492e-10,
468922000,-0.09745134034,0.9888432037,131.4125124,-228.5874876,178.2629304,-0.6540957111,0.7415994082,22.57096387,0.3376309031,22.56843848,-1.503896719e-11,7.659863562e-09,66.84352133,3.886183737e-10,-14.32414583,0.1922174044,-128.3977255,-128.3977255,1.475913706,-0.119389434,-0.1506442618,39.5492789,37.74525911,-11.80850862,2.87424955e-11,-4.007878747e-09,0.3128474648,1.811335357e-10,
480920000,-0.0980968463,0.9887697189,129.7245458,-230.2754542,177.0899328,-0.6319201301,0.7604883341,23.46348777,0.3445072162,23.46095848,-1.410592408e-11,7.764134393e-09,68.10004952,3.875694535e-10,-14.31849374,0.192342525,-129.2198986,-129.2198986,1.47629727,-0.1216178706,-0.1490125514,39.37044721,37.6105586,-11.63950148,2.843236026e-11,-3.851959153e-09,0.3094743049,1.956155684e-10,
492918000,-0.09270961188,0.9893831721,128.0630799,-231.9369201,187.3801847,-0.6099830852,0.7789734893,24.35394692,0.3301338018,24.35170922,-1.32591598e-11,7.862757894e-09,73.76315024,3.862449169e-10,-14.27127022,0.1933911024,-130.0195919,-130.0195919,1.479516412,-0.1243600546,-0.148103664,39.15431553,37.42262429,-11.51553803,2.803891603e-11,-3.718173814e-09,0.3077159406,2.2943794e-10,
504916000,-0.08935589417,0.9897652576,126.3853541,-233.6146459,194.4128325,-0.5871417373,0.7968060275,25.26606266,0.3228481218,25.26399991,-1.247667572e-11,7.963483961e-09,78.25351366,3.872323848e-10,-14.18007595,0.1954322367,-131.1089785,-131.1089785,1.485806779,-0.128495391,-0.1472504453,38.8316749,37.13008495,-11.36907063,2.772528595e-11,-3.583653101e-09,0.3061956536,2.773347477e-10,
516914000,-0.08734799714,0.9899940858,124.7406085,-235.2593915,198.881786,-0.5641600854,0.8135180932,26.17349107,0.3202878631,26.1715313,-1.176447911e-11,8.058068798e-09,81.71252899,3.89614842e-10,-14.06218158,0.19810294,-132.4082191,-132.4082191,1.494085712,-0.1336022694,-0.1462710104,38.43648717,36.76970913,-11.19607235,2.750021826e-11,-3.447208351e-09,0.3044917301,3.389953127e-10,
528912000,-0.08962524489,0.9897345653,123.022956,-236.977044,193.828574,-0.5393806059,0.8298452095,27.13593686,0.3339314593,27.13388212,-1.108982715e-11,8.16485817e-09,81.25584266,3.905264252e-10,-13.92611683,0.2012306631,-134.0150171,-134.0150171,1.503851748,-0.1398244993,-0.1447165823,37.95837266,36.34100175,-10.96219172,2.744980844e-11,-3.298633798e-09,0.3016480337,3.987284574e-10,
540910000,-0.08307107595,0.9904816777,121.330001,-238.669999,209.1210628,-0.5150172403,0.8460562605,28.09978221,0.3146046118,28.098021,-1.047175297e-11,8.267436233e-09,89.31217134,3.933069245e-10,-13.79228327,0.2043552675,-135.8876509,-135.8876509,1.513684712,-0.1467222368,-0.1422450723,37.4316206,35.88357334,-10.6534213,2.761887721e-11,-3.134615112e-09,0.2968885289,4.53100024e-10,
552908000,-0.08087345063,0.9907323121,119.656693,-240.343307,214.8035559,-0.4902163012,0.8609520848,29.06841359,0.3114380636,29.06674518,-9.903092933e-12,8.366882329e-09,93.33074078,3.93148184e-10,-13.67198725,0.2072051939,-137.9803618,-137.9803618,1.522720866,-0.1539359371,-0.1387001069,36.88379131,35.42574219,-10.26795266,2.803389228e-11,-2.955637142e-09,0.2898443906,4.931592661e-10,
564906000,-0.08250355561,0.9905463961,117.9297263,-242.0702737,210.5595299,-0.4639603116,0.8751702646,30.08559356,0.3234302564,30.08385502,-9.36505769e-12,8.4757362e-09,93.01496823,3.94337192e-10,-13.56724803,0.2097189131,-140.2108761,-140.2108761,1.530745115,-0.1611490651,-0.1342125231,36.33905511,34.98616208,-9.823206667,2.868076051e-11,-2.767561148e-09,0.280774057,5.147929171e-10,
576904000,-0.08276663877,0.9905163943,116.2325079,-243.7674921,209.8902526,-0.4378229641,0.8885008607,31.10335838,0.3303955427,31.10160352,-8.870207936e-12,8.580238546e-09,94.13445251,3.960485034e-10,-13.4918637,0.2115469728,-142.5038693,-142.5038693,1.536612748,-0.167840194,-0.1287703031,35.83500766,34.59958642,-9.328257789,2.957440678e-11,-2.573458214e-09,0.2696060489,5.20561236e-10,
588902000,-0.0894503917,0.9897544896,114.5258298,-245.4741702,194.2074537,-0.4108504778,0.9004531273,32.14600457,0.3638657386,32.14394517,-8.407713876e-12,8.687129208e-09,88.34012594,3.930817449e-10,-13.4369975,0.212887482,-144.7435709,-144.7435709,1.540932782,-0.1738389766,-0.1228864931,35.38435282,34.26703455,-8.821721353,3.063541491e-11,-2.384132776e-09,0.2574404663,5.12368279e-10,
600900000,-0.09852109114,0.9887214256,112.8054193,-247.1945807,176.3273764,-0.3832311728,0.9114296055,33.21748682,0.4087040379,33.2149724,-7.974143222e-12,8.797349048e-09,81.26900965,3.930223654e-10,-13.39172049,0.2140000995,-146.9562631,-146.9562631,1.544529584,-0.1793865617,-0.1166897771,34.96906754,33.96785223,-8.307869765,3.18807293e-11,-2.200430254e-09,0.244580367,5.007618527e-10,
612898000,-0.09847702018,0.9887264423,111.15412,-248.84588,176.4062857,-0.3568095118,0.9220992083,34.26604074,0.4165433754,34.26350886,-7.578793802e-12,8.897413278e-09,82.25676097,3.923391349e-10,-13.3606347,0.2147673531,-149.0499895,-149.0499895,1.547015853,-0.1841879904,-0.1104527056,34.61009803,33.71772046,-7.80859864,3.325514354e-11,-2.027706196e-09,0.2315873829,4.824329832e-10,
624896000,-0.09028664734,0.9896592031,109.4304945,-250.5695055,192.4086917,-0.3292230949,0.9332938937,35.3827159,0.3899860457,35.38056664,-7.19859272e-12,9.011086756e-09,90.72264771,3.982509304e-10,-13.32039241,0.2157646929,-151.1653133,-151.1653133,1.550254983,-0.1890130788,-0.1040598805,34.2520349,33.46408142,-7.304597819,3.48671201e-11,-1.860410132e-09,0.2182817369,4.622116048e-10,
636894000,-0.1013376238,0.9884008696,107.7401793,-252.2598207,171.4267187,-0.301166783,0.9414004715,36.50145802,0.4470978691,36.49871972,-6.84660611e-12,9.120751114e-09,81.63474317,4.050554465e-10,-13.30514757,0.2161437199,-153.0578615,-153.0578615,1.551488137,-0.1926844625,-0.09793265844,33.97822664,33.28295944,-6.838457175,3.654221282e-11,-1.708878185e-09,0.2054642163,4.425480013e-10,
648892000,-0.1068277776,0.9877763212,105.9116033,-254.0883967,162.6168647,-0.270802811,0.9499304702,37.73905598,0.4826175885,37.73596993,-6.499683279e-12,9.255571261e-09,78.19020863,4.094982032e-10,-13.27507122,0.2168934512,-154.9344338,-154.9344338,1.553930883,-0.1964672006,-0.09188802005,33.69900309,33.08931733,-6.38121367,3.843655227e-11,-1.5651321e-09,0.1928481511,4.130580797e-10,
660890000,-0.1172041736,0.9865970018,104.1658262,-255.8341738,148.2203434,-0.2414490168,0.956596057,38.94881428,0.542007555,38.94504284,-6.183562649e-12,9.378710642e-09,71.85332101,4.13881352e-10,-13.22952047,0.2180338767,-156.7228729,-156.7228729,1.557655556,-0.2002868377,-0.0861623701,33.42021863,32.88630074,-5.949977869,4.047395092e-11,-1.432868388e-09,0.180925727,3.859386472e-10,
672888000,-0.1345043341,0.9846338983,102.3739841,-257.6260159,129.1566293,-0.2109990041,0.9617605388,40.22080835,0.6375927614,40.21575438,-5.881405571e-12,9.512037812e-09,63.07435845,4.156035111e-10,-13.18302057,0.2192042508,-158.2533751,-158.2533751,1.561489355,-0.2036037867,-0.08121577197,33.17995509,32.70723975,-5.580850109,4.238156503e-11,-1.320011475e-09,0.1706304216,3.539795677e-10,
684886000,-0.1541728605,0.9824067934,100.5706417,-259.4293583,112.6802429,-0.1802202379,0.965734836,41.53368562,0.7498589275,41.52691601,-5.595928585e-12,9.650093525e-09,55.37963807,4.236961235e-10,-13.1160126,0.2209018587,-159.7332762,-159.7332762,1.567070686,-0.2072258841,-0.0765183906,32.92106551,32.5030842,-5.229347139,4.443798627e-11,-1.21520435e-09,0.1608877209,3.209595202e-10,
696884000,-0.1746591683,0.9800924453,98.73365591,-261.2663441,99.46437276,-0.14881865,0.9687281407,42.90677008,0.8727853111,42.89789231,-5.323823924e-12,9.797056051e-09,49.15056631,4.309188126e-10,-13.03069545,0.2230823585,-161.0739164,-161.0739164,1.574275436,-0.2110220353,-0.07235633562,32.65334808,32.28114989,-4.916147124,4.645524627e-11,-1.122753738e-09,0.1522915739,2.955807386e-10,
708882000,-0.200379057,0.9771945747,96.83567931,-263.1643207,86.69843032,-0.1163079324,0.9702482681,44.36567024,1.030634188,44.35369758,-5.061932525e-12,9.958089237e-09,43.03534473,4.400212097e-10,-12.90305887,0.2263846919,-162.2441724,-162.2441724,1.585264251,-0.2156008089,-0.06903853954,32.33646455,31.99935639,-4.657051696,4.820977714e-11,-1.045579938e-09,0.1455357926,2.761165848e-10,
720880000,-0.2346853944,0.9733425974,94.93517023,-265.0648298,74.02606431,-0.0837352036,0.9697341015,45.87007551,1.243676493,45.8532125,-4.814901278e-12,1.012341225e-08,36.86908353,4.447650683e-10,-12.72156809,0.2311647425,-163.3814069,-163.3814069,1.601337517,-0.2215089484,-0.06611296355,31.93392315,31.62683942,-4.417971941,4.997285958e-11,-9.75394064e-10,0.1396905926,2.711173366e-10,
732878000,-0.2642243567,0.9700380774,92.96701045,-267.0329896,65.75139054,-0.05021010247,0.9687377442,47.4767325,1.445730865,47.45471516,-4.576242981e-12,1.030547034e-08,32.82403129,4.48794932e-10,-12.49671442,0.2372270886,-164.5426552,-164.5426552,1.622012358,-0.2286463804,-0.06322597815,31.45403843,31.17542135,-4.177276309,5.198705834e-11,-9.071553153e-10,0.1339926175,2.805819751e-10,
744876000,-0.3031197131,0.9657039646,91.06266602,-268.937334,57.31577832,-0.01790990481,0.9655378721,49.08169783,1.712449637,49.05181524,-4.355931749e-12,1.048072278e-08,28.64423816,4.528666093e-10,-12.21825031,0.2449556631,-165.7798335,-165.7798335,1.64885107,-0.237449964,-0.0601730128,30.87065184,30.62071667,-3.92031319,5.450236984e-11,-8.376390469e-10,0.1280281331,3.067402759e-10,
756874000,-0.3582017219,0.959599281,89.07957654,-270.9204235,48.50406951,0.01541474268,0.9594754639,50.80904869,2.09442237,50.76586278,-4.142139999e-12,1.067501064e-08,24.23859843,4.586725319e-10,-11.89585553,0.254218542,-167.1045197,-167.1045197,1.681750771,-0.2478068458,-0.05673477131,30.19502771,29.97527554,-3.636283118,5.782809093e-11,-7.64635108e-10,0.1213094143,3.508077239e-10,
768872000,-0.4076626954,0.9541504627,87.09859874,-272.9014013,42.62094182,0.04829658252,0.9529273559,52.5953559,2.469853444,52.53733231,-3.940016761e-12,1.087512113e-08,21.27143715,4.698326076e-10,-11.51648626,0.2655679659,-168.7249603,-168.7249603,1.723192763,-0.2604424849,-0.05192356476,29.38451265,29.20281033,-3.262736936,6.344304611e-11,-6.75379922e-10,0.1117268132,4.154334075e-10,
780870000,-0.4622453068,0.9481733283,85.04336862,-274.9566314,37.59016865,0.08192376186,0.9446275233,54.51726961,2.909411143,54.4395813,-3.743920491e-12,1.10957374e-08,18.7115463,4.763123394e-10,-11.09658511,0.2787216758,-170.6462757,-170.6462757,1.772854712,-0.2750157234,-0.04530038039,28.46788986,28.33152517,-2.783062061,7.323496908e-11,-5.672366513e-10,0.09823198871,5.05420566e-10,
792868000,-0.5231634298,0.9415466197,82.93407706,-277.0659229,33.21530096,0.1158208348,0.9343958322,56.56747688,3.428972516,56.46345356,-3.555099853e-12,1.133409059e-08,16.46658097,4.837829648e-10,-10.6414833,0.2937148029,-172.9808215,-172.9808215,1.831717284,-0.2915134994,-0.03589240983,27.45311209,27.36878156,-2.150153302,9.335762956e-11,-4.316071861e-10,0.07856225888,6.008683832e-10,
804866000,-0.5963083732,0.9336510315,80.87520558,-279.1247944,29.14364871,0.1480633757,0.9218359319,58.6492997,4.071388163,58.50781276,-3.379735293e-12,1.156938871e-08,14.3704826,4.930789506e-10,-10.19790345,0.3091041441,-175.8918538,-175.8918538,1.894792295,-0.3083099343,-0.02214399143,26.44424356,26.41259753,-1.293332612,1.52892549e-10,-2.557447802e-10,0.04896650587,6.91493682e-10,
816864000,-0.6679540269,0.9259814756,78.73470984,-281.2652902,26.02026306,0.1808923804,0.90814076,60.90526267,4.765742187,60.71852043,-3.208848364e-12,1.183018552e-08,12.74062214,5.10874117e-10,-9.758218507,0.3251539803,-179.0787652,-179.0787652,1.963639025,-0.3251119517,-0.00522778892,25.46588772,25.46414736,-0.2977187195,6.544315563e-10,-5.80064807e-11,0.01169168224,7.763733989e-10,
828862000,-0.7479794482,0.9174893412,76.49432198,-283.505678,23.23929258,0.2142720431,0.8921178076,63.37328386,5.597528276,63.12559532,-3.041812326e-12,1.212113781e-08,11.27740535,5.370506646e-10,-9.302807055,0.3426570307,177.468922,-182.531078,2.042551748,-0.3423227396,0.0151321726,24.50265891,24.48826599,0.8397155651,-2.286681608e-10,1.612390036e-10,0.03429052777,8.616797293e-10,
840860000,-0.8523787455,0.906527666,74.09147708,-285.9085229,20.39670547,0.248481298,0.871808152,66.14810242,6.725678609,65.80529387,-2.876309431e-12,1.245538829e-08,9.784186503,5.595355515e-10,-8.845246674,0.3611916205,173.5719201,-186.4280799,2.130829313,-0.3589208703,0.0404375513,23.62422328,23.52269877,2.187822682,-8.651358674e-11,4.141031735e-10,0.09300899965,9.58445574e-10,
852858000,-0.9843631093,0.8928568698,71.59846099,-288.401539,17.6666191,0.2818521678,0.8472028951,69.17368967,8.220851626,68.68345463,-2.717010226e-12,1.281727007e-08,8.354785825,5.820876858e-10,-8.384249382,0.3808794408,169.1736234,-190.8263766,2.230388606,-0.3741001235,0.07154191804,22.89218946,22.57816171,3.77875004,-4.93850206e-11,7.05166332e-10,0.1673630514,1.08468628e-09,
864856000,-1.169838339,0.8739932591,69.09868675,-290.9013132,14.87216673,0.3118053209,0.8164812667,72.35002517,10.35452938,71.60523628,-2.569990671e-12,1.317713851e-08,6.915354009,5.803317828e-10,-7.933803944,0.4011527768,164.36991,-195.63009,2.339749977,-0.3863186308,0.1080808302,22.40614355,21.69770003,5.589730072,-3.292194557e-11,1.028648898e-09,0.2576185525,1.290428481e-09,
876854000,-1.444516313,0.8467870045,66.41971865,-293.5802814,12.05372298,0.3387432858,0.776080677,75.8849154,13.60918646,74.65460755,-2.431286997e-12,1.355031718e-08,5.485603992,4.870636962e-10,-7.428211779,0.4251962357,158.6446082,-201.3553918,2.479448334,-0.3960020973,0.1548359705,22.19653267,20.76261679,7.848554432,-2.312614102e-11,1.424565816e-09,0.3780137403,1.672988466e-09,
888852000,-1.886174028,0.8048061726,64.14777094,-295.8522291,9.246225645,0.3509370363,0.7242625021,78.80561955,18.62299296,76.57355814,-2.338362565e-12,1.371101183e-08,4.111775068,7.17523466e-11,-6.964764586,0.4484993012,150.9678181,-209.0321819,2.62646866,-0.3921441355,0.2176570701,22.91070696,20.1176671,10.96266227,-1.633332648e-11,1.962938587e-09,0.5449271136,2.351461068e-09,
900850000,-2.563767158,0.7444090461,63.55509649,-296.4449035,6.825003075,0.3315129097,0.6665163304,78.86816033,25.01658969,74.79543405,-2.362068902e-12,1.321425659e-08,2.989833346,-3.538431528e-10,-6.669255475,0.4640205626,139.7441413,-220.2558587,2.731486435,-0.354124901,0.2998510247,25.67133899,20.39663242,15.58829791,-1.133362794e-11,2.754015282e-09,0.7642584125,2.496629008e-09,
912848000,-2.962323844,0.7110232593,68.98140545,-291.0185945,5.92097224,0.2550233603,0.6637146684,71.14592472,24.83386598,66.67099597,-2.615078441e-12,1.162408043e-08,2.684680509,-2.585789767e-10,-7.582406783,0.4177146056,123.0370497,-236.9629503,2.434741828,-0.227730166,0.3501777595,33.20897439,25.3233726,21.48401219,-8.115331654e-12,3.745735038e-09,0.8483866873,9.139179074e-10,
924846000,-1.82481155,0.8105119503,71.64463965,-288.3553603,9.554755315,0.2552380455,0.7692744385,68.74828729,14.96224528,67.10035932,-2.564636762e-12,1.154716987e-08,4.484645057,2.649772768e-10,-11.35682255,0.2704947701,118.6917937,-241.3082063,1.741584183,-0.1298639607,0.2372820523,39.06021305,34.76764267,17.80200177,-9.666780767e-12,3.063511739e-09,0.5120278627,-9.06587453e-10,
936844000,-1.163734719,0.8746076346,65.68737437,-294.3126256,14.94993438,0.3600892436,0.7970409345,77.11434082,11.24954436,76.28937876,-2.226838768e-12,1.296035598e-08,6.781552774,9.723287983e-10,-12.27269402,0.2434250674,141.7566552,-218.2433448,1.643492288,-0.1911833303,0.1506807806,34.261234,32.62796905,10.45216681,-1.625348593e-11,1.775657435e-09,0.3203437762,-1.941844263e-09,
948842000,-1.174083462,0.8735662099,59.47955677,-300.5204432,14.81855609,0.443636897,0.7525318776,86.97844229,13.52307271,85.92075376,-1.952217282e-12,1.441200187e-08,6.353641334,1.313164705e-09,-10.40303215,0.3018897673,149.9633638,-210.0366362,1.864877073,-0.2613476368,0.1511120259,29.67453265,28.15851251,9.363549604,-1.791371728e-11,1.570604173e-09,0.3325299801,-1.456254053e-09,
960840000,-1.446623866,0.8465815642,54.06514523,-305.9348548,12.03624293,0.4968291076,0.6854642096,96.8058443,19.59081246,94.80280353,-1.747221143e-12,1.570327505e-08,4.839146092,1.231286129e-09,-8.943229548,0.3571400233,149.3381101,-210.6618899,2.111097397,-0.307208872,0.1821310111,27.13715455,25.04212577,10.45548155,-1.584254747e-11,1.731861257e-09,0.4175157351,4.673063173e-11,
972838000,-1.850672769,0.8081023348,49.09612397,-310.903876,9.422221646,0.5291388998,0.6107711587,106.7558206,29.16937305,102.69349,-1.593076722e-12,1.680051207e-08,3.520592982,1.141003932e-09,-7.851546302,0.4049698441,146.3509113,-213.6490887,2.361174186,-0.3371158555,0.2243957991,25.80865639,22.73922158,12.20715145,-1.340186604e-11,1.997072991e-09,0.5368324242,7.031003392e-10,
984836000,-2.407454739,0.7579267987,44.287743,-315.712257,7.261963691,0.5425559308,0.5292316072,116.5653365,43.4816232,108.151866,-1.494246334e-12,1.747793956e-08,2.487300567,1.073480656e-09,-6.94660014,0.4494382108,142.553668,-217.446332,2.632653118,-0.3568194266,0.2732665405,25.24538419,20.82875639,14.26507378,-1.132875524e-11,2.3053148e-09,0.6848740036,9.416802879e-10,
996834000,-3.090695907,0.7005920497,39.72668056,-320.2733194,5.679849343,0.5388267611,0.4477666151,124.6639679,61.61673865,108.3719632,-1.473263226e-12,1.730271402e-08,1.758807193,9.923612056e-10,-6.111343321,0.4948035809,138.1711487,-221.8288513,2.958856247,-0.3686980752,0.3299883528,25.29783216,19.04851255,16.64735659,-9.590737552e-12,2.657924079e-09,0.8739452253,1.103540451e-09,
1008832000,-3.982800576,0.6322079768,35.56654931,-324.4334507,4.437855837,0.5142635603,0.3677226082,127.8889491,80.86989287,99.07393063,-1.592362307e-12,1.563006109e-08,1.225102781,8.580483116e-10,-5.32042407,0.541974429,133.0910872,-226.9089128,3.366568433,-0.3702553501,0.3957868839,26.07469825,17.35934045,19.45618636,-8.108556824e-12,3.069438949e-09,1.120790644,1.277906217e-09,
1020830000,-5.076356935,0.5574194946,32.02529128,-327.9747087,3.518951865,0.4725881064,0.2955959652,124.2114422,94.28283892,80.86549726,-1.927984089e-12,1.260752879e-08,0.8576905214,6.071700178e-10,-4.555422716,0.5918734571,127.2497007,-232.7502993,3.900440892,-0.3582549841,0.4711343286,27.68826886,15.71700738,22.79508525,-6.839517835e-12,3.553922294e-09,1.450345139,1.483198671e-09,
1032828000,-6.462334279,0.4752074997,29.60768308,-330.3923169,2.811030072,0.4131590323,0.2347802841,113.3216527,96.89235054,58.76792811,-2.622115084e-12,9.055918559e-09,0.6065280466,1.185742592e-10,-3.844040232,0.6423888413,120.4162182,-239.5837818,4.592666648,-0.3252272658,0.5539771196,30.3909993,14.23419769,26.85145162,-5.738843206e-12,4.137708559e-09,1.886404293,1.685173749e-09,
1044826000,-8.225463754,0.3879062814,29.5934271,-330.4065729,2.267473492,0.3373045231,0.1915644588,97.91976794,89.26204379,40.25628511,-3.783924524e-12,6.132108854e-09,0.4509899549,-8.257997114e-10,-3.258550805,0.6871830833,112.4768314,-247.5231686,5.393516122,-0.2627168365,0.634980672,34.42198929,13.20997882,31.78631477,-4.79221154e-12,4.841905847e-09,2.406235105,1.865392696e-09,
1056824000,-10.30361428,0.3053650195,34.22170426,-325.7782957,1.879210025,0.2524964382,0.1717362623,82.41538844,77.07136618,29.19419063,-5.158471373e-12,4.396569105e-09,0.3787942536,-2.316226775e-09,-2.834383577,0.7215739086,104.0838355,-255.9161645,6.18323484,-0.175588789,0.6998839066,39.52149761,12.80369674,37.39002705,-4.027742382e-12,5.630840734e-09,2.920252472,2.002257995e-09,
1068822000,-12.40775518,0.239669208,47.55258157,-312.4474184,1.630434044,0.161755938,0.1768511968,68.58550286,64.21316562,24.09648448,-6.179609907e-12,3.588132183e-09,0.3752576944,-3.563843444e-09,-2.543748234,0.7461267118,95.13012523,-264.8698748,6.877945783,-0.06671714892,0.7431378689,45.88307448,13.11415314,43.969029,-3.386630944e-12,6.54729067e-09,3.352792097,2.062042341e-09,
1080820000,-12.95033761,0.2251557899,70.65026578,-289.3497342,1.581164025,0.07460165855,0.2124375726,57.68479539,52.6518853,23.56511392,-6.2488085e-12,3.470054556e-09,0.4475644849,-3.799826004e-09,-2.447199157,0.7544666411,85.84800672,-274.1519933,7.145532685,0.05462530588,0.7524865371,53.61113502,14.75305293,51.54125752,-2.857009923e-12,7.589650366e-09,3.493599445,2.015839592e-09,
1092818000,-11.22911093,0.2745013303,88.3453349,-271.6546651,1.756724559,0.007926319195,0.2743868689,50.74260539,43.63617115,25.89781013,-5.623533019e-12,3.771684303e-09,0.5934941001,-2.93620575e-09,-2.594404954,0.7417879127,77.06205457,-282.9379454,6.745570786,0.1660830681,0.7229562379,62.15688926,18.46141147,59.35196011,-2.453789059e-12,8.643852712e-09,3.214919954,1.891322909e-09,
1104816000,-9.249376668,0.3447713478,95.88788991,-264.1121101,2.052369571,-0.03536743545,0.3429525138,46.93288041,37.03476475,28.8291773,-4.996868581e-12,4.153004728e-09,0.7784355453,-1.464121839e-09,-2.825285774,0.7223300979,69.58299264,-290.4170074,6.202797223,0.2519850349,0.6769522232,70.5393795,23.493987,66.51192852,-2.165861274e-12,9.581416451e-09,2.83101921,1.758786329e-09,
1116814000,-7.393224593,0.4269124009,98.34524338,-261.6547566,2.489867872,-0.06196101179,0.4223920348,45.00700538,31.30304274,32.33805882,-4.406820241e-12,4.608432479e-09,1.033064392,-3.0759419e-10,-2.984343443,0.7092230271,62.41686619,-297.5831338,5.878123739,0.3283951856,0.6286126822,79.87985068,29.36649888,74.28592927,-1.918371535e-12,1.058634011e-08,2.529614768,1.690865364e-09,
1128812000,-5.875682347,0.5084121054,97.27007242,-262.7299276,3.068448434,-0.06433776755,0.5043248165,45.12416415,26.72791835,36.35668537,-3.878057394e-12,5.126049503e-09,1.360251289,3.406639379e-10,-3.160840135,0.6949570952,55.18714784,-304.8128522,5.556454743,0.3967494402,0.5705744876,90.85395583,37.49526975,82.7559426,-1.703724326e-12,1.166803448e-08,2.20710354,1.693555661e-09,
1140810000,-4.691646176,0.5826633362,94.29717081,-265.7028292,3.792294025,-0.04365866491,0.5810253733,46.84029139,23.14609634,40.72187522,-3.425934404e-12,5.681128088e-09,1.759340954,6.991091546e-10,-3.40453613,0.6757299891,47.74337224,-312.2566278,5.16769955,0.4543962723,0.5001350277,103.897307,49.59571536,91.29575795,-1.528115615e-12,1.273671441e-08,1.840799297,1.693237396e-09,
1152808000,-3.831674361,0.6433040446,90.55481152,-269.4451885,4.607016199,-0.006229200844,0.6432738848,49.56133681,20.54829014,45.10092991,-3.06110096e-12,6.226566726e-09,2.194875078,8.340092763e-10,-3.722884273,0.6514120475,40.34503414,-319.6549659,4.737432936,0.4964800245,0.4217170151,118.3603596,66.72371672,97.76052552,-1.412211106e-12,1.34966715e-08,1.465154076,1.647540974e-09,
1164806000,-3.237474874,0.6888525276,86.60463288,-273.3953671,5.427820173,0.0407977433,0.6876433297,52.84783032,18.86258079,49.36695469,-2.767771257e-12,6.745324857e-09,2.617189834,8.285875369e-10,-4.161777842,0.6193142998,33.27009094,-326.7299091,4.253677769,0.5178048734,0.3397474283,131.8408009,88.58553079,97.64527904,-1.39931433e-12,1.334190314e-08,1.102271197,1.543797355e-09,
1176804000,-2.811667703,0.7234634829,83.10474345,-276.8952566,6.23231789,0.08685515467,0.7182308774,56.06710012,17.65593974,53.21454226,-2.541473964e-12,7.196914222e-09,3.01397394,7.702748332e-10,-4.670760271,0.5840660819,26.84283459,-333.1571654,3.808456135,0.5211320802,0.263731953,141.1977496,110.2266797,88.24332018,-1.532618825e-12,1.193432432e-08,0.8005622631,1.408103789e-09,
1188802000,-2.425322472,0.7563692709,80.12769696,-279.872303,7.209145075,0.1296816862,0.7451691984,59.0582509,16.29829314,56.76480107,-2.358476126e-12,7.599582339e-09,3.482867844,7.133809875e-10,-5.212383549,0.5487579469,21.15400683,-338.8459932,3.432211019,0.5117792278,0.1980335987,144.6975816,125.8867174,71.34370679,-1.876527505e-12,9.551383321e-09,0.5667294235,1.263892741e-09,
1200800000,-2.078547775,0.7871773897,77.15811607,-282.8418839,8.397497741,0.1749590579,0.7674878311,62.27297314,14.97766136,60.44495714,-2.192751306e-12,8.011420481e-09,4.035673907,6.813415949e-10,-5.757810905,0.5153585134,15.99310352,-344.0068965,3.126761855,0.4954114933,0.1419924282,143.2827641,133.6393769,51.67656554,-2.564813612e-12,6.849251206e-09,0.3866866692,1.135631136e-09,
1212798000,-1.78875369,0.8138836339,74.17148541,-285.8285146,9.745965237,0.2219941542,0.7830230936,65.74181647,13.85375783,64.26554152,-2.041989423e-12,8.433538482e-09,4.638852673,6.691220619e-10,-6.313042635,0.4834458853,11.39942328,-348.6005767,2.871811187,0.4739090277,0.09555185771,138.1156515,134.0110297,33.42120783,-3.926535411e-12,4.385850265e-09,0.2493914711,1.023302382e-09,
1224796000,-1.576792232,0.8339891266,71.36832361,-288.6316764,11.04740363,0.2664455494,0.7902813628,69.22221752,13.09349263,67.97261102,-1.911711794e-12,8.832635834e-09,5.191327705,6.568687873e-10,-6.878869958,0.4529565061,7.194582088,-352.8054179,2.656016427,0.449390175,0.05672800931,131.0240281,129.7092527,18.51501316,-7.018306768e-12,2.405915652e-09,0.1427424242,9.092133176e-10,
1236794000,-1.391977715,0.8519245122,68.5719655,-291.4280345,12.50662442,0.3112355423,0.7930370809,72.944775,12.42742497,71.87836467,-1.790294899e-12,9.249557355e-09,5.783850224,6.458407072e-10,-7.438741496,0.4246810918,3.453619985,-356.54638,2.476332815,0.4239098239,0.02558302064,123.4821827,123.2422893,7.693346019,-1.672659325e-11,9.900064584e-10,0.06242456271,7.941868716e-10,
1248792000,-1.262391452,0.8647298033,65.77187495,-294.2281251,13.78522282,0.354859793,0.7885633519,76.93219411,12.14995771,75.96670993,-1.677670647e-12,9.681738349e-09,6.252425874,6.377461104e-10,-7.983873591,0.3988469914,0.3302706781,-359.6697293,2.326940016,0.3988403652,0.002299065271,116.3444736,116.3427343,0.6361584867,-2.003386295e-10,8.107656659e-11,0.005467969189,6.720388426e-10,
1260790000,-1.159224508,0.8750618988,63.02187549,-296.9781245,15.00792698,0.3969720763,0.7798374815,81.14777189,12.05336916,80.24759918,-1.573060145e-12,1.012999951e-08,6.657690322,6.225730806e-10,-8.526176468,0.3747064567,-2.319998368,-362.3199984,2.198497764,0.3743993198,-0.01516832206,109.8207876,109.75246,-3.873360179,3.259038514e-11,-4.889509108e-10,0.03529178461,5.542886232e-10,
1272788000,-1.062701379,0.8848403748,60.37034851,-299.6296515,16.36719789,0.4374578062,0.7691379309,85.54340797,11.95215234,84.70431336,-1.476245318e-12,1.059179547e-08,7.086950615,6.019874893e-10,-9.02710084,0.3537080614,-4.432228395,-364.4322284,2.094576739,0.3526502765,-0.02733450585,104.404303,104.2010702,-6.511179198,1.920456222e-11,-8.141861447e-10,0.06248668261,4.444443928e-10,
1284786000,-1.009685569,0.890257665,57.82739144,-302.1726086,17.22450743,0.47403699,0.7535566615,90.07401479,12.28212202,89.23271608,-1.388242142e-12,1.105384698e-08,7.265252367,5.842896906e-10,-9.490992906,0.3353129718,-6.1357693,-366.1357693,2.008934905,0.3333921014,-0.03583986257,99.90505567,99.58084186,-8.042144155,1.540343153e-11,-9.962336104e-10,0.08075995347,3.374863323e-10,
1296784000,-0.9775566623,0.8935568056,55.36835436,-304.6316456,17.78936471,0.5078068078,0.735238744,94.798771,12.8735611,93.92059629,-1.306747407e-12,1.152692134e-08,7.295618947,5.708593981e-10,-9.896101167,0.3200331319,-7.36024274,-367.3602427,1.941319782,0.3173961531,-0.04099862841,96.37090388,95.97127078,-8.767342751,1.399859674e-11,-1.076020321e-09,0.09135382578,2.379840368e-10,
1308782000,-0.9444704264,0.8969670275,52.90431869,-307.0956813,18.41126177,0.5410037502,0.7154472662,99.93749202,13.52516929,99.0180393,-1.228113473e-12,1.20411271e-08,7.321020327,5.676222346e-10,-10.23050645,0.3079460782,-8.144481023,-368.144481,1.889948221,0.3048401255,-0.04362665459,93.71986524,93.28745878,-8.992395419,1.352313621e-11,-1.093523735e-09,0.09639447291,1.538199746e-10,
1320780000,-0.9286607067,0.8986011389,50.50337698,-309.496623,18.72408741,0.5715397446,0.6934164168,105.3673842,14.48786004,104.3666017,-1.154590833e-12,1.257625082e-08,7.20372791,5.633046986e-10,-10.46586329,0.2997138658,-8.567470987,-368.567471,1.855975439,0.2963693943,-0.04464956277,91.98962919,91.55005208,-8.982195891,1.341550809e-11,-1.082361087e-09,0.09811240614,1.048356929e-10,
1332778000,-0.9163579527,0.8998748255,48.0012833,-311.9987167,18.9749964,0.6021188092,0.6687508065,111.5506599,15.70715516,110.4392819,-1.081281424e-12,1.318821111e-08,7.031144775,5.54790828e-10,-10.60690786,0.2948863074,-8.854112877,-368.8541129,1.836422014,0.291372281,-0.04538863448,90.98763419,90.54123869,-9.001870435,1.326568127e-11,-1.074966856e-09,0.09942287697,1.015092735e-10,
1344776000,-0.9001753357,0.9015529384,45.65451846,-314.3454815,19.31548701,0.6301703435,0.6447348594,117.9266109,16.94270274,116.7031721,-1.014115735e-12,1.381188147e-08,6.888108343,5.452512574e-10,-10.60503791,0.2949497989,-9.269500372,-369.2695004,1.836677441,0.2910982269,-0.04751006418,90.92094011,90.43250308,-9.411680838,1.257485514e-11,-1.113877351e-09,0.1040740941,1.551749499e-10,
1356774000,-0.8916370801,0.9024396034,43.34726331,-316.6527367,19.50012167,0.6562601966,0.6194512024,124.8043278,18.49086725,123.4269341,-9.503917936e-13,1.447846633e-08,6.675021374,5.346452619e-10,-10.49638859,0.2986624136,-9.985701205,-369.9857012,1.851693733,0.2941379941,-0.05178878009,91.49818248,90.91220704,-10.33866569,1.134613971e-11,-1.212766275e-09,0.1137214245,2.660910795e-10,
1368772000,-0.8871037904,0.9029107224,41.05492272,-318.9450773,19.59959709,0.6808672309,0.5930156715,132.3373331,20.36899721,130.7603674,-8.892275039e-13,1.520425522e-08,6.419578049,5.333750703e-10,-10.29691989,0.3056004612,-11.35289711,-371.3528971,1.880186245,0.2996208801,-0.06015787626,92.53842636,91.73414705,-12.1740141,9.55114017e-12,-1.415542195e-09,0.1327097323,4.231864308e-10,
1380770000,-0.8883579683,0.9027803582,38.75466824,-321.2453318,19.57197459,0.7040183508,0.5651287791,140.7081452,22.72711083,138.8605796,-8.300797428e-13,1.600581389e-08,6.109909025,5.348163781e-10,-10.03599792,0.3149198993,-13.5590239,-373.5590239,1.919366652,0.306142741,-0.07383200602,93.74289805,92.50828672,-15.16403057,7.601234624e-12,-1.747887354e-09,0.1639207805,6.033745274e-10,
1392768000,-0.8722805507,0.9044529351,36.43183463,-323.5681654,19.9320925,0.7276902335,0.5371238552,150.2186846,25.08790261,148.1089138,-7.715430344e-13,1.692476116e-08,5.903598882,5.388875937e-10,-9.788492371,0.3240226589,-16.62214246,-376.6221425,1.958679054,0.3104824312,-0.09268950001,94.41707499,92.45470773,-19.14970152,5.967320206e-12,-2.188282366e-09,0.2071252182,7.773501496e-10,
1404766000,-0.8601858048,0.9057132261,34.10869893,-325.8913011,20.21188282,0.749908095,0.507892013,160.9287099,28.03173285,158.4685193,-7.149458413e-13,1.795391416e-08,5.653183133,5.410358601e-10,-9.566572955,0.3324079119,-20.38179617,-380.3817962,1.995841376,0.3115967465,-0.1157691128,94.30976313,91.26843761,-23.75718244,4.768932897e-12,-2.691603455e-09,0.260300089,9.218013665e-10,
1416764000,-0.8573556378,0.9060083872,31.73987535,-328.2601247,20.27849434,0.7705104825,0.47661808,173.3058748,32.01026574,170.3240122,-6.595485042e-13,1.913367962e-08,5.320918409,5.372493183e-10,-9.419406397,0.3380879407,-24.72947575,-384.7294757,2.021549422,0.307082939,-0.1414338156,92.95143537,88.54529074,-28.27898202,3.972453726e-12,-3.176774519e-09,0.3193730777,1.022412112e-09,
1428762000,-0.8523157039,0.9065342456,29.41622103,-330.583779,20.3982117,0.7896591332,0.4452446425,187.2568653,36.74348391,183.6165842,-6.066641568e-13,2.045371239e-08,4.997255696,5.283214235e-10,-9.369258673,0.3400455269,-29.41294829,-389.4129483,2.030512076,0.2962146274,-0.1669965714,90.34144179,84.51511437,-31.91820089,3.48997115e-12,-3.555483311e-09,0.3776626362,1.072322028e-09,
1440760000,-0.8514020333,0.9066296091,27.1754224,-332.8245776,20.42006669,0.8065489136,0.4140725758,202.7637402,42.61376041,198.2352183,-5.572469187e-13,2.189824459e-08,4.651906247,5.147488875e-10,-9.405696868,0.3386219892,-34.18698733,-394.1869873,2.023989258,0.2801108895,-0.1902701794,86.90289243,79.8400406,-34.31735173,3.218953648e-12,-3.79089936e-09,0.4298263312,1.064572832e-09,
1452758000,-0.8587213673,0.9058659418,24.98108461,-335.0189154,20.24629532,0.8211197001,0.3825644295,220.3153111,50.29525347,214.4976078,-5.107453282e-13,2.349899609e-08,4.264768403,5.050042391e-10,-9.510135517,0.3345747978,-38.81133583,-398.8113358,2.005597013,0.260705359,-0.2096974275,83.15510958,75.1918057,-35.51006343,3.085143774e-12,-3.8902571e-09,0.4722597509,1.009345275e-09,
1464756000,-0.874327058,0.9042398595,22.84072068,-337.1592793,19.88551655,0.8333361584,0.3509993884,240.200091,60.38992206,232.4847114,-4.673695865e-13,2.52609247e-08,3.849726965,5.0320357e-10,-9.688563089,0.3277719958,-43.02122269,-403.0212227,1.975181021,0.2396344455,-0.2236287409,79.46589979,71.04540049,-35.60028508,3.052118352e-12,-3.868194666e-09,0.5010920459,9.273837563e-10,
1476754000,-0.8891635086,0.9026966372,20.67729834,-339.3227017,19.55427419,0.8445485403,0.3187459519,263.9192445,73.60555398,253.4474107,-4.25230216e-13,2.731491381e-08,3.443319112,5.091239037e-10,-9.901084296,0.3198495803,-46.79405491,-406.7940549,1.94052601,0.2189762964,-0.2331375895,76.13207357,67.56187829,-35.09252382,3.071124145e-12,-3.782044018e-09,0.5194130878,8.260099858e-10,
1488752000,-0.9024840219,0.9013133399,18.45992996,-341.54007,19.26616362,0.8549365609,0.285393086,293.1116766,91.53550403,278.4523414,-3.839254479e-13,2.976793083e-08,3.042014619,5.166368945e-10,-10.13709143,0.3112758504,-50.22377835,-410.2237783,1.903920243,0.199151425,-0.2392307777,73.14891251,64.63788466,-34.24481376,3.121784825e-12,-3.660939757e-09,0.5297947781,7.339218566e-10,
1500750000,-0.9704863949,0.8942844521,16.1762365,-343.8237635,17.91869304,0.8588791181,0.2491412086,327.5036989,122.1270896,303.8809747,-3.48986212e-13,3.22266595e-08,2.488235621,5.279372242e-10,-10.405506,0.3018037973,-53.04890006,-413.0489001,1.864524316,0.181424281,-0.2411861571,70.64899743,62.40513083,-33.11918605,3.202079607e-12,-3.512298632e-09,0.530712549,6.340349617e-10,
1512748000,-0.9495382314,0.8964438424,13.93375458,-346.0662454,18.31319244,0.8700657922,0.2158635674,373.5792436,154.6853381,340.0498455,-3.093933411e-13,3.577635787e-08,2.198332755,5.394366791e-10,-10.67208996,0.2926816549,-55.7438701,-415.7438701,1.827581122,0.1647485598,-0.2419100311,68.40129379,60.45882361,-31.99168079,3.288641148e-12,-3.365817794e-09,0.5291482514,5.239883856e-10,
1524746000,-0.9806172328,0.8932420063,11.53884256,-348.4611574,17.73396016,0.8751889796,0.1786771722,432.1312578,212.741664,376.1361567,-2.775093028e-13,3.926157446e-08,1.76804181,5.51324473e-10,-10.91469145,0.2846200087,-57.72688168,-417.7268817,1.795716996,0.1519744805,-0.2406497593,66.75150584,59.13262409,-30.96927995,3.370478188e-12,-3.232613162e-09,0.5237257847,4.076040765e-10,
1536744000,-1.019013443,0.8893021204,9.128736628,-350.8712634,17.06719341,0.8780385386,0.1410907014,504.9221914,300.6535633,405.6523811,-2.553080896e-13,4.201193018e-08,1.349235235,5.665456867e-10,-11.13849453,0.2773800829,-59.20105031,-419.2010503,1.767706719,0.1420261247,-0.238260971,65.50764837,58.2087834,-30.0497842,3.446491788e-12,-3.112146001e-09,0.5162414062,2.782069158e-10,
1548742000,-1.054676019,0.8856583042,6.672121624,-353.3278784,16.49143203,0.8796600065,0.1029024037,594.4517433,430.0040831,410.4501962,-2.503690192e-13,4.217950932e-08,0.9545262763,5.824083317e-10,-11.29128348,0.2725434983,-60.12309063,-420.1230906,1.749305278,0.135764364,-0.2363218059,64.73977384,57.65921038,-29.43898395,3.490745918e-12,-3.02526813e-09,0.5105686282,1.639904045e-10,
1560740000,-1.111229819,0.8799105179,4.131767776,-355.8682322,15.65424786,0.8776236197,0.06339796342,681.5584632,594.2462489,333.7563998,-3.055342974e-13,3.403448417e-08,0.5616466245,5.965200544e-10,-11.38641311,0.2695748327,-60.55403346,-420.5540335,1.738131283,0.132523673,-0.2347510736,64.34989972,57.41101535,-29.06690405,3.508252098e-12,-2.964069262e-09,0.5062948962,6.297758058e-11,
1572738000,-1.178854234,0.8730865306,1.459403694,-358.5405963,14.75876863,0.8728033201,0.02223633124,725.2371655,712.8696003,133.3637099,-7.587978351e-13,1.349588658e-08,0.1870800913,6.068617432e-10,-11.39679139,0.2692529254,-60.59199247,-420.5919925,1.736925086,0.1322100544,-0.2345583922,64.31257322,57.38950798,-29.02673678,3.486306268e-12,-2.937392395e-09,0.5057847297,-9.247569373e-12,
1584736000,-1.255598609,0.865406334,-1.147590111,-361.1475901,13.85954028,0.8652327524,-0.01733226004,686.3966275,679.9465636,-93.87758432,1.069796819e-12,-9.428120261e-09,0.1380661207,6.092358797e-10,-11.23136453,0.2744301186,-60.32668841,-420.3266884,1.756453997,0.1358577295,-0.238441958,64.7350088,57.53435893,-29.67185378,3.384687112e-12,-2.979942526e-09,0.5157240704,-2.942918939e-11,
1596734000,-1.348328117,0.8562165027,-3.794228385,-363.7942284,12.90980215,0.8543397954,-0.05665874671,593.5071034,546.3055467,-231.9502778,4.297270199e-13,-2.311971391e-08,0.4245797598,6.020683391e-10,-10.91153443,0.2847234768,-60.03704895,-420.037049,1.796121409,0.142202265,-0.2466697672,65.45971315,57.67386113,-30.96287759,3.219187279e-12,-3.086234163e-09,0.5368615345,2.592369632e-11,
1608732000,-1.448464747,0.8464021593,-6.398717938,-366.3987179,12.02101638,0.8411294235,-0.09432872365,498.8913938,415.3806765,-276.3177815,3.580367429e-13,-2.733664823e-08,0.6652157818,5.945983249e-10,-10.42622172,0.3010848573,-60.19594068,-420.1959407,1.861577719,0.1496498444,-0.2612604359,66.2651078,57.45530726,-33.0144238,2.996627143e-12,-3.266180284e-09,0.5746105168,1.766842018e-10,
1620730000,-1.542640214,0.8372747405,-8.917541072,-368.9175411,11.29065485,0.8271541443,-0.1297883374,423.724342,319.9556021,-277.7962036,3.534949015e-13,-2.727945985e-08,0.8682335979,5.894078019e-10,-9.787571968,0.3240569959,-61.21722485,-421.2172249,1.958829351,0.1560302703,-0.2840202305,66.84095269,56.43384571,-35.81806826,2.74162026e-12,-3.517317885e-09,0.6346912533,4.132246431e-10,
1632728000,-1.629891116,0.8289063072,-11.42711703,-371.427117,10.68950162,0.8124753262,-0.164223964,365.0474765,251.8019355,-264.3018073,3.688129468e-13,-2.576359265e-08,1.049641683,5.955587276e-10,-9.069812407,0.3519730242,-63.55234315,-423.5523432,2.086291273,0.1567617633,-0.3151360965,66.59179458,54.0570479,-38.88833601,2.506610938e-12,-3.790754434e-09,0.7193943718,6.951277506e-10,
1644726000,-1.703302936,0.8219300396,-14.00911549,-374.0091155,10.23154066,0.7974835597,-0.1989697517,318.4981528,201.2552607,-246.8550047,3.919987095e-13,-2.388737956e-08,1.226576656,6.242941568e-10,-8.327600166,0.3833716479,-67.28301239,-427.2830124,2.243444764,0.1480502898,-0.3536310678,65.11513312,50.12651349,-41.56095772,2.328311199e-12,-4.021722682e-09,0.8291212539,9.913909296e-10,
1656724000,-1.757822503,0.816787109,-16.71485523,-376.7148552,9.916262436,0.7822761857,-0.234915199,280.6306447,162.2295933,-228.9871565,4.195259638e-13,-2.199789335e-08,1.411500527,6.666547201e-10,-7.620208496,0.4159006271,-72.17530386,-432.1753039,2.424074897,0.1273095409,-0.3959363742,62.340029,45.02764965,-43.11368671,2.228203266e-12,-4.141761908e-09,0.9574936077,1.253374548e-09,
1668722000,-1.833706722,0.8096823343,-19.7561783,-379.7561783,9.508745956,0.7620240853,-0.2736873689,245.8295383,130.9189433,-208.0682393,4.583849476e-13,-1.984458094e-08,1.58929055,7.068964026e-10,-7.022310405,0.4455377218,-78.31621957,-438.3162196,2.607098406,0.09022588147,-0.4363062592,58.19157982,39.3642005,-42.85696771,2.225433904e-12,-4.087498252e-09,1.088729535,1.458355662e-09,
1680720000,-1.955058645,0.7984487912,-22.95092762,-382.9509276,8.923036493,0.7352429198,-0.3113491947,215.6789137,108.5043031,-186.3979882,5.080231966e-13,-1.765086464e-08,1.717885678,7.250370432e-10,-6.571938655,0.4692486882,-85.10411764,-445.1041176,2.768243159,0.04004817904,-0.4675366026,53.39728109,34.19906389,-41.00845835,2.309145616e-12,-3.883275534e-09,1.199110551,1.589932806e-09,
1692718000,-2.136732341,0.7819219107,-26.15749676,-386.1574968,8.171026794,0.7018418796,-0.3447025536,190.4945887,93.53977751,-165.9472758,5.665854162e-13,-1.560291156e-08,1.774082431,7.094584461e-10,-6.251997506,0.4868555494,-92.31383773,-452.3138377,2.897538009,-0.019655873,-0.4864586032,48.43550507,29.88904332,-38.11355719,2.466925506e-12,-3.583562664e-09,1.275168187,1.6380917e-09,
1704716000,-2.367789999,0.7613958407,-29.172386,-389.172386,7.382083556,0.664818186,-0.3711339459,170.5387034,84.02594829,-148.4017836,6.291134549e-13,-1.385502185e-08,1.766142325,6.682234122e-10,-6.066028631,0.4973917396,-99.51331964,-459.5133196,2.9792422,-0.08220735724,-0.4905512134,43.7917562,26.65371832,-34.74618268,2.686958728e-12,-3.243957778e-09,1.303614838,1.62635037e-09,
1716714000,-2.633610942,0.7384472081,-31.9671975,-391.9671975,6.646639846,0.6264626801,-0.3909588081,154.6815989,77.75795232,-133.7164832,6.93325601e-13,-1.239672961e-08,1.719650264,6.169588954e-10,-5.987169753,0.5019281028,-106.4885022,-466.4885022,3.015484534,-0.1424587037,-0.481287168,39.66165626,24.33772182,-31.31648566,2.9603916e-12,-2.903321982e-09,1.2867468,1.587830069e-09,
1728712000,-2.928675252,0.713783061,-34.47729736,-394.4772974,5.987706623,0.5884074621,-0.4040580612,142.0821977,73.72347593,-121.4586349,7.579997967e-13,-1.11821646e-08,1.647489262,5.644931412e-10,-5.956847638,0.5036833769,-113.1400985,-473.1400985,3.029685703,-0.1979378758,-0.4631603842,36.05642468,22.62110235,-28.07759764,3.278970722e-12,-2.584981451e-09,1.241212616,1.543500029e-09,
1740710000,-3.262312324,0.6868855556,-36.82913218,-396.8291322,5.387440873,0.5498015334,-0.4117402584,131.4204097,70.9532359,-110.6208046,8.265267131e-13,-1.011417632e-08,1.559066379,5.103146659e-10,-5.972354308,0.5027849676,-119.7918616,-479.7918616,3.022404533,-0.2498090614,-0.4363349132,32.7793148,21.31940914,-24.89912192,3.672059212e-12,-2.276552862e-09,1.16790863,1.518817003e-09,
1752708000,-3.602075927,0.6605355612,-38.93243834,-398.9324383,4.891633324,0.5138223556,-0.4150829007,122.7732403,68.96800537,-101.5710725,8.940061873e-13,-9.223178226e-09,1.472727418,4.320307687e-10,-5.954684238,0.5038088453,-126.195684,-486.195684,3.030704661,-0.2975217333,-0.4065761562,29.8460839,20.17929684,-21.9905594,4.129279551e-12,-1.996856425e-09,1.089758458,1.534211892e-09,
1764706000,-3.982320808,0.632242898,-40.76058666,-400.7605867,4.4383722,0.4788888171,-0.4127912099,115.4804306,67.91087621,-93.40151362,9.655924361e-13,-8.42367657e-09,1.375354271,3.039546064e-10,-5.91812018,0.5059341456,-132.761689,-492.761689,3.048043357,-0.343504262,-0.3714487605,27.05685176,19.14665747,-19.11749812,4.717552186e-12,-1.724165003e-09,0.9984770527,1.620371394e-09,
1776704000,-4.407997619,0.6020050287,-41.84187941,-401.8418794,4.025189122,0.4484868893,-0.4015838203,110.1627829,68.49379585,-86.2811605,1.038219242e-12,-7.728959461e-09,1.259693078,1.084638525e-10,-5.855143432,0.5096157344,-139.7886386,-499.7886386,3.078434282,-0.3891772403,-0.3290125718,24.29927975,18.16165448,-16.14339811,5.548940838e-12,-1.446105602e-09,0.8888726591,1.831287127e-09,
1788702000,-4.814118092,0.5745053739,-41.9387369,-401.9387369,3.700411891,0.4273514891,-0.3839624062,107.1922753,70.46794131,-80.77408696,1.10156488e-12,-7.187108425e-09,1.146252969,-1.1703694e-10,-5.784609987,0.5137708982,-147.9895731,-507.9895731,3.113287322,-0.4356528783,-0.272336383,21.4412167,17.23530847,-12.75421168,6.976354136e-12,-1.134842939e-09,0.74000484,2.153164807e-09,
1800700000,-5.043550168,0.5595288595,-40.68579196,-400.685792,3.540592598,0.4242885063,-0.3647626736,107.8628467,73.94338676,-78.52877982,1.12551145e-12,-6.940769414e-09,1.062012213,-2.341626084e-10,-5.85607177,0.5095612702,-158.1309512,-518.1309512,3.077981363,-0.4728920217,-0.1898046992,18.86238776,16.78459648,-8.606218283,1.026990462e-11,-7.606609547e-10,0.5127450216,2.475187349e-09,
1812698000,-4.936779494,0.566449275,-38.81105381,-398.8110538,3.613070362,0.4413869402,-0.355024436,112.1393616,77.5107652,-81.03898881,1.083429515e-12,-7.115225841e-09,1.045519143,-1.241746865e-10,-6.323305436,0.4828750078,-170.0911411,-530.0911411,2.867536921,-0.4756718315,-0.08309381385,17.95900415,17.55155726,-3.803770191,2.308237038e-11,-3.339711459e-10,0.216719812,2.590181327e-09,
1824696000,-4.456134663,0.5986779555,-38.3486516,-398.3486516,3.983528882,0.4695130754,-0.3714468554,117.0263441,76.49038078,-88.56854335,9.848046931e-13,-7.725189005e-09,1.157904333,2.266494178e-10,-7.461802279,0.4235550714,177.8070094,-542.1929906,2.46954219,-0.4232448618,0.01620757287,20.26866309,20.25286811,0.8000228982,-1.090252758e-10,6.978017097e-11,0.03950170878,2.285243945e-09,
1836694000,-3.850627461,0.6419018494,-40.42558088,-400.4255809,4.585060958,0.4886470544,-0.4162475711,117.2172495,67.62165599,-95.74547099,9.050343951e-13,-8.296626975e-09,1.415899531,6.918362393e-10,-9.278341122,0.3436235687,168.1028546,-551.8971454,2.047032015,-0.3362422793,0.07083986569,24.94275042,24.62698815,3.956292881,-2.190256056e-11,3.428244271e-10,0.1606486695,1.420727911e-09,
1848692000,-3.362793551,0.6789852226,-44.77333991,-404.7733399,5.230242784,0.4820106118,-0.4782119851,110.4464048,54.22327796,-96.21977165,8.947284519e-13,-8.283614729e-09,1.774510418,1.099752097e-09,-11.65087957,0.2614905637,163.4190086,-556.5809914,1.708157678,-0.2506170807,0.07462167107,30.05524472,29.67685632,4.754149177,-1.810851198e-11,4.092873998e-10,0.1601971963,-2.69332763e-11,
1860690000,-3.055361654,0.7034478673,-50.53988181,-410.5398818,5.744176755,0.4470699345,-0.5431089906,99.71205875,42.0477702,-90.41282918,9.460542667e-13,-7.73350138e-09,2.150240756,1.369630831e-09,-14.27304687,0.1933515494,166.4202511,-553.5797489,1.479394832,-0.1879462232,0.04539866549,34.20729546,34.05613322,3.212297156,-2.662750009e-11,2.747652597e-10,0.09432360202,-1.794699912e-09,
1872688000,-2.938281028,0.7129941205,-57.04218732,-417.0421873,5.968498359,0.3878840368,-0.5982529481,88.28746397,33.5547631,-81.66244038,1.040716284e-12,-6.940281057e-09,2.433706361,1.519371679e-09,-16.38572433,0.1516050903,179.229973,-540.770027,1.357392739,-0.1515913991,0.002037436346,36.83640396,36.83608358,0.1536334789,-5.531830179e-10,1.305691476e-11,0.004170733257,-3.15664098e-09,
1884686000,-2.976961473,0.7098260382,-63.87025245,-423.8702524,5.892417182,0.3126111918,-0.6372811368,77.83274669,28.23410564,-72.53117768,1.164277214e-12,-6.12499666e-09,2.568920673,1.598401624e-09,-16.83599107,0.1439462801,-161.0435704,-521.0435704,1.336301979,-0.1361394802,-0.04676081148,38.04081196,37.86851714,-3.616460159,2.335056762e-11,-3.053970321e-10,0.0955004429,-3.44002703e-09,
1896684000,-3.163652083,0.694732148,-70.92111311,-430.9211131,5.551623392,0.2270868675,-0.6565701121,68.61477504,25.15108385,-63.83894059,1.314436105e-12,-5.356866487e-09,2.538218272,1.651513202e-09,-15.31605352,0.171473623,-144.6769994,-504.6769994,1.413924355,-0.1399062809,-0.09914351179,37.83349557,37.06787003,-7.572740447,1.108082457e-11,-6.354453746e-10,0.2042939192,-2.544474285e-09,
1908682000,-3.489410578,0.6691592274,-78.12013976,-438.1201398,5.045204116,0.137753267,-0.6548267779,60.62261069,23.55374992,-55.8598406,1.49274925e-12,-4.657858015e-09,2.37159012,1.705802629e-09,-12.93250973,0.2256183993,-137.334063,-497.334063,1.582705992,-0.1659011886,-0.1529066961,36.05787317,34.32024996,-11.05851076,7.54032229e-12,-9.22110991e-10,0.3222153327,-9.8698578e-10,
1920680000,-3.960993553,0.6337972089,-85.58398339,-445.5839834,4.461454824,0.04880095516,-0.6319156342,53.61168361,22.93928679,-48.45618372,1.710077962e-12,-4.015266032e-09,2.112366621,1.746711517e-09,-10.55208105,0.2967535666,-137.6732963,-497.6732963,1.843953279,-0.2193950591,-0.1998211384,32.60505556,29.86330189,-13.08712527,6.331707703e-12,-1.084449611e-09,0.4382343695,4.837800632e-10,
1932678000,-4.659200673,0.5848439025,-93.37801321,-453.3780132,3.817465074,-0.0344609343,-0.5838277437,47.4948759,23.31588506,-41.37792577,1.99017796e-12,-3.407448846e-09,1.774666742,1.740008542e-09,-8.499226117,0.3758708916,-143.2300822,-503.2300822,2.204465187,-0.3010897872,-0.2249974826,27.80344446,24.62694329,-12.90523878,6.381085799e-12,-1.062739134e-09,0.5240292564,1.5066157e-09,
1944676000,-5.672937994,0.5204189478,-101.014857,-461.014857,3.170306543,-0.09943308031,-0.5108316198,42.70184253,24.80652874,-34.75749541,2.35463938e-12,-2.844600954e-09,1.401143053,1.634873955e-09,-6.883964728,0.4526908992,-152.1768975,-512.1768975,2.654242177,-0.4003565943,-0.2112904341,22.4465679,19.82085674,-10.53480177,7.768667054e-12,-8.621825829e-10,0.5315008281,2.110323651e-09,
1956674000,-7.040770056,0.44459185,-107.9826234,-467.9826234,2.600955441,-0.1372581952,-0.4228736229,39.59359001,27.25003096,-28.72434826,2.831727601e-12,-2.336424981e-09,1.054103326,1.397468094e-09,-5.774375465,0.5143766276,-162.6197376,-522.6197376,3.118417921,-0.4908918818,-0.1536504976,17.74062842,16.36902294,-6.839955012,1.189182234e-11,-5.563587244e-10,0.4178596997,2.393231426e-09,
1968672000,-8.821676631,0.3621730817,-113.5890701,-473.5890701,2.135646901,-0.1449323298,-0.3319095673,38.47196974,30.57036843,-23.35690541,3.461238018e-12,-1.888261199e-09,0.7640374195,9.065743486e-10,-5.036158511,0.560005219,-173.5538623,-533.5538623,3.545508461,-0.5564647742,-0.06287130016,14.37886904,14.14350181,-2.590990444,3.120189392e-11,-2.094655365e-10,0.1831929941,2.467564408e-09,
1980670000,-11.10914206,0.2783190267,-117.2711866,-477.2711866,1.771307647,-0.1275265074,-0.2473832463,39.28057346,34.61645343,-18.56514486,4.328223371e-12,-1.491785393e-09,0.5363098475,-2.860426479e-10,-4.559736471,0.5915795824,175.773217,-544.226783,3.89691483,-0.5899705645,0.0436020099,12.96207175,12.84698333,1.723462592,-4.662363677e-11,1.384872749e-10,0.1341530963,2.442527242e-09,
1992668000,-14.27750121,0.1932524192,-115.9493177,-475.9493177,1.479090174,-0.08456260635,-0.1737689936,42.41570083,39.89540303,-14.40307238,5.545363787e-12,-1.150377366e-09,0.3610208516,-2.854945174e-09,-4.309000987,0.6089055754,165.3361172,-554.6638828,4.113854543,-0.5890720109,0.1541433283,13.74502933,12.34319758,6.047421328,-1.320732783e-11,4.830092104e-10,0.4899396034,2.377771019e-09,
2004666000,-18.26172573,0.1221556934,-100.6250082,-460.6250082,1.278308334,-0.02252311081,-0.1200613298,47.82793593,46.46733525,-11.32687998,7.009189608e-12,-8.992664804e-10,0.2437600503,-5.057146747e-09,-4.208324337,0.6160043559,155.1854773,-564.8145227,4.208392414,-0.5591293705,0.2585260402,16.16913876,12.42210109,10.3504808,-7.670392414e-12,8.217479535e-10,0.8332310875,2.315202491e-09,
2016664000,-19.49349093,0.1060047811,-60.25562135,-420.2556214,1.23714843,0.05259229211,-0.0920383856,55.50184938,54.56433614,-10.15817436,7.76910378e-12,-8.016822152e-10,0.186168752,-5.414866213e-09,-4.25611399,0.6126244146,145.3887135,-574.6112865,4.16294799,-0.5042048994,0.3479742702,19.61623759,13.103295,14.59796005,-5.40622872e-12,1.152069705e-09,1.114067877,2.239402804e-09,
2028662000,-15.93615013,0.1596586651,-35.90187073,-395.9018707,1.379985271,0.1293271102,-0.09362365034,64.70317907,63.54085232,-12.20907321,6.425807917e-12,-9.57840366e-10,0.1921452541,-3.798383041e-09,-4.454594005,0.5987841553,135.7468797,-584.2531203,3.984847998,-0.4288874991,0.4178492286,23.76687452,14.4712467,18.85331121,-4.16124035e-12,1.479101828e-09,1.302811817,2.15822193e-09,
2040660000,-12.7417669,0.2306277993,-31.36926975,-391.3692697,1.599522049,0.1969169604,-0.1200537068,74.07096435,71.79823034,-18.20774231,4.283446843e-12,-1.42005635e-09,0.2535959761,-1.16613219e-09,-4.792658827,0.5759264954,126.6923773,-593.3076227,3.716163539,-0.3441267195,0.4618096243,28.21977668,16.54274619,22.86248772,-3.411347761e-12,1.783088771e-09,1.382024935,2.041791235e-09,
2052658000,-10.49708356,0.2986385182,-33.03678453,-393.0367845,1.851596576,0.2503548608,-0.1628109586,82.1845317,77.38771057,-27.6665774,2.802515989e-12,-2.145156452e-09,0.3575060846,3.559375123e-10,-5.25880453,0.5458329808,117.9238213,-602.0761787,3.403666307,-0.2556120613,0.4822821965,32.97152138,19.40312698,26.65782972,-2.908564813e-12,2.066942166e-09,1.373893484,1.87978826e-09,
2064656000,-8.886600072,0.3594760794,-36.50390723,-396.5039072,2.122443886,0.2889527304,-0.2138442686,87.98369311,78.97235304,-38.78785517,1.987360546e-12,-2.989979387e-09,0.4911573946,8.613151667e-10,-5.847755956,0.5100493544,110.2049025,-609.7950975,3.08204381,-0.1761600807,0.4786626891,37.51685488,22.94149424,29.68505083,-2.596776858e-12,2.288285591e-09,1.293945831,1.679362305e-09,
2076654000,-7.629367705,0.415462294,-41.02152088,-401.0215209,2.421507252,0.3134509721,-0.2726855438,90.79616152,75.80909925,-49.96922471,1.533745768e-12,-3.829645726e-09,0.6591454746,1.067218868e-09,-6.485499052,0.4739418369,103.3939579,-616.6060421,2.801860973,-0.109786408,0.4610507666,41.71100909,26.84470738,31.92444149,-2.40067119e-12,2.446691971e-09,1.189226652,1.440776434e-09,
2088652000,-6.68278931,0.4632981164,-45.97820844,-405.9782084,2.726463538,0.3219606449,-0.3331463459,90.22897762,68.80340191,-58.37259877,1.305404233e-12,-4.447982544e-09,0.8483969854,1.187192739e-09,-7.151007518,0.4389849427,97.68912886,-622.3108711,2.564966704,-0.05873537614,0.4350378553,45.29568905,30.80848145,33.20447134,-2.294866759e-12,2.530175322e-09,1.077770464,1.182267079e-09,
2100650000,-5.909944034,0.5064106125,-51.3477195,-411.3477195,3.051950975,0.3163002444,-0.3954818123,87.00645403,59.59339889,-63.39361049,1.195145955e-12,-4.802992631e-09,1.063769003,1.251422643e-09,-7.796274979,0.4075550239,93.06612395,-626.933876,2.375840932,-0.02179947436,0.4069715966,48.16424382,34.4671766,33.64235604,-2.252060381e-12,2.548900227e-09,0.9760693902,9.19713815e-10,
2112648000,-5.345250441,0.5404275469,-56.97989718,-416.9798972,3.351870933,0.2944969437,-0.4531373783,81.78471906,50.34634063,-64.45142556,1.168854521e-12,-4.855405618e-09,1.280161075,1.27509558e-09,-8.402163737,0.3800946994,89.83610674,-630.1638933,2.226299239,0.001087250697,0.3800931443,50.09509062,37.44768921,33.27444482,-2.264029966e-12,2.506708345e-09,0.8885580265,6.811766738e-10,
2124646000,-4.919453062,0.567580344,-62.54690049,-422.5469005,3.625136652,0.261667241,-0.503664275,75.99803273,42.42874008,-63.05158994,1.188057634e-12,-4.72312668e-09,1.486058502,1.253778457e-09,-8.871198445,0.3601140599,87.45796155,-632.5420384,2.125557032,0.015971918,0.3597596892,51.43440884,39.64140924,32.77281016,-2.285703374e-12,2.454975905e-09,0.8267317128,5.035076779e-10,
2136644000,-4.585400664,0.5898342223,-67.91609213,-427.9160921,3.876077208,0.2217564471,-0.5465605987,70.37042064,36.05162028,-60.43406967,1.232554476e-12,-4.501630088e-09,1.676320487,1.199904587e-09,-9.14081541,0.3491075406,85.78224614,-634.2177539,2.07270421,0.02567589074,0.348162065,52.34351988,41.0137318,32.52257489,-2.290356262e-12,2.422550765e-09,0.7929679515,4.429225492e-10,
2148642000,-4.321862639,0.6080046042,-72.95672309,-432.9567231,4.102100743,0.178202466,-0.5813032598,65.25868633,31.10393671,-57.3693408,1.291148548e-12,-4.249481379e-09,1.844439864,1.130004323e-09,-9.199815767,0.346744205,84.21910103,-635.780899,2.061587843,0.03492567909,0.344980783,53.22128448,41.87857256,32.84342068,-2.25531749e-12,2.432789059e-09,0.7842535853,4.971490551e-10,
2160640000,-4.088957037,0.6245283364,-77.68860529,-437.6886053,4.326633655,0.1331648623,-0.6101661761,60.70461945,27.14074684,-54.2994538,1.356570156e-12,-3.999753073e-09,2.00066174,1.06735716e-09,-9.052457284,0.3526769983,81.89000445,-638.1099955,2.089647664,0.04975353532,0.3491498974,54.63936331,42.71837024,34.06759263,-2.162202047e-12,2.509453572e-09,0.7974927986,6.67824609e-10,
2172638000,-3.876019584,0.6400280691,-82.06466927,-442.0646693,4.555988754,0.08835927044,-0.633899494,56.71567874,23.94175297,-51.41459598,1.424775154e-12,-3.766337097e-09,2.147486696,1.03240093e-09,-8.804672325,0.3628827999,78.66745254,-641.3325475,2.139139862,0.07130761719,0.3558077433,56.75347722,43.89564044,35.97401739,-2.036309654e-12,2.635249264e-09,0.8195350843,9.186076317e-10,
2184636000,-3.627406378,0.6586120633,-86.4131912,-446.4131912,4.858437822,0.04120325956,-0.6573219465,52.96132002,20.95032983,-48.64139284,1.497735222e-12,-3.543619216e-09,2.321748308,1.031022513e-09,-8.475863026,0.3768832607,74.135463,-645.864537,2.209671437,0.1030262781,0.3625280379,60.00601385,45.83170981,38.7321065,-1.880918285e-12,2.821708608e-09,0.845094077,1.203949331e-09,
2196634000,-3.384845352,0.6772635963,-90.89057358,-450.8905736,5.197007765,-0.01052658297,-0.6771817849,49.28348507,18.29085968,-45.76359201,1.583223856e-12,-3.31575578e-09,2.501992405,1.059559028e-09,-8.144749968,0.3915277076,68.2577539,-651.7422461,2.286920415,0.1450342889,0.363674306,64.65403283,49.04316333,42.12970558,-1.719784404e-12,3.052466134e-09,0.859033201,1.484233638e-09,
2208632000,-3.168790449,0.6943212824,-95.54202773,-455.5420277,5.542817295,-0.06705468325,-0.6910757648,45.66296963,16.02279141,-42.75952469,1.685248319e-12,-3.081269183e-09,2.668668872,1.075705181e-09,-7.926592862,0.4014859548,61.09388244,-658.9061176,2.341609133,0.1940686167,0.3514659925,70.78428924,54.25295723,45.4646262,-1.584977665e-12,3.276199926e-09,0.8380119448,1.708389116e-09,
2220630000,-3.009440314,0.707176767,-100.3829116,-460.3829116,5.830059144,-0.1274514902,-0.6955969361,42.11628537,14.2421784,-39.63510878,1.808272487e-12,-2.840690922e-09,2.782938654,1.052935946e-09,-7.857861622,0.4046755064,53.13413949,-666.8658605,2.359512369,0.2427824921,0.3237575127,77.97320742,61.65151037,47.73795496,-1.501343675e-12,3.421430632e-09,0.7743193098,1.833140871e-09,
2232628000,-2.921674001,0.7143586369,-104.8983816,-464.8983816,6.001787061,-0.1836655315,-0.6903442871,39.01060643,13.04009059,-36.76660783,1.938876746e-12,-2.620941499e-09,2.819505553,9.971114107e-10,-7.99744763,0.3982241725,44.8022155,-675.1977845,2.323496739,0.2825573689,0.2806133012,85.21223039,70.88990962,47.28366444,-1.507622596e-12,3.370659565e-09,0.6670013363,1.840717871e-09,
2244626000,-2.855240574,0.7198433075,-108.9520225,-468.9520225,6.13886212,-0.2337880433,-0.6808212233,36.36855232,12.1320785,-34.28533606,2.068081891e-12,-2.43099773e-09,2.826006777,9.185248244e-10,-8.322407546,0.3836009046,36.81434386,-683.1856561,2.244651095,0.3071037423,0.2298628842,90.89786308,80.01340434,43.13092439,-1.643945351e-12,3.058193132e-09,0.5390462354,1.742131168e-09,
2256624000,-2.823874642,0.722447459,-112.7914891,-472.7914891,6.205842874,-0.2798607187,-0.6660392699,33.99387302,11.48294053,-31.99571033,2.204292244e-12,-2.256590135e-09,2.786369072,8.656443121e-10,-8.794932084,0.3632899601,29.50090082,-690.4990992,2.141147264,0.3161886734,0.1788975067,93.96173719,86.87114679,35.80798671,-1.969613559e-12,2.525461968e-09,0.4121965467,1.573704768e-09,
2268622000,-2.764719983,0.7273844305,-116.2731873,-476.2731873,6.336338139,-0.3219778922,-0.6522410188,31.91095898,10.83530553,-30.01508716,2.337321121e-12,-2.105705353e-09,2.770119134,8.332602898e-10,-9.365797541,0.3401810544,23.16103528,-696.8389647,2.031134546,0.3127634928,0.1337989064,94.23573705,90.19622295,27.29497212,-2.570249819e-12,1.914875962e-09,0.3026176843,1.36012517e-09,
2280620000,-2.710653611,0.7319262438,-119.9326,-479.9326,6.460633329,-0.3652172183,-0.6342967837,29.80571323,10.24389115,-27.990056,2.493236267e-12,-1.953309087e-09,2.73236562,8.143145294e-10,-10.02173231,0.3154375455,17.64251214,-702.3574879,1.921574192,0.300601273,0.09560188163,92.37183919,90.35743816,19.18567288,-3.637392506e-12,1.338887967e-09,0.2123308636,1.126922791e-09,
2292618000,-2.653391641,0.7367674283,-123.3768896,-483.3768896,6.597843942,-0.4053281489,-0.6152522533,27.88819862,9.712707627,-26.14220597,2.655499364e-12,-1.81480792e-09,2.69154668,8.108800147e-10,-10.69148782,0.2920287495,13.36973098,-706.630269,1.82497347,0.284114237,0.06752696402,89.4141138,88.45518918,13.05998675,-5.315519277e-12,9.06632264e-10,0.14764523,8.93157704e-10,
2304616000,-2.600534137,0.741264656,-126.8259003,-486.8259003,6.729906433,-0.4443032896,-0.5933530796,26.03172682,9.239375531,-24.33690081,2.837633397e-12,-1.680686962e-09,2.634041742,7.989795811e-10,-11.32270709,0.2715592781,10.05907759,-709.9409224,1.745590602,0.2673849181,0.04743149913,86.3770391,85.92756962,8.800321696,-7.84734978e-12,6.077431983e-10,0.1024155779,6.582783344e-10,
2316614000,-2.574817141,0.7434626288,-130.3386263,-490.3386263,6.796135084,-0.4812461775,-0.5666910949,24.22128309,8.891105209,-22.53039731,3.049282103e-12,-1.547872931e-09,2.53403787,7.949229827e-10,-11.93219472,0.2531571887,7.663761513,-712.3362385,1.677939681,0.2508959241,0.0337608859,83.43850751,83.22220411,6.00410514,-1.144242742e-11,4.124912531e-10,0.07214547132,4.491786226e-10,
2328612000,-2.542633128,0.7462225067,-133.7068143,-493.7068143,6.880919517,-0.5156161637,-0.5394330369,22.53280672,8.561402844,-20.84297867,3.279164595e-12,-1.424566688e-09,2.434528436,7.961676478e-10,-12.45158841,0.2384627673,6.279054651,-713.7209453,1.626266864,0.2370322302,0.02608089848,81.03781809,80.9141608,4.475102452,-1.52728476e-11,3.058623232e-10,0.05530678941,2.608719358e-10,
2340610000,-2.512380369,0.7488261145,-137.1039073,-497.1039073,6.962611225,-0.5485820137,-0.5097041534,20.88146807,8.263265995,-19.17691695,3.545784098e-12,-1.303976795e-09,2.320743029,8.037934893e-10,-12.83934409,0.2280514278,5.559101246,-714.4408988,1.590846168,0.2269788569,0.02209190368,79.34303609,79.25699847,3.69399102,-1.840751827e-11,2.511810727e-10,0.04660775819,9.75150784e-11,
2352608000,-2.454741201,0.7538118147,-140.6376148,-500.6376148,7.123866697,-0.5828096863,-0.4780848475,19.18785226,7.896693152,-17.48759308,3.868481489e-12,-1.183043194e-09,2.214546361,8.16960948e-10,-13.0846257,0.2217015426,5.477513051,-714.5224869,1.569708293,0.2206891954,0.02116253864,78.30141189,78.22395363,3.481979664,-1.942872637e-11,2.355574219e-10,0.0445129593,-1.49361129e-11,
2364606000,-2.464986694,0.7529231757,-144.2322718,-504.2322718,7.094648316,-0.61091672,-0.440084162,17.5879106,7.765312464,-15.78082766,4.265123072e-12,-1.062162884e-09,2.032220562,8.259371115e-10,-13.16537078,0.2196501282,5.958557674,-714.0414423,1.562952942,0.2184634115,0.02280168065,77.93354899,77.84424067,3.729913086,-1.804523875e-11,2.510499021e-10,0.04791508085,-5.951569361e-11,
2376604000,-2.470257022,0.7524664638,-147.7860475,-507.7860475,7.079713281,-0.6366343168,-0.4011265708,16.05973029,7.63863585,-14.12678942,4.740452908e-12,-9.460340745e-10,1.849386421,8.24794075e-10,-13.01581099,0.2234649683,6.401892705,-713.5981073,1.575543818,0.2220714936,0.02491673732,78.52257394,78.41477694,4.11307368,-1.628159016e-11,2.75441768e-10,0.05245278812,-1.748342842e-11,
2388602000,-2.462330553,0.7531534544,-151.3669592,-511.3669592,7.102199669,-0.661047895,-0.3609096929,14.56404184,7.488915908,-12.49109496,5.334280267e-12,-8.322941651e-10,1.667944348,8.242182328e-10,-12.62294172,0.233804526,6.382236144,-713.6177639,1.61029994,0.2323555063,0.02598990312,80.24050746,80.11948174,4.405415205,-1.512479488e-11,2.935372265e-10,0.05498556792,1.291281536e-10,
2400600000,-2.467611917,0.7526956465,-154.8828538,-514.8828538,7.08720094,-0.6815221112,-0.3194970237,13.17817808,7.397767777,-10.9058429,6.079125268e-12,-7.230354102e-10,1.474207251,8.222809046e-10,-12.02719847,0.2504033163,5.643252929,-714.3567471,1.668101452,0.2491897242,0.02462320353,83.16088964,83.0463424,4.363322232,-1.519438208e-11,2.892794724e-10,0.05254081162,3.651653498e-10,
2412598000,-2.460702771,0.7532946126,-158.4840152,-518.4840152,7.106835529,-0.7008014906,-0.2762789246,11.81730089,7.28425571,-9.305279099,7.089339333e-12,-6.138532675e-10,1.277450912,8.277833708e-10,-11.33175892,0.2712764252,3.549174305,-716.4508257,1.744524905,0.2707561267,0.01679341313,87.11284993,87.05565511,3.156190023,-2.090123872e-11,2.082084307e-10,0.03625485351,6.682159136e-10,
2424596000,-2.424463857,0.756444043,-161.9858268,-521.9858268,7.211665297,-0.7193631907,-0.2339320201,10.5276019,7.103981919,-7.769417142,8.44874705e-12,-5.099988382e-10,1.093670737,8.453826299e-10,-10.53052148,0.2974910648,-0.06783333567,-720.0678333,1.846938878,0.2974908563,-0.0003522040665,92.34689346,92.34686588,-0.07136582558,9.197937476e-10,-4.684584116e-12,0.0007728018152,9.988974134e-10,
2436594000,-2.395993102,0.7589275961,-165.6926135,-525.6926135,7.296262732,-0.7353886073,-0.1875491734,9.290668305,6.958712381,-6.155716006,1.061105061e-11,-4.02082838e-10,0.8846056093,8.69238276e-10,-9.760869091,0.3250547715,-5.19327888,-725.1932789,1.963203406,0.3237204293,-0.02942257861,97.79949907,97.58848277,-6.421063009,1.01725546e-11,-4.194149365e-10,0.06579734439,1.310855665e-09,
2448592000,-2.383744251,0.7599985916,-169.5357761,-529.5357761,7.33328443,-0.7473586793,-0.1380321111,8.212271544,6.87432947,-4.492771779,1.446736196e-11,-2.92023676e-10,0.6535578196,8.963264204e-10,-9.089615575,0.3511714665,-11.55810858,-731.5581086,2.082478493,0.3440504131,-0.07036129715,102.0058648,100.7165856,-16.16681324,4.020492758e-12,-1.050819508e-09,0.1605178843,1.565982146e-09,
2460590000,-2.411429176,0.7575800705,-173.4814581,-533.4814581,7.250146775,-0.7526824434,-0.08600408418,7.460851854,6.91834965,-2.79298201,2.31586233e-11,-1.806545962e-10,0.403706397,9.019247814e-10,-8.562701889,0.3731340702,-19.01545136,-739.0154514,2.190474877,0.3527724212,-0.1215757097,103.1228194,99.2393753,-28.03323523,2.307319071e-12,-1.81323502e-09,0.2824809723,1.731940023e-09,
2472588000,-2.483114174,0.751353461,-177.4488284,-537.4488284,7.043546507,-0.7506087691,-0.03344396922,7.185437342,7.102145297,-1.090890451,5.900478527e-11,-7.021817127e-11,0.1536001314,8.933987419e-10,-8.200827779,0.3890080702,-26.97632392,-746.9763239,2.273365657,0.346681677,-0.1764627255,100.3497145,92.65715874,-38.53201442,1.670500694e-12,-2.480219334e-09,0.4158557735,1.809083408e-09,
2484586000,-2.577551109,0.7432286535,178.7855843,-541.2144157,6.789031087,-0.7430617115,0.01575196274,7.383851398,7.365630465,0.5184103739,-1.235641296e-10,3.320777528e-11,0.07038234898,8.707149423e-10,-7.982571762,0.3989067746,-34.88784072,-754.8878407,2.327270905,0.3272125676,-0.2281634292,94.78021548,83.30403407,-45.20760061,1.416950375e-12,-2.895859955e-09,0.5426820095,1.787826653e-09,
2496584000,-2.694553092,0.7332842304,175.0365061,-544.9634939,6.498619234,-0.7305344346,0.06344448293,7.993132936,7.708052359,2.11568026,-3.013171942e-11,1.348726786e-10,0.2744766332,8.601487517e-10,-7.887798547,0.4032831462,-42.69160281,-762.6916028,2.35167339,0.2964187494,-0.2734469255,87.76192856,73.47867689,-47.99000049,1.328382649e-12,-3.059318572e-09,0.6531146521,1.702239278e-09,
2508582000,-2.849581306,0.7203124723,171.4715664,-548.5284336,6.150837281,-0.7123475378,0.1068224844,8.942445614,8.172966958,3.629041839,-1.748235178e-11,2.302416055e-10,0.4440299169,8.68716517e-10,-7.910123538,0.4022479349,-49.76843144,-769.7684314,2.345868825,0.2598032616,-0.3070922766,80.90450641,65.26009607,-47.8190236,1.3267562e-12,-3.03383903e-09,0.7327452223,1.581705461e-09,
2520580000,-2.967865265,0.7105697856,167.632064,-552.367936,5.910128593,-0.6940790925,0.152196037,10.04434116,8.556498625,5.260714845,-1.200258759e-11,3.321730601e-10,0.614820977,9.014979368e-10,-7.878950027,0.4036941896,-56.2982689,-776.2982689,2.353983753,0.2239976188,-0.3358482776,75.05297329,58.53578457,-46.97351088,1.34420846e-12,-2.966010383e-09,0.8024751223,1.444905245e-09,
2532578000,-3.15536487,0.6953953087,163.726656,-556.273344,5.565887056,-0.6675348268,0.1948637738,11.47678854,9.160882178,6.9133865,-9.090054026e-12,4.344583405e-10,0.7546638376,9.543353159e-10,-7.90498415,0.4024860129,-62.24365149,-782.2436515,2.347201979,0.1874427979,-0.3561743788,69.86706806,53.23307122,-45.25093731,1.388768068e-12,-2.843707223e-09,0.8500531018,1.323341562e-09,
2544576000,-3.386773964,0.6771132336,159.4398513,-560.5601487,5.194121928,-0.6339838482,0.2377957345,13.21707653,9.930819627,8.721807922,-7.171304888e-12,5.455206853e-10,0.8782566041,1.004150184e-09,-7.859742475,0.404587887,-67.65874441,-787.6587444,2.359017992,0.1537928598,-0.3742180041,65.54711178,48.84377604,-43.71166211,1.430893742e-12,-2.73402213e-09,0.8949279858,1.215087492e-09,
2556574000,-3.713757814,0.6520968605,154.9574656,-565.0425344,4.748726507,-0.5907957126,0.2760267043,15.28578137,11.0243381,10.58862983,-5.879250949e-12,6.591762168e-10,0.9604776026,1.049370267e-09,-7.78307377,0.4081749155,-72.66760739,-792.6676074,2.379376867,0.1216012699,-0.3896407227,61.78090449,45.12613321,-42.19611666,1.475330359e-12,-2.626843794e-09,0.935070516,1.15301801e-09,
2568572000,-4.170854924,0.6186674311,150.3306302,-569.6693698,4.244765759,-0.5375578178,0.3062368085,17.68919146,12.5566417,12.45946402,-4.973121016e-12,7.720185716e-10,0.9922608539,1.04125454e-09,-7.60531502,0.4166143732,-77.32780646,-797.3278065,2.428264098,0.09139383556,-0.4064661151,58.50165304,41.70615963,-41.02486633,1.510362565e-12,-2.542000094e-09,0.983664444,1.148048343e-09,
2580570000,-4.803970256,0.5751769681,145.6186465,-574.3813535,3.707842678,-0.4746920098,0.3248015402,20.45022215,14.67344461,14.24435359,-4.329739243e-12,8.785110594e-10,0.9707573077,9.634422691e-10,-7.315163929,0.4307663829,-82.31015862,-802.3101586,2.513495936,0.05764105676,-0.426892475,55.12315085,38.04808918,-39.88614634,1.546259601e-12,-2.459951619e-09,1.04830879,1.226046988e-09,
2592568000,-5.651586144,0.5216998271,141.6219113,-578.3780887,3.18147455,-0.4089766371,0.3238963105,23.30858344,17.41115111,15.49651183,-3.961466824e-12,9.513140866e-10,0.8900337339,7.708407784e-10,-6.913876771,0.4511346256,-87.63118002,-807.63118,2.643880801,0.01864626514,-0.4507491178,51.57407278,34.1475354,-38.6501075,1.588324625e-12,-2.372688261e-09,1.13185643,1.382117367e-09,
2604566000,-6.742236333,0.4601380878,138.5049404,-581.4950596,2.70465105,-0.3446493418,0.3048670054,26.21134968,20.73283181,16.03697407,-3.810327786e-12,9.799573882e-10,0.7735062055,3.68299046e-10,-6.428261995,0.477075265,-93.99412178,-813.9941218,2.824642183,-0.03323026204,-0.4759165454,47.36253296,29.84399472,-36.7769698,1.661532427e-12,-2.24729822e-09,1.232307208,1.594276576e-09,
2616564000,-8.049690759,0.3958361574,137.2400974,-582.7599026,2.310360301,-0.2906249572,0.2687441121,28.77078677,24.26193054,15.46340513,-3.933540586e-12,9.40576024e-10,0.6373526257,-2.534524935e-10,-5.927360473,0.5053962048,-101.3345844,-821.3345844,3.043640626,-0.09932956876,-0.4955390606,42.62502452,25.60286888,-34.07911121,1.784845013e-12,-2.07289369e-09,1.331066115,1.814322505e-09,
2628562000,-9.520910359,0.3341600152,139.8556199,-580.1443801,2.003724687,-0.2554393498,0.2154382843,30.42505271,27.37486287,13.27782796,-4.560105276e-12,8.039498228e-10,0.4850372413,-1.102119767e-09,-5.526956706,0.5292393955,-109.8890911,-829.8890911,3.24844386,-0.1800475156,-0.4976718094,37.44697649,21.9458093,-30.34233844,1.995505175e-12,-1.837176809e-09,1.382602848,1.98054761e-09,
2640560000,-10.89275402,0.2853397649,146.420233,-573.579767,1.798532648,-0.2377212973,0.1578206774,31.19412521,29.50106004,10.13710532,-5.945797757e-12,6.109955541e-10,0.3436183414,-1.930717377e-09,-5.267117978,0.5453108026,-118.8665299,-838.8665299,3.398609009,-0.2632601796,-0.4775541322,32.50532262,19.26208135,-26.1833577,2.301965193e-12,-1.578154181e-09,1.359321312,2.055651661e-09,
2652558000,-11.64744081,0.2615941088,157.7166919,-562.2833081,1.708537437,-0.2420583198,0.09919298147,30.67403631,30.00127699,6.389043944,-9.391162763e-12,3.833461607e-10,0.2129590666,-2.358524891e-09,-5.177147956,0.5509885859,-128.0008474,-848.0008474,3.454229752,-0.3392288674,-0.4341799135,28.08009234,17.56799598,-21.9056409,2.739045703e-12,-1.314350537e-09,1.246906074,2.025625317e-09,
2664556000,-11.40436264,0.2690183272,170.0061062,-549.9938938,1.736046709,-0.2649363114,0.04668630735,29.09409906,28.94782065,2.913808534,-2.04990752e-11,1.740428918e-10,0.1006572678,-2.196339521e-09,-5.198226085,0.5496531178,-136.6733817,-856.6733817,3.441021086,-0.3998473945,-0.3771479962,24.44601182,16.60188936,-17.9439339,3.328722709e-12,-1.071797995e-09,1.080836856,1.936787154e-09,
2676554000,-10.36630849,0.3031688494,178.9983303,-541.0016697,1.870135754,-0.303122521,0.005299859701,26.7393072,26.73748579,0.312094912,-1.905273966e-10,1.855798462e-11,0.01167256018,-1.536347098e-09,-5.266942187,0.5453218391,-144.7318798,-864.7318798,3.398715777,-0.4452329167,-0.3148707006,21.56310382,16.05747067,-14.39184081,4.13169044e-12,-8.557767207e-10,0.8962707207,1.824335389e-09,
2688552000,-9.138827879,0.3491874335,-176.7875594,-536.7875594,2.073081411,-0.3486387274,-0.01956786853,24.157194,24.13323545,-1.075624907,5.503523699e-11,-6.367405979e-11,0.04457027359,-7.436889725e-10,-5.35466444,0.5398421344,-152.3286438,-872.3286438,3.346334485,-0.4780981778,-0.2507023382,19.30996499,15.76264258,-11.15409552,5.307222942e-12,-6.602920226e-10,0.707628525,1.745269585e-09,
2700550000,-7.956301094,0.4001151034,-175.7069088,-535.7069088,2.33397292,-0.3989924474,-0.02995201003,21.50174481,21.44726453,-1.529664572,3.852757732e-11,-9.014966505e-11,0.07132212921,-1.027436771e-10,-5.383514288,0.538052044,-159.5722932,-879.5722932,3.329492044,-0.5042157368,-0.1877937508,17.48668864,15.45955581,-8.17229551,7.211470757e-12,-4.816282709e-10,0.5286242122,1.718485833e-09,
2712548000,-6.953318109,0.4490907341,-176.5802697,-536.5802697,2.630361883,-0.448291059,-0.02678831723,19.06607266,19.02328025,-1.276689182,4.595761909e-11,-7.490794416e-11,0.06711193681,3.160941316e-10,-5.389292992,0.5376941982,-166.9447151,-886.9447151,3.326140819,-0.5237961771,-0.121460346,16.07484565,15.21125297,-5.197927039,1.128788355e-11,-3.049810666e-10,0.3417159026,1.745410751e-09,
2724546000,-6.117184834,0.494470923,-178.886421,-538.886421,2.956251165,-0.4943775344,-0.009609743878,16.92019955,16.91472711,-0.4303018309,1.357540494e-10,-2.51361744e-11,0.02543947817,5.787322057e-10,-5.398411276,0.5371300331,-174.5369516,-894.5369516,3.320867939,-0.5346902836,-0.05113680692,15.24254008,15.08746288,-2.168753564,2.693492565e-11,-1.266882079e-10,0.1437454117,1.799426593e-09,
2736544000,-5.468038247,0.5328415558,177.9757014,-542.0242986,3.281202716,-0.5325090289,0.01882173556,15.26367607,15.24262925,0.8012869692,-7.258211449e-11,4.6602131e-11,0.0525688158,7.327947593e-10,-5.433597577,0.5349585353,177.4590966,-902.5409034,3.30069177,-0.5344325786,0.02371610015,15.18852692,15.15510586,1.007033504,-5.775289733e-11,5.856816479e-11,0.06644846384,1.843346325e-09,
2748542000,-4.997741762,0.5624875469,174.5165734,-545.4834266,3.571298453,-0.559913537,0.05375008375,14.20250964,14.03009482,2.206290847,-2.624550844e-11,1.27755768e-10,0.1572541651,7.777570112e-10,-5.550445373,0.5278101424,169.3646645,-910.6353355,3.235584411,-0.5187432696,0.09741132692,16.13206879,15.5741499,4.205888566,-1.376765555e-11,2.43542924e-10,0.2700557395,1.848259483e-09,
2760540000,-4.682607455,0.5832699836,170.8925043,-549.1074957,3.799270323,-0.5759167616,0.09232419776,13.74671724,13.23808637,3.704767748,-1.556198886e-11,2.135930289e-10,0.2798567439,7.574772263e-10,-5.699299362,0.518841889,161.2948323,-918.7051677,3.156637817,-0.4914373644,0.1663917748,17.82815486,16.22512985,7.388387309,-7.803266396e-12,4.259667897e-10,0.4553669139,1.808087352e-09,
2772538000,-4.481370643,0.5969410812,167.858426,-552.141574,3.962053701,-0.5835880342,0.1255534177,13.68940916,12.75327106,4.97533922,-1.153771822e-11,2.856046808e-10,0.3901225965,7.144442201e-10,-5.962864018,0.5033346158,153.6294295,-926.3705705,3.026856035,-0.4509576284,0.2235686759,20.190161,17.32166701,10.37316022,-5.53390295e-12,5.954615319e-10,0.5988546145,1.728741373e-09,
2784536000,-4.308608029,0.6089331235,164.9459939,-555.0540061,4.11421478,-0.5880354147,0.1581578322,13.82552357,12.35242391,6.209889342,-9.204144608e-12,3.549369032e-10,0.5027263788,6.797232044e-10,-6.242879339,0.4873669031,146.2785364,-933.7214636,2.901425819,-0.4053655763,0.2705646832,22.82377876,18.61273413,13.20950434,-4.326939001e-12,7.550119341e-10,0.709702521,1.620740115e-09,
2796534000,-4.184357485,0.6177064351,162.0604054,-557.9395946,4.231581653,-0.5876746454,0.1902623219,14.19937249,12.09347673,7.441102049,-7.648262184e-12,4.234842749e-10,0.6152988273,6.803617201e-10,-6.566141303,0.4695619904,139.5382222,-940.4617778,2.770468865,-0.3572610966,0.3047178559,25.56754957,20.14230606,15.74760609,-3.613977839e-12,8.962198746e-10,0.7818174365,1.497211602e-09,
2808532000,-4.079915941,0.625178743,159.1119404,-560.8880596,4.335876668,-0.5840912446,0.2229032944,14.74888404,11.90199633,8.710457151,-6.505786492e-12,4.936074476e-10,0.7318484153,6.946823145e-10,-6.880204861,0.4528868982,133.3382841,-946.6617159,2.655551281,-0.3108183098,0.3293911366,28.25793983,21.75712147,18.03160638,-3.142724684e-12,1.021821823e-09,0.8287680156,1.360800984e-09,
2820530000,-4.045002208,0.6276967639,156.0820889,-563.9179111,4.371965124,-0.5737947231,0.2544854477,15.56859875,11.92159505,10.0128337,-5.635499365e-12,5.649973507e-10,0.839890439,7.124760636e-10,-7.122970073,0.4404042449,127.765175,-952.234825,2.574008526,-0.2697153079,0.3481516216,30.72454861,23.25055878,20.08505424,-2.809418251e-12,1.133345741e-09,0.8638525389,1.246731543e-09,
2832528000,-4.097567384,0.6239095464,152.9325151,-567.0674849,4.317869626,-0.5555734704,0.2839035771,16.67544814,12.21273436,11.35428069,-4.948644927e-12,6.379777703e-10,0.9297083157,7.162264245e-10,-7.304699364,0.4312856734,122.7766577,-957.2233423,2.516704093,-0.2334832782,0.362619485,32.97719918,24.62206674,21.93739947,-2.561301928e-12,1.23262526e-09,0.8909649908,1.172666473e-09,
2844526000,-4.237655826,0.6139276714,149.7632001,-570.2367999,4.180376453,-0.5304037596,0.3091585961,18.00489465,12.78026532,12.68231247,-4.411758942e-12,7.09591939e-10,0.9923356168,6.967716186e-10,-7.390062229,0.4270678597,117.8941223,-962.1058777,2.490814809,-0.199799065,0.3774483944,35.17151864,25.8413638,23.85916261,-2.345065766e-12,1.334951295e-09,0.9232934762,1.168882643e-09,
2856524000,-4.490577402,0.5963086784,146.8034725,-573.1965275,3.954280394,-0.49898961,0.3264864606,19.48986129,13.69021966,13.87200702,-4.016455453e-12,7.728968801e-10,1.01327863,6.191521415e-10,-7.359662883,0.4285651536,112.9484362,-967.0515638,2.499961566,-0.1670986484,0.3946468454,37.40482277,26.89078741,26.00012152,-2.142924531e-12,1.448630525e-09,0.9668784006,1.24683417e-09,
2868522000,-4.893010475,0.5693108703,144.0988516,-575.9011484,3.643720638,-0.4611588203,0.3338373998,21.1459297,15.04352191,14.86078031,-3.733535908e-12,8.245244919e-10,0.9878524724,4.672257447e-10,-7.193680144,0.4368335569,107.4356286,-972.5643714,2.551347962,-0.1308902368,0.416762885,39.98658442,27.85261595,28.69074272,-1.933838293e-12,1.591855849e-09,1.030091492,1.393724539e-09,
2880520000,-5.426396783,0.5354022116,142.393232,-577.606768,3.304798796,-0.4241550363,0.3267231755,22.65597817,16.7062287,15.3034398,-3.610440375e-12,8.455480576e-10,0.916031983,2.254454225e-10,-6.957501727,0.4488744786,101.078775,-978.921225,2.62893737,-0.0862550187,0.4405092159,43.26931309,29.05795743,32.06038935,-1.723377602e-12,1.771405664e-09,1.103325636,1.603793518e-09,
2892518000,-6.046580535,0.4985066697,141.8779263,-578.1220737,2.988088932,-0.3921738234,0.3077476107,23.89192154,18.48362349,15.13867819,-3.634595665e-12,8.329750987e-10,0.8190319503,-1.283219695e-10,-6.708720533,0.4619170292,93.7295203,-986.2704797,2.716898896,-0.03004606392,0.4609387984,47.58213446,30.88565741,36.19579652,-1.520148178e-12,1.991600376e-09,1.171928965,1.820343373e-09,
2904516000,-6.680928331,0.4633973901,143.0451257,-576.9548743,2.727152949,-0.3703051393,0.2785879483,24.62097907,20.07988071,14.24749103,-3.845988366e-12,7.807010271e-10,0.7095406211,-5.371411812e-10,-6.541558846,0.4708928082,85.16532406,-994.8346759,2.779952401,0.03968727659,0.4692173877,53.36115748,34.06352758,41.07419161,-1.334066055e-12,2.250688455e-09,1.205811451,2.01073472e-09,
2916514000,-7.250425171,0.4339890195,146.5441974,-573.4558026,2.533500354,-0.3620819571,0.2392553561,24.63272797,21.21958495,12.51001606,-4.362125928e-12,6.82674897e-10,0.5895504597,-9.280073852e-10,-6.519796369,0.4720741084,76.0794905,-1003.92051,2.788410517,0.1135694661,0.4582094938,60.33723576,39.02452065,46.01813564,-1.185842596e-12,2.511221876e-09,1.179210785,2.11910936e-09,
2928512000,-7.450170675,0.4241226499,151.6604122,-568.3395878,2.472961734,-0.3732913715,0.2013295164,23.71279112,21.28564311,10.45073489,-5.200274786e-12,5.679628826e-10,0.4909757641,-1.133821083e-09,-6.633483894,0.4659355046,66.47915864,-1013.520841,2.744866055,0.1859467635,0.4272232386,68.55673953,46.31459492,50.54685778,-1.075174512e-12,2.74705457e-09,1.091380759,2.130005585e-09,
2940510000,-7.261905692,0.4334157761,157.6119017,-562.3880983,2.529925324,-0.4007471361,0.165078672,22.03476188,20.41253213,8.298148177,-6.522533005e-12,4.491368167e-10,0.4065222347,-1.066048588e-09,-6.930736455,0.4502598033,57.30746963,-1022.69253,2.638082156,0.2431991015,0.3789301881,76.77918841,55.64891737,52.89840989,-1.023186623e-12,2.863123545e-09,0.9505739265,2.069643412e-09,
2952508000,-6.678651756,0.4635188626,161.9977271,-558.0022729,2.727996868,-0.4408269524,0.143252693,19.93296818,18.72523016,6.832933184,-7.888998521e-12,3.683292618e-10,0.3649051641,-7.659217896e-10,-7.319044083,0.4305739943,48.55088188,-1031.449118,2.512308851,0.2850204672,0.3227340977,84.45010554,66.19013766,52.44698278,-1.027799826e-12,2.827154595e-09,0.7923685405,1.978942569e-09,
2964506000,-5.930320578,0.5052239978,164.3983516,-555.6016484,3.042233235,-0.4866089336,0.1358787465,17.78758458,16.70987257,6.097403063,-8.804868888e-12,3.273502693e-10,0.3648982384,-3.444648271e-10,-7.782192114,0.4082163491,40.3467819,-1039.653218,2.379613474,0.3111179972,0.2642842778,90.63570212,76.53860959,48.54556355,-1.105906093e-12,2.606257638e-09,0.6342624175,1.871730132e-09,
2976504000,-5.129254229,0.5540351114,164.8083406,-555.1916594,3.484657988,-0.5346741612,0.1451841795,15.81059846,14.58242129,6.109665542,-8.751776627e-12,3.26686432e-10,0.4189746971,4.132417521e-11,-8.285251849,0.3852453519,32.22146722,-1047.778533,2.253330424,0.3259150452,0.2054102347,95.20053425,85.74442652,41.36465932,-1.2926597e-12,2.211786042e-09,0.4824180532,1.778611446e-09,
2988502000,-4.455690495,0.5987085707,163.6457951,-556.3542049,3.983909085,-0.5744844249,0.1685811324,14.45209777,12.79298725,6.723288417,-7.92108801e-12,3.580538295e-10,0.5255448382,3.273599813e-10,-8.821153864,0.36219488,25.04954435,-1054.950456,2.135754069,0.3281275558,0.1533539637,96.99982693,91.46767244,32.28980217,-1.649305839e-12,1.719617931e-09,0.3530187367,1.67451e-09,
3000500000,-3.917052133,0.6370116769,161.481552,-558.518448,4.509819111,-0.6040281299,0.2023212661,13.75194602,11.36672659,7.740384091,-6.852735808e-12,4.105717012e-10,0.6809686176,4.851602525e-10,-9.432858494,0.337564739,17.78789643,-1062.212104,2.019162955,0.3214271018,0.1031240576,96.55551546,94.0413969,21.89025431,-2.423124303e-12,1.16112054e-09,0.2327725346,1.524629134e-09,
3012498000,-3.562670215,0.6635390539,158.9919488,-561.0080512,4.944226287,-0.6194336526,0.237878175,13.70942349,10.44576891,8.878862789,-5.950261054e-12,4.690840963e-10,0.8499960958,5.120592695e-10,-10.15373405,0.3106800006,11.40017952,-1068.59982,1.901410088,0.3045504567,0.06140913685,93.53180993,92.67939423,12.59878381,-4.193385033e-12,6.65613295e-10,0.1359394277,1.350046905e-09,
3024496000,-3.366095287,0.6787271715,156.6575489,-563.3424511,5.225238559,-0.6231754327,0.2689292721,14.06874024,9.961676308,9.934508396,-5.29688734e-12,5.227734203e-10,0.997272757,4.187961441e-10,-10.8517761,0.2866891091,6.119648994,-1073.880351,1.80382653,0.285055395,0.03056251053,89.81436396,89.61584266,5.968309477,-8.816897307e-12,3.140642127e-10,0.06659882115,1.175208675e-09,
3036494000,-3.280351264,0.6854605053,154.9991599,-565.0008401,5.358501981,-0.621233946,0.2896972363,14.47715403,9.772871831,10.68077548,-4.907326099e-12,5.598226816e-10,1.092900395,2.701237699e-10,-11.44445846,0.2677793464,1.727515081,-1078.272485,1.731417081,0.2676576402,0.008072545272,86.54465488,86.53156844,1.504975443,-3.482717842e-11,7.888185552e-11,0.01739221269,1.094711656e-09,
3048492000,-3.204736821,0.6914537861,154.4334574,-565.5665426,5.482011154,-0.6237498712,0.2984031443,14.54373813,9.573857398,10.94813104,-4.768646014e-12,5.715774136e-10,1.143544403,1.41090964e-10,-11.91228307,0.2537381952,-2.756047988,-1082.756048,1.680024607,0.2534447004,-0.01220063675,83.94131815,83.91278477,-2.188479867,2.385571932e-11,-1.142556348e-10,0.02608041043,1.108680264e-09,
3060490000,-3.016741079,0.7065826123,154.2702936,-565.7297064,5.816228635,-0.6365264011,0.306746033,14.28240049,9.031109231,11.06462967,-4.699939678e-12,5.75394955e-10,1.225168403,1.073901893e-10,-12.35964788,0.2410003127,-7.803802796,-1087.803803,1.635047199,0.238768368,-0.03272334284,81.31934274,81.12375431,-5.636664829,9.225862029e-12,-2.931239998e-10,0.06948229748,1.14735322e-09,
3072488000,-2.724038152,0.7307992491,153.9749251,-566.0250749,6.42939978,-0.6566977485,0.3206487322,13.91921095,8.181536531,11.26085669,-4.600007128e-12,5.833126138e-10,1.376374309,1.570089876e-10,-12.90802889,0.2262551928,-13.05819451,-1093.058195,1.584831564,0.2204044784,-0.0511202322,78.17240055,77.7224656,-8.375114939,6.184992258e-12,-4.338311302e-10,0.1077566811,1.107981086e-09,
3084486000,-2.401446946,0.7584512173,152.9091845,-567.0908155,7.279900969,-0.6752383618,0.3454003529,13.85874493,7.258914542,11.805633,-4.37067033e-12,6.091533075e-10,1.626363409,2.58706842e-10,-13.57188584,0.2096069641,-17.90011074,-1097.900111,1.530386667,0.1994606896,-0.06442447306,74.7820039,74.11198554,-9.988078243,5.166011784e-12,-5.153701538e-10,0.1347700803,9.723007287e-10,
3096484000,-2.067102038,0.7882153679,151.723183,-568.276817,8.443555845,-0.6941569242,0.373402773,13.91122749,6.291814056,12.40706759,-4.142687208e-12,6.377059064e-10,1.971938057,3.470248181e-10,-14.22499808,0.1944240995,-21.63629675,-1101.636297,1.482695918,0.1807255789,-0.07168678829,71.91712959,71.13180139,-10.5990735,4.849348408e-12,-5.447775409e-10,0.1490061166,7.583710388e-10,
3108482000,-1.818435127,0.8111071759,149.8090282,-570.1909718,9.588014709,-0.7010837748,0.4078926225,14.4541784,5.589839428,13.32955244,-3.841105247e-12,6.824759354e-10,2.384603818,4.026637129e-10,-14.94222809,0.179014659,-24.51294714,-1104.512947,1.43609709,0.1628796273,-0.07427297727,69.32632555,68.52410994,-10.51597693,4.868802413e-12,-5.384202673e-10,0.1534638967,5.338552318e-10,
3120480000,-1.602363461,0.831537476,148.0305165,-571.9694835,10.87207667,-0.7054183684,0.4402720746,15.03787092,4.972863523,14.19183534,-3.593851804e-12,7.238311881e-10,2.853855786,4.353098958e-10,-15.48654788,0.168140605,-26.12986061,-1106.129861,1.404252464,0.1509563279,-0.07405032155,67.66285323,66.89042625,-10.19473313,5.002912034e-12,-5.199655728e-10,0.1524094508,3.529858215e-10,
3132478000,-1.432410278,0.8479680442,146.0594312,-573.9405688,12.15512906,-0.7034888408,0.4734482599,15.79796311,4.49372562,15.14536459,-3.354689811e-12,7.695056883e-10,3.370335857,4.365566291e-10,-15.91366689,0.1600724734,-27.18267993,-1107.18268,1.381157822,0.1423931907,-0.07312575478,66.49856225,65.76190484,-9.870696657,5.147357075e-12,-5.015103585e-10,0.150097487,2.450112741e-10,
3144476000,-1.283641227,0.8626168529,144.1968549,-575.8031451,13.55782635,-0.6996096195,0.5046327528,16.56207072,4.070403098,16.05409621,-3.15272424e-12,8.125642458e-10,3.944104755,4.396424903e-10,-16.16583021,0.1554921575,-27.92465334,-1107.924653,1.368243253,0.1373873048,-0.07281853841,65.8277262,65.10661997,-9.716870473,5.208892968e-12,-4.918110258e-10,0.1492455065,2.331897602e-10,
3156474000,-1.16962212,0.8740150158,142.2978074,-577.7021926,14.87490773,-0.6915207946,0.5345102791,17.39436445,3.751222844,16.98505937,-2.968594278e-12,8.564164183e-10,4.527872664,4.380815068e-10,-16.22404259,0.1544535414,-28.90691225,-1108.906912,1.365334252,0.1352095903,-0.07466098802,65.53297869,64.77943556,-9.909390722,5.088279539e-12,-4.996488222e-10,0.1529712421,3.064271848e-10,
3168472000,-1.094024179,0.881655236,140.4166333,-579.5833667,15.89977598,-0.6794901549,0.5617909617,18.26097238,3.550111756,17.91256037,-2.804223284e-12,8.99762575e-10,5.045632812,4.366260458e-10,-16.11655294,0.1563768113,-30.30380379,-1110.303804,1.370726678,0.135009805,-0.07890538431,65.49466144,64.65417566,-10.45888363,4.802694113e-12,-5.253582892e-10,0.1617665607,4.513017723e-10,
3180470000,-1.029391072,0.8882402445,138.4885585,-581.5114415,16.89552949,-0.6651350676,0.5886986273,19.17388864,3.382702346,18.8731378,-2.651457787e-12,9.44436883e-10,5.579307866,4.306277928e-10,-15.89661159,0.1603870946,-32.61082876,-1112.610829,1.382050094,0.1351021583,-0.0864374164,65.4843619,64.47720524,-11.44078917,4.373940247e-12,-5.725122856e-10,0.1774392845,6.473035256e-10,
3192468000,-0.9650801268,0.8948412456,136.6719286,-583.3280714,18.01886354,-0.6509403284,0.6140175434,20.04910693,3.211141682,19.7902819,-2.519077903e-12,9.866101052e-10,6.163004893,4.170193607e-10,-15.56760525,0.1665788033,-35.81918868,-1115.819189,1.39974698,0.135073399,-0.09748679177,65.44392878,64.16640187,-12.86781587,3.874259806e-12,-6.41502594e-10,0.2005382178,8.758835646e-10,
3204466000,-0.9328048536,0.8981725072,134.8701497,-585.1298503,18.64106103,-0.6336628952,0.6365415839,20.94430423,3.143846041,20.70700634,-2.398541003e-12,1.028446679e-09,6.586520482,4.11470584e-10,-15.21079374,0.1735642648,-40.12864567,-1120.128646,1.420030881,0.1327071099,-0.1118632066,65.07987834,63.41456383,-14.62818032,3.395268767e-12,-7.265320358e-10,0.230675407,1.119010169e-09,
3216464000,-0.8643754435,0.9052764606,133.2197208,-586.7802792,20.11407591,-0.6199314836,0.6597048021,21.76407921,2.949519708,21.56329004,-2.294702624e-12,1.066980448e-09,7.310780118,4.090500248e-10,-14.84039641,0.1811257428,-45.46082715,-1125.460827,1.442377426,0.1270410067,-0.1291011903,64.27595636,62.10113068,-16.57854437,2.984661206e-12,-8.203285614e-10,0.2669604271,1.354674462e-09,
3228462000,-0.8565507476,0.9060923477,131.3283791,-588.6716209,20.2975189,-0.5983595513,0.6804183932,22.74162759,2.965757467,22.54741467,-2.186390344e-12,1.111530041e-09,7.602582113,4.106957804e-10,-14.56039473,0.187059713,-51.95660074,-1131.956601,1.460205297,0.1152770792,-0.1473177899,62.71375695,59.98036208,-18.31315036,2.691915304e-12,-9.027916088e-10,0.3053191032,1.558401743e-09,
3240460000,-0.8248358259,0.9094068239,129.608806,-590.391194,21.07671799,-0.5797854133,0.7006209003,23.63694995,2.895930409,23.4588787,-2.093660295e-12,1.152181019e-09,8.100636198,4.108873121e-10,-14.37440283,0.191108436,-59.16130269,-1139.161303,1.472519295,0.09796655793,-0.1640883537,60.5429674,57.3096484,-19.52063274,2.516051788e-12,-9.587543723e-10,0.3406168645,1.711002521e-09,
3252458000,-0.8144968579,0.9104899515,127.8060568,-592.1939432,21.34386008,-0.5581217616,0.7193692035,24.59677266,2.903130323,24.42484513,-2.00344127e-12,1.195199088e-09,8.413278915,4.008658699e-10,-14.31303095,0.1924635325,-66.93427531,-1146.934275,1.476668337,0.0754046703,-0.1770772347,57.88648273,54.32871091,-19.98089222,2.449026911e-12,-9.777398398e-10,0.3677777714,1.799543547e-09,
3264456000,-0.8136052441,0.9105834188,126.1071952,-593.8928048,21.36721616,-0.5366048238,0.7356748098,25.51765367,2.943072917,25.34736615,-1.923430391e-12,1.235782813e-09,8.612551189,3.92014863e-10,-14.37618265,0.1910692802,-74.9234847,-1154.923485,1.472399615,0.04969879233,-0.1844925469,55.04853439,51.40766016,-19.68739738,2.476401195e-12,-9.598372927e-10,0.3829662217,1.827329589e-09,
3276454000,-0.8320080078,0.9086562112,124.4219248,-595.5780752,20.89530374,-0.5136476363,0.7495480077,26.44980237,3.055500539,26.27272278,-1.848889574e-12,1.276207051e-09,8.598500454,3.775926277e-10,-14.539463,0.1875110433,-82.93917199,-1162.939172,1.461571919,0.02304942191,-0.1860889989,52.27851712,48.77550902,-18.81470363,2.581776687e-12,-9.139310626e-10,0.3857407951,1.818687208e-09,
3288452000,-0.8522063271,0.9065456611,122.8347622,-597.1652378,20.40082552,-0.4915454606,0.76171392,27.34149337,3.176119481,27.15639013,-1.7822006e-12,1.314318629e-09,8.550179012,3.597936906e-10,-14.73984313,0.1832347515,-90.62259508,-1170.622595,1.448684005,-0.001991050843,-0.1832239337,49.80773237,46.57213797,-17.6591667,2.740680553e-12,-8.546707301e-10,0.3791787853,1.802516468e-09,
3300450000,-0.8980278328,0.9017758663,121.2876319,-598.7123681,19.3615947,-0.4683234561,0.7706314641,28.22960553,3.396558289,28.02452533,-1.720714064e-12,1.351404122e-09,8.250859533,3.359090491e-10,-15.00080799,0.1778113997,-98.36181654,-1178.361817,1.432531902,-0.02585799489,-0.1759211698,47.55324087,44.69462345,-16.23888395,2.96955105e-12,-7.830746265e-10,0.363329696,1.81671944e-09,
3312448000,-0.9442944455,0.8969852007,119.9040932,-600.0959068,18.41468618,-0.4471916754,0.777561609,29.03618229,3.620230193,28.80961325,-1.66776031e-12,1.384230743e-09,7.957950658,3.034134335e-10,-15.24887388,0.1728050006,-106.1400291,-1186.140029,1.417809587,-0.04803734042,-0.1659939221,45.53412435,43.08141036,-14.74274607,3.25906241e-12,-7.08352527e-10,0.342206672,1.896962576e-09,
3324446000,-1.038010406,0.8873592477,118.6328331,-601.3671669,16.75556323,-0.425218029,0.7788427712,29.79946757,4.029686498,29.52574968,-1.621436388e-12,1.413519429e-09,7.32705874,2.686392966e-10,-15.51479122,0.1675947612,-114.4150547,-1194.415055,1.402675892,-0.06927423894,-0.1526076138,43.66011276,41.65444897,-13.08099105,3.659823994e-12,-6.262409996e-10,0.3140358683,2.062830039e-09,
3336444000,-1.140142004,0.8769864834,117.6095237,-602.3904763,15.25837595,-0.4064335389,0.7771210141,30.42826969,4.471285415,30.09796012,-1.58489038e-12,1.435731914e-09,6.731388699,2.313846966e-10,-15.7823108,0.1625116351,-123.5635386,-1203.563539,1.388092879,-0.08984640843,-0.1354165959,41.89353689,40.36098454,-11.22761596,4.248628348e-12,-5.355793711e-10,0.2781799326,2.299184559e-09,
3348442000,-1.234722365,0.8674888107,116.6332749,-603.3667251,14.09306505,-0.3888764083,0.7754430835,31.03409499,4.890016504,30.64641562,-1.550949524e-12,1.456656121e-09,6.267139506,2.070886861e-10,-16.20142924,0.1548561786,-134.1997644,-1214.199764,1.366461127,-0.1079598673,-0.1110184809,40.36441267,39.35879626,-8.953824152,5.308462944e-12,-4.255846072e-10,0.2274923271,2.511120031e-09,
3360440000,-1.263637104,0.8646058004,115.9067958,-604.0932042,13.77168155,-0.3777536072,0.7777180738,31.4774047,5.042982942,31.07081154,-1.524303298e-12,1.471555285e-09,6.161197032,2.194088399e-10,-16.93228032,0.142359346,-145.9017836,-1225.901784,1.331979006,-0.1178846122,-0.0798085309,39.51524649,39.00104291,-6.354003271,7.453779686e-12,-3.009341125e-10,0.1629188042,2.581739696e-09,
3372438000,-1.254550633,0.865510754,115.0118269,-604.9881731,13.8710775,-0.3659425612,0.7843436155,32.01587625,5.05626245,31.61408772,-1.492778954e-12,1.491958735e-09,6.25246178,2.752559827e-10,-18.04274496,0.1252745213,-157.4770848,-1237.477085,1.286431628,-0.1157193834,-0.04798676908,39.64992241,39.46278026,-3.847768392,1.226499102e-11,-1.815871365e-10,0.09750373305,2.426610813e-09,
3384436000,-1.26043548,0.8649245534,113.6818066,-606.3181934,13.80653998,-0.3474030031,0.7920894119,32.83150434,5.155869387,32.42413743,-1.450325204e-12,1.524762692e-09,6.288781774,3.590664231e-10,-19.50459643,0.1058693334,-167.6811616,-1247.681162,1.236809534,-0.1034317427,-0.02258739384,40.63073673,40.58839895,-1.854356518,2.53594944e-11,-8.72021235e-11,0.04568686043,2.106305942e-09,
3396434000,-1.30200631,0.8607948985,111.8012312,-608.1987688,13.36728955,-0.3196887131,0.7992289935,34.01418758,5.441062364,33.57617901,-1.395615166e-12,1.57336043e-09,6.170886634,4.44819478e-10,-21.10732379,0.08803063008,-175.7161332,-1255.716133,1.193056111,-0.08778469066,-0.006575706588,41.93028042,41.92659792,-0.555700352,8.432498643e-11,-2.603979877e-11,0.01325412458,1.772372834e-09,
3408432000,-1.428527131,0.8483472248,109.7575516,-610.2424484,12.18802111,-0.286775942,0.7984062706,35.3479177,6.11157985,34.81556947,-1.341195212e-12,1.625694741e-09,5.696656238,4.90547117e-10,-22.67706797,0.07347618543,177.7291149,-1262.270885,1.158606145,-0.07341848158,0.002911423694,43.1603657,43.15962606,0.2526760507,-1.847997662e-10,1.179857555e-11,0.005854454122,1.578061735e-09,
3420430000,-1.702777259,0.821979785,107.3674551,-612.6325449,10.23467916,-0.2453599137,0.784505755,36.97857302,7.486005255,36.21290637,-1.284919864e-12,1.685011257e-09,4.837413967,4.743743393e-10,-24.098385,0.06238508194,171.5409043,-1268.459096,1.133071863,-0.06170640302,0.009177051511,44.18846022,44.18096091,0.8140701865,-5.715807247e-11,3.787924156e-11,0.01842581442,1.648985564e-09,
3432428000,-2.102113511,0.7850445889,105.3046429,-614.6953571,8.304255193,-0.2072134705,0.757203793,38.46565844,9.447502006,37.28741859,-1.243530316e-12,1.728944346e-09,3.946801871,3.552608646e-10,-25.34659765,0.05403437314,164.6098672,-1275.390133,1.114241726,-0.05209676119,0.01434018666,45.04926213,45.03063708,1.295277321,-3.579776676e-11,6.00594647e-11,0.028764357,2.042428851e-09,
3444426000,-2.71327701,0.7317052136,103.7829076,-616.2170924,6.45448701,-0.1743241857,0.7106360516,39.68289899,12.33007953,37.71871699,-1.225028976e-12,1.742850697e-09,3.059081404,4.964607465e-11,-26.48525822,0.04739549781,155.2313388,-1284.768661,1.099507188,-0.0430354328,0.01985660435,45.87558204,45.839286,1.82452362,-2.532525242e-11,8.430488939e-11,0.03980261865,2.760139517e-09,
3456424000,-3.515917817,0.6671202278,103.8774696,-616.1225304,5.008175225,-0.1600063243,0.6476475697,39.91842251,15.72042758,36.6926234,-1.254915132e-12,1.689553246e-09,2.334072863,-4.526363124e-10,-27.6762235,0.04132271281,141.7747872,-1298.225213,1.086207764,-0.0324624905,0.02556859998,46.85781062,46.79645468,2.397132924,-1.920883397e-11,1.103786903e-10,0.05122466949,3.840035645e-09,
3468422000,-4.381302259,0.6038580873,107.0088653,-612.9911347,4.048695773,-0.1766403675,0.5774450365,38.36379641,18.49193912,33.61292998,-1.365154574e-12,1.542391312e-09,1.817707151,-1.044536288e-09,-29.02285901,0.03538808401,123.3493672,-1316.650633,1.073372687,-0.01945434306,0.02956086985,48.09332556,48.00928323,2.841951368,-1.614624572e-11,1.304081822e-10,0.05919587166,5.208476277e-09,
3480420000,-4.963492146,0.5647098886,113.466979,-606.533021,3.594636881,-0.2248790413,0.5180025821,35.05040676,19.25481822,29.28793248,-1.56134818e-12,1.339297909e-09,1.521070318,-1.441798271e-09,-30.38823323,0.03024045619,97.61990725,-1342.380093,1.062366916,-0.004009907994,0.0299734187,49.60096778,49.51192132,2.970799849,-1.539270984e-11,1.358506965e-10,0.06000170807,6.51492057e-09,
3492418000,-4.915108846,0.5678642882,121.5463763,-598.4536237,3.628175699,-0.2971000864,0.4839435799,30.82069608,17.67466862,25.24918604,-1.804872515e-12,1.150644845e-09,1.42855216,-1.417651408e-09,-31.24327859,0.02740539527,64.82444172,-1375.175558,1.056355228,0.01165807055,0.02480211848,51.17882463,51.11588145,2.537470077,-1.7959448e-11,1.156364747e-10,0.0496415205,7.216351697e-09,
3504416000,-4.230675323,0.614421259,127.7463662,-592.2536338,4.187007963,-0.3761285,0.485840339,27.09147833,14.61393426,22.81186366,-1.990873702e-12,1.036013094e-09,1.560966627,-1.029393176e-09,-31.03165174,0.02808131318,30.33841938,-1409.661581,1.057785314,0.02423577526,0.01418405257,52.4832614,52.46212289,1.48942552,-3.049198422e-11,6.764306346e-11,0.02839049276,7.000460575e-09,
3516414000,-3.368948073,0.6785042875,130.4853385,-589.5146615,5.220922776,-0.4405212466,0.5160514505,24.87096112,11.52365033,22.04019487,-2.053547255e-12,9.975520404e-10,1.912605315,-4.868315745e-10,-30.12476222,0.03117180055,1.142893342,-1438.857107,1.064349491,0.03116559924,0.0006217505214,53.21681257,53.21677135,0.06623947431,-6.83287151e-10,2.998037138e-12,0.001244710505,6.021672022e-09,
3528412000,-2.599812464,0.741326247,131.2286847,-588.7713153,6.731746947,-0.4885829747,0.5575403854,23.79796606,8.913403821,22.06568423,-2.044200274e-12,9.953097083e-10,2.47556205,-5.299497233e-11,-29.11190096,0.0350271621,-21.72406532,-1461.724065,1.072597198,0.03253943458,-0.01296484793,53.36280127,53.34482704,-1.384914295,3.257001385e-11,-6.246888282e-11,0.02596154813,4.76879488e-09,
3540410000,-1.945093328,0.7993653768,130.3190265,-589.6809735,8.968369208,-0.5172237775,0.6094789329,23.77644897,6.751900154,22.79761763,-1.971864678e-12,1.02483993e-09,3.376474343,1.984620184e-10,-28.42821002,0.03789566207,-39.19075358,-1479.190754,1.078776616,0.02937089933,-0.02394642929,53.02417708,52.96329559,-2.540211576,1.769687902e-11,-1.141922062e-10,0.04796173554,3.672926583e-09,
3552408000,-1.441453484,0.8470856522,128.9740228,-591.0259772,12.07921741,-0.53278975,0.6585508215,24.20016438,5.07424253,23.66220655,-1.893398598e-12,1.060113911e-09,4.66319976,3.168516259e-10,-28.02215873,0.03970928466,-52.4835589,-1492.483559,1.082702632,0.02418251985,-0.03149655572,52.47566236,52.37152885,-3.304255794,1.355887422e-11,-1.480372307e-10,0.06309259756,2.768832645e-09,
3564406000,-1.071530669,0.8839413831,127.3266043,-592.6733957,16.23267133,-0.5359846631,0.7029031296,24.93073236,3.831457765,24.63455596,-1.812542619e-12,1.099962056e-09,6.429551745,3.476398781e-10,-27.95579713,0.04001383193,-62.79935151,-1502.799352,1.083363351,0.01829064243,-0.03558875026,51.86074086,51.72945004,-3.687877643,1.210755532e-11,-1.64668098e-10,0.07129164606,2.062871894e-09,
3576404000,-0.7607192319,0.916144626,125.8820413,-594.1179587,22.85058826,-0.53696925,0.7422836387,25.62829283,2.757719072,25.47948938,-1.746557305e-12,1.13387265e-09,9.239334652,3.572477457e-10,-28.00997057,0.03976504438,-69.71658369,-1509.716584,1.082823572,0.01378511628,-0.03729918664,51.39581078,51.2529486,-3.82944193,1.162085471e-11,-1.704154822e-10,0.07471651942,1.487757287e-09,
3588402000,-0.5247263577,0.9413772142,124.3572474,-595.6427526,33.11642714,-0.5312673308,0.7771396803,26.42566064,1.929798688,26.3551023,-1.682884596e-12,1.168917197e-09,13.65691793,3.539032949e-10,-28.11813862,0.0392729088,-75.12484777,-1515.124848,1.081756639,0.01008189277,-0.03795677547,51.01697701,50.8701567,-3.867699622,1.146743543e-11,-1.715425176e-10,0.07603081793,9.826347016e-10,
3600400000,-0.3289883836,0.9628321443,122.743436,-597.256564,52.80993767,-0.5207748362,0.809839063,27.30786935,1.228767344,27.28021003,-1.62039789e-12,1.205916086e-09,22.20128177,3.453366768e-10,-28.37428816,0.03813164945,-78.45101225,-1518.451012,1.079286629,0.007634173364,-0.03735963178,50.7682097,50.62667212,-3.788295925,1.16687808e-11,-1.674608439e-10,0.07482806526,5.594805205e-10,
3612398000,-0.1605779025,0.9816826261,121.2528698,-598.7471302,108.185957,-0.50931273,0.839226621,28.14658049,0.6085722811,28.14000059,-1.565670744e-12,1.23979146e-09,46.23937281,3.332210303e-10,-28.56630326,0.03729793923,-79.6535093,-1519.653509,1.077485945,0.006698728386,-0.03669146098,50.67347756,50.53720912,-3.713734384,1.186352364e-11,-1.63619619e-10,0.07348514982,1.399287993e-10,
3624396000,-0.005036363356,0.9994203353,119.9762011,-600.0237989,3449.270542,-0.4993506132,0.8657308887,28.88136398,0.01933239428,28.88135751,-1.520431598e-12,1.268241884e-09,1493.935882,3.160093332e-10,-28.66338092,0.03688340046,-79.53501803,-1519.535018,1.076591766,0.006699299689,-0.03626988576,50.67355622,50.54039686,-3.671183064,1.196130179e-11,-1.612094627e-10,0.07263858798,-1.954555534e-10,
3636394000,0.1037966486,1.012021718,118.5444902,-601.4555098,nan,-0.4835854882,0.8890067675,29.72191055,-0.4042971371,29.71916066,-1.472694481e-12,1.300725753e-09,-73.50821448,3.045079891e-10,-28.62149396,0.03706169706,-77.6048032,-1517.604803,1.076976265,0.007955421152,-0.03619779915,50.8008639,50.66789454,-3.673177905,1.191536185e-11,-1.607648732e-10,0.07249517546,-4.626739494e-10,
3648392000,0.2037290409,1.023732408,117.2729619,-602.7270381,nan,-0.4691050664,0.9099277338,30.48131138,-0.8041562885,30.47070193,-1.43164776e-12,1.329232942e-09,-37.89151732,2.924692169e-10,-28.3429464,0.03826949047,-75.25422899,-1515.254229,1.079584645,0.009740755224,-0.03700907441,50.9822983,50.84280491,-3.768809925,1.157482416e-11,-1.644079718e-10,0.07412671138,-6.266257821e-10,
3660390000,0.3227099223,1.037852166,116.0282131,-603.9717869,nan,-0.4554237182,0.9325912051,31.23805944,-1.290788447,31.2113797,-1.393092019e-12,1.357080901e-09,-24.18008913,2.715648548e-10,-27.76244429,0.04091455063,-71.80181214,-1511.801812,1.085319928,0.01277781353,-0.03886808376,51.29234196,51.1375478,-3.981902689,1.091948432e-11,-1.73134419e-10,0.07786651609,-6.660515161e-10,
3672388000,0.3745045576,1.044059448,114.9180575,-605.0819425,nan,-0.4398848585,0.9468692849,31.91898093,-1.516250695,31.88294728,-1.359293096e-12,1.381751781e-09,-21.02749063,2.600118395e-10,-26.97657201,0.04478900347,-68.90365252,-1508.903653,1.093778241,0.01612123445,-0.04178708689,51.63563508,51.45552791,-4.308997317,1.005762291e-11,-1.867444896e-10,0.08374216517,-6.18709098e-10,
3684386000,0.455613777,1.053854584,113.8571192,-606.1428808,nan,-0.4262391112,0.9638099936,32.58072377,-1.866456459,32.52721786,-1.328030624e-12,1.40508283e-09,-17.42725779,2.426043777e-10,-25.90551697,0.05066687877,-66.39577647,-1506.395776,1.106742044,0.02028785835,-0.04642774395,52.06624992,51.84208772,-4.826211875,8.950527359e-12,-2.084785569e-10,0.09309447375,-4.263461243e-10,
3696384000,0.5274093786,1.062601608,112.7431891,-607.2568109,nan,-0.4108032006,0.9799810756,33.2834887,-2.187971117,33.21149503,-1.296446573e-12,1.42998498e-09,-15.17912863,2.385746521e-10,-24.64573035,0.05857515989,-64.59535766,-1504.595358,1.124439376,0.02512923117,-0.05291097332,52.57031279,52.2764169,-5.551038084,7.756554405e-12,-2.390106521e-10,0.106186277,-1.502226251e-10,
3708382000,0.5920539683,1.070539505,111.8762661,-608.1237339,nan,-0.3988866686,0.9934506823,33.83795145,-2.480695615,33.74689775,-1.271750191e-12,1.448336657e-09,-13.60380433,2.296833287e-10,-23.25716562,0.06872926807,-64.74841813,-1504.748418,1.147603196,0.0293194735,-0.0621617307,53.00852046,52.59974181,-6.570418738,6.531946498e-12,-2.819867587e-10,0.1249135169,1.978823781e-10,
3720380000,0.6262991319,1.074768567,110.7561304,-609.2438696,nan,-0.3808884057,1.005013182,34.55724637,-2.65911148,34.45478781,-1.241604423e-12,1.473948842e-09,-12.95725586,2.316792263e-10,-21.80120507,0.08127177531,-66.48306379,-1506.483064,1.176922344,0.03242907416,-0.07452151778,53.33244968,52.74213499,-7.913114826,5.406116033e-12,-3.385168558e-10,0.1500340255,6.087366484e-10,
3732378000,0.6503166493,1.077744543,109.8903155,-610.1096845,nan,-0.3666709079,1.013452389,35.11949864,-2.789987359,35.00850119,-1.218038436e-12,1.492822006e-09,-12.54790674,2.327271976e-10,-20.28508263,0.09677114253,-69.7254704,-1509.72547,1.214278235,0.03353300915,-0.09077549958,53.44028373,52.56482968,-9.63341091,4.426438406e-12,-4.107850184e-10,0.1832672334,1.032421786e-09,
3744376000,0.6697969286,1.080164367,108.7327272,-611.2672728,nan,-0.3468990879,1.022944809,35.87897308,-2.914734421,35.76038356,-1.188607621e-12,1.519997407e-09,-12.26883084,2.432960647e-10,-18.7640199,0.1152919553,-75.25335168,-1515.253352,1.260632773,0.0293470343,-0.1114943341,52.9851691,51.68183849,-11.67971384,3.63922139e-12,-4.96446989e-10,0.2259926152,1.473021049e-09,
3756374000,0.6903932886,1.082728739,107.861898,-612.138102,nan,-0.3320986031,1.030539684,36.45813084,-3.037221916,36.33139947,-1.166189639e-12,1.539336023e-09,-11.96204968,2.561577023e-10,-17.33777851,0.1358660892,-82.65986804,-1522.659868,1.314456099,0.01735816117,-0.1347526936,51.73441904,49.88803654,-13.69795326,3.093111857e-12,-5.803727136e-10,0.2745739101,1.872089096e-09,
3768372000,0.7218388562,1.086655651,106.51602,-613.48398,nan,-0.3089181863,1.04182055,37.36564305,-3.230487189,37.22573348,-1.134548588e-12,1.572206643e-09,-11.5232568,2.540258348e-10,-16.0562923,0.1574654886,-91.82781676,-1531.827817,1.373790003,-0.005022520768,-0.1573853691,49.51227874,47.11859913,-15.20866075,2.776996874e-12,-6.42328713e-10,0.3227740432,2.191271055e-09,
3780370000,0.7205520544,1.086494676,105.4665849,-614.5334151,nan,-0.2897424216,1.047148514,38.0813826,-3.269449096,37.94077494,-1.109633671e-12,1.597320336e-09,-11.60463853,2.55230335e-10,-14.99626034,0.1779045203,-101.8686228,-1541.868623,1.432807441,-0.03658931817,-0.1741012353,46.57063018,43.82353669,-15.75821142,2.671645927e-12,-6.634263954e-10,0.3595832882,2.39694645e-09,
3792368000,0.7147793927,1.08577283,104.4443402,-615.5556598,nan,-0.2708345044,1.051452,38.78780904,-3.287960411,38.64820107,-1.08587635e-12,1.621955528e-09,-11.75446059,2.274295995e-10,-14.24544772,0.1939668952,-112.9725405,-1552.972541,1.481287664,-0.07570332475,-0.1785837704,43.16617342,40.46899576,-15.01928459,2.79421881e-12,-6.303168321e-10,0.3711306472,2.462909857e-09,
3804366000,0.6501395672,1.077722571,103.3856815,-616.6143185,nan,-0.249497943,1.048444904,39.52477296,-3.034900255,39.40808366,-1.0615795e-12,1.648629841e-09,-12.98496832,2.054550309e-10,-13.72559693,0.2059302533,-123.8529205,-1563.85292,1.518670442,-0.1147161053,-0.1710189592,39.97536744,37.64597443,-13.44658363,3.111185334e-12,-5.625353217e-10,0.3571851659,2.408094921e-09,
3816364000,0.6226159198,1.074312913,102.6448111,-617.3551889,nan,-0.2351740154,1.04825637,40.04905784,-2.936720421,39.94124068,-1.044116094e-12,1.665681231e-09,-13.60062756,1.761187136e-10,-13.48279347,0.2117679958,-134.0256544,-1574.025654,1.537324023,-0.1471746037,-0.1522672652,37.43022529,35.66151283,-11.37006019,3.667816312e-12,-4.741689425e-10,0.3188328056,2.246673375e-09,
3828362000,0.5729799653,1.068191206,101.9292604,-618.0707396,nan,-0.2207992607,1.045122069,40.5593484,-2.730402716,40.46734045,-1.027312262e-12,1.682332357e-09,-14.82101531,1.274051547e-10,-13.36516371,0.2146553981,-143.348247,-1583.348247,1.546652763,-0.1722134326,-0.1281384936,35.51764821,34.30134662,-9.215256596,4.51127916e-12,-3.831021307e-10,0.2686558256,2.07747443e-09,
3840360000,0.4846628585,1.057384994,101.3690206,-618.6309794,nan,-0.2084394342,1.036636884,40.96016191,-2.328712673,40.89391105,-1.013420175e-12,1.694754681e-09,-17.56073711,7.79649451e-11,-13.29486365,0.2163997812,-151.7449341,-1591.744934,1.552321901,-0.1906155061,-0.1024431263,34.13522359,33.37294009,-7.173587602,5.777125311e-12,-2.97292943e-10,0.2149522213,1.970674853e-09,
3852358000,0.3874344883,1.045614806,101.2720841,-618.7279159,nan,-0.2043845921,1.025444909,41.02610263,-1.864655439,40.983706,-1.008050443e-12,1.693186198e-09,-21.97923816,1.610989884e-11,-13.20764933,0.2185835794,-159.8592494,-1599.859249,1.559454789,-0.2052171044,-0.07526434224,33.05572363,32.65027898,-5.161409394,8.00433367e-12,-2.13236625e-10,0.1580816322,1.979899191e-09,
3864356000,0.3142358464,1.036840117,101.2896371,-618.7103629,nan,-0.2029809256,1.016777346,41.01046432,-1.512242032,40.98257322,-1.004948438e-12,1.687882563e-09,-27.10053837,-4.997398152e-11,-13.07283147,0.2220027871,-168.3296356,-1608.329636,1.570703297,-0.2174134498,-0.04490689618,32.17235609,32.02974825,-3.025842526,1.361120832e-11,-1.246204529e-10,0.09446975675,2.097185894e-09,
3876354000,0.282411318,1.033048154,101.6210364,-618.3789636,nan,-0.2080947018,1.011872069,40.76824491,-1.352764078,40.74579515,-1.00765973e-12,1.672936659e-09,-30.12040001,-1.218405099e-10,-13.00831187,0.2236579844,-177.8145912,-1617.814591,1.576184156,-0.223495309,-0.008528824078,31.73419039,31.72907587,-0.569722585,7.206647242e-11,-2.339161119e-11,0.01795585183,2.218486906e-09,
3888352000,0.2953420466,1.034587203,102.2738026,-617.7261974,nan,-0.2199363009,1.010939516,40.2969562,-1.401670538,40.2725713,-1.016354465e-12,1.648404978e-09,-28.73183833,-1.593822718e-10,-13.19351512,0.2189395616,171.9410713,-1628.058929,1.560621306,-0.2167774033,0.03069346925,32.19876221,32.13203915,2.071798187,-1.975636811e-11,8.480120179e-11,0.06447764418,2.21597652e-09,
3900350000,0.3842313334,1.045229279,103.4113178,-616.5886822,nan,-0.242430535,1.016725962,39.48906447,-1.794550524,39.44826741,-1.034400252e-12,1.609698297e-09,-21.9822551,-1.418167719e-10,-13.68826806,0.2068171727,162.0940666,-1637.905933,1.521486763,-0.1967994803,0.06358700724,33.61376658,33.32098004,4.42691683,-9.217543343e-12,1.806416594e-10,0.1328567414,2.00540217e-09,
3912348000,0.5632364101,1.066993615,103.8365797,-616.1634203,nan,-0.2551751683,1.036031374,39.20010138,-2.613901201,39.11285555,-1.040071341e-12,1.591117226e-09,-14.96340242,-7.363009645e-11,-14.50699695,0.1882132321,153.8589202,-1646.14108,1.463701158,-0.1689612617,0.08292353575,35.63301229,35.11770729,6.038062573,-6.737286941e-12,2.456293523e-10,0.1719378353,1.589017268e-09,
3924346000,0.7867225046,1.094803369,103.9023795,-616.0976205,nan,-0.263046606,1.062732751,39.17372444,-3.644352016,39.00383808,-1.039789663e-12,1.581831375e-09,-10.70254408,1.905729373e-11,-15.48122423,0.1682436914,147.917017,-1652.082983,1.404550443,-0.1425494662,0.08936212512,37.61192754,36.99141373,6.803852112,-5.960709757e-12,2.759355815e-10,0.1839305781,1.046383061e-09,
3936344000,0.9862778933,1.120247271,103.6184167,-616.3815833,nan,-0.2637672838,1.088751932,39.39600718,-4.58140163,39.12871249,-1.033312133e-12,1.582058888e-09,-8.54077325,7.337694488e-11,-16.42586387,0.1509061039,144.7125436,-1655.287456,1.355452099,-0.1231792319,0.08717527744,39.1078094,38.49985772,6.868894501,-5.886270837e-12,2.777243334e-10,0.1784135035,5.030706372e-10,
3948342000,1.134248097,1.13949495,103.1088303,-616.8911697,nan,-0.2584390641,1.109800879,39.77471825,-5.300427893,39.41996545,-1.022560774e-12,1.588991622e-09,-7.437128896,1.11558975e-10,-17.20366239,0.1379802351,144.0691477,-1655.930852,1.320132416,-0.111726153,0.08096796897,40.00986039,39.47560071,6.51658472,-6.185649706e-12,2.62679036e-10,0.1650787981,8.473105483e-11,
3960340000,1.307430875,1.162442671,102.6486764,-617.3513236,nan,-0.2545427064,1.134231447,40.12607689,-6.140366303,39.65347335,-1.013459563e-12,1.593561738e-09,-6.457835151,1.415912466e-10,-17.62600699,0.1314315562,144.9183401,-1655.08166,1.302639492,-0.107554876,0.07553941112,40.33933155,39.87092259,6.129535174,-6.556319629e-12,2.463288056e-10,0.1537344705,-1.412568141e-10,
3972338000,1.426598262,1.178500885,101.9779774,-618.0220226,nan,-0.2445810152,1.152841908,40.62238287,-6.755746597,40.05668331,-1.000227867e-12,1.604903498e-09,-5.929275578,1.671582174e-10,-17.82726475,0.1284212115,145.9842329,-1654.015767,1.294686409,-0.1064462436,0.07184152548,40.4246225,40.00001613,5.843698678,-6.856241756e-12,2.341325261e-10,0.146092408,-1.695718294e-10,
3984336000,1.532645014,1.192977494,101.125982,-618.874018,nan,-0.2302052099,1.170555792,41.25137386,-7.337953634,40.59347586,-9.84029088e-13,1.62151293e-09,-5.5319886,1.924930179e-10,-17.73273028,0.129826541,146.8056397,-1653.19436,1.298392325,-0.1086412132,0.07107754598,40.24548641,39.83126609,5.759289724,-6.935779053e-12,2.300557554e-10,0.1445921832,-5.575404004e-11,
3996334000,1.624867824,1.205711467,100.2601618,-619.7398382,nan,-0.2147589992,1.186431082,41.89453038,-7.868531346,41.14897193,-9.678306343e-13,1.638767502e-09,-5.229561924,1.957139167e-10,-17.39022208,0.1350482298,146.787639,-1653.212361,1.312267653,-0.1129875832,0.07397182169,39.89856277,39.45312519,5.945269045,-6.698643122e-12,2.367717404e-10,0.1506919672,1.21291413e-10,
4008332000,1.715302423,1.218330513,99.350428,-620.649572,nan,-0.1979449902,1.202142678,42.57632345,-8.407853734,41.73788823,-9.513185693e-13,1.657245764e-09,-4.96415489,1.908703552e-10,-16.89186379,0.1430233054,145.7207237,-1654.279276,1.333785752,-0.1181804526,0.08055461803,39.49283685,38.96926396,6.409417243,-6.194951368e-12,2.544925013e-10,0.1644736542,3.567825978e-10,
4020330000,1.815562538,1.232475023,98.63903834,-621.3609617,nan,-0.1851288352,1.21849169,43.1190217,-8.98147029,42.17325247,-9.386881452e-13,1.669534988e-09,-4.695584476,1.82661349e-10,-16.2568643,0.1538710031,143.9072331,-1656.092767,1.363705779,-0.124337658,0.09064453873,39.02272172,38.36689926,7.124173744,-5.556789259e-12,2.820284571e-10,0.1856854185,6.310549097e-10,
4032328000,1.93488505,1.249522994,97.81443119,-622.1855688,nan,-0.1698915307,1.237919456,43.753713,-9.674080476,42.67082807,-9.249818461e-13,1.684206546e-09,-4.410840718,1.795002894e-10,-15.51589898,0.1675733883,140.5406229,-1659.459377,1.402614203,-0.129379286,0.1064980789,38.66001153,37.76380915,8.275941653,-4.769214547e-12,3.266492762e-10,0.2191500762,9.499228488e-10,
4044326000,2.012048916,1.260672983,97.0833327,-622.9166673,nan,-0.155457119,1.25105134,44.3168128,-10.15954443,43.13656864,-9.122804765e-13,1.697538261e-09,-4.245915646,1.755251869e-10,-14.77330777,0.1825301503,135.7491751,-1664.250825,1.446573413,-0.1307448677,0.1273696799,38.60358306,37.32922168,9.836962631,-4.00048784e-12,3.871105415e-10,0.2635190927,1.290139455e-09,
4056324000,2.120533029,1.276517143,96.25172078,-623.7482792,nan,-0.139008542,1.268925782,44.96552933,-10.82533413,43.6429945,-8.990274517e-13,1.712387449e-09,-4.031560965,1.785998435e-10,-14.01934434,0.1990823611,129.2848388,-1670.715161,1.497135664,-0.1260541895,0.154091297,39.0404103,37.17329352,11.92895154,-3.289161667e-12,4.680473265e-10,0.3209011204,1.623502785e-09,
4068322000,2.194206036,1.287390505,95.6296814,-624.3703186,nan,-0.1262910162,1.281181054,45.45331388,-11.29526073,44.02750081,-8.885477647e-13,1.722379494e-09,-3.897873794,1.862709698e-10,-13.39896859,0.2138215977,121.6727574,-1678.327243,1.543951849,-0.1122706764,0.1819751929,40.20149979,37.56237116,14.32581091,-2.730772987e-12,5.604334218e-10,0.381387289,1.923705768e-09,
4080320000,2.279617087,1.300112262,94.68414318,-625.3158568,nan,-0.1061706546,1.29576992,46.19768844,-11.89078753,44.64118714,-8.737560027e-13,1.741252058e-09,-3.754266656,1.941149279e-10,-12.95754806,0.2249689582,112.5170162,-1687.482984,1.5805418,-0.08615361684,0.2078186384,42.37343475,38.81653396,16.99366542,-2.295296764e-12,6.628465052e-10,0.4377945088,2.124404115e-09,
4092318000,2.350786267,1.310808695,93.84433912,-626.1556609,nan,-0.08788453587,1.307859221,46.86491619,-12.40881628,45.19227421,-8.605707106e-13,1.757579404e-09,-3.641948852,2.163123984e-10,-12.81906914,0.2285843762,102.5879672,-1697.412033,1.592636107,-0.04981728617,0.2230897914,45.4699379,41.13904003,19.36736011,-2.008076853e-12,7.532188593e-10,0.4707781244,2.199543646e-09,
4104316000,2.44625136,1.325295026,92.95220828,-627.0477917,nan,-0.06825661469,1.32353615,47.58210111,-13.07341493,45.75087068,-8.475785894e-13,1.774102486e-09,-3.499534813,2.2361522e-10,-12.96287397,0.2248310566,92.94775293,-1707.052247,1.580082725,-0.01156200472,0.22453357,48.91128233,44.21509082,20.91265843,-1.854257724e-12,8.109397431e-10,0.4729755847,2.112872097e-09,
4116314000,2.516357105,1.336035061,91.82407976,-628.1759202,nan,-0.04252709164,1.335358053,48.49561058,-13.67556944,46.52744401,-8.310027106e-13,1.798957199e-09,-3.402230833,2.39213855e-10,-13.36545181,0.2146482783,83.95516467,-1716.044835,1.546629675,0.02260389509,0.2134547899,52.20960974,47.65503213,21.32700781,-1.812932805e-12,8.245966451e-10,0.4475289777,1.85899136e-09,
4128312000,2.560239912,1.34280205,90.86498912,-629.1350109,nan,-0.02027138912,1.342649029,49.28198191,-14.12119083,47.21552404,-8.165124392e-13,1.820255844e-09,-3.343593653,2.526795252e-10,-14.03035542,0.198830145,76.20298654,-1723.797013,1.496349541,0.04741757705,0.1930932415,54.78990385,50.83456811,20.4396734,-1.88613888e-12,7.879915707e-10,0.402082169,1.514335037e-09,
4140310000,2.619803529,1.35204198,89.72179061,-630.2782094,nan,0.006565043746,1.352026041,50.23268438,-14.70782646,48.03126503,-8.003192204e-13,1.846338379e-09,-3.265694299,2.6414411e-10,-14.73277379,0.1833839447,70.81282936,-1729.187171,1.449131372,0.06027008315,0.1731969637,56.21447889,52.91761233,18.96823508,-2.026564118e-12,7.291454925e-10,0.3584484303,1.125878262e-09,
4152308000,2.680375548,1.361503548,88.54638476,-631.4536152,nan,0.03453814602,1.361065402,51.2253063,-15.32872087,48.87803517,-7.841819326e-13,1.873459509e-09,-3.188657135,2.562152134e-10,-15.4628888,0.1685992196,66.81473538,-1733.185265,1.40557869,0.06637844214,0.1549825773,56.93070139,54.23736372,17.30355854,-2.215109221e-12,6.632328032e-10,0.319033916,7.226964387e-10,
4164306000,2.696166777,1.363981057,87.27882008,-632.7211799,nan,0.06475595053,1.362443023,52.31749513,-15.75367293,49.88929831,-7.660729035e-13,1.90671109e-09,-3.166835983,2.494089187e-10,-16.11156206,0.1564666906,64.33437295,-1735.665627,1.370979282,0.06776860762,0.1410292207,57.11697687,54.86945777,15.86479283,-2.409034901e-12,6.063339724e-10,0.289137044,3.769993651e-10,
4176304000,2.721188959,1.367916058,86.55314815,-633.4468519,nan,0.08224271576,1.365441496,52.95137067,-16.09324038,50.44655855,-7.554339235e-13,1.922470001e-09,-3.134642705,2.337907287e-10,-16.61273611,0.1476941162,63.83457337,-1736.165427,1.346575376,0.06512783989,0.1325591054,56.83744198,54.85826992,14.86825584,-2.563114467e-12,5.666149813e-10,0.2710303454,7.291691765e-11,
4188302000,2.725935739,1.36866382,85.33207414,-634.6679259,nan,0.1113826538,1.364124098,54.03921281,-16.47328381,51.46714915,-7.38332575e-13,1.955745119e-09,-3.124279879,2.267205381e-10,-16.84740358,0.1437572713,64.16108127,-1735.838919,1.335786259,0.06265553563,0.1293848404,56.56663521,54.68969054,14.45067359,-2.629626399e-12,5.491237579e-10,0.2642303047,-9.935162428e-11,
4200300000,2.636668609,1.354669742,84.47071964,-635.5292804,nan,0.1305284253,1.348366582,54.83693105,-16.22195691,52.38260323,-7.23357092e-13,1.984846377e-09,-3.229117395,2.217810586e-10,-16.7796431,0.1448831385,65.3266383,-1734.673362,1.338861611,0.06048068952,0.1316556494,56.32038221,54.38758451,14.62792204,-2.590342459e-12,5.542713852e-10,0.2689570086,-8.059414866e-11,
4212298000,2.490988926,1.332138703,83.42368691,-636.5763131,nan,0.1525651378,1.323373494,55.83732513,-15.68343901,53.58951967,-7.050520495e-13,2.024794293e-09,-3.416949538,1.495543899e-10,-16.44276008,0.1506128393,65.7339779,-1734.266022,1.354638841,0.06189793093,0.1373057665,56.46773697,54.36246647,15.27506326,-2.473534808e-12,5.771438355e-10,0.2809854713,4.697693537e-11,
4224296000,2.278246282,1.299907095,82.71766931,-637.2823307,nan,0.1647745524,1.289421499,56.55205855,-14.61223037,54.63165794,-6.89638358e-13,2.058307091e-09,-3.73876243,5.937902323e-11,-15.88102938,0.1606750824,64.78866853,-1735.211331,1.382867419,0.06844087405,0.1453696284,57.1832154,54.79499679,16.35323976,-2.303891304e-12,6.16126082e-10,0.2984440318,2.906299468e-10,
4236294000,1.939148164,1.250136422,82.97876288,-637.0212371,nan,0.1528132131,1.240761538,56.3648741,-12.46760192,54.96869959,-6.834686145e-13,2.065140015e-09,-4.40892322,-1.006315381e-10,-15.23852404,0.1730110326,63.41553347,-1736.584467,1.418411948,0.07742531892,0.1547195443,58.17884229,55.42720474,17.68057308,-2.124896109e-12,6.642481855e-10,0.3189872764,5.675412862e-10,
4248292000,1.599976829,1.202261227,83.41080852,-636.5891915,nan,0.1379591806,1.194319607,55.99909909,-10.26571206,55.05010677,-6.805305191e-13,2.062357439e-09,-5.362521997,-2.943295479e-10,-14.58652475,0.1864978213,60.20929993,-1739.7907,1.458506016,0.09265829137,0.1618514084,59.92315316,56.81333121,19.05333781,-1.966231749e-12,7.138004863e-10,0.3353673761,8.59425701e-10,
4260290000,1.302301076,1.161756347,85.25039625,-634.7496037,nan,0.09619495362,1.157766963,54.27620923,-8.104569847,53.66770757,-6.960940542e-13,2.004905991e-09,-6.621906972,-5.098571857e-10,-13.88028233,0.2022953424,55.76681357,-1744.233186,1.507193585,0.113803741,0.1672486595,62.44402514,58.96088879,20.56379995,-1.816676502e-12,7.682177528e-10,0.3487701825,1.142083896e-09,
4272288000,1.06598314,1.130574425,87.93831127,-632.0616887,nan,0.04067297094,1.129842573,51.81835594,-6.331752349,51.43005857,-7.243402045e-13,1.915916728e-09,-8.122563192,-7.414128995e-10,-13.21969807,0.2182805788,50.05252727,-1749.947473,1.558462724,0.1401546964,0.1673411849,65.77619394,62.05575687,21.80804274,-1.708216532e-12,8.124119443e-10,0.3514265853,1.349055887e-09,
4284286000,0.9674413949,1.117820499,91.72609123,-628.2739088,nan,-0.03367033901,1.117313285,48.52497033,-5.384924172,48.22525621,-7.703128334e-13,1.791497558e-09,-8.95560544,-9.223122328e-10,-12.65284456,0.2330009932,43.82901915,-1756.170981,1.607565306,0.1680891484,0.1613552014,69.57522608,65.84708482,22.4693904,-1.653295132e-12,8.347049076e-10,0.3412359174,1.507073937e-09,
4296284000,1.062270608,1.130091297,96.18481057,-623.8151894,nan,-0.1217512866,1.123513669,44.91076361,-5.496813457,44.57310545,-8.311018646e-13,1.651201378e-09,-8.108899056,-1.014275566e-09,-12.04661594,0.2498441603,37.04344658,-1762.956553,1.666112685,0.1994203452,0.15051123,74.19712218,70.64527997,22.68165244,-1.633249215e-12,8.402370755e-10,0.3210639473,1.610656036e-09,
4308282000,1.409715474,1.176212455,101.0457705,-618.9542295,nan,-0.2253541945,1.154422464,41.29008375,-6.76518746,40.73209122,-9.069415557e-13,1.504709687e-09,-6.020837036,-9.853083056e-10,-11.50794948,0.2658291031,29.72398233,-1770.276018,1.724161375,0.2308523874,0.131803973,79.315361,76.30504247,21.64409814,-1.70677595e-12,7.995681824e-10,0.2836522652,1.758721565e-09,
4320280000,2.018594779,1.26162341,105.1831725,-614.8168275,nan,-0.3304264204,1.217584498,38.52400952,-9.09585204,37.43480714,-9.840850565e-13,1.379062144e-09,-4.115591038,-8.462057006e-10,-11.02990403,0.2808696406,22.32067366,-1777.679326,1.78113693,0.2598248484,0.106671473,84.53431789,82.35421674,19.07443019,-1.931330789e-12,7.026835878e-10,0.2316144934,1.896234287e-09,
4332278000,2.770653775,1.375728356,108.5060226,-611.4939774,nan,-0.4366621459,1.304589851,36.61284222,-11.85129708,34.64169415,-1.060485394e-12,1.272632287e-09,-2.923029767,-6.23572209e-10,-10.53545727,0.2973220622,13.2083512,-1786.791649,1.846254155,0.2894565881,0.06793594235,90.4507133,89.46245689,13.33417955,-2.755100944e-12,4.898578963e-10,0.1490477683,2.046055133e-09,
4344276000,3.683754282,1.528226457,110.7296813,-609.2703187,nan,-0.540930106,1.429290287,35.71327844,-15.1163055,32.35638368,-1.132251086e-12,1.185393931e-09,-2.140495486,-3.864558392e-10,-10.08117225,0.3132862885,4.349427989,-1795.650572,1.912421824,0.312384049,0.02375930368,95.38872892,95.25659294,5.019074235,-7.299264536e-12,1.83876548e-10,0.0526900457,2.21855595e-09,
4356274000,4.587212366,1.695745285,111.7394309,-608.2605691,nan,-0.62808048,1.575140306,35.72226583,-18.27413245,30.69423984,-1.190277054e-12,1.12140329e-09,-1.679655104,-1.569812346e-10,-9.732364135,0.3261232737,-5.4778199,-1805.47782,1.967901876,0.3246339428,-0.031131862,97.99087679,97.75389257,-6.810904612,5.364140512e-12,-2.488340118e-10,0.06967399899,2.362101433e-09,
4368272000,5.54228734,1.892842014,111.9125232,-608.0874768,nan,-0.7063907927,1.756093089,36.35690297,-21.53943641,29.28953862,-1.24393569e-12,1.067143908e-09,-1.359809888,1.306179546e-11,-9.443658439,0.3371452754,-16.2490625,-1816.249062,2.017252387,0.3236778162,-0.09433773383,97.16603775,95.03662629,-20.23063412,1.800947128e-12,-7.370890415e-10,0.2128719727,2.494051977e-09,
4380270000,6.516091453,2.117408112,111.3048312,-608.6951688,nan,-0.7693174438,1.972705702,37.47567812,-24.80341297,28.09300901,-1.293364665e-12,1.020745582e-09,-1.132626749,1.199630189e-10,-9.382059545,0.3395447523,-27.50529094,-1827.505291,2.028214261,0.3011653942,-0.15681213,91.49387932,86.23573176,-30.57005922,1.18856509e-12,-1.110747976e-09,0.3544941128,2.52254437e-09,
4392268000,7.540215811,2.382378662,110.6648934,-609.3351066,nan,-0.8407452593,2.229097462,38.65215583,-27.97418799,26.67271933,-1.358513647e-12,9.664927383e-10,-0.9534760879,2.043029889e-10,-9.46205896,0.3364318099,-38.49938062,-1838.499381,2.014008251,0.2632965427,-0.2094308796,83.59767192,75.59016371,-35.70291166,1.014910312e-12,-1.293704044e-09,0.47232219,2.416995304e-09,
4404266000,8.52904099,2.669635996,109.7724765,-610.2275235,nan,-0.9031002268,2.512243287,39.88511678,-30.8409324,25.29148926,-1.428802455e-12,9.139469628e-10,-0.820062407,2.725810936e-10,-9.808739248,0.3232682391,-48.83053807,-1848.830538,1.955380722,0.2128037116,-0.2433452995,75.06370844,65.95259475,-35.8443241,1.008152416e-12,-1.295289922e-09,0.5434861848,2.172974552e-09,
4416264000,9.597975038,3.019247754,108.2664915,-611.7335085,nan,-0.9463443986,2.867104686,41.37560735,-33.79200586,23.87553609,-1.509426508e-12,8.604353335e-10,-0.7065439142,3.952333288e-10,-10.22265419,0.3082245948,-57.78483633,-1857.784836,1.891111747,0.1643145955,-0.2607740681,68.14730026,59.04418288,-34.02703339,1.059109874e-12,-1.22627872e-09,0.5762978119,1.864600352e-09,
4428262000,10.90257549,3.508558922,106.6172618,-613.3827382,nan,-1.003367415,3.362029081,42.95253433,-36.92038933,21.95005825,-1.637386277e-12,7.889009892e-10,-0.5945240192,5.141525504e-10,-10.48511596,0.299050272,-64.79099069,-1864.790991,1.853271669,0.1273719593,-0.2705687513,63.45064566,54.54552275,-32.41558857,1.10874816e-12,-1.165039728e-09,0.5942850474,1.534905817e-09,
4440260000,12.22041236,4.083387715,103.7068837,-616.2931163,nan,-0.9675786018,3.967095522,44.79474714,-39.96604984,20.23077436,-1.771736875e-12,7.251439651e-10,-0.5061989974,7.548123573e-10,-10.64558785,0.2935760395,-70.78780934,-1870.787809,1.831161047,0.09660635435,-0.2772257262,59.8485535,51.16682695,-31.0452118,1.154561585e-12,-1.112772432e-09,0.6067449097,1.366839503e-09,
4452258000,13.87596482,4.940810996,100.9484362,-619.0515638,nan,-0.9383859743,4.850880854,46.43406693,-42.89666297,17.77635727,-2.010930396e-12,6.354517482e-10,-0.4143995369,1.223788849e-09,-10.31493118,0.3049674167,-75.47749154,-1875.477492,1.877562935,0.07647372651,-0.2952234652,57.56301218,48.24144845,-31.40482483,1.138265134e-12,-1.122628812e-09,0.6509925766,1.52611076e-09,
4464256000,15.79428625,6.161895272,94.7996747,-625.2003253,nan,-0.515579245,6.140287565,48.69399911,-46.21106248,15.350676,-2.322434827e-12,5.472660987e-10,-0.332186173,2.088435524e-09,-9.513077258,0.334461503,-81.96039854,-1881.960399,2.005085369,0.04677695537,-0.3311742947,54.39998558,43.60828194,-32.52193379,1.096212322e-12,-1.159437658e-09,0.7457742508,2.203594458e-09,
4476254000,18.11326291,8.047540024,84.64143285,-635.3585671,nan,0.7515465524,8.012370325,51.1561763,-49.61336104,12.46871202,-2.851568541e-12,4.433298809e-10,-0.2513176242,3.756351489e-09,-8.159320388,0.3908714776,-92.16319451,-1892.163195,2.283379331,-0.01475379479,-0.3905929308,48.73612436,35.82965467,-33.03703473,1.076228156e-12,-1.174644554e-09,0.9220584189,3.803910082e-09,
4488252000,20.37417164,10.44019432,66.7576964,-653.2423036,nan,4.11991401,9.592912274,53.89688674,-53.06601864,9.427198219,-3.761493016e-12,3.342916565e-10,-0.177650377,5.412624488e-09,-6.664638612,0.4642672718,-110.0346652,-1910.034665,2.733204814,-0.1590526818,-0.4361723788,38.2480551,25.57481091,-28.44016115,1.246840342e-12,-1.008497791e-09,1.112037984,5.512238371e-09,
4500250000,21.82608816,12.3396945,33.84575605,-686.154244,nan,10.24860926,6.872704613,57.20054289,-56.96584365,5.176365922,-6.83216776e-12,1.830663238e-10,-0.09086788837,6.087565656e-09,-5.878292866,0.5082593266,-143.5911219,-1943.591122,3.067184408,-0.4090480393,-0.3016740701,23.02250435,17.85937246,-14.52854162,2.434229208e-12,-5.138135026e-10,0.8134967594,6.30139292e-09,
4512248000,19.9870197,9.985067042,3.304309612,-716.6956904,nan,9.968466709,0.5755304674,61.10860345,-61.1044484,0.7126021185,-4.949713496e-11,2.51347332e-11,-0.01166203341,5.337278668e-09,-8.350750367,0.3823512212,-175.2909396,-1975.29094,2.238086221,-0.381060563,-0.03138954787,22.43112619,22.37073486,-1.644884162,2.144331136e-11,-5.80179647e-11,0.07352839198,5.700311257e-09,
4524246000,16.95695221,7.044458424,-15.10137668,-735.1013767,nan,6.801187712,-1.835276597,65.85640125,-65.6695606,-4.957256908,7.096308605e-12,-1.743874982e-10,-0.0754878952,3.574406159e-09,-12.07837656,0.2489322541,164.3775406,-1995.622459,1.662875634,-0.2397359695,0.06703679641,30.73640196,30.42717251,4.348974397,-8.08885536e-12,1.529891992e-10,0.1429306123,4.134179162e-09,
4536244000,14.34132227,5.212740599,-24.03474226,-744.0347423,nan,4.760788994,-2.123099787,71.08131372,-70.16391367,-11.38324987,3.082176152e-12,-3.993833853e-10,-0.162237955,1.958007207e-09,-15.32993916,0.1711997168,152.8748015,-2007.125199,1.413126589,-0.1523698659,0.07805617846,36.8488687,36.38136989,5.851072493,-5.99636756e-12,2.052859391e-10,0.1608260632,2.695554119e-09,
4548242000,11.93688406,3.952248133,-29.67902318,-749.6790232,nan,3.433763968,-1.956918578,77.59394761,-74.95467555,-20.06532631,1.743935188e-12,-7.021385113e-10,-0.2676994619,1.010269061e-09,-18.63240384,0.1170522612,143.0426207,-2016.957379,1.265139727,-0.0935344676,0.07037425114,41.48549193,41.06942341,5.860759459,-5.970664527e-12,2.050833791e-10,0.142703719,1.924719419e-09,
4560240000,10.13631357,3.212296901,-31.69277398,-751.692774,nan,2.733270752,-1.687626256,84.67829461,-79.61686561,-28.83692578,1.210273356e-12,-1.006424943e-09,-0.362196195,5.040631983e-10,-21.42823116,0.0848376133,137.1622554,-2022.837745,1.185404502,-0.0622099042,0.05768317302,44.16171027,43.86653693,5.097410285,-6.846724312e-12,1.779024884e-10,0.1162027058,1.589726274e-09,
4572238000,8.435003332,2.640889115,-33.09053556,-753.0905356,nan,2.21256044,-1.441829261,93.45594874,-84.16457717,-40.62435605,8.568500234e-13,-1.414092415e-09,-0.4826775993,1.785125284e-10,-24.35389751,0.06057663215,130.6668032,-2029.333197,1.128965564,-0.03947530974,0.04594810425,46.2100907,46.01477599,4.244157505,-8.201623148e-12,1.477347955e-10,0.09223466623,1.474309779e-09,
4584236000,6.961087618,2.228714204,-33.21493653,-753.2149365,nan,1.864590309,-1.220848058,104.0747492,-88.63250981,-54.55118346,6.364275737e-13,-1.893901295e-09,-0.6154760096,5.797011881e-12,-27.30232111,0.04314037782,124.7303457,-2035.269654,1.090170756,-0.02457771509,0.03545459236,47.60412707,47.4844537,3.373362036,-1.02917733e-11,1.171159693e-10,0.07104139931,1.719134349e-09,
4596234000,5.619026729,1.909639268,-32.77316988,-752.7731699,nan,1.605663231,-1.033715493,116.9880612,-92.19486263,-72.01606598,4.808267347e-13,-2.49371831e-09,-0.7811288387,-1.426385668e-10,-30.51152682,0.02981423423,117.4187918,-2042.581208,1.061460877,-0.01372918489,0.02646503439,48.64661054,48.57848861,2.573550342,-1.345505051e-11,8.911497071e-11,0.05297715957,2.341464526e-09,
4608232000,4.42515542,1.664400245,-31.97665141,-751.9766514,nan,1.411850764,-0.8814224834,131.9701586,-93.5117982,-93.12178235,3.708809413e-13,-3.216155777e-09,-0.9958292337,-2.434626004e-10,-34.27306117,0.01933512311,106.659148,-2053.340852,1.039432682,-0.005542945106,0.01852357269,49.44894902,49.41502446,1.831370247,-1.885860838e-11,6.325020691e-11,0.03706100053,4.359298653e-09,
4620230000,3.36138561,1.472547391,-30.62919857,-750.6291986,nan,1.267101263,-0.750233435,149.9324281,-92.11669637,-118.2972833,2.911935592e-13,-4.075034661e-09,-1.284211093,-3.210383589e-10,-38.87593532,0.01138159778,89.13519757,-2070.864802,1.02302526,0.0001717833287,0.01138030134,50.01717906,50.00422516,1.138273754,-3.02628492e-11,3.921057924e-11,0.02276355149,7.37216323e-09,
4632228000,2.370569693,1.313797662,-29.02900647,-749.0290065,nan,1.148750722,-0.637523392,171.1862141,-84.70919632,-148.7584349,2.309662929e-13,-5.111069713e-09,-1.756107263,-3.944398768e-10,-43.46172556,0.006712954784,44.72698543,-2115.273015,1.013516646,0.004769340278,0.004724103645,50.47920884,50.47695569,0.4769382333,-7.203906469e-11,1.638673169e-11,0.009448633081,9.026684638e-09,
4644226000,1.487967828,1.186856989,-27.31371953,-747.3137195,nan,1.054531197,-0.5446039533,194.1696014,-68.20333202,-181.7969736,1.885038119e-13,-6.230077302e-09,-2.665514546,-4.577662068e-10,-41.4084658,0.008503088707,-10.82731287,-2170.827313,1.017152023,0.008351715145,-0.00159730138,50.84220321,50.84194374,-0.162431558,2.109776138e-10,-5.566435694e-12,0.003194833755,8.588350624e-09,
4656224000,0.6890698353,1.082563778,-25.11590958,-745.1159096,nan,0.9802084281,-0.4594951263,220.9966784,-40.64349834,-217.2271574,1.573519566e-13,-7.425067151e-09,-5.344696353,-5.142770429e-10,-37.44910812,0.0134135766,-38.30348887,-2198.303489,1.027191894,0.01052615172,-0.008314094496,51.06373871,51.05667816,-0.8491328731,4.025414552e-11,-2.902431113e-11,0.01663118134,6.229766377e-09,
4668222000,-0.05891885032,0.9932396712,-22.69964491,-742.6996449,294.8435992,0.9163038041,-0.3832915119,249.0625702,4.377332372,-249.0241009,1.369075031e-13,-8.490045377e-09,56.88946595,-5.631921934e-10,-34.42079185,0.01900904976,-54.8270207,-2214.827021,1.038754791,0.01095010393,-0.01553831383,51.10686339,51.08218503,-1.588035872,2.146882729e-11,-5.414133236e-11,0.03108786108,3.84742907e-09,
4680220000,-0.7164737493,0.9208233268,-20.22951106,-740.2295111,24.25996507,0.8640223834,-0.3184037063,273.0923861,63.43678349,-265.6223369,1.280233745e-13,-9.032718101e-09,4.187197431,-5.920561161e-10,-32.52454784,0.0236468125,-67.81368725,-2227.813687,1.048439054,0.008929499808,-0.02189602189,50.90055973,50.85176825,-2.22814878,1.526193772e-11,-7.577013307e-11,0.04381654476,2.893305193e-09,
4692218000,-1.299443989,0.8610488688,-17.59399491,-737.5939949,13.39354961,0.8207710292,-0.26026923,291.0148171,129.4746787,-260.6260374,1.301439996e-13,-8.840152385e-09,2.012949867,-6.130835396e-10,-31.45265278,0.02675268407,-79.16283086,-2239.162831,1.054976127,0.005029999751,-0.02627556293,50.5051923,50.43549879,-2.652340541,1.278829562e-11,-8.996451313e-11,0.05258876396,2.445864749e-09,
4704216000,-1.837134824,0.8093628361,-14.88245387,-734.8824539,9.491133834,0.7822125799,-0.2078741935,297.9864651,190.2693229,-229.3327673,1.47525388e-13,-7.758879168e-09,1.205306056,-6.234817141e-10,-30.83580408,0.02872167715,-88.62056005,-2248.62056,1.059142012,0.0006914296632,-0.02871335339,50.06913377,49.98664204,-2.872938222,1.177623842e-11,-9.71984108e-11,0.05747411919,2.067497713e-09,
4716214000,-2.307915117,0.7666625409,-12.13277615,-732.1327762,7.571277016,0.7495377256,-0.1611355008,294.9684262,232.3828278,-181.6716648,1.85754538e-13,-6.130753073e-09,0.7817774941,-6.192063851e-10,-30.58659078,0.02955768804,-97.24545777,-2257.245458,1.06091591,-0.003727825241,-0.02932166846,49.62891984,49.54365284,-2.907945673,1.160487161e-11,-9.813251223e-11,0.05869461588,1.707722433e-09,
4728212000,-2.732015888,0.7301283394,-9.495159944,-729.4951599,6.410930054,0.7201252456,-0.1204451023,282.9644127,251.4692993,-129.738392,2.594506003e-13,-4.36708557e-09,0.5159213962,-6.194015486e-10,-30.59080036,0.02954336648,-103.4228814,-2263.422881,1.060885495,-0.006858089812,-0.02873633774,49.31942053,49.23802639,-2.832313185,1.188452741e-11,-9.533765488e-11,0.05752288207,1.361171652e-09,
4740210000,-3.083147884,0.7012011276,-6.915013098,-726.9150131,5.693465688,0.6961004704,-0.08442248756,269.2070727,255.4816788,-84.86200445,3.956482634e-13,-2.849284628e-09,0.3321647362,-6.177105453e-10,-30.81296816,0.02879728815,-108.6423269,-2268.642327,1.059302322,-0.009205323298,-0.02728636707,49.08853667,49.01548136,-2.677128932,1.254160914e-11,-8.988595503e-11,0.05461802798,1.032352049e-09,
4752208000,-3.372808106,0.6782028254,-4.114491794,-724.1144918,5.215094966,0.676454871,-0.04866086572,256.3024549,252.2392835,-45.45648773,7.367647079e-13,-1.522371226e-09,0.18021177,-6.147926641e-10,-31.04601724,0.02803490817,-112.3185329,-2272.318533,1.057687068,-0.010646408,-0.02593472716,48.94727509,48.88145959,-2.537448959,1.319858505e-11,-8.498103295e-11,0.0519102535,7.895201559e-10,
4764206000,-3.643723514,0.6573759694,-1.482786205,-721.4827862,4.837302179,0.6571558434,-0.01701066335,241.3935008,240.9614318,-14.43643378,2.314033686e-12,-4.822691959e-10,0.05991180278,-6.022447537e-10,-31.2366682,0.02742626007,-115.0927198,-2275.09272,1.056399343,-0.0116310478,-0.02483784347,48.85096861,48.79071536,-2.425536791,1.377278391e-11,-8.102843787e-11,0.04971308112,6.443955334e-10,
4776204000,-3.835132284,0.6430479911,1.0660349,-718.9339651,4.6029941,0.6429366902,0.0119637442,229.9394443,229.74832,9.373232281,-3.55506777e-12,3.123393076e-10,0.0407978273,-5.746579065e-10,-31.44720756,0.02676946071,-117.2484781,-2277.248478,1.055011551,-0.01225640562,-0.02379883501,48.7898767,48.73462374,-2.321318005,1.435498105e-11,-7.735206348e-11,0.04763180316,5.523703643e-10,
4788202000,-4.00330517,0.6307172972,3.501042153,-716.4989578,4.415904901,0.6295401818,0.03851582056,218.8167887,217.0482139,27.76436359,-1.197181356e-12,9.228590831e-10,0.1279179547,-5.471087214e-10,-31.74327873,0.02587236107,-120.0939781,-2280.093978,1.053119037,-0.01297291423,-0.02238487354,48.71995599,48.67113859,-2.180454115,1.524406233e-11,-7.247606735e-11,0.04479973509,4.058057161e-10,
4800200000,-4.136802811,0.621097612,5.80413604,-714.195864,4.278404315,0.6179134999,0.06281043066,209.0742091,204.8343475,41.89170544,-7.914669018e-13,1.388957126e-09,0.2045150432,-5.183874528e-10,-32.13448392,0.02473294341,-121.7471151,-2281.747115,1.05072035,-0.01301376022,-0.02103236874,48.71590304,48.67280753,-2.048662075,1.618417147e-11,-6.792523145e-11,0.042090485,2.11342639e-10,
4812198000,-4.243691135,0.6135012378,7.963742017,-712.036258,4.174660815,0.6075845963,0.08499839435,200.4693101,193.4118634,52.72376507,-6.272926908e-13,1.743745338e-09,0.2725984029,-4.82610092e-10,-32.45871732,0.02382671303,-121.6073438,-2281.607344,1.048816564,-0.01248746286,-0.02029225284,48.76715654,48.72699831,-1.978684463,1.671475825e-11,-6.544149121e-11,0.04060755909,-4.796793561e-11,
4824196000,-4.326443643,0.6076840225,10.02998775,-709.9700122,4.097931552,0.5983966255,0.1058364294,192.8531833,182.8316098,61.3592111,-5.376695234e-13,2.024300371e-09,0.3356050475,-4.477347072e-10,-32.61238568,0.02340888434,-121.0560354,-2281.056035,1.04793999,-0.01207608488,-0.02005352936,48.80727468,48.76802391,-1.957014396,1.685781048e-11,-6.456381847e-11,0.04012904848,-3.07001184e-10,
4836194000,-4.370045647,0.6046411737,11.81075689,-708.1892431,4.058695714,0.5918403026,0.1237578489,187.1756531,174.3741004,68.03233196,-4.837278144e-13,2.238884942e-09,0.3901515867,-4.140436016e-10,-32.70414812,0.02316288196,-119.4035832,-2279.403583,1.047424246,-0.0113720077,-0.02017911151,48.87603866,48.83624027,-1.972001893,1.668818441e-11,-6.489686912e-11,0.0403798876,-5.452756125e-10,
4848192000,-4.414568729,0.6015497679,13.55008643,-706.4499136,4.019447446,0.5848059172,0.1409402799,181.4359052,165.9653882,73.31082865,-4.477877335e-13,2.406625142e-09,0.4417235993,-3.717381979e-10,-32.6674737,0.02326088933,-116.2188751,-2276.218875,1.047629688,-0.0102766938,-0.0208676433,48.98322254,48.94057178,-2.043654548,1.606322842e-11,-6.708845756e-11,0.04175788049,-7.318722093e-10,
4860190000,-4.415643421,0.6014753437,15.14554391,-704.8544561,4.018510068,0.5805832499,0.157148589,177.3173904,159.0747851,78.33689871,-4.180233197e-13,2.56527104e-09,0.4924532739,-3.377725142e-10,-32.2567387,0.02438726318,-112.2499337,-2272.249934,1.049993737,-0.009234177381,-0.02257141053,49.08549293,49.03549485,-2.214917867,1.478458906e-11,-7.253114118e-11,0.04516968522,-7.802076735e-10,
4872188000,-4.439929141,0.5997959694,16.39080106,-703.6091989,3.997450917,0.5754198369,0.1692548853,173.3296899,153.2305405,81.01594189,-4.032047209e-13,2.646467587e-09,0.5287192853,-3.066358324e-10,-31.43775166,0.02679861916,-108.8270551,-2268.827055,1.055073122,-0.008648253882,-0.02536481212,49.14313631,49.07993272,-2.491595924,1.311047667e-11,-8.139049797e-11,0.05076608271,-6.610461654e-10,
4884186000,-4.436374304,0.6000414955,17.6850699,-702.3149301,4.000518748,0.5716839387,0.1822834897,169.9516263,147.6704209,84.1249194,-3.873497465e-13,2.741274955e-09,0.5696802304,-2.762843699e-10,-30.34346041,0.03039673794,-106.2498162,-2266.249816,1.062699331,-0.008505795588,-0.02918241112,49.15730593,49.07363907,-2.866823056,1.136650765e-11,-9.341762584e-11,0.05841879897,-3.830792966e-10,
4896184000,-4.417573498,0.6013417056,18.90255353,-701.0974465,4.016827765,0.5689119017,0.1948104079,167.0984974,142.6323192,87.05130304,-3.734110152e-13,2.829682296e-09,0.6103196214,-2.487061854e-10,-28.97732898,0.03557406965,-104.9427164,-2264.942716,1.073772528,-0.009172887547,-0.03437110074,49.09211185,48.97623711,-3.371000409,9.642809701e-12,-1.095774542e-10,0.06882930595,4.959101431e-11,
4908182000,-4.383126587,0.6037312702,19.85641544,-700.1435846,4.047080048,0.5678375019,0.205065887,165.2764025,138.8686376,89.62025827,-3.618205938e-13,2.906067278e-09,0.6453599589,-2.172157601e-10,-27.33342201,0.04298618462,-105.9189694,-2265.918969,1.08983399,-0.01179014819,-0.04133768829,48.83668894,48.67002278,-4.031261475,8.043748903e-12,-1.307195191e-10,0.08282842796,5.694086008e-10,
4920180000,-4.347908836,0.6061841243,20.67628655,-699.3237135,4.078515427,0.567139954,0.2140361303,163.7744048,135.6340056,91.79037101,-3.524049622e-13,2.969178216e-09,0.6767504257,-1.805698584e-10,-25.64745618,0.05219479436,-110.0634659,-2270.063466,1.110138231,-0.01790598898,-0.04902725892,48.24504499,48.01352287,-4.720803704,6.852092198e-12,-1.527056418e-10,0.09832237715,1.119029965e-09,
4932178000,-4.30235348,0.6093717629,21.48928183,-698.5107182,4.119957571,0.5670119625,0.2232294332,162.4601504,132.4567023,94.06658544,-3.430409847e-13,3.03540587e-09,0.7101685594,-1.456662234e-10,-23.94795072,0.06347496408,-115.9866174,-2275.986617,1.135554228,-0.02781226658,-0.0570574175,47.30258297,46.99511826,-5.38453484,5.992847117e-12,-1.737519076e-10,0.1145764717,1.682340105e-09,
4944176000,-4.291675157,0.6101213776,21.98577922,-698.0142208,4.129801648,0.5657514005,0.2284150787,161.2451497,130.3767757,94.878315,-3.39280771e-13,3.054169759e-09,0.7277240484,-1.096647186e-10,-22.33170733,0.07645653875,-124.0759112,-2284.075911,1.165572151,-0.04283789556,-0.06332864298,45.9079467,45.53984941,-5.801869149,5.548278845e-12,-1.867644182e-10,0.1274020275,2.22629879e-09,
4956174000,-4.24887723,0.6131350431,22.34753513,-697.6524649,4.169762638,0.567085282,0.2331284281,161.1091216,129.0649921,96.42809174,-3.330197682e-13,3.096543312e-09,0.7471281731,-8.342682091e-11,-20.88089738,0.09035561179,-135.2452366,-2295.245237,1.198661396,-0.06416394538,-0.06361701577,43.99342075,43.63584784,-5.597664941,5.736760077e-12,-1.797547958e-10,0.1282813379,2.694408677e-09,
4968172000,-4.217009246,0.6153887289,22.61552303,-697.384477,4.200055615,0.5680690691,0.2366449246,160.9945244,128.0680085,97.5593259,-3.283633804e-13,3.125304229e-09,0.7617774886,-7.202624242e-11,-19.84967997,0.1017456854,-148.5141955,-2308.514195,1.226540933,-0.08676562653,-0.05314047935,42.03700818,41.79667458,-4.488658061,7.136856853e-12,-1.437937572e-10,0.1073927078,2.965784024e-09,
4980170000,-4.233195674,0.6142430006,22.97612893,-697.0238711,4.184611045,0.5655136067,0.2397682723,159.5725882,126.4288157,97.36100596,-3.282395521e-13,3.111437032e-09,0.7700855649,-7.788217859e-11,-19.31563488,0.1081977566,-161.9570027,-2321.957003,1.242649662,-0.1028770614,-0.0335121584,40.68152794,40.58829585,-2.752627129,1.160990264e-11,-8.796772281e-11,0.06781824839,2.930732299e-09,
4992168000,-4.239913909,0.6137680886,23.22698987,-696.7730101,4.178236031,0.5640219801,0.2420546891,158.6877145,125.3258305,97.34077738,-3.275187209e-13,3.103314208e-09,0.7767016347,-8.288893601e-11,-19.19966378,0.109652064,-174.7702862,-2334.770286,1.246312839,-0.1091956112,-0.009994680116,40.15632065,40.14810399,-0.8123016836,3.924764351e-11,-2.58969306e-11,0.02023262876,2.664675758e-09,
5004166000,-4.257074529,0.6125566705,23.7237764,-696.2762236,4.162045253,0.5607930075,0.2464485289,156.8752092,123.161797,97.16482397,-3.273251349e-13,3.090277587e-09,0.7889201551,-8.095754799e-11,-19.31744813,0.1081751718,174.5895417,-2345.410458,1.242592869,-0.1076932266,0.01019984048,40.27862665,40.27004884,0.8312230101,-3.826228188e-11,2.643662318e-11,0.0206412218,2.278736351e-09,
5016164000,-4.243518446,0.6135134352,24.03180191,-695.9681981,4.174824126,0.5603338198,0.2498494458,156.2403769,121.9251932,97.70006468,-3.247532854e-13,3.099868392e-09,0.8013115428,-8.417838647e-11,-19.5279417,0.1055851679,165.6651287,-2354.334871,1.236098875,-0.1022977973,0.02614169737,40.72539688,40.66859129,2.15026364,-1.475559387e-11,6.822446143e-11,0.05287283313,1.867520723e-09,
5028162000,-4.266694787,0.6118785948,24.32211449,-695.6778855,4.153026793,0.5575709284,0.2520120523,154.9412153,120.6549662,97.20678643,-3.256224084e-13,3.076858017e-09,0.8056592239,-6.891748677e-11,-19.82922791,0.1019855411,158.6127881,-2361.387212,1.227135633,-0.09496253438,0.03719096216,41.33836658,41.22208679,3.098404805,-1.021580778e-11,9.807290228e-11,0.07516370583,1.52380959e-09,
5040160000,-4.259950507,0.6123538809,24.74577092,-695.2542291,4.159344829,0.5561239183,0.2563268675,153.8413853,118.9479807,97.5630552,-3.236610334e-13,3.080783645e-09,0.8202161538,-6.409964354e-11,-20.02717307,0.09968764731,152.8863661,-2367.113634,1.221451249,-0.08873241147,0.04543331575,41.86547869,41.6902615,3.82627775,-8.252761908e-12,1.208237472e-10,0.09177869393,1.269146516e-09,
5052158000,-4.245881358,0.6133465575,24.8551615,-695.1448385,4.172590699,0.5565342473,0.2578054135,153.7885063,118.5377298,97.97811636,-3.215245371e-13,3.086542728e-09,0.8265563759,-6.435088952e-11,-20.16809247,0.09808336939,148.0701216,-2371.929878,1.217499858,-0.08324296368,0.05187442865,42.33456781,42.10417349,4.410692279,-7.142273031e-12,1.389472536e-10,0.1047566527,1.12308702e-09,
5064156000,-4.258676791,0.6124436843,25.14959995,-694.8504,4.160540337,0.5543847811,0.260278276,152.6979704,117.3246696,97.73224679,-3.21569739e-13,3.071502966e-09,0.8330067929,-6.763691782e-11,-20.25926912,0.09705916347,143.5274661,-2376.472534,1.214984547,-0.07804934122,0.05769559385,42.78255478,42.49520513,4.950205509,-6.348773406e-12,1.555737375e-10,0.116488566,1.050687586e-09,
5076154000,-4.25324082,0.6128270956,25.50994753,-694.4900525,4.16565074,0.5530829048,0.2639248938,151.7591588,115.8988971,97.97085245,-3.200283523e-13,3.071724271e-09,0.8453130696,-7.841431396e-11,-20.24161049,0.09725668785,139.0376015,-2380.962398,1.215469196,-0.07344241235,0.06375794383,43.1841851,42.83074085,5.513753782,-5.686407433e-12,1.728752062e-10,0.1287335608,1.060257599e-09,
5088152000,-4.27862721,0.6110385909,25.87909184,-694.1209082,4.141898279,0.5497618782,0.26670215,150.2521299,114.4138484,97.39185719,-3.211718012e-13,3.04637037e-09,0.8512243802,-8.584951433e-11,-20.15731409,0.09820515724,134.7115568,-2385.288443,1.217799332,-0.06909106575,0.0697902396,43.56684997,43.14048538,6.080208692,-5.144481018e-12,1.901859985e-10,0.1409397377,1.102672543e-09,
5100150000,-4.299424823,0.6095772619,26.18388245,-693.8161176,4.122652461,0.5470239866,0.2689780593,149.0301516,113.2131523,96.91629501,-3.219885135e-13,3.024363483e-09,0.8560515546,-8.831347575e-11,-20.05558058,0.0993621479,129.5803291,-2390.419671,1.220648394,-0.06330952833,0.07658159085,44.07878201,43.56067868,6.738419457,-4.631046488e-12,2.102786713e-10,0.1546904149,1.136875639e-09,
5112148000,-4.301883396,0.6094047433,26.66667295,-693.3333271,4.120389881,0.5445839398,0.2735004089,147.6393331,111.3770218,96.91507459,-3.21236865e-13,3.017227432e-09,0.870153224,-9.025045851e-11,-20.03523146,0.09959520433,124.4423451,-2395.557655,1.221223176,-0.05632872281,0.08213573955,44.70144698,44.09858316,7.31671548,-4.255009617e-12,2.277890695e-10,0.1659172462,1.110523741e-09,
5124146000,-4.317131737,0.6083358534,27.02341013,-692.9765899,4.106415834,0.5419183269,0.2764001402,146.3987023,110.0364393,96.56377203,-3.216506358e-13,2.999251318e-09,0.8775617663,-8.254742758e-11,-20.21142015,0.09759531998,119.6197863,-2400.380214,1.216300563,-0.04823571647,0.08484198335,45.42984589,44.77750839,7.671091208,-4.048941386e-12,2.382625485e-10,0.1713157227,9.662803421e-10,
5136144000,-4.289847286,0.6102497859,27.408413,-692.591587,4.131491729,0.5417479063,0.2809163705,145.7789679,108.614689,97.23351698,-3.186889062e-13,3.012998635e-09,0.8952151674,-4.792132576e-11,-20.31502748,0.09643809564,115.7085132,-2404.291487,1.213462066,-0.04183416746,0.08689193705,46.01350614,45.32150587,7.950085096,-3.897724716e-12,2.463512201e-10,0.17541529,7.931506254e-10,
5148142000,-4.251855426,0.612924849,27.59573968,-692.4042603,4.166955292,0.5431973082,0.2839252629,145.8678014,107.9089921,98.14817839,-3.149831853e-13,3.034253474e-09,0.9095458728,-3.295735455e-11,-20.4914064,0.09449953687,113.0790682,-2406.920932,1.208723332,-0.03704391803,0.08693624448,46.45381125,45.7550031,8.027220656,-3.851273958e-12,2.481617342e-10,0.1754391894,6.327996425e-10,
5160140000,-4.216557688,0.6154207223,27.41543629,-692.5845637,4.200488211,0.5463036633,0.2833636761,146.9438392,108.5600501,99.03134552,-3.114483018e-13,3.054438089e-09,0.9122264168,-1.288910145e-11,-20.47109152,0.09472081457,110.5835059,-2409.416494,1.209263211,-0.03330120186,0.08867391199,46.80156859,46.06970628,8.244330563,-3.74113388e-12,2.542810779e-10,0.1789533997,5.277201092e-10,
5172138000,-4.167491025,0.618907077,27.7316587,-692.2683413,4.24806387,0.5478173324,0.2879967714,146.8345876,107.3294646,100.2037033,-3.070904109e-13,3.083427915e-09,0.9336085263,3.599237742e-12,-20.32065712,0.09637561095,108.5160958,-2411.483904,1.213309008,-0.03060610408,0.09138667725,47.05417483,46.27329798,8.536818069,-3.604574463e-12,2.626915202e-10,0.1844869167,5.545257111e-10,
5184136000,-4.131890341,0.6214489849,27.61881169,-692.3811883,4.283303756,0.5506357551,0.2880956542,147.734493,107.7118783,101.111976,-3.036275306e-13,3.104176047e-09,0.9387263282,1.82985799e-11,-19.91131941,0.1010262027,106.5931449,-2413.406855,1.224758949,-0.02885042726,0.09681914319,47.22119678,46.34268569,9.066251065,-3.386226499e-12,2.783373492e-10,0.1956349946,6.90846639e-10,
5196134000,-4.112885947,0.6228101801,27.41632141,-692.5836786,4.302370038,0.552858791,0.2867746111,148.6363594,108.4624105,101.6300784,-3.013821513e-13,3.112877641e-09,0.9370073741,5.255687026e-11,-19.25444894,0.108962624,103.0984897,-2416.90151,1.244574755,-0.02469372371,0.1061276281,47.61635217,46.55441958,10.00015057,-3.062903048e-12,3.062995288e-10,0.2148056117,9.576512294e-10,
5208132000,-4.069533052,0.6259265124,27.17792148,-692.8220785,4.346543036,0.5568194976,0.2858951661,150.0634415,109.3343387,102.7863749,-2.973052645e-13,3.141041671e-09,0.9401106372,7.580981355e-11,-18.44400859,0.1196188356,98.37250863,-2421.627491,1.271743287,-0.01741750058,0.1183439754,48.31132007,46.9759941,11.2800543,-2.70911199e-12,3.447063939e-10,0.240123802,1.350529973e-09,
5220130000,-4.084985646,0.6248139506,26.81706461,-693.1829354,4.330688609,0.5576161427,0.2818806667,150.8812321,110.7732068,102.4423879,-2.976179492e-13,3.123334557e-09,0.9247939179,9.231579036e-11,-17.53209189,0.1328603541,91.9445949,-2428.055405,1.306433583,-0.004508359456,0.1327838409,49.55892947,47.84153978,12.93346673,-2.357348887e-12,3.943245018e-10,0.2703396837,1.798352873e-09,
5232128000,-4.085701715,0.6247624427,26.28122103,-693.718779,4.329956879,0.5601817492,0.276630652,152.4801361,112.9170018,102.4692276,-2.968576937e-13,3.116988744e-09,0.9074738608,1.069381386e-10,-16.6678647,0.1467596831,83.00350678,-2436.996493,1.344005505,0.01787659073,0.145666853,51.78169239,49.62853837,14.77673327,-2.058559089e-12,4.494901774e-10,0.2977466948,2.284847224e-09,
5244126000,-4.097567936,0.6239095067,25.8709829,-694.1290171,4.317869066,0.5613805967,0.2722405154,153.5082715,114.5839814,102.1533192,-2.970944447e-13,3.100269847e-09,0.8915148347,1.123752337e-10,-15.9122188,0.1600991624,71.94504265,-2448.054957,1.381233487,0.04961938819,0.1522158274,55.09645383,52.58935973,16.43102151,-1.847066151e-12,4.986680896e-10,0.3124400373,2.738683645e-09,
5256124000,-4.150197822,0.6201405197,25.34148352,-694.6585165,4.265104871,0.560466193,0.265427788,154.1383075,116.7162327,100.6773999,-3.007617051e-13,3.048502253e-09,0.8625826727,1.030248128e-10,-15.47466184,0.1683708515,59.02781016,-2460.97219,1.40491811,0.08664733814,0.144364062,59.27356138,56.81811791,16.88361796,-1.793448925e-12,5.112343725e-10,0.2971520102,3.05117986e-09,
5268122000,-4.216286558,0.6154399329,24.86003286,-695.1399671,4.200748001,0.5584117243,0.2587327911,154.3310523,118.5819081,98.77451468,-3.058576894e-13,2.984071413e-09,0.8329644566,7.252086026e-11,-15.39993028,0.1698257283,44.78673573,-2475.213264,1.409132719,0.120531067,0.1196371175,63.48237442,61.63909299,15.18664138,-1.989310478e-12,4.588027849e-10,0.2463800267,3.179602372e-09,
5280120000,-4.277443118,0.6111218955,24.56173098,-695.438269,4.142999765,0.5558238883,0.2540271174,154.0423944,119.6479981,97.02275921,-3.106724323e-13,2.924488785e-09,0.8109016511,3.19041145e-11,-15.72240491,0.163636339,30.68815951,-2489.31184,1.391304277,0.1407203395,0.08351429516,66.24206877,65.28752961,11.20491642,-2.690095621e-12,3.37741914e-10,0.1716241445,3.123152094e-09,
5292118000,-4.383888045,0.6036783457,24.69466966,-695.3053303,4.046406065,0.5484701793,0.2522062797,151.672477,118.8042805,94.28723783,-3.189610845e-13,2.835590584e-09,0.7936350222,-4.776979885e-13,-16.40915071,0.151196753,17.4469033,-2502.553097,1.356258658,0.1442409779,0.04533209008,66.81409356,66.52833239,6.172850913,-4.871972457e-12,1.856420692e-10,0.09278529449,2.907709008e-09,
5304116000,-4.422905515,0.6009726726,24.7351511,-695.2648489,4.012188046,0.545834418,0.2514616102,150.8431222,118.5219787,93.3069563,-3.215830096e-13,2.79976217e-09,0.7872544599,-2.551071172e-11,-17.33083936,0.1359746758,5.248884493,-2514.751116,1.314746969,0.1354044944,0.01243926671,65.65816759,65.63708574,1.663715046,-1.803549947e-11,4.992132025e-11,0.02534718029,2.606215701e-09,
5316114000,-4.485340939,0.5966682835,24.78363936,-695.2163606,3.958697563,0.5417134727,0.2501190795,149.576451,118.1254237,91.75782775,-3.262741918e-13,2.747065216e-09,0.7767830569,-3.447738918e-11,-18.47238679,0.1192286593,-5.289673584,-2525.289674,1.270736918,0.1187209037,-0.01099182441,63.46955779,63.45378135,-1.415061413,2.115682811e-11,-4.236440729e-11,0.0223006633,2.248223294e-09,
5328112000,-4.552235503,0.5920906798,25.06818566,-694.9318143,3.903050509,0.536318226,0.2508667646,147.6365123,116.8310596,90.26097319,-3.309381041e-13,2.696167057e-09,0.7725768598,-5.145711193e-11,-19.75490587,0.1028619389,-14.22842881,-2534.228429,1.229311281,0.0997064962,-0.02528226847,61.06695169,60.98736183,-3.116774992,9.583879302e-12,-9.310054792e-11,0.05110526016,1.854533218e-09,
5340110000,-4.626671488,0.5870382849,25.27273987,-694.7272601,3.843063962,0.5308503706,0.2506228881,145.820843,115.828112,88.58649298,-3.364359681e-13,2.640203713e-09,0.7648099538,-7.119611969e-11,-21.09518553,0.08815373615,-21.36796959,-2541.36797,1.19335219,0.08209401745,-0.03211936327,58.93351078,58.81038762,-3.807492744,7.827640007e-12,-1.134773049e-10,0.06474184065,1.493056771e-09,
5352108000,-4.677818888,0.5835916315,25.60188922,-694.3981108,3.80297744,0.5262936006,0.2521789807,144.1339361,114.4859628,87.56458112,-3.395993018e-13,2.603896619e-09,0.7648499344,-9.340476369e-11,-22.46516098,0.07529080677,-26.76320869,-2546.763209,1.162842129,0.06722529086,-0.03390377344,57.19811281,57.06557676,-3.891536747,7.641420997e-12,-1.157221247e-10,0.06819411926,1.129051879e-09,
5364106000,-4.717621269,0.5809234883,26.05436746,-693.9456325,3.772398224,0.5218886929,0.2551554262,142.3719355,112.791935,86.8777729,-3.415183952e-13,2.577694587e-09,0.7702480934,-1.14893238e-10,-23.81368106,0.06446380657,-31.2669349,-2551.266935,1.137811465,0.05510098658,-0.03345838662,55.82449387,55.6988868,-3.742743055,7.927436413e-12,-1.110485247e-10,0.0671960118,8.125347028e-10,
5376104000,-4.726736391,0.580314177,26.69457851,-693.3054215,3.765469526,0.5184607522,0.2606971278,140.6807442,110.5971072,86.94453209,-3.40494574e-13,2.573918223e-09,0.7861374884,-1.314488506e-10,-25.07307922,0.0557629883,-33.66240215,-2553.662402,1.11811227,0.04641254087,-0.03090933377,54.86226898,54.75708785,-3.395568767,8.718463222e-12,-1.00522898e-10,0.06201149295,5.330479956e-10,
5388102000,-4.749877416,0.5787701565,27.20767555,-692.7923245,3.748001669,0.5147322082,0.2646235965,139.098048,108.8383468,86.61686454,-3.410215818e-13,2.558508014e-09,0.7958303953,-1.218077725e-10,-26.13512372,0.04934507507,-35.46619731,-2555.466197,1.103812801,0.04018948981,-0.0286311254,54.1836528,54.09460544,-3.105139682,9.512686442e-12,-9.172029954e-11,0.05740202108,3.525576999e-10,
5400100000,-4.656263085,0.5850417315,27.86405713,-692.1359429,3.819761773,0.5172114073,0.2734340648,138.9269774,106.8254033,88.82025824,-3.318228567e-13,2.617763216e-09,0.83145259,-1.082364994e-10,-27.06823598,0.04431882124,-36.17549521,-2556.175495,1.09274813,0.0357747213,-0.02615964894,53.70756894,53.63392397,-2.811611694,1.048245456e-11,-8.286548382e-11,0.05242226349,3.664116455e-10,
5412098000,-4.623376355,0.5872610297,28.10023753,-691.8997625,3.845677641,0.518037585,0.27660907,138.8373497,106.0757362,89.57537534,-3.282961903e-13,2.634165857e-09,0.8444473596,-7.907430014e-11,-27.66514747,0.04137544013,-37.62436548,-2557.624365,1.086322512,0.03277059409,-0.02525896294,53.38585329,53.31762848,-2.698114979,1.089918506e-11,-7.934415378e-11,0.05060455718,5.108172205e-10,
5424096000,-4.567309483,0.5910640236,28.58581625,-691.4141837,3.890741132,0.5190141763,0.2828090607,138.459232,104.4947187,90.83948866,-3.230115735e-13,2.665431004e-09,0.8693213379,-4.138477294e-11,-28.27178741,0.03858430034,-40.49649053,-2560.496491,1.080265592,0.02934126698,-0.02505670139,53.02086444,52.95421459,-2.65767249,1.104056511e-11,-7.798197413e-11,0.05018812026,8.140240103e-10,
5436094000,-4.443332657,0.5995609888,28.5545162,-691.4454838,3.994518376,0.5266320116,0.2865869914,140.3510948,104.5896554,93.59184678,-3.128204647e-13,2.740130146e-09,0.8948480269,-8.864733343e-12,-28.81163514,0.03625920209,-44.33751268,-2564.337513,1.075246793,0.0259338618,-0.02534096582,52.6606781,52.59299697,-2.669023722,1.096934612e-11,-7.814219521e-11,0.0507486524,1.239309626e-09,
5448092000,-4.375581733,0.6042559192,28.5306799,-691.4693201,4.053771103,0.5308759775,0.2886103123,141.4181829,104.6359166,95.13373442,-3.07072662e-13,2.779138841e-09,0.9091881407,5.160505009e-11,-29.49224805,0.03352645213,-50.39890975,-2570.39891,1.069378934,0.02137105643,-0.02583216869,52.1822865,52.11262684,-2.69539402,1.08381071e-11,-7.874046214e-11,0.05172247464,1.669374394e-09,
5460090000,-4.274205492,0.611349731,28.31925203,-691.680748,4.146014706,0.5381821754,0.2900145507,143.5172633,105.2933591,97.52186113,-2.988947931e-13,2.842642934e-09,0.9261919459,7.860976999e-11,-30.68763647,0.02921582648,-59.43778227,-2579.437782,1.060190158,0.01485547969,-0.02515709125,51.50698095,51.44179805,-2.590463143,1.125234172e-11,-7.550883119e-11,0.05035716559,2.10483261e-09,
5472088000,-4.203804874,0.6163249601,27.58896504,-692.411035,4.21274462,0.5462443697,0.285435711,146.6579363,107.9006977,99.32768851,-2.928172986e-13,2.888932454e-09,0.9205472312,1.052434725e-10,-32.88862847,0.02267611111,-68.99883289,-2588.998833,1.046404496,0.008126822671,-0.02116980794,50.81897084,50.7734351,-2.150833711,1.352260069e-11,-6.255670904e-11,0.04236139837,3.024938144e-09,
5484086000,-4.15515823,0.619786466,27.3276856,-692.6723144,4.260202021,0.5506155118,0.2845308798,148.1990698,108.8468552,100.574979,-2.885532195e-13,2.918810001e-09,0.9240044539,1.193334253e-10,-36.47723827,0.01500161745,-80.49435809,-2600.494358,1.030460187,0.002477437981,-0.01479563541,50.2483046,50.22630935,-1.486594878,1.952195209e-11,-4.314281783e-11,0.0295979318,-6.754758738e-09,
5496084000,-4.115475634,0.6226245177,26.75358299,-693.246417,4.299761361,0.5559730579,0.2802770931,150.5482014,111.0455222,101.6545766,-2.848654861e-13,2.943701071e-09,0.9154315691,1.217272047e-10,-44.6679098,0.005842577876,-105.198396,-2625.198396,1.011753828,-0.00153170285,-0.005638226904,49.84706882,49.84389967,-0.5620816193,5.151899546e-11,-1.62766923e-11,0.01127683875,-1.114040917e-08,
5508082000,-4.073888466,0.6256127293,26.15977067,-693.8402293,4.342061968,0.5615300569,0.2758174801,153.05801,113.4062631,102.7899504,-2.811053285e-13,2.970095346e-09,0.9063868927,1.396354897e-10,-42.20727615,0.00775597128,104.5404709,-2415.459529,1.015633193,-0.001947243565,0.007507551731,49.80566501,49.80005086,0.7477979,-3.863985548e-11,2.160747284e-11,0.01501600675,-1.092089344e-08,
5520080000,-4.075842738,0.6254719861,25.5440531,-694.4559469,4.340054484,0.5643346075,0.2697066113,154.9022122,115.9386958,102.7273777,-2.806651937e-13,2.96183569e-09,0.8860491054,1.382445984e-10,-33.81565974,0.02038060222,79.07648529,-2440.923515,1.041609226,0.003862092162,0.02001132657,50.38755077,50.34721002,2.015866251,-1.430253587e-11,5.812145449e-11,0.04003928422,-6.20795382e-09,
5532078000,-4.06116595,0.6265297568,24.91682665,-695.0831733,4.355178991,0.5682125708,0.2639583501,157.1174392,118.5916287,103.0626765,-2.791453642e-13,2.965058414e-09,0.8690552416,1.374442649e-10,-29.71423698,0.03268045924,63.22018434,-2456.779816,1.067569108,0.01472460804,0.0291753035,51.49317597,51.40555079,3.002752068,-9.581033573e-12,8.638758068e-11,0.05841299281,3.87238189e-09,
5544076000,-4.063125395,0.6263884343,24.38946935,-695.6105306,4.353153337,0.5704892621,0.2586589886,158.7259957,120.8584594,102.8939964,-2.789978915e-13,2.953799359e-09,0.85135949,1.376536774e-10,-27.1123439,0.04409433579,49.53120117,-2470.468799,1.092256668,0.0286187171,0.03354518566,52.94277603,52.82356436,3.550856515,-8.084586892e-12,1.019351767e-10,0.06722106995,3.284596391e-09,
5556074000,-4.063087553,0.6263911633,23.76876122,-696.2312388,4.35319244,0.5732603846,0.2524646924,160.6796455,123.5806735,102.6925782,-2.789414492e-13,2.941651144e-09,0.8309760364,1.282972391e-10,-25.28293135,0.05443189227,35.68360468,-2484.316395,1.115130559,0.04421233037,0.03175060219,54.62086483,54.51041857,3.471763479,-8.25091247e-12,9.944941679e-11,0.06368990681,3.117562691e-09,
5568072000,-4.084106939,0.624877163,23.14526194,-696.8547381,4.33158689,0.5745815974,0.2456164831,162.2069733,126.2966497,101.7853549,-2.808212667e-13,2.909380907e-09,0.8059228421,1.139255025e-10,-24.21099773,0.06158147875,21.90931762,-2498.090682,1.131245233,0.05713379249,0.02297843078,56.05618382,55.99663105,2.583225733,-1.106503854e-11,7.383761282e-11,0.04613180623,2.952362414e-09,
5580070000,-4.079999796,0.6251727074,22.76817186,-697.2318281,4.335790749,0.5764581726,0.2419439799,163.4888699,128.0151706,101.6893635,-2.804819741e-13,2.900387426e-09,0.7943540053,1.008897613e-10,-23.71847218,0.06517430236,9.702995211,-2510.297005,1.139436266,0.06424196178,0.01098453611,56.86434338,56.8505086,1.254280725,-2.273975265e-11,3.577463677e-11,0.02206278811,2.647598908e-09,
5592068000,-4.084384175,0.6248572185,22.42938331,-697.5706167,4.331303436,0.5775870734,0.2384108139,164.4679814,129.542068,101.3339504,-2.808618255e-13,2.884049177e-09,0.7822474348,9.800510747e-11,-23.66674261,0.0655636117,-1.238893728,-2521.238894,1.140327608,0.06554828535,-0.001417556733,57.01461004,57.01437892,-0.1623400663,1.753161677e-10,-4.620334377e-12,0.002847353061,2.259992509e-09,
5604066000,-4.080039618,0.6251698412,21.94784489,-698.0521551,4.335749948,0.5798603236,0.2336650071,166.1008887,131.7868232,101.1026135,-2.809017907e-13,2.87130464e-09,0.767167848,1.117388953e-10,-23.91464845,0.06371879843,-9.920894709,-2529.920895,1.136110387,0.06276598328,-0.010978006,56.69607381,56.68230154,-1.249590738,2.272736531e-11,-3.54882585e-11,0.0220455187,1.836681481e-09,
5616064000,-4.064807913,0.6262671102,21.43886792,-698.5611321,4.351415555,0.5829344858,0.2289058291,168.0911716,134.2638112,101.1329372,-2.802176346e-13,2.866029815e-09,0.7532404772,1.250363418e-10,-24.37261512,0.06044623341,-17.08643964,-2537.08644,1.128670089,0.05777829259,-0.01775995607,56.1300745,56.09443964,-1.999776245,1.417120166e-11,-5.667212382e-11,0.03565016885,1.346887581e-09,
5628062000,-4.055603653,0.6269311044,20.85027168,-699.1497283,4.360940094,0.5858757333,0.223141737,170.2214318,137.1400097,100.8362711,-2.804429205e-13,2.851530597e-09,0.7352797432,1.323910625e-10,-24.95135458,0.05654995597,-22.03893976,-2542.03894,1.119879068,0.05241779683,-0.02121961581,55.52910682,55.47884735,-2.362033193,1.197223581e-11,-6.679550766e-11,0.04257538334,8.651125201e-10,
5640060000,-4.060299936,0.6265922272,20.27783506,-699.7221649,4.356074902,0.5877579689,0.217159824,171.9677585,139.8841357,100.0266892,-2.821113203e-13,2.822619267e-09,0.7150681429,1.401228869e-10,-25.46756837,0.05328703815,-24.26779416,-2544.267794,1.112572744,0.0485782994,-0.02190107903,55.10328524,55.05019919,-2.41818398,1.16693608e-11,-6.823791479e-11,0.04392688883,4.591949925e-10,
5652058000,-4.07237343,0.6257218613,19.66919098,-700.330809,4.343619606,0.5892120364,0.2106110726,173.6348643,142.7642829,98.8302871,-2.849203472e-13,2.782938307e-09,0.6922619937,1.405776969e-10,-25.85656711,0.05095322119,-25.01353348,-2545.013533,1.107377681,0.0461742135,-0.02154466889,54.83858864,54.78748562,-2.366901497,1.189688703e-11,-6.664901051e-11,0.04320149885,1.409965524e-10,
5664056000,-4.107553844,0.6231926288,19.00325836,-700.9967416,4.307751793,0.5892286675,0.2029251832,174.8436688,145.687662,96.67167967,-2.906653939e-13,2.71638834e-09,0.6635543348,1.405799079e-10,-26.10177656,0.04953488649,-25.51610152,-2545.516102,1.10423294,0.0447034649,-0.02133788192,54.67730434,54.62733795,-2.336997677,1.202359426e-11,-6.566755912e-11,0.04278073515,-4.446072575e-11,
5676054000,-4.153979861,0.6198705549,18.45158786,-701.5484121,4.261365636,0.5880038921,0.1961910489,175.3224448,147.8546336,94.2176573,-2.976057458e-13,2.641836368e-09,0.6372316848,1.374088964e-10,-26.18627607,0.0490553294,-24.45980403,-2544.459804,1.103171785,0.04465271051,-0.02031159242,54.6719552,54.62668259,-2.224462827,1.260516284e-11,-6.23733063e-11,0.04072117731,-1.458535433e-10,
5688052000,-4.203591757,0.6163400825,17.8506167,-702.1493833,4.212950086,0.5866688308,0.1889306228,175.7980757,150.1240927,91.4752438,-3.058813498e-13,2.559529558e-09,0.6093308687,1.305579983e-10,-25.92269054,0.05056680019,-23.58446727,-2543.584467,1.106519975,0.04634301754,-0.02023180681,54.85741655,54.8123325,-2.223590769,1.258350747e-11,-6.221733949e-11,0.04056734438,-1.230253446e-10,
5700050000,-4.217319422,0.6153667535,17.27797432,-702.7220257,4.199758519,0.5875983571,0.1827687394,177.1370015,152.6747598,89.82168474,-3.108567268e-13,2.507971881e-09,0.588320459,1.363815925e-10,-25.40411158,0.05367776456,-22.82943914,-2542.829439,1.113445003,0.04947285893,-0.02082639281,55.20240156,55.15430052,-2.303968686,1.211894723e-11,-6.433066465e-11,0.04177314668,-2.580908821e-12,
5712048000,-4.359314841,0.605388627,16.77048237,-703.2295176,4.068277645,0.5796404037,0.1746779669,174.5650431,152.861976,84.29810535,-3.305296849e-13,2.348800318e-09,0.5514654954,1.296095687e-10,-24.89372174,0.05692642531,-23.67437941,-2543.674379,1.120725311,0.05213562477,-0.02285813922,55.49728683,55.439007,-2.542705016,1.095802542e-11,-7.084745647e-11,0.04586490908,1.512334245e-10,
5724046000,-4.443610883,0.599541784,16.0463036,-703.9536964,3.994278854,0.5761828121,0.1657218084,174.1365272,154.6588346,80.02608941,-3.474444842e-13,2.225095275e-09,0.5174362631,1.196320753e-10,-24.1691214,0.06187909165,-24.35910962,-2544.35911,1.131921357,0.05637050661,-0.02552230333,55.96966261,55.89632944,-2.864173133,9.707731365e-12,-7.963725517e-11,0.05124080885,3.250541894e-10,
5736044000,-4.492314481,0.5961894353,15.66735197,-704.332648,3.952817423,0.5740384834,0.1610020571,173.7312064,155.4164257,77.64191324,-3.57364517e-13,2.154288615e-09,0.4995734065,1.183455389e-10,-23.36630938,0.06787104425,-26.08572956,-2546.08573,1.145625868,0.06095750434,-0.02984394934,56.48527916,56.38400026,-3.381017078,8.206543827e-12,-9.381127142e-11,0.05996412213,5.118573701e-10,
5748042000,-4.561180338,0.5914812515,15.24591737,-704.7540826,3.895736137,0.570664698,0.1555373694,172.821572,155.8957954,74.59086229,-3.712056442e-13,2.065312752e-09,0.4784661581,8.375341259e-11,-22.56460186,0.07443375128,-28.64376436,-2548.643764,1.160839381,0.06532433138,-0.03568073792,56.9794365,56.83329681,-4.078303301,6.789232444e-12,-1.129223012e-10,0.07175904848,7.132771014e-10,
5760040000,-4.621339715,0.5873987449,14.61483789,-705.3851621,3.847294998,0.5683927887,0.1482124263,172.6080748,157.2526632,71.16984903,-3.882384887e-13,1.966485176e-09,0.45258279,7.503258093e-11,-21.70346134,0.08219150506,-32.58632855,-2552.586329,1.179103823,0.06925299479,-0.04426585838,57.42487558,57.19811006,-5.098288076,5.419637772e-12,-1.408701586e-10,0.08913385548,9.000553359e-10,
5772038000,-4.755720198,0.5783809631,14.76378844,-705.2362116,3.743618824,0.5592855074,0.1473915184,168.5183078,154.0783985,68.25149962,-4.039975691e-13,1.881928625e-09,0.4429660504,5.753447514e-11,-20.87726071,0.09039345046,-36.51302772,-2556.513028,1.198752857,0.07265116783,-0.05378460467,57.809796,57.47277035,-6.233232054,4.423618388e-12,-1.718716496e-10,0.1084553958,1.07158522e-09,
5784036000,-4.769647589,0.5774543012,14.2879828,-705.7120172,3.733215853,0.559592205,0.1425132768,169.1636269,155.5396123,66.5113651,-4.137073938e-13,1.830142919e-09,0.4276168889,3.215322397e-11,-20.05244579,0.09939801481,-41.58905294,-2561.589053,1.220736833,0.07434225308,-0.06597874472,57.99348958,57.4852099,-7.66129733,3.591590606e-12,-2.10810123e-10,0.1332742343,1.251954447e-09,
5796034000,-4.907071369,0.5683900039,14.16680738,-705.8331926,3.633812975,0.5511037286,0.1391110236,165.688433,153.2494798,62.98613955,-4.35957563e-13,1.729554287e-09,0.411003937,2.59666362e-11,-19.18914929,0.109784881,-47.28478521,-2567.284785,1.246647981,0.07447310111,-0.080662738,57.99008089,57.23205997,-9.345629575,2.938195194e-12,-2.566242957e-10,0.1632936082,1.471120323e-09,
5808032000,-4.967146449,0.5644723554,14.21893454,-705.7810655,3.592131004,0.5471793103,0.1386500718,164.0066875,151.9083439,61.82271926,-4.432441655e-13,1.69410075e-09,0.4069738218,2.826368235e-12,-18.45113715,0.119520704,-54.23815883,-2574.238159,1.271490095,0.0698499766,-0.09698546007,57.43399706,56.35327182,-11.08930897,2.471079098e-12,-3.0387545e-10,0.19678199,1.675618885e-09,
5820030000,-5.029536199,0.560432342,14.23752671,-705.7624733,3.549925282,0.543218368,0.1378340112,162.3645315,150.6528879,60.54707644,-4.516497047e-13,1.655724542e-09,0.4018978813,-1.274474249e-11,-17.77030336,0.1292661553,-61.95937771,-2581.959378,1.296913129,0.06076768973,-0.1140921855,56.3811702,54.92171725,-12.74524726,2.145589539e-12,-3.485324134e-10,0.2320620676,1.884235536e-09,
5832028000,-5.098317568,0.5560119447,14.19158376,-705.8084162,3.504625691,0.5390432236,0.1363146575,160.7135921,149.4941226,58.99462677,-4.625813011e-13,1.609952227e-09,0.3946284025,-2.434631112e-11,-17.22310411,0.1376717378,-70.43909237,-2590.439092,1.319302391,0.04609370037,-0.1297261661,54.74815669,52.92848355,-13.99772448,1.949589111e-12,-3.819952583e-10,0.2644648691,2.065221073e-09,
5844026000,-5.113226367,0.5550584028,14.45572332,-705.5442767,3.494971953,0.5374857191,0.1385602117,159.863508,148.4031703,59.43770044,-4.581904082e-13,1.618713509e-09,0.4005150315,-2.602128862e-11,-16.80638204,0.144437811,-79.87702278,-2599.877023,1.337644213,0.02538661001,-0.1421893149,52.55181825,50.46638282,-14.65734649,1.858029641e-12,-3.991750115e-10,0.2904378254,2.227608523e-09,
5856024000,-5.089219785,0.5565946284,14.63562891,-705.3643711,3.510545267,0.5385343774,0.1406353611,160.1249344,148.2846866,60.42885349,-4.497518197e-13,1.642334584e-09,0.4075191773,-8.343700037e-12,-16.54483275,0.1488532642,-89.88067668,-2609.880677,1.349771098,0.0003099993279,-0.1488529414,50.03033715,47.86133164,-14.57146421,1.865151397e-12,-3.960230622e-10,0.3044517089,2.319322499e-09,
5868022000,-5.054808794,0.5588040696,14.5774703,-705.4225297,3.533133382,0.5408151685,0.1406447361,161.0878764,149.0987919,60.98240866,-4.44758057e-13,1.653990353e-09,0.4090067255,7.340826646e-13,-16.56254809,0.1485499792,-100.3469103,-2620.34691,1.348934114,-0.02668072005,-0.1461343064,47.45425329,45.46712639,-13.58847208,1.995987292e-12,-3.68552214e-10,0.298863666,2.327683542e-09,
5880020000,-5.029156882,0.5604568169,14.31090415,-705.6890958,3.550178633,0.543065117,0.1385356355,162.2361453,150.4262027,60.76614502,-4.454301835e-13,1.644761813e-09,0.4039598416,1.488624494e-11,-16.78302411,0.1448267531,-110.293165,-2630.293165,1.338707399,-0.05022935993,-0.1358374021,45.30007562,43.65061345,-12.11283604,2.234577852e-12,-3.27859043e-10,0.2774952075,2.218587141e-09,
5892018000,-4.988921176,0.5630590474,14.60223216,-705.3977678,3.57727752,0.5448718739,0.1419511602,162.7032781,150.2396215,62.45328506,-4.325146072e-13,1.686985517e-09,0.4156911766,3.826032077e-11,-17.21699147,0.1377686575,-119.9403634,-2639.940363,1.319563093,-0.06876010594,-0.1193827912,43.65142344,42.41329205,-10.3227625,2.616737336e-12,-2.788380278e-10,0.2433850806,1.99494463e-09,
5904016000,-4.904047288,0.5685879292,14.30175867,-705.6982413,3.635938898,0.550966337,0.140457569,165.4995715,152.8526189,63.45222654,-4.248403322e-13,1.710485796e-09,0.41512031,7.132573471e-11,-17.91101769,0.127188872,-127.9974454,-2647.997445,1.291446495,-0.07830081984,-0.10022969,42.8059323,41.94410394,-8.546343348,3.154222093e-12,-2.303843332e-10,0.2037555352,1.705599192e-09,
5916014000,-4.819449622,0.574152842,13.75575784,-706.2442422,3.696520718,0.557685093,0.1365240749,168.8959457,156.4178755,63.71254744,-4.222464127e-13,1.714020092e-09,0.4073226748,1.312436884e-10,-18.68551592,0.1163386994,-134.5783923,-2654.578392,1.263310613,-0.08165632746,-0.08286698473,42.49874611,41.91135362,-7.041438712,3.820582086e-12,-1.894315628e-10,0.1680079049,1.354652006e-09,
5928012000,-4.734682382,0.5797835391,13.19376221,-706.8062378,3.75945182,0.5644794323,0.1323326216,172.4659943,160.2033802,63.87015086,-4.203519975e-13,1.714782329e-09,0.3986816681,1.761467532e-10,-19.49757543,0.1059549445,-139.808953,-2659.808953,1.237023725,-0.08093865136,-0.06837678689,42.54464654,42.1434825,-5.828707539,4.606157595e-12,-1.564888223e-10,0.1383062622,1.017606481e-09,
5940010000,-4.662586183,0.5846159915,12.3218392,-707.6781608,3.81482185,0.571148955,0.124758682,176.4431502,164.9866942,62.5425936,-4.28407503e-13,1.675748513e-09,0.3790765911,2.107316357e-10,-20.29266401,0.09668671374,-143.2902162,-2663.290216,1.214071276,-0.0775111842,-0.0577956481,42.82882619,42.54021888,-4.963681123,5.397952788e-12,-1.329954641e-10,0.1166820777,7.232808702e-10,
5952008000,-4.601560428,0.5887378786,11.21458226,-708.7854177,3.863078547,0.5774963346,0.1145001013,180.6589081,170.4908163,59.75385035,-4.474976204e-13,1.597800381e-09,0.3504813434,2.486509797e-10,-20.96374038,0.08949792799,-145.6181701,-2665.61817,1.196590279,-0.07386197977,-0.05053995507,43.13824743,42.91602823,-4.37297528,6.114762634e-12,-1.169320727e-10,0.1018960855,5.339268424e-10,
5964006000,-4.562503129,0.5913911805,10.19430312,-709.8056969,3.894656954,0.5820550124,0.1046684808,183.9974527,175.1452349,56.3844774,-4.732847385e-13,1.504671238e-09,0.3219298397,2.568758658e-10,-21.42634359,0.08485605169,-147.2940467,-2667.294047,1.185448534,-0.07140251878,-0.04585007982,43.34872027,43.16498379,-3.986944093,6.693325017e-12,-1.063952418e-10,0.09236524013,4.191887961e-10,
5976004000,-4.602772589,0.5886557229,8.887564231,-711.1124358,3.862107269,0.5815879818,0.09094492559,184.9916137,178.2169407,49.60462843,-5.368921465e-13,1.321087104e-09,0.2783384578,2.555092674e-10,-21.80303189,0.08125468396,-149.3379354,-2669.337935,1.176881846,-0.06989447574,-0.04143773554,43.47768078,43.3271649,-3.61462412,7.367940497e-12,-9.626588203e-11,0.08342627837,3.867240223e-10,
5988002000,-4.553203734,0.5920246821,7.937754261,-712.0622457,3.902257349,0.5863523048,0.08175695013,188.3621691,182.6626461,45.9854813,-5.779861857e-13,1.222246863e-09,0.2517508768,2.555092674e-10,-22.10029919,0.0785208587,-150.4833025,-2670.483302,1.170423518,-0.06832980554,-0.03868543558,43.61304228,43.481476,-3.385070414,7.851822763e-12,-8.997169492e-11,0.07785086261,3.867240223e-10,
6000000000,-4.646544801,0.5856966769,6.824776347,-713.1752237,3.827381024,0.5815465556,0.06960029476,186.5946688,182.5419784,38.67811451,-6.858096416e-13,1.025968852e-09,0.2118861363,2.555092674e-10,-22.38237652,0.07601182747,-152.3753889,-2672.375389,1.164529871,-0.0673468205,-0.03524491004,43.69762718,43.58821134,-3.090380771,8.583351314e-12,-8.197489595e-11,0.07089946286,3.867240223e-10,
