Frequency,S11_Magnitude,S11_Magnitude (linear),S11_Phase,S11_Unwrapped Phase,S11_VSWR,S11_Real,S11_Imaginary,S11_Impedance (absolute),S11_Resistance,S11_Reactance,S11_Capacitance,S11_Inductance,S11_Quality Factor,S11_Group delay,S21_Magnitude,S21_Magnitude (linear),S21_Phase,S21_Unwrapped Phase,S21_VSWR,S21_Real,S21_Imaginary,S21_Impedance (absolute),S21_Resistance,S21_Reactance,S21_Capacitance,S21_Inductance,S21_Quality Factor,S21_Group delay,
1000000,-34.42965605,0.01898966037,-88.31896719,-88.31896719,1.038714496,0.000557068299,-0.01898148772,50.05571779,50.01966092,-1.899580161,8.378427314e-08,-3.023275725e-07,0.0379766701,2.667711719e-09,-0.07430598967,0.9914816949,-1.279387992,-1.279387992,233.7884913,0.9912345248,-0.02213748334,4181.8203,1496.207185,-3904.994888,4.075676093e-11,-0.0006214992393,2.609929244,2.381076798e-09,
12998000,-13.83373022,0.2033824568,-105.6447407,-105.6447407,1.510615059,-0.05484652239,-0.1958476008,44.98346215,41.64151671,-17.0145806,7.196516915e-10,-2.083362523e-07,0.4085965629,2.667711719e-09,-0.2318109359,0.9736647631,-13.05419563,-13.05419563,74.94387743,0.9485021981,-0.2199241941,434.0653721,50.93912111,-431.066066,2.840532502e-11,-5.278219357e-06,8.462377375,2.381076798e-09,
24996000,-8.692992539,0.3675787301,-117.1500354,-117.1500354,2.16244898,-0.1677343132,-0.3270769374,36.87007479,29.40622953,-22.24131472,2.862787816e-10,-1.416152656e-07,0.7563470419,2.667711719e-09,-0.7195886319,0.9204931657,-24.0111345,-24.0111345,24.15507023,0.8408395763,-0.3745617108,230.7955696,46.09481985,-226.1456666,2.815537691e-11,-1.439918415e-06,4.906097199,2.381076798e-09,
36994000,-5.988344745,0.5018602086,-126.8307155,-126.8307155,3.014937241,-0.3008414939,-0.4016939936,29.61319549,20.1812112,-21.67164188,1.985166894e-10,-9.32353606e-08,1.07385239,2.13134219e-09,-1.383835305,0.8527235059,-33.87434283,-33.87434283,12.57989958,0.7079838904,-0.4752853757,158.9098734,43.84467915,-152.7415856,2.816641312e-11,-6.571221917e-07,3.483697191,2.111148385e-09,
48992000,-4.347969046,0.6061799223,-135.3389492,-135.3389492,4.07846124,-0.4311621221,-0.4260907446,23.79801184,14.1840534,-19.10910769,1.700022052e-10,-6.207766465e-08,1.347224742,1.833565762e-09,-2.121889888,0.7832592016,-42.29200135,-42.29200135,8.227612034,0.579396446,-0.5270623637,123.4598355,42.5009073,-115.9137777,2.80259216e-11,-3.765563906e-07,2.72732478,1.841487538e-09,
60990000,-3.290213009,0.684682692,-142.5796023,-142.5796023,5.342817059,-0.5437738574,-0.4160533388,19.3090813,10.39004994,-16.27536429,1.603359023e-10,-4.247097356e-08,1.566437542,1.584427331e-09,-2.890466643,0.716929858,-49.50696718,-49.50696718,6.065386642,0.4655424023,-0.5452143551,102.4041517,41.6888457,-93.53422066,2.789914964e-11,-2.440799076e-07,2.24362702,1.599912134e-09,
72988000,-2.578692245,0.7431310159,-148.8740117,-148.8740117,6.786070424,-0.6361444547,-0.3841405205,15.74130248,7.926201501,-13.60014462,1.603338207e-10,-2.965597417e-08,1.715846439,1.366608618e-09,-3.656860553,0.6563824678,-55.96432378,-55.96432378,4.820424782,0.367383181,-0.5439370757,88.19269332,40.88387393,-78.14384178,2.790447845e-11,-1.703975817e-07,1.911360991,1.404014229e-09,
84986000,-2.072741784,0.787703746,-154.2811106,-154.2811106,8.420797409,-0.7096690889,-0.3418288689,12.86158698,6.24253059,-11.24505364,1.665371818e-10,-2.105883172e-08,1.8013614,1.19153568e-09,-4.412808361,0.6016716963,-61.59052401,-61.59052401,4.0209839,0.2862571535,-0.5292123129,78.26767045,40.4050409,-67.03179027,2.793778199e-11,-1.255317437e-07,1.658995729,1.237971407e-09,
96984000,-1.697381096,0.8224906037,-159.0020214,-159.0020214,10.26700919,-0.7678715268,-0.2947271814,10.46615451,5.035579946,-9.175147124,1.788574368e-10,-1.505681368e-08,1.82206364,1.051814243e-09,-5.134552505,0.5536972604,-66.57187583,-66.57187583,3.481263104,0.2201491068,-0.508050221,71.00217358,40.02270562,-58.64717971,2.798162341e-11,-9.624256114e-08,1.465347702,1.087748147e-09,
108982000,-1.405586387,0.8505907991,-163.2484786,-163.2484786,12.38605647,-0.8144948795,-0.2451587217,8.395300013,4.123724814,-7.312725618,1.997036854e-10,-1.067934548e-08,1.773330168,9.439518985e-10,-5.819234428,0.5117269371,-70.93891686,-70.93891686,3.096068679,0.1671177303,-0.483669435,65.58626267,39.78613993,-52.14039624,2.80085761e-11,-7.614470093e-08,1.310516585,9.536795977e-10,
120980000,-1.18006832,0.8729645019,-167.1057288,-167.1057288,14.74363096,-0.8509514025,-0.1948043435,6.589494313,3.434397386,-5.623730958,2.339278966e-10,-7.398285507e-09,1.637472408,8.59878888e-10,-6.46756054,0.4749216555,-74.78157144,-74.78157144,2.808955408,0.1246667218,-0.4582671572,61.45761841,39.66583833,-46.94315851,2.802426586e-11,-6.175595735e-08,1.183465685,8.339198772e-10,
132978000,-1.000606263,0.8911887322,-170.6152197,-170.6152197,17.38044939,-0.879260627,-0.1453207012,5.011858208,2.896112916,-4.090385395,2.926012019e-10,-4.895584643e-09,1.412370827,7.907349755e-10,-7.08007405,0.4425845991,-78.08172227,-78.08172227,2.587988414,0.09140094523,-0.4330438715,58.32845998,39.68686966,-42.74531109,2.799960165e-11,-5.115979752e-08,1.077064315,7.41265612e-10,
144976000,-0.8632246405,0.9053964097,-173.8889392,-173.8889392,20.14084669,-0.9002514146,-0.09638490115,3.645034162,2.489573455,-2.662385782,4.123376896e-10,-2.922772443e-09,1.069414432,7.347347704e-10,-7.654966937,0.4142396376,-81.01014036,-81.01014036,2.414365547,0.06472894448,-0.4091511226,55.86696399,39.74553489,-39.26079625,2.79617865e-11,-4.310058073e-08,0.9878039473,6.721233756e-10,
156974000,-0.7508143928,0.9171899352,-176.9339022,-176.9339022,23.15165361,-0.9158769726,-0.04905862228,2.540638203,2.161216959,-1.33565854,7.590964514e-10,-1.354215723e-09,0.6180122429,6.861415896e-10,-8.202330817,0.3889407606,-83.83330106,-83.83330106,2.273005089,0.0417806092,-0.3866901808,53.7708946,39.74497505,-36.21665452,2.799523235e-11,-3.671983633e-08,0.9112259971,6.191356753e-10,
168972000,-0.6633012086,0.9264776341,-179.8140135,-179.8140135,26.20260665,-0.9264727529,-0.003007411617,1.909931925,1.908212117,-0.08103377527,1.162356409e-08,-7.632581666e-11,0.04246581108,6.451220563e-10,-8.718501718,0.3665007892,-86.42122732,-86.42122732,2.157067863,0.02287725771,-0.3657860844,52.05918878,39.76218861,-33.60249237,2.803069694e-11,-3.165023058e-08,0.8450865898,5.683342413e-10,
180970000,-0.5934678192,0.9339564141,177.5291292,-182.4708708,29.28303162,-0.9330880855,0.04026422865,2.019447501,1.708266672,1.077029799,-8.165557207e-10,9.471990738e-10,0.6304810701,6.09447923e-10,-9.196543359,0.3468748655,-88.74728049,-88.74728049,2.062200326,0.007583495607,-0.3467919591,50.68154776,39.79883743,-31.37948091,2.802643059e-11,-2.759683649e-08,0.7884521997,5.156374951e-10,
192968000,-0.5339461128,0.9403785068,174.9472311,-185.0527689,32.54494984,-0.9367242014,0.08282213749,2.688357529,1.539324754,2.20402938,-3.742117815e-10,1.817825601e-09,1.43181572,5.793897341e-10,-9.635327187,0.3297870825,-90.82712425,-90.82712425,1.984126309,-0.004760654671,-0.3297527194,49.57246019,39.84868814,-29.48746959,2.797031324e-11,-2.432049119e-08,0.739985956,4.684925974e-10,
204966000,-0.4927655909,0.9448475047,172.5235944,-187.4764056,35.2630918,-0.93681491,0.1229415778,3.561269282,1.423961121,3.264195709,-2.378822932e-10,2.534629559e-09,2.292334855,5.545780521e-10,-10.03955243,0.3147910516,-92.76626619,-92.76626619,1.91881769,-0.01519235074,-0.3144242335,48.63632691,39.88154298,-27.83801044,2.789331379e-11,-2.161605811e-08,0.6980173875,4.331190397e-10,
216964000,-0.4537709058,0.9490988665,170.1760215,-189.8239785,38.29185582,-0.93518183,0.1619370348,4.491053714,1.31539823,4.294099552,-1.708285065e-10,3.149956536e-09,3.264486339,5.303832957e-10,-10.40176328,0.3019338717,-94.52948799,-94.52948799,1.865058078,-0.02384437044,-0.3009908784,47.86050733,39.90137857,-26.42930477,2.775535034e-11,-1.938733844e-08,0.6623657056,4.078877714e-10,
228962000,-0.4242882273,0.9523258843,167.9378446,-192.0621554,40.95148602,-0.9312999375,0.199010091,5.421877446,1.234577611,5.279448187,-1.31664347e-10,3.669824145e-09,4.276319399,5.105238426e-10,-10.72128459,0.2910286674,-96.24991065,-96.24991065,1.820988534,-0.03168293035,-0.2892989409,47.15963912,39.86287684,-25.19886132,2.758517892e-11,-1.751610896e-08,0.632138554,3.975608726e-10,
240960000,-0.3991891106,0.9550817455,165.7857361,-194.2142639,43.52532769,-0.9258412018,0.2345191032,6.339079871,1.16660525,6.230807797,-1.060060916e-10,4.115470868e-09,5.340973563,4.940744913e-10,-10.99528903,0.2819911952,-97.89420949,-97.89420949,1.785481162,-0.0387299231,-0.279318863,46.53224177,39.77950598,-24.14208831,2.735900778e-11,-1.59459358e-08,0.6068976403,4.027896982e-10,
252958000,-0.3770848348,0.9575153794,163.6932599,-196.3067401,46.07585884,-0.9189967079,0.2688508,7.245269089,1.107431198,7.160134099,-8.78720092e-11,4.504980016e-09,6.465534035,4.810923218e-10,-11.23317102,0.2743730488,-99.66978907,-99.66978907,1.756237205,-0.04608633518,-0.2704748041,45.88289898,39.60413138,-23.16793468,2.715716261e-11,-1.457669386e-08,0.584987825,4.164695078e-10,
264956000,-0.3587515701,0.9595385368,161.6280835,-198.3719165,48.42974979,-0.9106314455,0.3024311065,8.151259173,1.059410497,8.082120731,-7.432262486e-11,4.854804062e-09,7.628884885,4.705353886e-10,-11.448814,0.2676451021,-101.5183562,-101.5183562,1.730916398,-0.05344387422,-0.2622549389,45.23845346,39.38689204,-22.25287411,2.699356606e-11,-1.336695494e-08,0.5649817224,4.388513778e-10,
276954000,-0.3389259032,0.9617311987,159.6268087,-200.3731913,51.26189301,-0.9015700881,0.3348108045,9.037079792,1.00686361,8.980814931,-6.398773577e-11,5.160933185e-09,8.919594312,4.593301373e-10,-11.64172791,0.2617662218,-103.4320794,-103.4320794,1.70916891,-0.06080633403,-0.2546058613,44.59910348,39.13333585,-21.39303756,2.686210461e-11,-1.229376602e-08,0.5466704306,4.566995905e-10,
288952000,-0.3206395621,0.9637580573,157.6570913,-202.3429087,54.18467969,-0.8914041955,0.3663716055,9.917338998,0.9587466143,9.870887383,-5.58005179e-11,5.436890971e-09,10.29561642,4.48309356e-10,-11.82380163,0.2563361861,-105.4906742,-105.4906742,1.689387278,-0.06846266004,-0.2470245018,43.94004072,38.8435759,-20.54029672,2.681561204e-11,-1.131360834e-08,0.5287952061,4.724523549e-10,
300950000,-0.30203921,0.9658241032,155.7588786,-204.2411214,57.52077598,-0.8806632179,0.3965457035,10.7728912,0.9093287444,10.73444484,-4.926587438e-11,5.676823254e-09,11.80480097,4.382794803e-10,-12.01132323,0.2508613983,-107.5466971,-107.5466971,1.669732938,-0.07563044596,-0.2391892071,43.32566366,38.58814346,-19.69944963,2.684551199e-11,-1.041789262e-08,0.510505245,4.753208639e-10,
312948000,-0.2848239504,0.9677402455,153.8801803,-206.1198197,60.99675207,-0.8689101009,0.4260474379,11.62733694,0.8638121849,11.5952056,-4.38600879e-11,5.89693587e-09,13.42329478,4.293137169e-10,-12.19769674,0.2455359923,-109.6643174,-109.6643174,1.650888551,-0.08262503807,-0.2312164064,42.72945106,38.33875721,-18.86652282,2.695603962e-11,-9.594885943e-09,0.4921005321,4.688218802e-10,
324946000,-0.2702681629,0.9693633413,152.0500052,-207.9499948,64.28127038,-0.8562938839,0.4543413606,12.46742157,0.8259930463,12.44002958,-3.937200424e-11,6.092988375e-09,15.06069529,4.223314001e-10,-12.39797859,0.2399391249,-111.6104773,-111.6104773,1.631368178,-0.08836827646,-0.2230736008,42.23820377,38.17644068,-18.07277606,2.710092218e-11,-8.85184506e-09,0.4734012845,4.596737963e-10,
336944000,-0.2563474505,0.9709181674,150.2398972,-209.7601028,67.77145689,-0.8428650369,0.4819342457,13.30569948,0.7898484205,13.28223543,-3.556241375e-11,6.273842016e-09,16.81618281,4.159372963e-10,-12.59429786,0.2345768267,-113.583649,-113.583649,1.612933694,-0.09385125751,-0.2149842531,41.77076676,38.02010987,-17.29936996,2.730436733e-11,-8.171328888e-09,0.4550057854,4.504766482e-10,
348942000,-0.2316817513,0.9736792445,148.4581823,-211.5418177,74.98566082,-0.8298264987,0.509351797,14.13679198,0.7199693346,14.1184465,-3.230576081e-11,6.439524474e-09,19.60978867,4.093116815e-10,-12.78676355,0.2294361373,-115.5143305,-115.5143305,1.595501939,-0.098826595,-0.2070609698,41.34698576,37.88544773,-16.5609807,2.754107162e-11,-7.553581803e-09,0.4371330339,4.366241883e-10,
360940000,-0.2205191961,0.9749313598,146.6933435,-213.3066565,78.78095274,-0.8147926169,0.5353542264,14.96968714,0.6914495433,14.95370959,-2.948737925e-11,6.593774031e-09,21.62660997,4.064453904e-10,-12.99323813,0.2240464636,-117.4410647,-117.4410647,1.577473916,-0.1032486708,-0.1988379487,40.96840874,37.78975079,-15.82230228,2.786861849e-11,-6.976776249e-09,0.4186929512,4.129610423e-10,
372938000,-0.2031301136,0.9768851197,144.9836233,-215.0163767,85.52435037,-0.8000572554,0.5605469875,15.78351962,0.6427979123,15.77042493,-2.706076681e-11,6.730183252e-09,24.53403259,4.051278713e-10,-13.19547205,0.2188902402,-119.1112801,-119.1112801,1.560459621,-0.1064917204,-0.19123925,40.6869568,37.75437377,-15.16692833,2.813752278e-11,-6.47263517e-09,0.4017263913,3.88882056e-10,
384936000,-0.1893119387,0.9784404598,143.1994195,-216.8005805,91.76635701,-0.7834620327,0.5861168627,16.64188001,0.605150414,16.6308738,-2.486088213e-11,6.876171035e-09,27.48221502,4.037703987e-10,-13.3904768,0.2140307434,-120.7036461,-120.7036461,1.544628792,-0.1092835912,-0.184027867,40.44344162,37.73365609,-14.55483316,2.840693458e-11,-6.01781502e-09,0.3857254945,3.642726817e-10,
396934000,-0.1794596405,0.9795509225,141.4558408,-218.5441592,96.80392314,-0.7661343389,0.6103754457,17.48991667,0.5796454736,17.48030881,-2.293785115e-11,7.008917236e-09,30.15689695,4.015045693e-10,-13.57287801,0.2095830226,-122.2814922,-122.2814922,1.530310023,-0.1119339505,-0.1771886962,40.21313176,37.70627376,-13.97615415,2.868891666e-11,-5.603888854e-09,0.3706585869,3.378681629e-10,
408932000,-0.173340825,0.9802412149,139.7372477,-220.2627523,100.2207981,-0.7480109391,0.6335238546,18.3351216,0.5659293074,18.32638557,-2.123695348e-11,7.132566911e-09,32.38281765,3.974822153e-10,-13.76008054,0.2051143158,-123.7229372,-123.7229372,1.516085067,-0.1138748404,-0.1706001269,40.04025118,37.71900498,-13.43496848,2.896892524e-11,-5.228844025e-09,0.3561856547,3.033568271e-10,
420930000,-0.1663387025,0.9810317541,138.0436559,-221.9563441,104.4393753,-0.7295486258,0.6558826916,19.17719712,0.5491227786,19.16933367,-1.97243743e-11,7.247984723e-09,34.90901201,3.955508928e-10,-13.93367891,0.2010555448,-124.8983705,-124.8983705,1.503302935,-0.1150284106,-0.1648993537,39.93252795,37.76433128,-12.97929395,2.913125427e-11,-4.907511439e-09,0.3436918783,2.623841873e-10,
432928000,-0.1616030996,0.9815667647,136.3213271,-223.6786729,107.4996731,-0.7098928983,0.6778830183,20.04366129,0.539815089,20.03639084,-1.834784075e-11,7.365868327e-09,37.11713741,3.952941597e-10,-14.09285094,0.1974046838,-125.9466223,-125.9466223,1.491915863,-0.1158827288,-0.1598117716,39.85052913,37.81402482,-12.57633487,2.923145034e-11,-4.623368922e-09,0.3325838742,2.268720635e-10,
444926000,-0.1592957097,0.9818275507,134.6213258,-225.3786742,109.056711,-0.6896533686,0.6988301442,20.90939393,0.5386107444,20.90245567,-1.711335011e-11,7.477039199e-09,38.80809265,3.936640691e-10,-14.2163579,0.1946175965,-126.8362035,-126.8362035,1.483292398,-0.1166789782,-0.15576272,39.77637095,37.84212889,-12.25287589,2.919404762e-11,-4.382989001e-09,0.3237892858,2.001821942e-10,
456924000,-0.1592902039,0.9818281731,132.911482,-227.088518,109.0604803,-0.6684950462,0.7190973054,21.79120897,0.5454967173,21.78438022,-1.59893553e-11,7.587896006e-09,39.93494283,3.906386601e-10,-14.29687947,0.1928217528,-127.6536405,-127.6536405,1.477767466,-0.1177922328,-0.1526604672,39.68018159,37.82395034,-11.99439833,2.904007235e-11,-4.177867182e-09,0.3171112014,1.837746088e-10,
468922000,-0.1580299132,0.9819706431,131.2468517,-228.7531483,109.9301906,-0.6474176659,0.7383201946,22.6607335,0.5482132763,22.65410128,-1.498209978e-11,7.688938034e-09,41.32351817,3.888955186e-10,-14.34416551,0.1917748822,-128.3680761,-128.3680761,1.474558085,-0.1190367843,-0.1503590682,39.5761187,37.7778369,-11.79424479,2.877725635e-11,-4.003037518e-09,0.3122001089,1.786173867e-10,
480920000,-0.1666578221,0.9809957116,129.5721754,-230.4278246,104.239405,-0.6249430523,0.7561737682,23.54769048,0.5859996308,23.54039786,-1.405832226e-11,7.790423942e-09,40.17135272,3.873349561e-10,-14.35191877,0.1916037751,-129.1495559,-129.1495559,1.474034314,-0.1209684274,-0.1485888496,39.4199888,37.66819892,-11.62077049,2.847818908e-11,-3.845760347e-09,0.308503481,1.92660402e-10,
492918000,-0.1669750291,0.9809598865,127.8922359,-232.1077641,104.0413908,-0.6024842431,0.7741414831,24.44931619,0.5954328154,24.4420646,-1.321014444e-11,7.891932129e-09,41.04924011,3.849067338e-10,-14.30592486,0.192621055,-129.9457383,-129.9457383,1.477151544,-0.1236746296,-0.1476734804,39.20638976,37.48279545,-11.49700148,2.808412301e-11,-3.712188674e-09,0.3067274291,2.242415252e-10,
504916000,-0.1649934605,0.9811837048,126.2237492,-233.7762508,105.2908496,-0.5798207999,0.79153604,25.35757228,0.5969603252,25.35054458,-1.243408138e-11,7.990763769e-09,42.46604591,3.844357858e-10,-14.21838765,0.1945721229,-131.0255805,-131.0255805,1.483152194,-0.1277163465,-0.1467884391,38.89048926,37.19741674,-11.34999305,2.777188786e-11,-3.577639644e-09,0.305128529,2.726466614e-10,
516914000,-0.164831353,0.9812020171,124.608465,-235.391535,105.3943943,-0.557288748,0.8075807389,26.24983709,0.6051112869,26.24286165,-1.173250225e-11,8.080031016e-09,43.36865337,3.847857694e-10,-14.10700399,0.1970832886,-132.2728735,-132.2728735,1.490918388,-0.1325704909,-0.1458317099,38.51417564,36.85471059,-11.18356081,2.753098396e-11,-3.443356118e-09,0.3034499697,3.338020499e-10,
528912000,-0.1605116682,0.9816901119,122.9116318,-237.0883682,108.2305968,-0.5333963088,0.8241382491,27.2013104,0.5986541368,27.19472193,-1.106501708e-11,8.183165482e-09,45.42643283,3.838063911e-10,-13.97442993,0.2001144749,-133.8741747,-133.8741747,1.500357785,-0.1386947357,-0.1442552368,38.04256582,36.43268916,-10.94970202,2.748111887e-11,-3.294875521e-09,0.3005460829,3.893979351e-10,
540910000,-0.1553568444,0.9822728895,121.2383072,-238.7616928,111.8215452,-0.5094055216,0.8398607289,28.15472857,0.588871389,28.14856962,-1.045294801e-11,8.282309433e-09,47.80087833,3.850488928e-10,-13.84786177,0.2030518318,-135.7303638,-135.7303638,1.509573495,-0.1453978546,-0.1417374696,37.52926353,35.98916724,-10.64074542,2.765177844e-11,-3.130885418e-09,0.2956652303,4.408430978e-10,
552908000,-0.1444528312,0.9835067806,119.6199917,-240.3800083,120.2619535,-0.4860935273,0.8549846024,29.0916488,0.5564673741,29.08632624,-9.896426122e-12,8.37251875e-09,52.26959853,3.856693723e-10,-13.72397197,0.2059687823,-137.7064289,-137.7064289,1.518792656,-0.1523564689,-0.1386024734,37.00046358,35.54120764,-10.28867653,2.797742526e-11,-2.961602524e-09,0.2894858452,4.767165121e-10,
564906000,-0.1384344072,0.9841884854,117.9386151,-242.0613849,125.4900956,-0.4611172367,0.8694813792,30.08178999,0.54262416,30.07689558,-9.367224655e-12,8.473775468e-09,55.42859644,3.891673341e-10,-13.62837792,0.2082481269,-139.8773703,-139.8773703,1.526043914,-0.1592404572,-0.134200444,36.47880648,35.12259002,-9.854288038,2.859029863e-11,-2.776317922e-09,0.2805683759,4.96998724e-10,
576904000,-0.1298351632,0.9851633386,116.2324078,-243.7675922,133.8012162,-0.435455291,0.8836998887,31.1045519,0.5182762271,31.10023374,-8.870598615e-12,8.579860656e-09,60.0070621,3.906695134e-10,-13.54481961,0.2102611422,-142.0960319,-142.0960319,1.532482707,-0.1659047755,-0.129171798,35.97657015,34.73026333,-9.38735366,2.938822808e-11,-2.589761447e-09,0.2702931898,5.063665103e-10,
588902000,-0.1246502239,0.9857515958,114.5274858,-245.4725142,139.3665962,-0.4092147832,0.8967995706,32.14578855,0.5070325189,32.14178961,-8.408277733e-12,8.686546652e-09,63.39196878,3.871070038e-10,-13.48119287,0.2118070231,-144.2689456,-144.2689456,1.537449658,-0.1719379786,-0.1236913357,35.52340358,34.38869198,-8.906742697,3.034297757e-11,-2.407110397e-09,0.2590020784,5.035477524e-10,
600900000,-0.1129789064,0.9870770505,112.8885013,-247.1114987,153.7634302,-0.3839128302,0.9093580386,33.1655726,0.4682261504,33.16226726,-7.986816612e-12,8.783389514e-09,70.82532071,3.879461181e-10,-13.43229112,0.2130028645,-146.446335,-146.446335,1.541305311,-0.1775098766,-0.1177304718,35.10591682,34.0844264,-8.406977629,3.150489495e-11,-2.226680057e-09,0.2466515801,4.951551887e-10,
612898000,-0.113369193,0.9870326987,111.2504507,-248.7495493,153.2340968,-0.3577454312,0.9199194284,34.20460599,0.4789793991,34.20125217,-7.592589514e-12,8.881246705e-09,71.4044325,3.888258375e-10,-13.38933529,0.2140588734,-148.5770374,-148.5770374,1.544719868,-0.1826654106,-0.111599951,34.72114977,33.80850481,-7.908428663,3.283535575e-11,-2.053629664e-09,0.2339183205,4.792841997e-10,
624896000,-0.1015265734,0.9883793685,109.4926858,-250.5073142,171.1076862,-0.3298088744,0.9317295114,35.34219847,0.4381969074,35.33948184,-7.206961624e-12,9.000622857e-09,80.64749258,3.97882811e-10,-13.34478993,0.2151594886,-150.6355555,-150.6355555,1.548288437,-0.1875154272,-0.1055062562,34.36130612,33.54991845,-7.423094387,3.431052822e-11,-1.890590058e-09,0.221255214,4.61719554e-10,
636894000,-0.1034036335,0.9881657983,107.8281552,-252.1718448,168.0016829,-0.3025399492,0.9407131466,36.44268522,0.4557018257,36.43983592,-6.857669667e-12,9.106036502e-09,79.96420875,4.054842667e-10,-13.31618516,0.2158692299,-152.5251486,-152.5251486,1.550594972,-0.1915220779,-0.09959326314,34.06392466,33.34398944,-6.966299681,3.5871606e-11,-1.74082505e-09,0.2089222015,4.431116374e-10,
648892000,-0.1017891596,0.9883494889,106.0068127,-253.9931873,170.6662886,-0.2725390048,0.9500301064,37.67381411,0.4592801245,37.67101447,-6.510890567e-12,9.239639516e-09,82.02186958,4.101787941e-10,-13.28214054,0.2167169963,-154.4437596,-154.4437596,1.553355544,-0.195513897,-0.0934910294,33.76937388,33.1376108,-6.501489305,3.772548739e-11,-1.594632328e-09,0.1961966825,4.188133484e-10,
660890000,-0.1094501367,0.9874781464,104.2363868,-255.7636132,158.7207624,-0.2428435901,0.9571520675,38.89925409,0.505667011,38.89596727,-6.191364533e-12,9.366892308e-09,76.92012021,4.177050027e-10,-13.23546865,0.217884616,-156.2425516,-156.2425516,1.557167447,-0.1994208807,-0.08777823326,33.48402486,32.92940979,-6.069093171,3.967958729e-11,-1.46155363e-09,0.1843061631,3.940222666e-10,
672888000,-0.1225486706,0.9859901275,102.4301847,-257.5698153,141.7564741,-0.2122342079,0.962877548,40.1802546,0.5804670503,40.1760615,-5.887216242e-12,9.502649448e-09,69.21333688,4.214556423e-10,-13.17302901,0.2194565511,-157.8217146,-157.8217146,1.562317322,-0.2032197765,-0.08284262329,33.21019616,32.71821614,-5.695213919,4.153051408e-11,-1.347061394e-09,0.1740685951,3.652772163e-10,
684886000,-0.1434719549,0.9836178519,100.5955449,-259.4044551,121.084112,-0.1808626547,0.9668468228,41.5151613,0.6975680787,41.50930036,-5.598303376e-12,9.645999972e-09,59.50573375,4.297338896e-10,-13.10947551,0.2210681743,-159.3456336,-159.3456336,1.567618801,-0.2068590752,-0.07797730901,32.94943582,32.51524095,-5.331456318,4.358690055e-11,-1.23893265e-09,0.1639679166,3.363024994e-10,
696884000,-0.1720750831,0.9803840699,98.72530907,-261.2746909,100.9579488,-0.1487217629,0.96903806,42.91305357,0.8599826571,42.90443562,-5.323011992e-12,9.798550419e-09,49.88988472,4.373696892e-10,-13.02182151,0.223310387,-160.7808915,-160.7808915,1.575031218,-0.2108645485,-0.07350966702,32.66655193,32.28236781,-4.995232099,4.571976253e-11,-1.140815229e-09,0.1547356169,3.106727312e-10,
708882000,-0.2098805154,0.9761262101,96.80811968,-263.1918803,82.77387958,-0.1157145745,0.9692432694,44.3872997,1.079949387,44.37416009,-5.059598288e-12,9.962683386e-09,41.08911087,4.42931462e-10,-12.89963009,0.2264740755,-162.0258864,-162.0258864,1.585562987,-0.2154212424,-0.06988701713,32.3503601,32.00487063,-4.715300012,4.761423957e-11,-1.058657583e-09,0.1473307006,2.900496582e-10,
720880000,-0.2500294402,0.9716246583,94.87828658,-265.1217134,69.48373277,-0.08262631133,0.9681050404,45.91598273,1.326158798,45.89682748,-4.810325758e-12,1.013304151e-08,34.60884742,4.440851451e-10,-12.7238884,0.2311029982,-163.1910008,-163.1910008,1.601128624,-0.221228912,-0.06683086333,31.95410859,31.64023845,-4.467702627,4.941660398e-11,-9.863735398e-10,0.1412031908,2.801875333e-10,
732878000,-0.2835247655,0.9678850053,92.95333112,-267.0466689,61.27620522,-0.04986788392,0.9665994919,47.48825049,1.551619534,47.4628951,-4.575454293e-12,1.030724673e-08,30.58926114,4.444466233e-10,-12.50824773,0.2369123026,-164.4046074,-164.4046074,1.620930735,-0.2281901839,-0.06369206453,31.48511325,31.20223765,-4.211023853,5.157042912e-11,-9.144840774e-10,0.134959034,2.829831093e-10,
744876000,-0.3271530161,0.9630356165,91.06206292,-268.9379371,53.10613709,-0.01785028241,0.962870171,49.08230551,1.84812263,49.04749899,-4.356315077e-12,1.047980055e-08,26.53909335,4.494395757e-10,-12.24314104,0.2442547104,-165.6425731,-165.6425731,1.646394265,-0.2366260692,-0.06056787049,30.92511675,30.67166701,-3.951162928,5.407682833e-11,-8.44230598e-10,0.1288212645,3.021867609e-10,
756874000,-0.381322969,0.9570482898,89.11778446,-270.8822155,45.56392009,0.01473563185,0.9569348412,50.7751139,2.227932688,50.72621125,-4.145377817e-12,1.066667274e-08,22.76828718,4.575955168e-10,-11.9355361,0.25305982,-166.9115167,-166.9115167,1.677590594,-0.2464857069,-0.05730679547,30.28085032,30.05633602,-3.680565328,5.71323403e-11,-7.739467405e-10,0.1224555556,3.384565443e-10,
768872000,-0.4346012561,0.9511958289,87.08978306,-272.9102169,39.98010387,0.04829319207,0.9499690903,52.60304859,2.633203553,52.5371008,-3.940034123e-12,1.087507321e-08,19.95178107,4.698580318e-10,-11.5604238,0.2642279833,-168.4636922,-168.4636922,1.718233304,-0.2588900946,-0.0528426539,29.4838176,29.29533747,-3.328468539,6.219015365e-11,-6.889862304e-10,0.1136176889,3.99130634e-10,
780870000,-0.4923180693,0.9448961872,85.05705523,-274.9429448,35.29512909,0.08141573967,0.9413821126,54.50332045,3.097438184,54.41523515,-3.745595575e-12,1.109077523e-08,17.56781957,4.777853301e-10,-11.14256198,0.2772502211,-170.3034907,-170.3034907,1.767209425,-0.2732893502,-0.04669706799,28.57638787,28.43125351,-2.876415779,7.085813723e-11,-5.862637693e-10,0.1011709096,4.906878973e-10,
792868000,-0.5495070233,0.9386953118,82.94518553,-277.0548145,31.62393233,0.1152894781,0.931588549,56.55513102,3.600305243,56.44041678,-3.556550907e-12,1.132946634e-08,15.67656434,4.845955517e-10,-10.67867651,0.292459797,-172.5663709,-172.5663709,1.8266945,-0.2900017884,-0.0378377538,27.54647652,27.45263678,-2.271805999,8.835843183e-11,-4.560269231e-10,0.08275365376,5.928311568e-10,
804866000,-0.6207842311,0.9310238114,80.87164012,-279.1283599,27.99551341,0.1477039403,0.9192327689,58.65111062,4.238095904,58.49778902,-3.380314419e-12,1.15674066e-08,13.80284692,4.933146964e-10,-10.22104799,0.3082815974,-175.4572695,-175.4572695,1.891349995,-0.3073131439,-0.02441669261,26.50459847,26.46609352,-1.428157522,1.384587601e-10,-2.824051819e-10,0.05396178023,6.903885486e-10,
816864000,-0.6948315081,0.9231205617,78.71697125,-281.2830288,25.01475822,0.1806137753,0.9052790927,60.92143898,4.958281794,60.7193311,-3.208805522e-12,1.183034347e-08,12.24604281,5.104647233e-10,-9.782836654,0.3242337112,-178.6898216,-178.6898216,1.959603095,-0.3241489446,-0.007413582289,25.52134051,25.51783801,-0.4228056886,4.608181256e-10,-8.237799109e-11,0.01656902472,7.764709436e-10,
828862000,-0.7704858388,0.9151150716,76.51734087,-283.4826591,22.56130867,0.2133600493,0.8898949846,63.34370031,5.761771466,63.08110936,-3.043957468e-12,1.211259579e-08,10.9482144,5.363683476e-10,-9.333847431,0.3414346781,177.8483274,-182.1516726,2.036904516,-0.3411939461,0.01281914598,24.56395907,24.5536211,0.7125843023,-2.694645578e-10,1.368277398e-10,0.02902155651,8.597856548e-10,
840860000,-0.8726778821,0.9044115623,74.09813481,-285.9018652,19.92303263,0.2478002004,0.869801894,66.13564906,6.883138606,65.7764888,-2.877569035e-12,1.244993617e-08,9.556176704,5.625798546e-10,-8.872446065,0.3600623377,174.0118536,-185.9881464,2.125304413,-0.3580976573,0.03756267911,23.66378592,23.57612301,2.034990845,-9.301092821e-11,3.851757155e-10,0.08631575446,9.565520571e-10,
852858000,-1.003946369,0.8908460969,71.59743296,-288.402567,17.32275295,0.2812325847,0.8452898921,69.16880533,8.382189011,68.659031,-2.71797673e-12,1.281271228e-08,8.191062133,5.858619369e-10,-8.409508152,0.3797734435,169.623618,-190.376382,2.224628128,-0.3735625524,0.06840239628,22.91053157,22.62327931,3.616585442,-5.159940269e-11,6.749042047e-10,0.1598612382,1.091491563e-09,
864856000,-1.189342332,0.8720329263,69.02722563,-290.9727744,14.62902036,0.3121217689,0.8142612763,72.43667754,10.54211498,71.6654454,-2.567831515e-12,1.318821848e-08,6.798014014,5.796421585e-10,-7.94355729,0.400702577,164.7644522,-195.2355478,2.337241115,-0.38661934,0.1052997682,22.37696703,21.70433624,5.445221894,-3.379564558e-11,1.002055811e-09,0.2508817516,1.303184883e-09,
876854000,-1.474763186,0.8438433664,66.40028672,-293.5997133,11.80765315,0.3378280058,0.7732683012,75.89189963,13.89058446,74.60986592,-2.432744978e-12,1.354219627e-08,5.371254617,4.78698356e-10,-7.443931667,0.4244274034,158.8997397,-201.1002603,2.474800593,-0.3959703521,0.1527943095,22.18372201,20.78672416,7.747878472,-2.342664218e-11,1.406292447e-09,0.3727320578,1.691546483e-09,
888852000,-1.913795316,0.8022509392,64.17852401,-295.821476,9.113828061,0.3494352641,0.722150653,78.73220945,18.86206384,76.43940969,-2.342466309e-12,1.368699165e-08,4.0525475,5.733751698e-11,-6.985349446,0.4474376524,151.2296907,-208.7703093,2.619501055,-0.3922042517,0.2153515215,22.88603559,20.15005386,10.8510808,-1.650128177e-11,1.942959174e-09,0.5385137369,2.363661443e-09,
900850000,-2.596512772,0.7416079238,63.68362259,-296.3163774,6.740175431,0.3287751306,0.6647474905,78.63863834,25.21299446,74.48718246,-2.371843893e-12,1.315979718e-08,2.95431717,-3.516189937e-10,-6.714552758,0.4616069746,139.8596843,-220.1403157,2.714758374,-0.3528837512,0.2975803372,25.70915892,20.50497995,15.50827681,-1.139210829e-11,2.739877798e-09,0.75631758,2.466203488e-09,
912848000,-2.955306928,0.7115978932,69.14727375,-290.8527263,5.9347621,0.2533054257,0.6649871599,70.94829481,24.68732935,66.51463227,-2.621226011e-12,1.159681843e-08,2.69428221,-2.392624607e-10,-7.68179992,0.4129619177,123.2379019,-236.7620981,2.406933997,-0.2263512966,0.3454021367,33.249944,25.54959167,21.2785606,-8.193687884e-12,3.709914577e-09,0.8328336859,8.693431201e-10,
924846000,-1.818735962,0.8110790837,71.50961629,-288.4903837,9.586440293,0.2572300727,0.7692086647,68.91818272,14.96212923,67.27444239,-2.558000366e-12,1.157712749e-08,4.496314752,2.90350909e-10,-11.46566268,0.2671264338,119.6345171,-240.3654829,1.728983678,-0.1320848303,0.2321855492,38.87145922,34.7669508,17.38532352,-9.898466837e-12,2.991806392e-09,0.5000531572,-9.351397672e-10,
936844000,-1.193340164,0.8716316503,65.43273497,-294.567265,14.58016447,0.3623906625,0.7927261454,77.46930359,11.60712352,76.59482804,-2.217958452e-12,1.301224697e-08,6.598950023,9.888249363e-10,-12.25452362,0.2439348323,142.5675926,-217.4324074,1.645274621,-0.1937015645,0.1482697081,34.07743831,32.50020845,10.24735343,-1.65783436e-11,1.740862889e-09,0.3153011602,-1.935274204e-09,
948842000,-1.223099353,0.8686504168,59.27035761,-300.7296424,14.22654242,0.443869679,0.7466814948,87.29662986,14.15796238,86.14089439,-1.947228219e-12,1.444892737e-08,6.084272023,1.31029263e-09,-10.39568227,0.3021453301,150.3904915,-209.6095085,1.865926226,-0.2626890614,0.149285825,29.58246915,28.10432069,9.234156141,-1.816473296e-11,1.548900233e-09,0.3285671354,-1.414522685e-09,
960840000,-1.495436888,0.8418372828,53.91184423,-306.0881558,11.64520511,0.4958668392,0.6802985289,97.03750163,20.31574143,94.88702426,-1.745670328e-12,1.57172255e-08,4.670615865,1.222676999e-09,-8.942393065,0.3571744188,149.6548705,-210.3451295,2.111263862,-0.3082407691,0.1804472049,27.06695845,25.0114355,10.3464165,-1.600954909e-11,1.713795563e-09,0.4136674401,7.853592206e-11,
972838000,-1.910321229,0.8025718789,48.97245791,-311.0275421,9.130269127,0.526825631,0.6054555106,106.8743893,30.13516038,102.537833,-1.595495084e-12,1.67750468e-08,3.402597887,1.130656173e-09,-7.862761421,0.4044472892,146.6394758,-213.3605242,2.358224997,-0.3378052705,0.222407754,25.75444416,22.73890221,12.09271351,-1.352869299e-11,1.978351103e-09,0.5318072701,7.15783472e-10,
984836000,-2.469253404,0.7525534132,44.17626328,-315.8237367,7.082552383,0.5397308342,0.5244304209,116.5573451,44.53539264,107.7135716,-1.500326532e-12,1.740710876e-08,2.418606084,1.061849309e-09,-6.961807124,0.4486520369,142.7470072,-217.2529928,2.627473273,-0.3571137344,0.2715850344,25.21267106,20.84846329,14.17816492,-1.139819788e-11,2.291269847e-09,0.6800580322,9.478101371e-10,
996834000,-3.161276482,0.694922184,39.7200451,-320.2799549,5.555704464,0.5345174888,0.4440809566,124.1560941,62.46748201,107.2965488,-1.488029482e-12,1.713101291e-08,1.717638448,9.766227263e-10,-6.142756815,0.4930173003,138.386077,-221.613923,2.944907787,-0.3685978435,0.327416689,25.27134329,19.11196697,16.53401071,-9.656485098e-12,2.639827226e-09,0.8651129802,1.1054132e-09,
1008832000,-4.04283918,0.6278530972,35.60592822,-324.3940718,4.374221807,0.5104700125,0.3655405286,127.1849404,81.15004574,97.93201289,-1.610929747e-12,1.544991033e-08,1.206801697,8.432582292e-10,-5.353757461,0.5398985075,133.3122831,-226.6877169,3.346867012,-0.370356532,0.3928440373,26.03001635,17.4320538,19.33094026,-8.161092557e-12,3.049679924e-09,1.108930737,1.270099634e-09,
1020830000,-5.132866992,0.5538047168,32.16609039,-327.8339096,3.482342318,0.4688003406,0.2948319947,123.293184,93.91794167,79.87884227,-1.951798345e-12,1.245370198e-08,0.8505173862,6.066873377e-10,-4.605389029,0.5884784295,127.4838922,-232.5161078,3.860012557,-0.3581117021,0.4669720236,27.63559873,15.84687383,22.64073557,-6.88614518e-12,3.529858038e-09,1.428719368,1.473100312e-09,
1032828000,-6.484404247,0.4740015782,29.74189861,-330.2581014,2.802292777,0.4115608615,0.2351492152,112.91217,96.5398278,58.5595404,-2.631446041e-12,9.02380679e-09,0.606584264,1.400742839e-10,-3.899033042,0.6383345449,120.7685199,-239.2314801,4.529972443,-0.3265533443,0.5484832765,30.25283461,14.37774015,26.61793738,-5.789189016e-12,4.101724885e-09,1.851329702,1.677228546e-09,
1044826000,-8.22544675,0.3879070409,29.54979749,-330.4502025,2.267477546,0.3374509585,0.1913079271,97.95772819,89.31684162,40.22708435,-3.786671267e-12,6.127660797e-09,0.4503863282,-7.861978805e-10,-3.300833373,0.6838460321,112.844295,-247.155705,5.326031627,-0.2654882847,0.6302073994,34.22927571,13.31804147,31.53209614,-4.830847394e-12,4.80318155e-09,2.367622612,1.861273771e-09,
1056824000,-10.29053947,0.3058250296,33.88897441,-326.1110256,1.881117996,0.2538713507,0.1705235644,82.66714251,77.37216906,29.11020277,-5.173354436e-12,4.383920752e-09,0.3762360953,-2.247257834e-09,-2.860913791,0.719373293,104.4099831,-255.5900169,6.126905424,-0.1790222652,0.6967416761,39.31272999,12.86300029,37.14880836,-4.053895757e-12,5.594513828e-09,2.888036037,2.006353967e-09,
1068822000,-12.38193061,0.2403828442,47.0715964,-312.9284036,1.632905253,0.1637208931,0.1760096048,68.86001273,64.5051172,24.09961011,-6.178808433e-12,3.588597611e-09,0.3736077254,-3.48463855e-09,-2.588366622,0.7423037746,95.4663477,-264.5336523,6.761076037,-0.07071267155,0.7389280153,45.63096667,13.26443016,43.66050861,-3.41056206e-12,6.501349863e-09,3.291548004,2.052815907e-09,
1080820000,-12.93331709,0.2255974288,69.51367825,-290.4863218,1.582636053,0.07895543619,0.2113296926,58.1736704,53.14241436,23.66558099,-6.222280544e-12,3.484848723e-09,0.4453237829,-3.783922992e-09,-2.516541988,0.7484674198,86.12747071,-273.8725293,6.951256249,0.05054919831,0.7467584998,53.35203594,15.07076245,51.17921314,-2.877220558e-12,7.536337924e-09,3.395927268,1.991132259e-09,
1092818000,-11.3769868,0.2698675462,86.99309356,-273.0069064,1.739229012,0.01415626129,0.2694959977,51.33740732,44.38283062,25.80104138,-5.644624502e-12,3.757591175e-09,0.5813293344,-2.978620622e-09,-2.682752581,0.7342811357,77.65211776,-282.3478822,6.526752026,0.1570236942,0.7172951594,61.49552064,18.80757346,58.54890468,-2.487445173e-12,8.526897976e-09,3.113049368,1.872069978e-09,
1104816000,-9.415956329,0.3382222572,95.64734034,-264.3526597,2.022162685,-0.03328281796,0.3365806728,47.09746796,37.4951631,28.50060056,-5.054476306e-12,4.105671406e-09,0.7601140574,-1.540956039e-09,-2.848345036,0.7204150022,70.31580938,-289.6841906,6.153459649,0.2426613256,0.678316487,69.62441323,23.2666054,65.62182557,-2.195239297e-12,9.453192127e-09,2.820429729,1.754132017e-09,
1116814000,-7.474230247,0.4229494725,98.33224774,-261.6677523,2.465900999,-0.06129092436,0.4184849805,45.04512388,31.54567294,32.15483951,-4.431930444e-12,4.58232226e-09,1.019310622,-3.648589923e-10,-2.99225808,0.708577073,62.94220629,-297.0577937,5.862878018,0.3223239293,0.6310219908,79.11492077,29.03539854,73.59426825,-1.936400966e-12,1.048777287e-08,2.534639507,1.703610732e-09,
1128812000,-5.913872729,0.5061816108,97.12320414,-262.8767959,3.050071937,-0.06276821537,0.5022747996,45.22981293,26.9143047,36.35046327,-3.8787212e-12,5.125172228e-09,1.350600124,3.403610181e-10,-3.180082904,0.6934191875,55.59948975,-304.4005102,5.523565463,0.3917640557,0.5721460428,90.10151702,37.22703987,82.05139166,-1.718353701e-12,1.156869751e-08,2.204080473,1.705906755e-09,
1140810000,-4.723225623,0.5805487828,94.13480239,-265.8651976,3.76813493,-0.04185947896,0.5790377132,46.96138588,23.33135254,40.75561007,-3.423098638e-12,5.685834453e-09,1.746817293,7.06079605e-10,-3.432780142,0.6735362784,48.21841877,-311.7815812,5.126254979,0.4487723654,0.5022494225,102.8100252,49.12269432,90.3153486,-1.544703924e-12,1.259993703e-08,1.838566672,1.692046607e-09,
1152808000,-3.853444517,0.641693698,90.39549032,-269.6045097,4.58181642,-0.004429325055,0.641678411,49.68723569,20.7031185,45.16859833,-3.056515034e-12,6.235908925e-09,2.181729208,8.367944144e-10,-3.757094739,0.6488514255,40.8362585,-319.1637415,4.695594814,0.4909089198,0.4242836372,116.9512265,65.91582105,96.60586893,-1.429090193e-12,1.333726134e-08,1.465594563,1.64690426e-09,
1164806000,-3.242768513,0.6884328325,86.44732707,-273.5526729,5.419161608,0.04265950799,0.6871098393,52.98308945,18.94182539,49.48146136,-2.761366267e-12,6.760970639e-09,2.612285793,8.28674811e-10,-4.178826908,0.6180998733,33.78170658,-326.2182934,4.236971293,0.5137411524,0.3436822395,130.3431249,87.14231347,96.93063202,-1.40963115e-12,1.324425632e-08,1.112325668,1.549313784e-09,
1176804000,-2.813379786,0.7233208945,82.89519491,-277.1048051,6.228590669,0.08946372628,0.7177669247,56.2629645,17.73484573,53.39472278,-2.532897759e-12,7.221282444e-09,3.010723836,7.63068373e-10,-4.68891215,0.5828467679,27.25064269,-332.7493573,3.794401304,0.518157774,0.2668761437,139.9237766,108.8168997,87.96331964,-1.537497382e-12,1.189645611e-08,0.8083608328,1.411892162e-09,
1188802000,-2.437556436,0.7553046844,79.98855741,-280.0114426,7.173429865,0.1313058303,0.7438037007,59.19429277,16.42035074,56.87122627,-2.354062623e-12,7.613830378e-09,3.463459897,6.991116768e-10,-5.246830433,0.5465859681,21.55162647,-338.4483735,3.410979501,0.508372478,0.2007825792,143.2713257,124.3290371,71.19665224,-1.880403416e-12,9.531695888e-09,0.572647017,1.264136796e-09,
1200800000,-2.078267787,0.7872027646,77.14534534,-282.8546547,8.398618342,0.1751357653,0.7674735541,62.28688047,14.97978634,60.45875851,-2.192250751e-12,8.013249725e-09,4.036022754,6.647884173e-10,-5.79552539,0.513125657,16.45951067,-343.5404893,3.107836095,0.4920978708,0.1453878448,141.8853695,131.9771153,52.0912575,-2.544395453e-12,6.904214793e-09,0.3946991672,1.12827432e-09,
1212798000,-1.775671059,0.8151104239,74.22395644,-285.7760436,9.817267485,0.2216105118,0.7844066447,65.68651662,13.74055845,64.23328981,-2.043014711e-12,8.429306104e-09,4.674721924,6.623661871e-10,-6.354696502,0.4811330328,11.87646869,-348.1235313,2.854552566,0.470833702,0.0990182826,136.9147153,132.5834631,34.16525393,-3.841023875e-12,4.483491105e-09,0.2576886524,1.020126452e-09,
1224796000,-1.550293274,0.8365373501,71.42045882,-288.5795412,11.23521093,0.2665382547,0.7929388986,69.17017164,12.86537119,67.9631876,-1.911976862e-12,8.831411317e-09,5.282644906,6.587867284e-10,-6.916316384,0.4510079328,7.721558048,-352.278442,2.64303989,0.4469185158,0.06059699387,130.1410738,128.6605538,19.57449814,-6.63843544e-12,2.543589412e-09,0.1521406333,9.095899306e-10,
1236794000,-1.371414339,0.8539437869,68.54627555,-291.4537245,12.69335791,0.3123296374,0.794776817,72.99066145,12.2573619,71.95410856,-1.78841031e-12,9.259304341e-09,5.870276913,6.518666995e-10,-7.473376744,0.4229910349,3.88954386,-356.1104561,2.466150651,0.4220167489,0.02869284311,122.8891008,122.5900579,8.567894388,-1.501926422e-11,1.102546377e-09,0.06989061378,7.940474109e-10,
1248792000,-1.24716905,0.8662466089,65.75676409,-294.2432359,13.95289191,0.3556905692,0.7898527752,76.96354072,12.01233495,76.02032892,-1.676487345e-12,9.688571934e-09,6.328522242,6.407167906e-10,-8.020045651,0.3971894619,0.8091051053,-359.1908949,2.317792032,0.3971498592,0.005608743666,115.8746227,115.8643468,1.543153998,-8.258872384e-11,1.966705318e-10,0.01331862682,6.734786427e-10,
1260790000,-1.148059341,0.8761874594,62.97782982,-297.0221702,15.15345255,0.3980828345,0.7805347659,81.22466752,11.9550314,80.34005127,-1.571249931e-12,1.014167013e-08,6.720187389,6.196218295e-10,-8.555551763,0.3734413565,-1.815870343,-361.8158703,2.192039597,0.3732538223,-0.01183346441,109.5387686,109.4973656,-3.011436634,4.191829858e-11,-3.801465955e-10,0.02750236608,5.499542277e-10,
1272788000,-1.0858449,0.8824858591,60.36750559,-299.6324944,16.01922837,0.4363318143,0.7670696444,85.53010616,12.20695267,84.65452951,-1.477113472e-12,1.058557028e-08,6.934943702,6.000072031e-10,-9.069321803,0.3519929052,-3.97044901,-363.970449,2.086385961,0.3511480854,-0.02437267823,104.061921,103.9012221,-5.780956918,2.163038885e-11,-7.228759772e-10,0.05563896943,4.425571644e-10,
1284786000,-1.018078047,0.8893978959,57.85930392,-302.1406961,17.08283862,0.4731598048,0.7530925682,90.00807347,12.36943024,89.15408283,-1.389466561e-12,1.104410616e-08,7.207614346,5.84777339e-10,-9.52302842,0.33407854,-5.597710566,-365.5977106,2.003357183,0.3324854191,-0.0325870672,99.72054601,99.45327758,-7.296086317,1.69785021e-11,-9.038144893e-10,0.07336194939,3.363683746e-10,
1296784000,-0.9865166563,0.8926355257,55.35803148,-304.6419685,17.62813573,0.5074155679,0.7343892858,94.81014491,12.99299116,93.91563107,-1.306816493e-12,1.152631195e-08,7.228176324,5.725344672e-10,-9.929625713,0.3188002948,-6.857616328,-366.8576163,1.935996573,0.3165195783,-0.03806552958,96.20113735,95.85755134,-8.12334159,1.510837558e-11,-9.969817398e-10,0.08474388795,2.391089936e-10,
1308782000,-0.9561343215,0.8957633387,52.85348155,-307.1465184,18.18710726,0.540911482,0.7140075123,100.03363,13.71194448,99.08940258,-1.227228997e-12,1.204980526e-08,7.226502613,5.708023232e-10,-10.26916298,0.3065786102,-7.636632649,-367.6366326,1.884249072,0.3038594965,-0.04074126434,93.53482143,93.15882656,-8.378296573,1.45143332e-11,-1.018846007e-09,0.08993561729,1.599053262e-10,
1320780000,-0.9517282162,0.8962178493,50.50573341,-309.4942666,18.27113658,0.5699954511,0.6916007657,105.3300648,14.83632072,104.2799412,-1.155550341e-12,1.256580816e-08,7.028692835,5.679097788e-10,-10.50193065,0.2984719118,-8.114881438,-368.1148814,1.850919348,0.2954833209,-0.0421318074,91.82583752,91.43546119,-8.458183868,1.424664248e-11,-1.01921726e-09,0.09250441522,1.103263891e-10,
1332778000,-0.9486828404,0.896532129,47.95817766,-312.0418223,18.32967191,0.6003832504,0.6658151477,111.6089111,16.27106543,110.416491,-1.081504611e-12,1.318548951e-08,6.786063976,5.613058941e-10,-10.64796091,0.2934958432,-8.422457398,-368.4224574,1.830839678,0.2903304902,-0.04298856159,90.79467274,90.39549598,-8.504522658,1.404146345e-11,-1.015575602e-09,0.09408126552,1.084759877e-10,
1344776000,-0.9381668099,0.8976182203,45.54087668,-314.4591233,18.53472586,0.6286920078,0.6406752911,118.1756503,17.7156049,116.8402399,-1.012926054e-12,1.382810351e-08,6.59532884,5.545595462e-10,-10.64628372,0.2935525208,-8.847356782,-368.8473568,1.831066794,0.2900597144,-0.04514913686,90.72925467,90.28952868,-8.921808296,1.326530667e-11,-1.055900679e-09,0.09881332228,1.560688984e-10,
1356774000,-0.9366294563,0.8977771077,43.21372331,-316.7862767,18.56508914,0.6543041271,0.6147274553,125.1183655,19.50120903,123.5892723,-9.491434258e-13,1.449750924e-08,6.337518464,5.409264578e-10,-10.55009373,0.2968214713,-9.613085799,-369.6130858,1.844227914,0.2926534814,-0.04956738527,91.21688991,90.68260013,-9.858348714,1.189894461e-11,-1.156423198e-09,0.1087126825,2.605195457e-10,
1368772000,-0.9332714161,0.8981242632,40.9014708,-319.0985292,18.63175986,0.6788352447,0.588056037,132.7414144,21.53579696,130.9827949,-8.877174685e-13,1.523011814e-08,6.08209648,5.345708806e-10,-10.35182749,0.3036747102,-10.8900936,-370.8900936,1.872220827,0.2982059515,-0.05737194509,92.27439549,91.54597659,-11.57144039,1.004850833e-11,-1.345477506e-09,0.1264003162,4.13116248e-10,
1380770000,-0.9388584484,0.8975467477,38.59581645,-321.4041836,18.52109821,0.701492043,0.5599098838,141.1516267,24.14392704,139.0713936,-8.288214508e-13,1.603011344e-08,5.760098319,5.374635727e-10,-10.09918502,0.3126372694,-13.02737331,-373.0273733,1.909671868,0.3045907621,-0.07047361098,93.45829453,92.33839695,-14.42474484,7.990807149e-12,-1.662673323e-09,0.1562161064,5.909084546e-10,
1392768000,-0.9282012515,0.8986486732,36.30502354,-323.6949765,18.73333811,0.7241997334,0.5320753555,150.5428449,26.78823088,148.1402674,-7.713797388e-13,1.692834401e-08,5.530050418,5.415465629e-10,-9.856517011,0.3214949455,-16.06203676,-376.0620368,1.947656745,0.3089446468,-0.08895057729,94.14791321,92.34778075,-18.32258041,6.236698011e-12,-2.093765252e-09,0.198408454,7.704290087e-10,
1404766000,-0.9143427247,0.9000836312,33.90466864,-326.0953314,19.01674025,0.7470395632,0.5020781157,161.6636969,30.03268354,158.8495792,-7.132307774e-13,1.799708687e-08,5.289223622,5.431418754e-10,-9.63421134,0.3298294518,-19.78860956,-379.7886096,1.984314971,0.3103523933,-0.1116640465,94.12015122,91.2972912,-22.87810056,4.952177239e-12,-2.592006635e-09,0.25058904,9.173097297e-10,
1416764000,-0.9075809655,0.9007845978,31.55158852,-328.4484115,19.15816048,0.7676210401,0.4713500083,174.0550333,34.14320062,170.6733619,-6.581984807e-13,1.91729245e-08,4.998751107,5.364180645e-10,-9.483270938,0.3356112058,-24.14796851,-384.1479685,2.01028557,0.3062425402,-0.1372967151,92.86019781,88.70993419,-27.45111861,4.092253911e-12,-3.08377487e-09,0.3094480777,1.022531084e-09,
1428762000,-0.9086328887,0.900675513,29.24262476,-330.7573752,19.13602144,0.7858924315,0.4399880292,187.9448478,39.4233021,183.7636228,-6.061787343e-13,2.047009154e-08,4.661294538,5.227487945e-10,-9.433556962,0.3375375952,-28.79499528,-388.7949953,2.019039247,0.2958006521,-0.1625841394,90.34985073,84.8187757,-31.12668975,3.578716566e-12,-3.467314035e-09,0.3669787673,1.072328685e-09,
1440760000,-0.896340875,0.9019510246,27.05134639,-332.9486536,19.3979694,0.8032769662,0.4101972285,203.2555741,45.05286068,198.1995665,-5.573471552e-13,2.189430629e-08,4.399267072,5.092457001e-10,-9.456287632,0.3366554259,-33.6418342,-393.6418342,2.015024285,0.2802713527,-0.186506956,87.0062364,80.19830633,-33.73895131,3.274137466e-12,-3.727005799e-09,0.4206940627,1.064478977e-09,
1452758000,-0.9005086053,0.9015183473,24.86529763,-335.1347024,19.30835131,0.817946566,0.3790761741,220.8006033,52.946828,214.3584377,-5.110769247e-13,2.34837495e-08,4.048560524,4.981786244e-10,-9.581484316,0.3318377455,-38.20011594,-398.2001159,1.993284919,0.2607765645,-0.2052117754,83.25101818,75.59797916,-34.86656815,3.142083002e-12,-3.819759843e-09,0.4612103199,1.009601387e-09,
1464756000,-0.9109899576,0.900431132,22.74237824,-337.2576218,19.08659976,0.8304247776,0.348096125,240.6007693,63.10544306,232.1775899,-4.67987817e-13,2.522755401e-08,3.679200694,4.95162552e-10,-9.745327468,0.3256369112,-42.43432197,-402.434322,1.965761373,0.2403367391,-0.2197217553,79.6438182,71.47500158,-35.13491036,3.092544774e-12,-3.817628778e-09,0.4915692142,9.261083577e-10,
1476754000,-0.9210134679,0.8993926344,20.63824399,-339.361756,18.87926022,0.8416736433,0.3170056609,263.6923867,76.09635095,252.473801,-4.268700228e-13,2.720998449e-08,3.317817449,5.052660241e-10,-9.962701607,0.3175886109,-46.20250679,-406.2025068,1.930783442,0.21980676,-0.2292324454,76.31588819,67.98781295,-34.6665845,3.108858249e-12,-3.736139048e-09,0.5098940972,8.256911253e-10,
1488752000,-0.9386832036,0.8975648566,18.47114467,-341.5288553,18.52454923,0.8513253095,0.2843727997,291.8482057,94.3835356,276.1650293,-3.871052761e-13,2.952340586e-08,2.925987329,5.169953402e-10,-10.19699912,0.3091363279,-49.64124531,-409.6412453,1.894927148,0.200187884,-0.2355633255,73.34586588,65.04951018,-33.88476453,3.154955963e-12,-3.622448715e-09,0.5209072971,7.3238136e-10,
1500750000,-0.9937832973,0.8918890565,16.08898726,-343.9110127,17.4995148,0.8569559371,0.2471691947,327.9909581,125.3975111,303.0734776,-3.499160372e-13,3.214102421e-08,2.416901858,5.286994528e-10,-10.45640579,0.3000403825,-52.42861008,-412.4286101,1.857307693,0.182949463,-0.2378102713,70.89773632,62.83275576,-32.84103864,3.229199643e-12,-3.482801023e-09,0.5226738544,6.328013604e-10,
1512748000,-0.9683259822,0.8945069122,13.85176844,-346.1482316,17.95858811,0.8684931855,0.2141546234,374.1858003,158.224562,339.0870111,-3.102718606e-13,3.567505887e-08,2.143074418,5.396702327e-10,-10.72232611,0.2909937724,-55.13807112,-415.1380711,1.820849694,0.1663322684,-0.2387696632,68.64275277,60.85817802,-31.75074292,3.313596727e-12,-3.340468923e-09,0.5217169484,5.26020784e-10,
1524746000,-0.9972446632,0.8915337055,11.52992724,-348.4700728,17.43890776,0.8735429434,0.1781995343,430.6442726,214.8511605,373.2204018,-2.796773222e-13,3.895722423e-08,1.737111407,5.466734854e-10,-10.95692085,0.2832395902,-57.12032518,-417.1203252,1.790332687,0.1537641366,-0.2378681479,67.00722612,59.51725308,-30.78416701,3.390745722e-12,-3.213290836e-09,0.5172309779,4.134112075e-10,
1536744000,-1.030875907,0.8880884148,9.095740468,-350.9042595,16.87125074,0.876921202,0.1403931548,504.0486418,303.0798644,402.7500827,-2.571478913e-13,4.171134977e-08,1.328857935,5.669667748e-10,-11.17227369,0.2763034549,-58.65554302,-418.655543,1.763589261,0.1437280693,-0.2359784763,65.74122301,58.54170886,-29.91281877,3.462272655e-12,-3.097960993e-09,0.5109659309,2.891127216e-10,
1548742000,-1.071749389,0.8839191248,6.660821986,-353.339178,16.229367,0.8779528432,0.1025271886,589.9584446,430.3619387,403.53385,-2.546602052e-13,4.146875783e-08,0.9376615674,5.834278117e-10,-11.32610664,0.2714530138,-59.59806793,-419.5980679,1.745190136,0.1373722854,-0.2341273028,64.95711777,57.97123362,-29.30466211,3.506746218e-12,-3.01146468e-09,0.5055035107,1.716696173e-10,
1560740000,-1.118736417,0.8791504023,4.041879816,-355.9581202,15.54949654,0.8769637758,0.06196745695,681.6141911,598.3139106,326.524685,-3.12301127e-13,3.329703708e-08,0.5457414231,5.984400813e-10,-11.42001264,0.2685340538,-60.14299373,-420.1429937,1.734235285,0.1336862134,-0.2328916795,64.50766428,57.65164151,-28.94005842,3.523628931e-12,-2.951134302e-09,0.5019815162,6.91189196e-11,
1572738000,-1.202807011,0.8706821669,1.456917174,-358.5430828,14.46577105,0.8704006978,0.02213732176,711.3565221,699.7338957,128.0647365,-7.901948434e-13,1.295965116e-08,0.1830191981,6.098402448e-10,-11.43475583,0.2680786382,-60.08404555,-420.0840456,1.732533991,0.1336986218,-0.2323592795,64.51316836,57.68612243,-28.88356229,3.503587728e-12,-2.922903696e-09,0.5007020939,-6.107597208e-12,
1584736000,-1.281157686,0.8628635346,-1.226458497,-361.2264585,13.58401304,0.8626658577,-0.01846882105,672.1338097,665.2162809,-96.18293949,1.044155456e-12,-9.659646945e-09,0.1445889739,6.109014765e-10,-11.27466263,0.2730655222,-59.90527405,-419.905274,1.751279601,0.1369235447,-0.2362556291,64.88459168,57.78785908,-29.5054839,3.403772038e-12,-2.96323401e-09,0.5105827483,-2.824958064e-11,
1596734000,-1.375370669,0.8535549132,-3.875362719,-363.8753627,12.65699624,0.8516032029,-0.05768860007,581.7591088,535.401312,-227.572177,4.379942353e-13,-2.268332539e-08,0.4250497186,6.078657582e-10,-10.96696823,0.282912143,-59.58502566,-419.5850257,1.789058524,0.1432268656,-0.2439781663,65.61102708,57.96229026,-30.74377632,3.242129418e-12,-3.064395179e-09,0.5304099645,2.941485666e-11,
1608732000,-1.47656358,0.8436684744,-6.485252885,-366.4852529,11.79332491,0.8382698058,-0.09529022714,490.3014997,408.9798528,-270.4275145,3.658352541e-13,-2.675391282e-08,0.6612245386,5.975566646e-10,-10.48578631,0.2990271931,-59.78241443,-419.7824144,1.853177727,0.1504959581,-0.2583954892,66.39892202,57.74692192,-32.77361522,3.018645268e-12,-3.242356629e-09,0.5675387385,1.730332293e-10,
1620730000,-1.578074531,0.8338660137,-9.041397692,-369.0413977,11.03847596,0.8235052742,-0.1310404219,415.8370249,315.2472939,-271.1818117,3.621169908e-13,-2.662992961e-08,0.8602193166,5.896497349e-10,-9.850854591,0.3217045997,-60.78073037,-420.7807304,1.948567835,0.1570411334,-0.2807702475,67.00256843,56.78318955,-35.56702913,2.760971159e-12,-3.492665957e-09,0.6263654685,4.059337589e-10,
1632728000,-1.666907433,0.825381306,-11.54851376,-371.5485138,10.45352742,0.8086719101,-0.1652393478,359.2102064,249.3688824,-258.5481249,3.770204423e-13,-2.520273561e-08,1.036809896,5.962649166e-10,-9.137014815,0.3492603294,-63.04431653,-423.0443165,2.073425657,0.1583201257,-0.311315781,66.82718877,54.51203641,-38.65631962,2.521655692e-12,-3.768137956e-09,0.709133655,6.866954844e-10,
1644726000,-1.732119366,0.8192077113,-14.07804382,-374.0780438,10.06241872,0.7946030528,-0.1992668129,315.4787687,200.8047186,-243.3193755,3.976947709e-13,-2.354524787e-08,1.211721404,6.237912175e-10,-8.386138455,0.3807966133,-66.72078244,-426.7207824,2.229956494,0.150495519,-0.3497958826,65.4453247,50.65039817,-41.4442721,2.334866518e-12,-4.010431384e-09,0.8182417828,9.853864199e-10,
1656724000,-1.790062666,0.8137609897,-16.84410547,-376.8441055,9.738888682,0.7788479752,-0.2358024169,277.5302933,161.6064618,-225.6245005,4.257784829e-13,-2.167485624e-08,1.39613539,6.63729737e-10,-7.683902195,0.4128619793,-71.64253875,-431.6425388,2.406354093,0.1300285953,-0.3918514748,62.67584281,45.55947767,-43.04178512,2.231925494e-12,-4.134854605e-09,0.9447383358,1.248939551e-09,
1668722000,-1.864804507,0.8067886403,-19.86524649,-379.8652465,9.351358237,0.7587802109,-0.2741541568,243.7262294,130.8956375,-205.5937912,4.639018932e-13,-1.960857958e-08,1.570669544,7.00191545e-10,-7.08486752,0.442340418,-77.76241854,-437.7624185,2.586417349,0.09376106615,-0.4322891484,58.56652156,39.89191136,-42.87974878,2.22425158e-12,-4.089671004e-09,1.074898327,1.453815103e-09,
1680720000,-1.981279142,0.7960421114,-22.98908532,-382.9890853,8.805945793,0.7328198657,-0.310898838,214.7300337,108.9948042,-185.0111349,5.118313655e-13,-1.751953725e-08,1.697430775,7.132247782e-10,-6.629833164,0.4661313812,-84.49609659,-444.4960966,2.746240048,0.04470832301,-0.46398236,53.81820269,34.69935424,-41.13822743,2.301861498e-12,-3.895563952e-09,1.185561759,1.585806464e-09,
1692718000,-2.162667293,0.7795906743,-26.12717057,-386.1271706,8.074026219,0.6999312016,-0.3433044312,190.1758433,94.33378046,-165.1302191,5.69388855e-13,-1.552608918e-08,1.750488725,6.957537691e-10,-6.312955061,0.4834507596,-91.69117602,-451.691176,2.871847722,-0.01426774583,-0.4832401767,48.85659296,30.35330617,-38.28372344,2.455960338e-12,-3.599562257e-09,1.261270295,1.633992571e-09,
1704716000,-2.392569621,0.7592267809,-29.11623103,-389.116231,7.306571667,0.6632866457,-0.3694267592,170.4323336,84.76511546,-147.8582279,6.314261991e-13,-1.380427464e-08,1.744328749,6.558317112e-10,-6.129425982,0.4937745489,-98.92587073,-458.9258707,2.950808865,-0.07661231277,-0.487794894,44.1770181,27.06392856,-34.91636722,2.673862325e-12,-3.259846471e-09,1.29014408,1.626644136e-09,
1716714000,-2.654960905,0.73663433,-31.82745033,-391.8274503,6.594004184,0.6258740891,-0.3884736294,154.972348,78.617778,-133.5502663,6.941885155e-13,-1.238131979e-08,1.698728579,6.07042508e-10,-6.052802012,0.4981497302,-105.8358886,-465.8358886,2.985252415,-0.1359365442,-0.4792435807,40.07113762,24.73137718,-31.52863861,2.940471431e-12,-2.922990483e-09,1.274843628,1.588894874e-09,
1728712000,-2.951849632,0.7118811911,-34.3025494,-394.3025494,5.941580828,0.5880659873,-0.4011897616,142.427295,74.58578967,-121.3362862,7.587641214e-13,-1.117090049e-08,1.626801657,5.616720593e-10,-6.029440658,0.4994913447,-112.5533977,-472.5533977,2.995934893,-0.1915770533,-0.4612914871,36.42231823,22.98442313,-28.2542308,3.258472022e-12,-2.601243293e-09,1.229277352,1.554377215e-09,
1740710000,-3.272340117,0.6860930091,-36.6439442,-396.6439442,5.371313982,0.5504935538,-0.4094880516,131.8666259,71.57480653,-110.7513164,8.255527157e-13,-1.012610915e-08,1.547350552,5.065160648e-10,-6.030058013,0.4994558443,-119.1918218,-479.1918218,2.995651487,-0.2436021242,-0.4360208086,33.12545181,21.60882647,-25.10685517,3.641676722e-12,-2.295546131e-09,1.161879624,1.534553911e-09,
1752708000,-3.630814806,0.6583536682,-38.83807855,-398.8380786,4.854006948,0.5128057309,-0.4128678176,122.7777434,69.46362368,-101.2382302,8.96945423e-13,-9.192954431e-09,1.457428002,4.270278704e-10,-6.020522147,0.5000044766,-125.8168562,-485.8168562,3.000035813,-0.2926007508,-0.4054494756,30.09359513,20.43355166,-22.09285936,4.110159115e-12,-2.006145789e-09,1.081205055,1.554183042e-09,
1764706000,-4.009923309,0.6302369105,-40.4986093,-400.4986093,4.408868697,0.4792458412,-0.4092944993,115.8622273,68.70207223,-93.29566435,9.66687956e-13,-8.414130258e-09,1.357974532,2.908358658e-10,-5.993615911,0.5015557393,-132.3449994,-492.3449994,3.012484761,-0.3378445372,-0.3707009958,27.33148137,19.41738006,-19.23474006,4.688797186e-12,-1.734738795e-09,0.9905939937,1.646428616e-09,
1776704000,-4.435339563,0.6001129821,-41.59748156,-401.5974816,4.001412675,0.4487808547,-0.3984110135,110.4618487,69.16348219,-86.12916318,1.04005145e-12,-7.715343729e-09,1.245298248,9.18974081e-11,-5.939802931,0.5046727476,-139.5415675,-499.5415675,3.03773463,-0.3839938528,-0.3274802333,24.52674466,18.42368973,-16.19039408,5.532833891e-12,-1.450315442e-09,0.8787813036,1.851544231e-09,
1788702000,-4.828602121,0.5735481641,-41.5452504,-401.5452504,3.68986139,0.4292618976,-0.3803836482,107.8184204,71.32168693,-80.85807779,1.100420637e-12,-7.194581752e-09,1.133709553,-1.166897528e-10,-5.894609325,0.5073054567,-147.8863971,-507.8863971,3.059310231,-0.4296855584,-0.2696834206,21.68064049,17.54218047,-12.74056813,6.983824936e-12,-1.133628965e-09,0.7262818983,2.168840781e-09,
1800700000,-5.057927365,0.5586034733,-40.29941119,-400.2994112,3.531073262,0.4260328909,-0.3612946392,108.4534333,74.78303809,-78.54708398,1.125249168e-12,-6.942387227e-09,1.050332883,-2.183513838e-10,-6.011333369,0.5005337098,-158.0328472,-518.0328472,3.004274241,-0.4641941923,-0.1872371397,19.22539331,17.19808866,-8.593107377,1.028557389e-11,-7.595021467e-10,0.4996547899,2.461461686e-09,
1812698000,-4.906160027,0.5684496438,-38.62756591,-398.6275659,3.634453364,0.4440843578,-0.3548578316,112.7369824,77.80660602,-81.58283673,1.076207152e-12,-7.162975707e-09,1.048533549,-9.1061343e-11,-6.528470713,0.4716028971,-169.9385126,-529.9385126,2.785032107,-0.464350038,-0.08239135139,18.47555724,18.07417881,-3.830179562,2.292321573e-11,-3.362898896e-10,0.2119144444,2.543463785e-09,
1824696000,-4.43200179,0.600343635,-38.34071997,-398.34072,4.004299131,0.4708709434,-0.3724151377,117.2467993,76.38314345,-88.951826,9.805612889e-13,-7.758619959e-09,1.164547857,2.630065762e-10,-7.687952717,0.4126694927,178.3257791,-541.6742209,2.405237724,-0.4124933269,0.01205676216,20.80041571,20.79163677,0.6042633342,-1.443455398e-10,5.270548988e-11,0.02906280736,2.221717202e-09,
1836694000,-3.84892019,0.642028032,-40.55799882,-400.5579988,4.587029653,0.4877796154,-0.417457831,116.9238566,67.30933709,-95.60670152,9.063480179e-13,-8.284602192e-09,1.420407712,7.163094369e-10,-9.50729772,0.3346841257,169.0046285,-550.9953715,2.006090907,-0.3285401934,0.06383420197,25.355275,25.09721391,3.608299353,-2.401489897e-11,3.126697633e-10,0.1437729051,1.36019427e-09,
1848692000,-3.383135701,0.6773969158,-45.01418996,-405.01419,5.199568751,0.4788733102,-0.4791105659,109.8000973,53.99240306,-95.60795877,9.004539835e-13,-8.230943411e-09,1.770766874,1.111436886e-09,-11.86162372,0.255222415,164.5144888,-555.4855112,1.685365457,-0.2459573312,0.06814302869,30.3375427,30.02021873,4.37640995,-1.967150434e-11,3.767676154e-10,0.1457820807,-6.506626183e-11,
1860690000,-3.091467377,0.7005298267,-50.76053604,-410.760536,5.678461424,0.4431291899,-0.5425666403,99.1499161,42.12338537,-89.75704021,9.529663925e-13,-7.67740818e-09,2.130812598,1.372285443e-09,-14.44507091,0.1895598929,167.5918329,-552.4081671,1.467794946,-0.1851320884,0.04073159516,34.40139026,34.27922823,2.896577891,-2.952982659e-11,2.477600725e-10,0.08449950714,-1.810485591e-09,
1872688000,-2.972902072,0.7101578571,-57.24248692,-417.2424869,5.900307803,0.3842555869,-0.5972200817,87.87599632,33.6821864,-81.16465393,1.047099043e-12,-6.897975465e-09,2.409720467,1.513946122e-09,-16.54922039,0.1487780905,-179.5626262,-539.5626262,1.349563584,-0.1487737558,-0.001135703428,37.04935726,37.04925732,-0.08605884271,9.875502483e-10,-7.313919998e-12,0.002322822344,-3.167733067e-09,
1884686000,-3.006646209,0.7074042905,-64.08027568,-424.0802757,5.835370223,0.3092145075,-0.6362446217,77.49752223,28.32107742,-72.13724783,1.170635144e-12,-6.091730704e-09,2.547122299,1.59251744e-09,-17.00919254,0.1411043404,-159.856843,-519.856843,1.328571553,-0.1324737118,-0.04859167163,38.32704167,38.13999963,-3.78187138,2.232926216e-11,-3.193654138e-10,0.09915761448,-3.458606723e-09,
1896684000,-3.186975157,0.6928691777,-71.05010617,-431.0501062,5.511883063,0.2250031387,-0.6553176978,68.44243008,25.2379272,-63.61928376,1.318974428e-12,-5.338434598e-09,2.520780857,1.645872359e-09,-15.50535839,0.1677768671,-143.3495428,-503.3495428,1.403201642,-0.1346060553,-0.1001513205,38.24215939,37.45490971,-7.719617442,1.08699957e-11,-6.477701476e-10,0.2061042865,-2.574441483e-09,
1908682000,-3.499508916,0.6683817056,-78.24937005,-438.2493701,5.031030355,0.1361176156,-0.6543745862,60.4891897,23.55327486,-55.71521618,1.496624098e-12,-4.645798546e-09,2.365497643,1.702161428e-09,-13.11662978,0.2208861628,-135.8212545,-495.8212545,1.56701897,-0.1584127482,-0.15393537,36.60588343,34.82710983,-11.27222793,7.397360635e-12,-9.399317408e-10,0.3236624568,-1.020444069e-09,
1920680000,-3.966461447,0.6333983499,-85.70285755,-445.7028576,4.455512815,0.04745990079,-0.6316177859,53.51002524,22.92040883,-48.3526386,1.713740021e-12,-4.006685885e-09,2.109588837,1.746012163e-09,-10.70538885,0.2915617562,-135.9817524,-495.9817524,1.823111284,-0.209667461,-0.2026025999,33.26037368,30.41166918,-13.46784448,6.152718205e-12,-1.11599747e-09,0.4428512095,4.580194116e-10,
1932678000,-4.636185179,0.5863956514,-93.51445905,-453.5144591,3.835539101,-0.03594630264,-0.5852928526,47.39301156,23.17284116,-41.34146802,1.991933036e-12,-3.404446571e-09,1.784048306,1.743623084e-09,-8.621024997,0.3706369814,-141.5028199,-501.5028199,2.177816206,-0.2900748802,-0.2307126694,28.47954463,25.11258845,-13.43288367,6.130436171e-12,-1.106190393e-09,0.5349063754,1.496004035e-09,
1944676000,-5.625489083,0.5232696497,-101.1251388,-461.1251388,3.195243703,-0.100966184,-0.5134364186,42.61253765,24.60416992,-34.79171148,2.3523237e-12,-2.847401243e-09,1.414057519,1.644035876e-09,-6.997654795,0.4468042137,-150.4003305,-510.4003305,2.615356533,-0.3884952713,-0.2206930665,23.12038118,20.24577696,-11.16514852,7.33007423e-12,-9.137710228e-10,0.5514803677,2.107305571e-09,
1956674000,-6.956964366,0.4489022495,-108.194211,-468.194211,2.629120239,-0.1401647603,-0.4264587548,39.42231002,26.94235844,-28.77894802,2.826355213e-12,-2.3408661e-09,1.068167365,1.410488486e-09,-5.849447993,0.509950005,-160.920267,-520.920267,3.081216244,-0.4819356967,-0.1666943064,18.2467911,16.63618428,-7.495515861,1.085175874e-11,-6.096817356e-10,0.4505549911,2.39712013e-09,
1968672000,-8.669120208,0.3685903744,-113.868238,-473.868238,2.167515855,-0.1491444577,-0.337067938,38.21057696,30.12733932,-23.50301293,3.439721078e-12,-1.900073087e-09,0.7801224222,9.563534878e-10,-5.097582937,0.5560589729,-171.7832429,-531.7832429,3.50510288,-0.5503507352,-0.07947106124,14.70697532,14.33249396,-3.297687066,2.451530644e-11,-2.665975832e-10,0.2300846646,2.476352167e-09,
1980670000,-10.90499192,0.2849380213,-117.604383,-477.604383,1.796960347,-0.1320299718,-0.2525029951,38.96853437,34.15017967,-18.76997335,4.280991367e-12,-1.5082442e-09,0.5496302957,-1.320757433e-10,-4.620374979,0.5874639906,177.4194711,-542.5805289,3.848061634,-0.5868682598,0.02644968541,13.04204255,12.99970106,1.050069698,-7.652262896e-11,8.437739906e-11,0.08077644963,2.446755326e-09,
1992668000,-13.97002442,0.2002159993,-117.0738452,-477.0738452,1.50067518,-0.09112600747,-0.1782764626,41.88668615,39.2654565,-14.58486894,5.476242281e-12,-1.164897508e-09,0.371442745,-2.600049108e-09,-4.356088989,0.605613504,166.9495085,-553.0504915,4.071167549,-0.5899713854,0.1367533571,13.5424627,12.43235709,5.369803824,-1.487396534e-11,4.288877133e-10,0.4319216206,2.383510147e-09,
2004666000,-17.94477472,0.1266955217,-103.7390468,-463.7390468,1.290152003,-0.03009021139,-0.1230704449,47.12124282,45.71263826,-11.43530619,6.942730532e-12,-9.078746813e-10,0.250156338,-4.945494107e-09,-4.243008871,0.6135494292,156.8722506,-563.1277494,4.17530611,-0.5642393041,0.240991514,15.7314052,12.44663945,9.620721167,-8.252213951e-12,7.638106945e-10,0.7729573275,2.314307552e-09,
2016664000,-19.75610491,0.1028477404,-64.64920548,-424.6492055,1.229275999,0.04403520552,-0.09294384525,54.5650314,53.62680596,-10.07513443,7.833137253e-12,-7.951287112e-10,0.1878749676,-5.505791954e-09,-4.274352616,0.6113393758,147.0151289,-572.9848711,4.1458776,-0.5128002409,0.3328238953,19.04576859,13.05077917,13.87149827,-5.689357366e-12,1.094737407e-09,1.062886598,2.247408934e-09,
2028662000,-16.31245964,0.1528892738,-37.01183394,-397.0118339,1.360966445,0.1220837965,-0.09203627915,63.77122142,62.66782747,-11.81152322,6.642086535e-12,-9.266513127e-10,0.1884782622,-4.051136423e-09,-4.455702104,0.5987077705,137.4059493,-582.5940507,3.983899146,-0.4407491228,0.4052051396,23.07217802,14.32061482,18.08992509,-4.336842686e-12,1.419211775e-09,1.263208691,2.173647209e-09,
2040660000,-12.99378583,0.2240323365,-31.53216632,-391.5321663,1.577426991,0.1909532216,-0.1171637955,73.19403092,71.06330907,-17.53203543,4.448536316e-12,-1.367356689e-09,0.2467100907,-1.412963146e-09,-4.792653538,0.5759268461,128.1467168,-591.8532832,3.716167439,-0.3557369436,0.4529271013,27.5480173,16.35472576,22.1679093,-3.518234185e-12,1.728917283e-09,1.355443657,2.059745511e-09,
2052658000,-10.65232318,0.2933484793,-32.80760374,-392.8076037,1.83024934,0.2465578438,-0.1589420019,81.59805382,77.06937492,-26.80585452,2.892503407e-12,-2.07841942e-09,0.3478146092,2.798302712e-10,-5.258917763,0.5458258652,119.363502,-600.636498,3.403597314,-0.2676449935,0.4757016214,32.24941347,19.14870309,25.94902385,-2.98801319e-12,2.011984176e-09,1.355132185,1.899360403e-09,
2064656000,-8.973922353,0.3558802462,-36.2364033,-396.2364033,2.105012675,0.2870476341,-0.2103673107,87.72063967,79.02819532,-38.07170823,2.024743743e-12,-2.934774876e-09,0.4817484199,8.383096776e-10,-5.842233465,0.5103737471,111.5532646,-608.4467354,3.084748291,-0.1874939739,0.4746866034,36.79098986,22.60875927,29.0244886,-2.655876356e-12,2.237365853e-09,1.283771845,1.694176101e-09,
2076654000,-7.694261449,0.4123698716,-40.70304192,-400.7030419,2.40350146,0.3126174818,-0.2689223328,90.76375625,76.16830416,-49.360398,1.552663472e-12,-3.782985194e-09,0.6480438096,1.06110465e-09,-6.478763678,0.4743094921,104.6833284,-615.3166716,2.804519903,-0.1202263027,0.4588192787,40.98266738,26.443934,31.30970106,-2.44780641e-12,2.399578211e-09,1.184003147,1.45942159e-09,
2088652000,-6.719063597,0.4613673107,-45.68891835,-405.6889184,2.713105498,0.3222898398,-0.3301349035,90.39535398,69.2563564,-58.09369259,1.311671442e-12,-4.426729938e-09,0.8388210933,1.185509997e-09,-7.145078274,0.4392847091,98.89869887,-621.1013011,2.566872587,-0.0679520514,0.4339972055,44.59428044,30.36511516,32.65899003,-2.333196387e-12,2.488609735e-09,1.075543098,1.19666637e-09,
2100650000,-5.930612821,0.5052069995,-50.99738668,-410.9973867,3.042094367,0.3179549739,-0.3926050775,87.37220541,60.12730735,-63.39250106,1.195166872e-12,-4.802908575e-09,1.054304672,1.255409384e-09,-7.784735743,0.4080968221,94.17253243,-625.8274676,2.378931005,-0.02969315602,0.4070151504,47.51621448,33.99286421,33.20053946,-2.282029702e-12,2.515426163e-09,0.976691439,9.33223265e-10,
2112648000,-5.364673669,0.5392204029,-56.69197902,-416.691979,3.340469961,0.2961073947,-0.4506429337,82.09094643,50.76570021,-64.51175992,1.167761355e-12,-4.859950867e-09,1.270774551,1.279786408e-09,-8.391912757,0.3805435472,90.96497697,-629.035023,2.228636962,-0.006408821065,0.3804895772,49.44328552,36.9369248,32.86794896,-2.29203046e-12,2.476085247e-09,0.889839886,6.927632736e-10,
2124646000,-4.93008846,0.5668857982,-62.3138348,-422.3138348,3.617719741,0.2633911521,-0.501980686,76.25522381,42.70450301,-63.17582276,1.185721364e-12,-4.732432827e-09,1.479371455,1.266129891e-09,-8.858272422,0.3606503673,88.49592648,-631.5040735,2.128178852,0.009466358144,0.3605261094,50.84481603,39.14603321,32.44662388,-2.308681576e-12,2.430541642e-09,0.8288610932,5.146229944e-10,
2136644000,-4.59148398,0.5894212661,-67.66947347,-427.6694735,3.871172896,0.2239500482,-0.5452190431,70.63758965,36.27404094,-60.61239993,1.228928126e-12,-4.514913603e-09,1.670958028,1.207271906e-09,-9.150520063,0.3487177042,86.77580908,-633.2241909,2.070864989,0.01961294827,0.3481657213,51.78032801,40.57712964,32.16673621,-2.315692913e-12,2.396044952e-09,0.7927306956,4.512302006e-10,
2148642000,-4.338944896,0.6068100363,-72.85248703,-432.852487,4.086599824,0.1789075159,-0.579836633,65.35024372,31.26382924,-57.38664772,1.290759158e-12,-4.250763343e-09,1.835560426,1.14277046e-09,-9.211866435,0.3462634711,85.15311233,-634.8468877,2.059336463,0.02925693965,0.3450252496,52.6844268,41.46007401,32.50709292,-2.278651655e-12,2.407876475e-09,0.7840577639,4.962329221e-10,
2160640000,-4.108665631,0.6231128657,-77.4953799,-437.4953799,4.306628479,0.1349153619,-0.6083317257,60.87924761,27.34750847,-54.39114422,1.354283305e-12,-4.006507083e-09,1.988888468,1.079435691e-09,-9.084942863,0.3513604356,82.89143614,-637.1085639,2.083376516,0.04348078253,0.3486596869,54.0323904,42.28423108,33.63841575,-2.189788576e-12,2.477839966e-09,0.7955309791,6.593396961e-10,
2172638000,-3.884996887,0.6393669097,-82.08060955,-442.0806095,4.545802794,0.08809181521,-0.6332691981,56.69814096,23.98210604,-51.37643213,1.425833517e-12,-3.763541433e-09,2.142281918,1.041072326e-09,-8.847861084,0.36108292,79.72126827,-640.2787317,2.130296657,0.06443054698,0.3552880236,56.06538819,43.41497499,35.47488829,-2.064960383e-12,2.598685942e-09,0.8171117985,9.025430415e-10,
2184636000,-3.641031833,0.6575797161,-86.36733717,-446.3673372,4.840775485,0.04166389457,-0.6562584878,52.99840706,21.03609613,-48.64477166,1.497631191e-12,-3.54386537e-09,2.312442925,1.041835226e-09,-8.515625497,0.3751618987,75.2523673,-644.7476327,2.200829136,0.0955019604,0.3628027367,59.20773869,45.23613101,38.20011482,-1.907112784e-12,2.782951988e-09,0.844460257,1.19003957e-09,
2196634000,-3.407577246,0.675493443,-90.89992277,-450.8999228,5.163203661,-0.01060927944,-0.6754101234,49.27671732,18.39949058,-45.71272926,1.584985446e-12,-3.312070569e-09,2.484456243,1.064366314e-09,-8.182522313,0.3898287671,69.48096621,-650.5190338,2.277768423,0.1366422051,0.365096392,63.67952038,48.25599459,41.5504549,-1.743759744e-12,3.010497099e-09,0.8610423481,1.476202457e-09,
2208632000,-3.185976886,0.6929488138,-95.58561356,-455.5856136,5.513571971,-0.06744678984,-0.6896586033,45.6332263,16.09284471,-42.70142494,1.687541275e-12,-3.077082491e-09,2.653441682,1.082220671e-09,-7.964027937,0.399759325,62.3110166,-657.6889834,2.331996786,0.185756884,0.3539800814,69.68817999,53.29183963,44.90459063,-1.604744995e-12,3.235843529e-09,0.8426166359,1.702732069e-09,
2220630000,-3.026006878,0.705829257,-100.457952,-460.457952,5.798772643,-0.1281178137,-0.6941042903,42.06836136,14.30108063,-39.56293872,1.811571108e-12,-2.835518416e-09,2.766430017,1.058859608e-09,-7.888522947,0.403249514,54.31128488,-665.6887151,2.351484493,0.2352482069,0.327518628,76.80482934,60.4951008,47.3215024,-1.514556239e-12,3.391583029e-09,0.7822369379,1.831177511e-09,
2232628000,-2.933411854,0.7133939259,-104.9603931,-464.9603931,5.978219169,-0.1841635453,-0.6892130891,38.97404048,13.07942517,-36.7138185,1.941664579e-12,-2.617178363e-09,2.806990218,9.956591376e-10,-8.027510713,0.3968482453,46.06432512,-673.9356749,2.315915082,0.2753532902,0.2857780526,83.89236063,69.42456604,47.09732267,-1.513587544e-12,3.35737602e-09,0.6783956366,1.83834194e-09,
2244626000,-2.869331058,0.718676505,-109.0800887,-469.0800887,6.109253352,-0.2349277977,-0.6791942643,36.29448871,12.17065755,-34.19305493,2.073663286e-12,-2.424454547e-09,2.809466521,9.165247951e-10,-8.344829298,0.3826119544,38.05746996,-681.94253,2.239453718,0.3012659074,0.2358617407,89.66270614,78.47680896,43.36809112,-1.63495512e-12,3.075009411e-09,0.5526230194,1.742508571e-09,
2256624000,-2.824920284,0.7223604931,-112.7771982,-472.7771982,6.203585766,-0.2796609155,-0.666028869,34.00300219,11.48885748,-32.00328596,2.203770458e-12,-2.257124428e-09,2.785593434,8.607746622e-10,-8.818990018,0.3622851219,30.7363562,-689.2636438,2.136197804,0.3113942573,0.1851597312,92.86677875,85.42914704,36.41564818,-1.936746966e-12,2.568319053e-09,0.4262672571,1.578738212e-09,
2268622000,-2.770278445,0.7269190959,-116.3431855,-476.3431855,6.323836892,-0.3225680031,-0.6514301615,31.87377539,10.84836321,-29.97082871,2.340772684e-12,-2.102600405e-09,2.762705132,8.281733382e-10,-9.396559186,0.3389784119,24.34335723,-695.6566428,2.025619792,0.3088403877,0.1397282314,93.33420065,89.00322681,28.10157697,-2.496475455e-12,1.971463242e-09,0.3157366084,1.363910228e-09,
2280620000,-2.706577155,0.7322698316,-119.9184785,-479.9184785,6.470207829,-0.3652322453,-0.6346845778,29.81095949,10.23038448,-28.00058105,2.492299093e-12,-1.954043586e-09,2.737001831,8.142946911e-10,-10.03099349,0.3151013946,18.82631955,-701.1736805,1.920140272,0.2982438239,0.1016833828,91.82398678,89.56930072,20.22337547,-3.450750487e-12,1.411304896e-09,0.2257846752,1.12976102e-09,
2292618000,-2.661261863,0.7361001511,-123.3950112,-483.3950112,6.578632607,-0.4051554464,-0.614566918,27.88392607,9.739083926,-26.12783147,2.656960315e-12,-1.813810033e-09,2.682781221,8.083773028e-10,-10.71307553,0.2913038493,14.55693744,-705.4430626,1.822083904,0.2819525146,0.07321688418,88.95080532,87.83347414,14.05441523,-4.939416561e-12,9.756660968e-10,0.1600120611,8.938021715e-10,
2304616000,-2.607394224,0.7406794388,-126.8371193,-486.8371193,6.712462099,-0.4440686019,-0.5927976956,26.03102577,9.262239093,-24.32745835,2.838734796e-12,-1.680034873e-09,2.62652023,8.018848257e-10,-11.34424043,0.2708868845,11.23079519,-708.7692048,1.743058597,0.2656995678,0.05275835342,86.03709551,85.48464184,9.734362535,-7.094373389e-12,6.722473138e-10,0.1138726481,6.646426665e-10,
2316614000,-2.582939212,0.7427677507,-130.3419047,-490.3419047,6.775074881,-0.4808287748,-0.5661339248,24.22621698,8.918256922,-22.5249702,3.050016788e-12,-1.54750008e-09,2.525714431,7.991680413e-10,-11.9637452,0.2522392927,8.838210192,-711.1617898,1.674652439,0.2492442377,0.03875526714,83.12845113,82.84510562,6.857686367,-1.001818013e-11,4.711335956e-10,0.08277720592,4.592671828e-10,
2328612000,-2.549632267,0.7456214386,-133.7628572,-493.7628572,6.862297785,-0.515727811,-0.5384943404,22.5117161,8.580959212,-20.81212389,3.284026084e-12,-1.422457839e-09,2.425384316,8.045315299e-10,-12.47140629,0.2379193067,7.331794288,-712.6682057,1.624394001,0.235974026,0.03036207378,80.84619192,80.67922945,5.193138114,-1.316112844e-11,3.54938307e-10,0.06436772078,2.667688619e-10,
2340610000,-2.527693134,0.7475071366,-137.1912949,-497.1912949,6.921015957,-0.548391139,-0.5079705483,20.85482728,8.307755721,-19.12864385,3.554732248e-12,-1.300694359e-09,2.30250437,8.073218661e-10,-12.87302894,0.2271687316,6.587920101,-713.4120799,1.587887009,0.225668731,0.02606254863,79.11678217,78.99755592,4.341817525,-1.566100067e-11,2.952314658e-10,0.05496141589,1.009525319e-10,
2352608000,-2.476765924,0.7519028029,-140.7874089,-500.7874089,7.061356692,-0.5825784857,-0.4753526407,19.14197491,7.958978569,-17.40890184,3.885967692e-12,-1.177719698e-09,2.187328649,8.19687909e-10,-13.12092247,0.2207770247,6.594693191,-713.4053068,1.566659433,0.219316233,0.02535516887,78.06855761,77.95786503,4.155835452,-1.627841884e-11,2.811440558e-10,0.05330873865,-1.546773856e-11,
2364606000,-2.478419994,0.7517596304,-144.2648748,-504.2648748,7.056707308,-0.610222563,-0.4390569046,17.58857288,7.805488643,-15.7617335,4.270289949e-12,-1.06087771e-09,2.019314129,8.315154969e-10,-13.19590542,0.218879319,7.02654948,-712.9734505,1.560423823,0.217235442,0.02677534342,77.72568483,77.60303187,4.364805438,-1.542042895e-11,2.93782711e-10,0.05624529523,-5.910438931e-11,
2376604000,-2.485729787,0.7511272374,-147.9283752,-507.9283752,7.036234978,-0.6364939448,-0.3988327782,16.01863122,7.680299994,-14.05736597,4.76386402e-12,-9.413849683e-10,1.830314699,8.335701116e-10,-13.05216906,0.2225315264,7.446527067,-712.5534729,1.572451576,0.2206547505,0.028840273,78.28111047,78.13736225,4.741822076,-1.41227104e-11,3.175474007e-10,0.06068571985,-1.381133869e-11,
2388602000,-2.488728723,0.750867944,-151.578553,-511.578553,7.02787097,-0.6603661877,-0.3573781855,14.51436491,7.560964313,-12.38945549,5.378041141e-12,-8.255218257e-10,1.638607852,8.352048995e-10,-12.67178528,0.2324934574,7.438445197,-712.5615548,1.605840979,0.2305369129,0.03009882949,79.92354365,79.76219925,5.075864425,-1.312702542e-11,3.382099293e-10,0.06363746828,1.279962266e-10,
2400600000,-2.481787242,0.7514682531,-155.1326834,-515.1326834,7.047261668,-0.6817951521,-0.3160061804,13.10340019,7.432575755,-10.79147414,6.143552239e-12,-7.154529921e-10,1.451915796,8.343752359e-10,-12.06906883,0.249199151,6.687020528,-713.3129795,1.663822241,0.2475038626,0.02901818121,82.8518892,82.69372255,5.117010301,-1.295639079e-11,3.392474728e-10,0.06187906582,3.631452101e-10,
2412598000,-2.467942424,0.7526670062,-158.7001398,-518.7001398,7.08626447,-0.7012539143,-0.2734055046,11.75128682,7.300271504,-9.208625185,7.16374918e-12,-6.074771749e-10,1.26140859,8.390193702e-10,-11.35709061,0.2704864223,4.642045042,-715.357955,1.741552812,0.2695991614,0.02189056444,86.8850293,86.7882559,4.09962855,-1.60912825e-11,2.704454486e-10,0.04723713487,6.645449297e-10,
2424596000,-2.447921468,0.754403903,-162.3870831,-522.3870831,7.143451889,-0.7190393165,-0.228271133,10.43761979,7.164042879,-7.590810001,8.647540929e-12,-4.982747368e-10,1.05957071,8.572293905e-10,-10.5816483,0.2957451185,1.002097929,-718.9979021,1.839880919,0.2956998859,0.005172291295,91.98317909,91.97726942,1.042663177,-6.295593975e-11,6.844232962e-11,0.01133609623,9.939608233e-10,
2436594000,-2.411880632,0.7575406956,-166.0711511,-526.0711511,7.248806969,-0.7352655156,-0.1823527542,9.211850555,6.998624415,-5.98977854,1.09050132e-11,-3.912440327e-10,0.8558508336,8.799225503e-10,-9.791294735,0.323918135,-4.070871625,-724.0708716,1.958221635,0.3231008903,-0.02299506182,97.69090904,97.5622105,-5.012862484,1.303020266e-11,-3.274332299e-10,0.05138119009,1.307974662e-09,
2448592000,-2.402509895,0.7583584063,-169.9602466,-529.9602466,7.276720782,-0.7467456898,-0.1322057002,8.154321778,6.923233502,-4.308340926,1.508667876e-11,-2.80035937e-10,0.622301837,8.989702724e-10,-9.113818012,0.3501943213,-10.42249666,-730.4224967,2.077843216,0.3444162957,-0.06335201634,102.1736491,101.124587,-14.60385186,4.450781625e-12,-9.492292764e-10,0.1444144525,1.561993359e-09,
2460590000,-2.423523338,0.7565259561,-173.9167175,-533.9167175,7.214427986,-0.7522658881,-0.080172039,7.42215359,6.949747783,-2.60564189,2.482367915e-11,-1.685371341e-10,0.3749261083,9.105555736e-10,-8.573444359,0.3726728735,-17.89320164,-737.8932016,2.188129312,0.3546470094,-0.1145013946,103.7085154,100.2249611,-26.65357998,2.426751616e-12,-1.723996685e-09,0.2659375437,1.737057802e-09,
2472588000,-2.504240222,0.7495282201,-177.8788215,-537.8788215,6.984931479,-0.7490146289,-0.02774235708,7.217841012,7.160669386,-0.9066657732,7.099391939e-11,-5.836004201e-11,0.1266174605,8.948757155e-10,-8.213979496,0.3884195003,-25.82017045,-745.8201704,2.270215452,0.3496418324,-0.1691753448,101.2053834,94.01644537,-37.462483,1.718192486e-12,-2.411375996e-09,0.398467341,1.81093389e-09,
2484586000,-2.600036886,0.7413070932,178.223414,-541.776586,6.731174483,-0.7409507565,0.02298222973,7.468449388,7.429870498,0.7581297012,-8.449336112e-11,4.856345864e-11,0.1020380774,8.735983634e-10,-7.990726378,0.3985324427,-33.88622985,-753.8862299,2.32520013,0.3308402353,-0.2222000148,95.68055358,84.59980789,-44.69497553,1.433201962e-12,-2.863022768e-09,0.5283106031,1.793393319e-09,
2496584000,-2.720851587,0.7310674042,174.6435938,-545.3564062,6.436807703,-0.727875037,0.06824573293,8.112088804,7.784411615,2.282305976,-2.793187445e-11,1.454949153e-10,0.2931892722,8.611312887e-10,-7.895969457,0.4029039518,-41.53563522,-761.5356352,2.349544862,0.3015911174,-0.2671598628,88.84677133,74.90560359,-47.77969576,1.334229592e-12,-3.045911838e-09,0.6378654395,1.70941641e-09,
2508582000,-2.860127013,0.7194384576,170.9554952,-549.0445048,6.128560753,-0.710493342,0.1130968842,9.065696805,8.208191915,3.84869381,-1.648460209e-11,2.441772461e-10,0.4688844815,8.712068674e-10,-7.894966271,0.4029504884,-48.76630874,-768.7663087,2.349805939,0.2655974742,-0.3030298299,81.90232219,66.35497564,-48.01049456,1.321464955e-12,-3.045986749e-09,0.7235402334,1.592310398e-09,
2520580000,-2.990970813,0.7086820933,167.1578021,-552.8421979,5.865352092,-0.6909550636,0.1575163783,10.21247586,8.629428794,5.461467006,-1.156139745e-11,3.448489913e-10,0.6328885881,9.161548248e-10,-7.876939769,0.4037876312,-55.29737157,-775.2973716,2.354509408,0.2298832592,-0.3319610494,75.95222072,59.50389667,-47.20197149,1.337702404e-12,-2.980435887e-09,0.7932584946,1.466774149e-09,
2532578000,-3.185251633,0.693006676,163.1513778,-556.8486222,5.514799651,-0.6632585852,0.2008638895,11.70202817,9.258698481,7.156393343,-8.781386627e-12,4.497296333e-10,0.7729372932,9.676109682e-10,-7.898268362,0.4027973289,-61.39353395,-781.393534,2.348946843,0.1928557112,-0.353627435,70.59422159,53.94187667,-45.53919262,1.379977404e-12,-2.861822068e-09,0.8442270724,1.343653257e-09,
2544576000,-3.42195558,0.6743761785,158.7600064,-561.2399936,5.142056778,-0.6285665821,0.2443098074,13.49833922,10.05224149,9.008751447,-6.942887052e-12,5.634680685e-10,0.8961932975,1.017541216e-09,-7.857442142,0.4046950505,-66.89906385,-786.8990638,2.359622663,0.1587829713,-0.372244613,66.15434039,49.40970918,-43.98951455,1.42185574e-12,-2.751400895e-09,0.8903010213,1.242701778e-09,
2556574000,-3.765866387,0.6481964984,154.2574795,-565.7425205,4.684991738,-0.5838662014,0.2815296776,15.61580238,11.20296945,10.87872968,-5.722470708e-12,6.772358647e-10,0.9710576943,1.049520519e-09,-7.787309524,0.4079759138,-71.9835358,-791.9835358,2.378240931,0.1261829813,-0.387971908,62.29317296,45.59541439,-42.44405239,1.466712259e-12,-2.64227859e-09,0.9308842338,1.171833411e-09,
2568572000,-4.250097386,0.6130489186,149.6295242,-570.3704758,4.168611993,-0.5289228583,0.3099509422,18.07344201,12.82363303,12.7359233,-4.865169246e-12,7.891486583e-10,0.9931603058,1.033007197e-09,-7.620074768,0.4159070304,-76.84025531,-796.8402553,2.424112434,0.09468821823,-0.4049849371,58.84443725,42.04043688,-41.1736501,1.504904768e-12,-2.551219097e-09,0.9793820702,1.162636453e-09,
2580570000,-4.890924296,0.569447624,145.050754,-574.949246,3.645195594,-0.4667533317,0.3262084054,20.80111874,14.96448333,14.44821025,-4.268648895e-12,8.910837837e-10,0.9655001062,9.412099105e-10,-7.337956099,0.4296375141,-81.7303213,-801.7303213,2.506541979,0.06179584515,-0.4251701624,55.51965434,38.42667956,-40.07271287,1.53906068e-12,-2.471457987e-09,1.042835689,1.23545378e-09,
2592568000,-5.747157185,0.5159910168,141.0541325,-578.9458675,3.132154711,-0.4013069517,0.3243446622,23.66963032,17.73326968,15.67745343,-3.915745487e-12,9.624218954e-10,0.8840700961,7.213988306e-10,-6.927983179,0.4504025504,-87.134433,-807.134433,2.639027076,0.02251685373,-0.4498393588,51.90833093,34.4238102,-38.85197693,1.580071913e-12,-2.385080807e-09,1.12863674,1.387520378e-09,
2604566000,-6.874541796,0.4531822697,138.2184297,-581.7815703,2.65752588,-0.3379336484,0.3019520142,26.5267188,21.1197192,16.05067822,-3.807074509e-12,9.807947958e-10,0.7599853986,3.123543502e-10,-6.458984718,0.4753907905,-93.51780097,-813.517801,2.81236159,-0.02916933362,-0.4744950513,47.67477082,30.13246363,-36.94480218,1.653984439e-12,-2.257553807e-09,1.226079707,1.601891075e-09,
2616564000,-8.229155829,0.3877414308,137.4660686,-582.5339314,2.266593725,-0.2857177863,0.2621235657,28.99252362,24.67379925,15.22399607,-3.995398541e-12,9.260137448e-10,0.6170106159,-3.386071702e-10,-5.985005386,0.5020531898,-100.9119606,-820.9119606,3.016493246,-0.09503888162,-0.4929756752,42.90670023,25.93177848,-34.18373575,1.779382222e-12,-2.079257575e-09,1.318217945,1.814845614e-09,
2628562000,-9.680089294,0.3280919202,140.0990564,-579.9009436,1.976597633,-0.2516972219,0.2104585864,30.62141755,27.69504119,13.06353346,-4.63490935e-12,7.90974656e-10,0.4716921476,-1.184602884e-09,-5.586366696,0.5256318407,-109.4366379,-829.4366379,3.21613458,-0.1749114643,-0.4956761157,37.74066335,22.25281145,-30.4822908,1.986343275e-12,-1.845650686e-09,1.369817512,1.979224315e-09,
2640560000,-11.03007181,0.2808642154,147.426515,-572.573485,1.781115949,-0.2366847338,0.1512119184,31.22850006,29.6702469,9.741440598,-6.187296167e-12,5.871475838e-10,0.3283235435,-1.988349802e-09,-5.33569457,0.541022431,-118.3691463,-838.3691463,3.357511424,-0.2570670521,-0.4760481085,32.82157286,19.57270632,-26.34700765,2.287666928e-12,-1.588017884e-09,1.346109589,2.049943192e-09,
2652558000,-11.69939739,0.2600339965,158.8213642,-561.1786358,1.702826874,-0.2424709304,0.0939442772,30.63087265,30.02726454,6.050929112,-9.915923731e-12,3.630590843e-10,0.201514497,-2.367039268e-09,-5.272006451,0.5450039845,-127.5333281,-847.5333281,3.395642889,-0.3320288575,-0.4321876687,28.40623591,17.92298445,-22.03816842,2.722574329e-12,-1.322302261e-09,1.229603724,2.023310829e-09,
2664556000,-11.35257072,0.2706272124,171.0461124,-548.9538876,1.742082011,-0.2673293279,0.04212028653,28.93783771,28.8190252,2.619587389,-2.280144595e-11,1.564689509e-10,0.0908978486,-2.145338937e-09,-5.283342215,0.5442931757,-136.1350086,-856.1350086,3.388786591,-0.3924215856,-0.3771741777,24.78615291,16.90801827,-18.12380462,3.295686612e-12,-1.082541742e-09,1.071905905,1.925462381e-09,
2676554000,-10.27577662,0.3063452628,179.4087846,-540.5912154,1.883278802,-0.3063289539,0.003161015212,26.55059491,26.54994875,0.185233246,-3.210148954e-10,1.101445617e-11,0.006976783561,-1.469239174e-09,-5.356680724,0.5397168336,-144.2499368,-864.2499368,3.345151303,-0.4380197918,-0.315329863,21.88589766,16.3497133,-14.54920587,4.087001834e-12,-8.651340616e-10,0.8898752907,1.802424591e-09,
2688552000,-9.067612257,0.3520621908,-176.5355974,-536.5355974,2.086715996,-0.3514188093,-0.02127455332,24.00623767,23.97797277,-1.164589626,5.083101404e-11,-6.894052847e-11,0.04856914459,-6.842300928e-10,-5.447643865,0.5340941323,-151.5938977,-871.5938977,3.292712625,-0.4697880835,-0.2540781352,19.7087321,16.06285845,-11.42010067,5.183603309e-12,-6.760388019e-10,0.7109631643,1.721405574e-09,
2700550000,-7.896445208,0.4028818842,-175.657504,-535.657504,2.349421073,-0.4017253102,-0.0305055368,21.36331902,21.30688126,-1.551840917,3.79770049e-11,-9.145661172e-11,0.07283285139,-7.145118052e-11,-5.471271632,0.5326432386,-158.729766,-878.729766,3.279386039,-0.4963594831,-0.1932254722,17.87647921,15.73278944,-8.488100236,6.943163777e-12,-5.002399918e-10,0.5395165473,1.689546546e-09,
2712548000,-6.914819303,0.4510856743,-176.6438365,-536.6438365,2.643555845,-0.450312022,-0.02640773347,18.96939177,18.9278274,-1.255059371,4.674965699e-11,-7.363884541e-11,0.06630762977,3.361895327e-10,-5.476036331,0.5323511339,-166.0712574,-886.0712574,3.276713032,-0.5166978004,-0.1281448901,16.42472893,15.46539048,-5.531131688,1.060788251e-11,-3.245313812e-10,0.3576457831,1.729542806e-09,
2724546000,-6.101464567,0.4953666578,-178.9940076,-538.9940076,2.963273594,-0.4952903041,-0.008697141471,16.87886577,16.87438341,-0.3889652543,1.501810647e-10,-2.272148935e-11,0.02305063508,5.930504336e-10,-5.482040479,0.5319832717,-173.49938,-893.49938,3.273351526,-0.5285629547,-0.06022793581,15.53420337,15.31951541,-2.573698106,2.269699615e-11,-1.503431308e-10,0.168001274,1.80038307e-09,
2736544000,-5.460698231,0.5332920241,177.8721708,-542.1278292,3.285334949,-0.5329243073,0.01980064713,15.24720462,15.2239107,0.8424914617,-6.903227531e-11,4.899854731e-11,0.05534001602,7.355221739e-10,-5.494824276,0.5312008804,178.439011,-901.560989,3.266219616,-0.5310037488,0.01447045759,15.32323085,15.31079207,0.6172924447,-9.421644965e-11,3.590117459e-11,0.04031747292,1.847548825e-09,
2748542000,-4.993794037,0.5627432548,174.276738,-545.723262,3.57397175,-0.5599380721,0.05611885826,14.21014681,14.02225101,2.303204015,-2.514116192e-11,1.333675468e-10,0.1642535148,7.820806757e-10,-5.578371998,0.5261158674,170.1333069,-909.8666931,3.220440952,-0.5183341427,0.09015332743,16.10872966,15.63027151,3.896894096,-1.485932736e-11,2.256505297e-10,0.2493171084,1.85664628e-09,
2760540000,-4.682590963,0.5832710911,170.8361597,-549.1638403,3.799283077,-0.5758267849,0.09289068615,13.75382207,13.2390096,3.727766941,-1.54659761e-11,2.149190141e-10,0.2815744572,7.645299671e-10,-5.773809658,0.5144101357,162.2119957,-917.7880043,3.118702112,-0.4898179226,0.157150216,17.81733342,16.38366987,7.002337603,-8.233472546e-12,4.03709652e-10,0.4273973817,1.81112975e-09,
2772538000,-4.468525411,0.5978245277,167.6338709,-552.3661291,3.972953693,-0.5839544309,0.1280288582,13.69622939,12.72334106,5.069841394,-1.13226544e-11,2.910294894e-10,0.3984677743,7.229587095e-10,-6.010026049,0.5006090512,154.5172519,-925.4827481,3.004878352,-0.4519072354,0.2153816908,20.06045638,17.39190185,9.997182613,-5.742023944e-12,5.7387889e-10,0.5748182515,1.725241942e-09,
2784536000,-4.28976538,0.6102555404,164.6825094,-555.3174906,4.131567495,-0.5885773237,0.1612096728,13.83694893,12.30774295,6.323022936,-9.039461042e-12,3.614032484e-10,0.5137434997,6.990832339e-10,-6.296977896,0.4843408562,147.133156,-932.866844,2.878531049,-0.4068143762,0.2628462066,22.66737772,18.68490376,12.83294137,-4.453906386e-12,7.3348883e-10,0.686807999,1.626830921e-09,
2796534000,-4.173881345,0.6184519066,161.7402576,-558.2597424,4.241803156,-0.5873102947,0.1937766201,14.25553739,12.07454597,7.577973729,-7.51012097e-12,4.312738474e-10,0.6275990622,6.95964718e-10,-6.618177383,0.4667573128,140.4137117,-939.5862883,2.750637464,-0.3597138818,0.2974362323,25.36160715,20.18638277,15.35321036,-3.706814281e-12,8.737742222e-10,0.7605726363,1.497259642e-09,
2808532000,-4.066407468,0.6261517902,158.6852851,-561.3147149,4.349764818,-0.5833216964,0.2276002261,14.84083421,11.87969845,8.895118025,-6.370727663e-12,5.040718792e-10,0.7487663143,7.08730724e-10,-6.932806044,0.4501525325,134.1300745,-945.8699255,2.637372396,-0.313436547,0.3231018934,28.04948524,21.79169626,17.66056613,-3.208751863e-12,1.000795575e-09,0.8104264081,1.360643235e-09,
2820530000,-4.043475985,0.627807068,155.6021506,-564.3978494,4.373557174,-0.5717433731,0.2593284209,15.71426761,11.93748996,10.21932189,-5.521630352e-12,5.766489258e-10,0.8560695699,7.222614876e-10,-7.191758026,0.4369302353,128.6833745,-951.3166255,2.551957725,-0.2730884636,0.3410728978,30.46132468,23.28878521,19.63478506,-2.873844443e-12,1.10793826e-09,0.8431004402,1.247493257e-09,
2832528000,-4.090400847,0.6244245329,152.4455307,-567.5544693,4.325161453,-0.5535969712,0.28885358,16.82380422,12.21605097,11.56756185,-4.857402474e-12,6.499616767e-10,0.9469149959,7.208143096e-10,-7.369178817,0.4280958908,123.613329,-956.386671,2.497089753,-0.2369875925,0.3565150386,32.7106617,24.64136996,21.51256088,-2.611883535e-12,1.208754301e-09,0.8730261716,1.170867433e-09,
2844526000,-4.229374673,0.614513271,149.2618869,-570.7381131,4.188246053,-0.5281818184,0.3140868143,18.16522976,12.78504409,12.90419389,-4.335900865e-12,7.220064939e-10,1.009319467,6.969950935e-10,-7.453291952,0.4239702687,118.7307211,-961.2692789,2.472043006,-0.2037998543,0.3717746739,34.87263223,25.83705403,23.42108277,-2.388929069e-12,1.310440156e-09,0.9064919997,1.169298486e-09,
2856524000,-4.486677295,0.5965764909,146.2884228,-573.7115772,3.957569291,-0.4962573774,0.3311074219,19.66835423,13.71341086,14.09916738,-3.951743867e-12,7.855534148e-10,1.028129874,6.159151155e-10,-7.425815406,0.4253135604,113.8198798,-966.1801202,2.480158678,-0.1717682973,0.3890851793,37.05709162,26.86608543,25.52335192,-2.182953806e-12,1.422066688e-09,0.950021245,1.240714771e-09,
2868522000,-4.893278489,0.5692933038,143.6281197,-576.3718803,3.643531242,-0.458386394,0.337604472,21.31723514,15.08132649,15.06579255,-3.682730712e-12,8.358992385e-10,0.9989699881,4.622283654e-10,-7.264651399,0.4332787902,108.3274613,-971.6725387,2.529072082,-0.1362434194,0.4113006695,39.58490615,27.81330774,28.16708552,-1.96979048e-12,1.562801643e-09,1.012719731,1.387025576e-09,
2880520000,-5.407865578,0.536545703,141.9608651,-578.0391349,3.315420125,-0.4225780585,0.330619231,22.77916903,16.69259774,15.49992652,-3.564672184e-12,8.564043727e-10,0.928550892,2.15151706e-10,-7.028217103,0.445234844,102.0199864,-977.9800136,2.605129087,-0.09272144037,0.4354730771,42.77722501,28.97229499,31.47216393,-1.755588115e-12,1.738904941e-09,1.086284809,1.593726508e-09,
2892518000,-6.037363175,0.4990359596,141.4431971,-578.5568029,2.992302519,-0.3902414357,0.3110442265,24.02443569,18.50100515,15.32600138,-3.59017155e-12,8.432821775e-10,0.8283874986,-1.33196703e-10,-6.767946597,0.4587780912,94.67590866,-985.3240913,2.695341906,-0.03739933401,0.4572511638,47.00018191,30.7141291,35.57610677,-1.546627193e-12,1.957503202e-09,1.158297754,1.820158742e-09,
2904516000,-6.715393515,0.4615622952,142.7343818,-577.2656182,2.714450125,-0.3673283415,0.2794810223,24.77976994,20.20233321,14.34931118,-3.81869792e-12,7.862803317e-10,0.7102798982,-5.51997322e-10,-6.603955948,0.467522162,86.22690097,-993.773099,2.756024866,0.0307654898,0.4665087958,52.59179462,33.7680193,40.31895006,-1.359055349e-12,2.209304477e-09,1.193998076,2.011921746e-09,
2916514000,-7.23913157,0.4345536694,146.1179306,-573.8820694,2.537028877,-0.3607607156,0.2422572964,24.72963245,21.2306534,12.68124904,-4.303224806e-12,6.920191258e-10,0.597308467,-9.548127526e-10,-6.552711604,0.4702885658,76.91512776,-1003.084872,2.775640605,0.1064705761,0.4580778881,59.63232821,38.62355433,45.43385983,-1.201092437e-12,2.47933779e-09,1.176325189,2.126399297e-09,
2928512000,-7.486892457,0.4223333498,151.5446533,-568.4553467,2.462204369,-0.3713107164,0.2012307388,23.8135161,21.38574046,10.47538324,-5.188038654e-12,5.693024387e-10,0.4898302801,-1.166958978e-09,-6.689859052,0.4629211756,67.45011006,-1012.54989,2.723848175,0.1775245998,0.427528983,67.57254598,45.7205061,49.75624878,-1.092258651e-12,2.704087585e-09,1.08826986,2.140568464e-09,
2940510000,-7.319493275,0.4305517276,157.6585795,-562.3414205,2.512171512,-0.3982324304,0.1636634399,22.14931316,20.55224825,8.258157505,-6.554118801e-12,4.469723238e-10,0.4018128531,-1.109325331e-09,-6.993290714,0.4470287595,58.14173434,-1021.858266,2.616824626,0.2359506315,0.3796867279,75.77187088,54.96143152,52.15953855,-1.037680679e-12,2.823132174e-09,0.9490207425,2.071297317e-09,
2952508000,-6.747245619,0.4598727956,162.1661702,-557.8338298,2.702831451,-0.4377753246,0.1408394594,20.06001192,18.89085537,6.748308069,-7.987928119e-12,3.63767545e-10,0.3572261783,-7.957466988e-10,-7.384947167,0.4273194312,49.3850249,-1030.614975,2.492348281,0.2781732591,0.3243786896,83.31776654,65.26076519,51.79655151,-1.040706344e-12,2.792093098e-09,0.7936859361,1.981746865e-09,
2964506000,-5.943495105,0.5044582684,164.7646057,-555.2353943,3.035987027,-0.4867287514,0.1325641997,17.75774412,16.73122508,5.950091058,-9.022859316e-12,3.194415541e-10,0.355627937,-3.637868753e-10,-7.843969605,0.4053232532,41.21510496,-1038.784895,2.363171691,0.3049008632,0.2670625455,89.4360645,75.35936401,48.16405184,-1.114666073e-12,2.585775482e-09,0.6391249777,1.871387942e-09,
2976504000,-5.153350563,0.552500241,165.1769042,-554.8230958,3.46927615,-0.5341132211,0.1413491542,15.80078529,14.63552711,5.955347339,-8.978557429e-12,3.184349716e-10,0.4069103418,3.629489886e-11,-8.335789996,0.3830103414,33.11482676,-1046.885173,2.241545417,0.3208007946,0.209245721,94.08130529,84.46950742,41.42697579,-1.290715218e-12,2.21511813e-09,0.4904370471,1.78420886e-09,
2988502000,-4.445533936,0.5994090603,164.0096994,-555.9903006,3.992624151,-0.5762169309,0.1651219855,14.34892751,12.75435721,6.574046918,-8.100909521e-12,3.501058601e-10,0.5154353772,3.38766641e-10,-8.873779599,0.360007062,25.86159086,-1054.138409,2.125034483,0.3239524965,0.157034597,96.04785618,90.34614384,32.60007622,-1.633608428e-12,1.736141812e-09,0.3608352813,1.689650873e-09,
3000500000,-3.889160605,0.6390604925,161.7597843,-558.2402157,4.541094722,-0.6069493583,0.2000269721,13.61721878,11.28021884,7.627929631,-6.953762003e-12,4.04606801e-10,0.6762217775,5.099117942e-10,-9.487142628,0.3354616422,18.52929372,-1061.470706,2.009608063,0.3180717475,0.1066061762,95.79506712,93.1446493,22.37787281,-2.370323921e-12,1.186985194e-09,0.2402486131,1.548019055e-09,
3012498000,-3.513766681,0.6672854664,159.1570258,-560.8429742,5.011159112,-0.6236176839,0.2374255212,13.56007778,10.3013746,8.818015124,-5.991320123e-12,4.658694197e-10,0.8560037339,5.525345013e-10,-10.17821199,0.3098056974,12.01749537,-1067.982505,1.897734728,0.3030160171,0.06450475586,93.19153683,92.25686053,13.16564553,-4.01283411e-12,6.955614792e-10,0.1427064118,1.367025159e-09,
3024496000,-3.299899885,0.6839195302,156.5909819,-563.4090181,5.327502618,-0.6276275534,0.2717159877,13.96741974,9.773299206,9.978548838,-5.273509466e-12,5.250909151e-10,1.021001059,4.722504086e-10,-10.92452089,0.284298099,6.605235789,-1073.394764,1.794459533,0.2824110016,0.03270222074,89.29191062,89.06671744,6.337597847,-8.30314151e-12,3.334968949e-10,0.07115562388,1.164845755e-09,
3036494000,-3.220958957,0.6901636028,154.6613444,-565.3386556,5.455019546,-0.6237657368,0.2953677441,14.49107002,9.612732038,10.84373058,-4.83358083e-12,5.683638182e-10,1.128059176,3.197526363e-10,-11.58292918,0.2635442475,2.300797671,-1077.699202,1.715709659,0.2633317877,0.01058016917,85.74048599,85.71832657,1.949212455,-2.68898591e-11,1.021661157e-10,0.02273973995,1.049017941e-09,
3048492000,-3.177801929,0.6936013081,153.8087162,-566.1912838,5.527443012,-0.6223861572,0.3061343592,14.72177226,9.518430151,11.23076426,-4.648638348e-12,5.863330615e-10,1.179896694,1.686104306e-10,-12.07244992,0.249102166,-1.768832293,-1081.768832,1.663478185,0.2489834686,-0.007689047462,83.15007916,83.13890557,-1.363100972,3.830072937e-11,-7.116445037e-11,0.01639546447,1.043873677e-09,
3060490000,-3.049313545,0.7039378587,153.6426528,-566.3573472,5.755338562,-0.6307582476,0.3125260661,14.5669005,9.148771427,11.3355446,-4.587613021e-12,5.894833691e-10,1.239023698,9.782960575e-11,-12.49855447,0.237176839,-6.450481653,-1086.450482,1.621839638,0.2356753486,-0.02664550603,80.80416055,80.67564275,-4.555549295,1.141532857e-11,-2.369026492e-10,0.05646746825,1.09238736e-09,
3072488000,-2.782097398,0.7259306444,153.4589494,-566.5410506,6.29742293,-0.649428041,0.3243740433,14.20619657,8.36965543,11.47888884,-4.512633736e-12,5.946066838e-10,1.371488819,1.272524459e-10,-12.99344541,0.224041117,-11.56303802,-1091.563038,1.577456156,0.2194941494,-0.04490813394,78.04591027,77.69928521,-7.347461392,7.050056923e-12,-3.805986548e-10,0.0945627926,1.081364844e-09,
3084486000,-2.466414191,0.7527994454,152.7234605,-567.2765395,7.090596735,-0.6690918796,0.3449971907,14.02394802,7.457991198,11.87642561,-4.344617782e-12,6.12806102e-10,1.592442964,2.217573033e-10,-13.60598726,0.2087856457,-16.39373385,-1096.393734,1.527760005,0.2002974333,-0.05892693819,74.93371865,74.3712008,-9.164424835,5.630307502e-12,-4.728708488e-10,0.123225452,9.647053196e-10,
3096484000,-2.154658751,0.7803098021,151.5201176,-568.4798824,8.103728883,-0.6858802976,0.3720908554,14.10267838,6.560941445,12.4835726,-4.117298937e-12,6.416381567e-10,1.902710564,3.201975716e-10,-14.2815656,0.1931620118,-20.1507939,-1100.150794,1.478812388,0.1813384147,-0.06654278439,72.0274224,71.34886403,-9.863527787,5.210975352e-12,-5.069715211e-10,0.1382436556,7.617398086e-10,
3108482000,-1.888699035,0.8045722477,149.8229093,-570.1770907,9.233961024,-0.695533287,0.4044378178,14.52098692,5.803435052,13.31086784,-3.846497047e-12,6.815192796e-10,2.293618817,3.876486552e-10,-14.95371715,0.178778028,-22.99076568,-1102.990766,1.435395141,0.1645772987,-0.06982761673,69.58242624,68.86943614,-9.935532534,5.153243035e-12,-5.087013903e-10,0.14426621,5.416419102e-10,
3120480000,-1.669381606,0.8251462299,147.9941102,-572.0058898,10.43812912,-0.6997187369,0.4373328137,15.11323796,5.180230956,14.19771703,-3.592362977e-12,7.241311743e-10,2.740749815,4.216115249e-10,-15.502536,0.1678313933,-24.71535971,-1104.71536,1.403359108,0.1524573872,-0.07017208613,67.88181701,67.18486878,-9.702292936,5.256834995e-12,-4.948494719e-10,0.144411876,3.697813078e-10,
3132478000,-1.495107037,0.8418692526,146.1146488,-573.8853512,11.64776163,-0.6988818486,0.4693697905,15.81976861,4.687839289,15.10924358,-3.362709721e-12,7.676704521e-10,3.223072006,4.319723005e-10,-15.90679865,0.1601990983,-25.80896629,-1105.808966,1.381516852,0.1442193425,-0.06974619962,66.75511801,66.08132941,-9.46063866,5.370461985e-12,-4.806761317e-10,0.143166591,2.660579096e-10,
3144476000,-1.342660357,0.8567753876,144.2689567,-575.7310433,12.96408038,-0.6955021924,0.5003406492,16.56628301,4.254881764,16.01055008,-3.161299145e-12,8.103601959e-10,3.762866037,4.233115436e-10,-16.16135635,0.1555722679,-26.72763863,-1106.727639,1.368467927,0.1389500773,-0.0699686112,66.04427614,65.37544562,-9.375367773,5.398629633e-12,-4.745261609e-10,0.1434080897,2.450003026e-10,
3156474000,-1.224592325,0.8685011218,142.3564394,-577.6435606,14.20925523,-0.6877013664,0.530434755,17.39707653,3.925392885,16.94843835,-2.975008612e-12,8.545699223e-10,4.317641277,4.215541784e-10,-16.2319339,0.154313281,-27.73051926,-1107.730519,1.364941952,0.1365897675,-0.0718040675,65.7241278,65.0242756,-9.565801445,5.271042928e-12,-4.823244496e-10,0.1471112343,3.118540188e-10,
3168472000,-1.14340427,0.8766571646,140.7312095,-579.2687905,15.21496696,-0.6786949169,0.5548882716,18.13322388,3.702468267,17.75121226,-2.829712028e-12,8.916579278e-10,4.794426579,4.197491971e-10,-16.13450786,0.1560538929,-29.04570776,-1109.045708,1.369819569,0.1364274117,-0.07576528773,65.69175137,64.91349213,-10.08190153,4.982276283e-12,-5.064221693e-10,0.1553128817,4.424946334e-10,
3180470000,-1.070709383,0.8840249673,138.7794698,-581.2205302,16.24509106,-0.6649448733,0.5825362291,19.04911272,3.511290212,18.7227011,-2.672762222e-12,9.369088305e-10,5.332142879,4.20184318e-10,-15.92296751,0.1599011638,-31.38485586,-1111.384856,1.380672266,0.1365057812,-0.08327396884,65.68023562,64.7413984,-11.06547262,4.522294702e-12,-5.53730947e-10,0.1709180353,6.35102537e-10,
3192468000,-1.018618392,0.8893425686,136.99237,-583.00763,17.07379744,-0.650343203,0.606616784,19.91054934,3.381237424,19.62134574,-2.540766698e-12,9.781880866e-10,5.803007384,4.231785202e-10,-15.62029767,0.1655713221,-34.45676143,-1114.456761,1.396849549,0.1365223958,-0.09367762882,65.64873196,64.46354806,-12.41801028,4.014593376e-12,-6.190783182e-10,0.1926361589,8.650244974e-10,
3204466000,-0.957403305,0.8956324798,135.1513906,-584.8486094,18.16304993,-0.6349789536,0.6316322249,20.81078791,3.219971133,20.56017217,-2.415670616e-12,1.021153924e-09,6.385203879,4.153163539e-10,-15.25277916,0.172727323,-38.74092085,-1118.740921,1.417582564,0.1347244891,-0.1080927385,65.35894236,63.79428285,-14.21551345,3.493831155e-12,-7.060362736e-10,0.2228336586,1.098120415e-09,
3216464000,-0.9267018095,0.89880382,133.4061165,-586.5938835,18.76359186,-0.6176265905,0.6529821602,21.68880427,3.157168665,21.45778453,-2.305985418e-12,1.061759894e-09,6.796527777,4.114249874e-10,-14.91754188,0.1795241612,-44.04909032,-1124.04909,1.437609867,0.1290319786,-0.1248185601,64.5501711,62.50418945,-16.12299256,3.068992188e-12,-7.977872484e-10,0.2579505903,1.332804645e-09,
3228462000,-0.8868864098,0.9029333197,131.6032584,-588.3967416,19.60439272,-0.5995194976,0.6751777187,22.60752922,3.063890959,22.39894975,-2.200882196e-12,1.104211099e-09,7.310622358,4.080662714e-10,-14.60363659,0.1861307685,-50.30413913,-1130.304139,1.457397236,0.1188839988,-0.1432175192,63.18128295,60.57118868,-17.97235701,2.742959629e-12,-8.859913658e-10,0.2967146163,1.5284638e-09,
3240460000,-0.8683753636,0.9048596697,129.8811375,-590.1188625,20.02157933,-0.5801933382,0.6943678508,23.50514886,3.041614383,23.3075225,-2.107256269e-12,1.144747171e-09,7.662878842,4.0757642e-10,-14.43248741,0.1898347127,-57.45893453,-1137.458935,1.468632057,0.1021128422,-0.1600318268,61.05404076,57.94358114,-19.23895261,2.552889645e-12,-9.449196744e-10,0.3320290571,1.681744361e-09,
3252458000,-0.8472868269,0.9070592544,128.1011176,-591.8988824,20.51908711,-0.5597020245,0.7137857766,24.44687326,3.012131842,24.26059921,-2.017004705e-12,1.187161921e-09,8.054295256,4.037638953e-10,-14.34984808,0.1916494584,-65.04531436,-1145.045314,1.474174132,0.08085716418,-0.1737573995,58.51551793,55.04307239,-19.85764387,2.464227029e-12,-9.717088368e-10,0.3607655425,1.773930999e-09,
3264456000,-0.8479555973,0.9069894181,126.3550035,-593.6449965,20.50292965,-0.5376511645,0.7304526198,25.39109169,3.060288981,25.20599469,-1.934218228e-12,1.228890403e-09,8.23647533,3.956874774e-10,-14.38061429,0.1909718194,-72.99812663,-1152.998127,1.472101773,0.05584072763,-0.1826254335,55.71195044,52.09458551,-19.74779942,2.468826696e-12,-9.627821277e-10,0.3790758527,1.807767684e-09,
3276454000,-0.8577621711,0.9059659835,124.6464788,-595.3535212,20.26889901,-0.5150518931,0.7453159804,26.33167375,3.143340881,26.14338254,-1.858036661e-12,1.269924303e-09,8.317068854,3.863753936e-10,-14.51282695,0.1880869451,-80.84506651,-1160.845067,1.463317947,0.02992551647,-0.1856910401,52.97889188,49.44120564,-19.03497228,2.551900917e-12,-9.246306921e-10,0.3850021866,1.808437719e-09,
3288452000,-0.8905234103,0.902555318,123.0630318,-596.9369682,19.52446536,-0.4923992868,0.756405344,27.22236469,3.311309358,27.0202215,-1.791182014e-12,1.307728322e-09,8.159981017,3.675460275e-10,-14.72286838,0.1835931956,-88.60033247,-1168.600332,1.449759102,0.00448451665,-0.1835384172,50.43572734,47.14834805,-17.9107752,2.70217979e-12,-8.668481121e-10,0.3798812883,1.800224803e-09,
3300450000,-0.935394838,0.8979047274,121.4027859,-598.5972141,18.58954562,-0.4678542761,0.7663845483,28.17288853,3.533392377,27.95043446,-1.725275325e-12,1.347831297e-09,7.910368132,3.431019737e-10,-14.94061043,0.1790480017,-96.29995581,-1176.299956,1.436196031,-0.01964757186,-0.177966738,48.13117269,45.17379026,-16.61139541,2.902958702e-12,-8.010379469e-10,0.3677219759,1.823560633e-09,
3312448000,-1.000151537,0.8912353892,120.0391789,-599.9608211,17.38833409,-0.4461453701,0.7715275936,28.97175664,3.828261561,28.71771398,-1.673097293e-12,1.37981521e-09,7.50150258,3.098313459e-10,-15.17809083,0.1742189767,-104.1490569,-1184.149057,1.421949577,-0.04258701549,-0.1689337087,46.02427476,43.46144789,-15.14385733,3.172740503e-12,-7.276249322e-10,0.3484434612,1.901021943e-09,
3324446000,-1.084636554,0.8826086355,118.7486378,-601.2513622,16.03702831,-0.4245064443,0.7738166981,29.743661,4.204738975,29.4449578,-1.62588533e-12,1.409651588e-09,7.002802784,2.706351218e-10,-15.41953509,0.1694428492,-112.4530492,-1192.453049,1.408022131,-0.06471466924,-0.1565978631,44.05926746,41.93314014,-13.52149427,3.540594255e-12,-6.473297056e-10,0.3224536541,2.069959901e-09,
3336444000,-1.18988911,0.8719780335,117.6988642,-602.3011358,14.62231901,-0.4053167483,0.7720518276,30.38902253,4.660759414,30.02948571,-1.588504309e-12,1.43246555e-09,6.443045658,2.258943687e-10,-15.66429115,0.164734834,-121.5790161,-1201.579016,1.39444919,-0.08626733888,-0.140340699,42.20081876,40.5470094,-11.6982534,4.077699964e-12,-5.580297028e-10,0.2885108809,2.29747597e-09,
3348442000,-1.286077901,0.8623748947,116.7281989,-603.2718011,13.5322323,-0.3878605506,0.7702302593,30.99211752,5.086694549,30.57183159,-1.554733271e-12,1.453111064e-09,6.010156753,1.969938861e-10,-16.0638691,0.1573281896,-132.2886582,-1212.288658,1.373403234,-0.1058608037,-0.1163857787,40.5444099,39.43665717,-9.412717181,5.049662367e-12,-4.473962718e-10,0.2386793875,2.501880383e-09,
3360440000,-1.31826104,0.8591855176,116.1708932,-603.8291068,13.20308456,-0.3789437557,0.7711040032,31.33446869,5.244212611,30.89250981,-1.533101092e-12,1.463110676e-09,5.890781343,2.08124481e-10,-16.75504343,0.1452940496,-143.8484624,-1223.848462,1.339986049,-0.1173190715,-0.08571228797,39.56948178,38.97634105,-6.825593478,6.938787178e-12,-3.232692569e-10,0.175121453,2.567806852e-09,
3372438000,-1.311949049,0.8598101103,115.2582646,-604.7417354,13.26636403,-0.3668802841,0.7776067662,31.88223623,5.271390828,31.44343216,-1.500880837e-12,1.483905014e-09,5.964921438,2.649987073e-10,-17.84196479,0.1282040547,-155.3499355,-1235.349935,1.294114822,-0.1165210781,-0.05347072087,39.59093664,39.3589714,-4.279443273,1.102780006e-11,-2.019591022e-10,0.1087285343,2.410366819e-09,
3384436000,-1.306590054,0.8603407571,113.9390918,-606.0609082,13.32057026,-0.3490964002,0.7863319412,32.68525562,5.327592218,32.24814252,-1.458240384e-12,1.516486436e-09,6.053042576,3.559106265e-10,-19.26886375,0.1087819432,-165.5037613,-1245.503761,1.244119702,-0.1053187695,-0.02722990949,40.47809743,40.41676442,-2.227448207,2.111184609e-11,-1.047469631e-10,0.0551119873,2.08720951e-09,
3396434000,-1.335539192,0.8574781067,112.1210815,-607.8789185,13.03293174,-0.3228963688,0.7943592629,33.82155182,5.559102589,33.3615609,-1.404593292e-12,1.563303549e-09,6.001249369,4.367285542e-10,-20.85409193,0.09063488824,-173.5162547,-1253.516255,1.19933663,-0.09005518127,-0.0102346125,41.7392753,41.73038853,-0.8612637207,5.4407754e-11,-4.035832242e-11,0.02063876592,1.724913179e-09,
3408432000,-1.437767722,0.8474451799,110.0530965,-609.9469035,12.11004136,-0.2905811706,0.7960690399,35.16010649,6.128680903,34.621848,-1.348699673e-12,1.616649019e-09,5.649151677,4.880339645e-10,-22.38504133,0.07598851082,-179.8415143,-1259.841514,1.164475251,-0.07598822012,-0.0002101914055,42.93782073,42.9378169,-0.01815515263,2.571968192e-09,-8.47745322e-13,0.0004228243059,1.492301215e-09,
3420430000,-1.680949713,0.8240480089,107.7694977,-612.2305023,10.36673696,-0.2514898774,0.7847343261,36.70766311,7.3542564,35.96341813,-1.29383371e-12,1.673402399e-09,4.890150163,4.827918028e-10,-23.76135978,0.06485328977,174.567026,-1265.432974,1.138701851,-0.06456194544,0.006140390452,43.93556668,43.93222589,0.5418008275,-8.58815276e-11,2.52103624e-11,0.01233265141,1.532194672e-09,
3432428000,-2.051773855,0.7896075772,105.575107,-614.424893,8.506045767,-0.2120106891,0.7606126437,38.26930258,9.194617763,37.14833137,-1.248186223e-12,1.722495145e-09,4.040225742,3.719337409e-10,-24.91543298,0.05678430976,168.2262643,-1271.773736,1.120405779,-0.05558962618,0.01158668615,44.7344561,44.72237184,1.039720708,-4.459662585e-11,4.820980664e-11,0.02324833558,1.867444705e-09,
3444426000,-2.632455136,0.7385454777,103.9335114,-616.0664886,6.649513891,-0.1778386177,0.7168143753,39.55454423,11.95476838,37.70471432,-1.225483923e-12,1.742203683e-09,3.153947706,1.005283676e-10,-25.97288091,0.0502754486,159.359967,-1280.640033,1.105873747,-0.04704844214,0.01772187417,45.50791531,45.47921256,1.616038497,-2.859246319e-11,7.467151711e-11,0.03553356371,2.52480501e-09,
3456424000,-3.416845056,0.6747730786,103.9386598,-616.0613402,5.149552415,-0.1625413432,0.6549038245,39.83782447,15.29658689,36.7840548,-1.251795882e-12,1.693763308e-09,2.404723032,-3.886135584e-10,-27.06225403,0.04434935402,147.4319324,-1292.568068,1.092814993,-0.03737553062,0.02387330963,46.39908809,46.34608147,2.217229699,-2.076741457e-11,1.020948433e-10,0.04784071551,3.48702693e-09,
3468422000,-4.285249743,0.6105728837,106.4166705,-613.5833295,4.135749197,-0.1725604513,0.5856809174,38.67204336,18.25465386,34.09244124,-1.345953632e-12,1.564394571e-09,1.867602722,-9.792178083e-10,-28.26402321,0.03861880574,130.437493,-1309.562507,1.080340256,-0.02504885621,0.02939331487,47.55838484,47.47617508,2.795133022,-1.641669457e-11,1.28259836e-10,0.0588744358,4.75718863e-09,
3480420000,-4.885577604,0.5697982615,112.7261813,-607.2738187,3.648981677,-0.2201287699,0.5255600664,35.39435462,19.13194461,29.77799581,-1.535652713e-12,1.361707848e-09,1.556454214,-1.396575215e-09,-29.61066026,0.0330724971,107.3802729,-1332.619727,1.068407398,-0.009879159261,0.03156251379,49.02271251,48.92511861,3.091781221,-1.479039324e-11,1.413830125e-10,0.06319414871,6.119551457e-09,
3492418000,-4.883565528,0.5699302698,120.6873301,-599.3126699,3.650408666,-0.2908654888,0.4901201688,31.21521334,17.70682541,25.70715616,-1.772718912e-12,1.171515258e-09,1.451821857,-1.431815398e-09,-30.72310349,0.02909677299,76.6476482,-1363.352352,1.059937535,0.006719575164,0.02831023681,50.67595788,50.59478515,2.867128071,-1.589449818e-11,1.306595044e-10,0.05666845038,7.060819724e-09,
3504416000,-4.261335513,0.6122562461,126.964327,-593.035673,4.158045693,-0.3681604974,0.4891988951,27.49795793,14.80552753,23.17183731,-1.959945551e-12,1.052361492e-09,1.565080154,-1.068446086e-09,-30.99427246,0.02820242007,42.16657375,-1397.833426,1.058041758,0.02090353083,0.01893195437,52.13420013,52.09680911,1.974159026,-2.30050056e-11,8.965749711e-11,0.03789404878,7.180811936e-09,
3516414000,-3.454144191,0.671881666,130.2196557,-589.7803443,5.095361925,-0.4338472111,0.5130317442,25.08503216,11.82722692,22.12183406,-2.045968773e-12,1.001247077e-09,1.870415965,-5.405199542e-10,-30.44377681,0.03004769482,10.5560555,-1429.443945,1.061957056,0.02953917203,0.005504659823,53.04373428,53.04051418,0.5844676696,-7.743898259e-11,2.64533467e-11,0.01101926855,6.432545933e-09,
3528412000,-2.654845955,0.7366440787,131.0346076,-588.9653924,6.594285292,-0.4836177149,0.5556603319,23.94042648,9.111103209,22.1389209,-2.037437957e-12,9.986131709e-10,2.429883669,-1.010225652e-10,-29.58616867,0.03316588318,-14.65361763,-1454.653618,1.068607184,0.03208709183,-0.008390133791,53.31483914,53.30731807,-0.8954960853,5.037060295e-11,-4.039285336e-11,0.0167987458,5.222970965e-09,
3540410000,-2.004887226,0.7938814215,130.3254749,-589.6745251,8.703152501,-0.5137435429,0.6052398563,23.81149265,6.956154709,22.77277089,-1.974016125e-12,1.023722974e-09,3.273758541,1.66431167e-10,-28.88564925,0.03595154323,-33.8620911,-1473.862091,1.074584515,0.02985348299,-0.02003204967,53.07594041,53.03328461,-2.12748058,2.113007159e-11,-9.563837258e-11,0.04011594974,4.002168549e-09,
3552408000,-1.490373245,0.8423281946,129.0931411,-590.9068589,11.68457601,-0.5311577575,0.6537493587,24.16051624,5.239913186,23.58545855,-1.899559791e-12,1.056675447e-09,4.50111628,2.956107082e-10,-28.48802614,0.0376355869,-48.4217231,-1488.421723,1.078214835,0.02497658044,-0.02815329166,52.55955704,52.47620099,-2.958946746,1.514119467e-11,-1.325666987e-10,0.05638645119,3.002535208e-09,
3564406000,-1.108918492,0.8801446945,127.5960749,-592.4039251,15.68678739,-0.5369682561,0.6973663135,24.79856956,3.955381822,24.48109489,-1.823904641e-12,1.093109838e-09,6.189312686,3.443630291e-10,-28.32183468,0.03836262055,-58.99232462,-1498.992325,1.079786043,0.01976261511,-0.03288053678,52.01388299,51.90144932,-3.41812545,1.306306138e-11,-1.526233436e-10,0.06585799616,2.233904992e-09,
3576404000,-0.8111364235,0.9108422739,126.0151805,-593.9848195,21.43215577,-0.5355748748,0.7367450043,25.5673394,2.936557625,25.39813917,-1.752151526e-12,1.130252453e-09,8.648949692,3.572032884e-10,-28.31146965,0.03840842668,-66.93245223,-1506.932452,1.079885115,0.01504903874,-0.03533742596,51.52596219,51.39738018,-3.637868844,1.223281822e-11,-1.61890214e-10,0.070779266,1.620280907e-09,
3588402000,-0.5763403968,0.9357998692,124.4274535,-595.5725465,30.15258451,-0.5290659618,0.7718876883,26.39480458,2.118009854,26.30968915,-1.685789423e-12,1.166903006e-09,12.42189176,3.498728726e-10,-28.4071598,0.03798761342,-72.85103231,-1512.851032,1.07897531,0.01120091692,-0.03629873598,51.13127223,50.9966749,-3.707579932,1.196268092e-11,-1.644407937e-10,0.07270238577,1.112672898e-09,
3600400000,-0.3748556372,0.9577611533,122.9631467,-597.0368533,46.34977771,-0.5211173453,0.8035814453,27.18814915,1.397067482,27.15223116,-1.628035446e-12,1.200258806e-09,19.43516079,3.403123366e-10,-28.63238314,0.03701526332,-76.48460385,-1516.484604,1.076876116,0.008650712983,-0.03599020538,50.87148132,50.73984502,-3.657285843,1.208677601e-11,-1.616695701e-10,0.07207916858,6.647208498e-10,
3612398000,-0.2250956278,0.9744178221,121.5660973,-598.4339027,77.17942665,-0.5100900298,0.8302398771,27.97024112,0.8504295995,27.95730956,-1.575901843e-12,1.231742463e-09,32.87433736,3.350014666e-10,-28.79880942,0.03631278254,-78.24597778,-1518.245978,1.075362175,0.007397294385,-0.03555134613,50.74429444,50.61617112,-3.603697941,1.222576819e-11,-1.587716361e-10,0.07119657336,2.429476197e-10,
3624396000,-0.07411294049,0.9915037314,120.0963373,-599.9036627,234.3974555,-0.4971949298,0.8578326476,28.81219647,0.2841397785,28.81079537,-1.524155373e-12,1.26514335e-09,101.3965574,3.283074075e-10,-28.90754702,0.03586102092,-78.59055685,-1518.590557,1.074389734,0.007093987714,-0.03515235639,50.71357909,50.58838886,-3.561181874,1.233077391e-11,-1.563790763e-10,0.07039524196,-1.203385498e-10,
3636394000,0.02403164999,1.002770577,118.6260325,-601.3739675,nan,-0.480418081,0.8801973059,29.6725368,-0.09352848604,29.6723894,-1.475015824e-12,1.298678704e-09,-317.2551022,3.201378262e-10,-28.92304878,0.03579707661,-77.04484978,-1517.04485,1.074252164,0.00802528474,-0.03488589255,50.80802969,50.6844948,-3.540885078,1.236053781e-11,-1.549747808e-10,0.06986130752,-4.035527309e-10,
3648392000,0.1239324362,1.014370526,117.342921,-602.657079,nan,-0.4659156993,0.9010383598,30.43640248,-0.4888504858,30.43247642,-1.433446019e-12,1.327565419e-09,-62.25313732,2.998332993e-10,-28.66123025,0.03689253412,-74.48628839,-1514.486288,1.076611459,0.009867608376,-0.03554840895,50.99532441,50.86657756,-3.621380715,1.20460442e-11,-1.579766214e-10,0.07119371674,-6.038410959e-10,
3660390000,0.2574282756,1.030081088,116.0289809,-603.9710191,nan,-0.4520260661,0.9256022276,31.23333837,-1.029757059,31.21635831,-1.392869839e-12,1.357297373e-09,-30.31429406,2.800153307e-10,-28.09793392,0.03936436988,-71.58282581,-1511.582826,1.08195484,0.01243652097,-0.03734818017,51.25753709,51.11469532,-3.824007204,1.137035619e-11,-1.662690722e-10,0.07481228599,-6.610672284e-10,
3672388000,0.2956504355,1.034623936,114.9195432,-605.0804568,nan,-0.4359338046,0.9383008088,31.91235246,-1.197130604,31.88989052,-1.358997143e-12,1.382052689e-09,-26.63860602,2.644739469e-10,-27.37693087,0.04277139909,-68.28077499,-1508.280775,1.089365067,0.01582791967,-0.03973499136,51.60567061,51.44288896,-4.095658064,1.05815157e-11,-1.774987354e-10,0.07961563097,-6.264413893e-10,
3684386000,0.3753144463,1.044156803,113.7903983,-606.2096017,nan,-0.4212044601,0.9554319608,32.61521219,-1.538927949,32.5788853,-1.325924476e-12,1.407314715e-09,-21.16985744,2.460039901e-10,-26.31439933,0.04833703794,-65.87093418,-1505.870934,1.101584363,0.01975986611,-0.04411368187,52.0118234,51.80962754,-4.58173193,9.428125015e-12,-1.979177221e-10,0.08843398702,-4.673001883e-10,
3696384000,0.4419986118,1.052203957,112.7505271,-607.2494729,nan,-0.4069077305,0.970339768,33.2706018,-1.833876254,33.22002171,-1.29611381e-12,1.430352113e-09,-18.1146474,2.341668794e-10,-25.10017652,0.05558929601,-63.81335539,-1503.813355,1.117722715,0.02453137255,-0.04988368062,52.50842673,52.24744092,-5.228747028,8.2346552e-12,-2.25133789e-10,0.100076615,-1.871964495e-10,
3708382000,0.4902205923,1.058061787,111.8006884,-608.1993116,nan,-0.3929419186,0.9823906521,33.87530456,-2.056440175,33.81282764,-1.269270471e-12,1.451166212e-09,-16.44240764,2.351585095e-10,-23.70911564,0.06524454667,-63.72453383,-1503.724534,1.139597039,0.02888293078,-0.05850322367,52.96374242,52.6018293,-6.181065042,6.943402695e-12,-2.652766233e-10,0.1175066556,1.545600739e-10,
3720380000,0.5274586228,1.062607633,110.8572366,-609.1427634,nan,-0.3783315074,0.9929754537,34.48170895,-2.237422394,34.40904232,-1.243255088e-12,1.471991886e-09,-15.37887634,2.315235716e-10,-22.24398752,0.07723259442,-65.31120577,-1505.311206,1.167393417,0.03225923463,-0.07017275412,53.3165649,52.79297482,-7.453717365,5.739312995e-12,-3.188641921e-10,0.1411876749,5.594680628e-10,
3732378000,0.5580527908,1.066357038,109.6584663,-610.3415337,nan,-0.3587360485,1.004204053,35.26046963,-2.401699707,35.17858094,-1.212149521e-12,1.500074496e-09,-14.64736863,2.344524533e-10,-20.75611385,0.09166305078,-68.45995017,-1508.45995,1.201826097,0.03365422661,-0.08526140926,53.45659568,52.68327296,-9.059821858,4.706681953e-12,-3.86326206e-10,0.171967711,9.876634626e-10,
3744376000,0.5733209283,1.068233138,108.8215625,-611.1784375,nan,-0.3446354373,1.011112483,35.81027769,-2.492976107,35.72339651,-1.189838273e-12,1.51842527e-09,-14.32961849,2.311983163e-10,-19.24812505,0.1090419846,-73.52814329,-1513.528143,1.244774687,0.0309182381,-0.1045668062,53.1548375,52.00284301,-11.00641034,3.861846244e-12,-4.678281804e-10,0.2116501656,1.414656689e-09,
3756374000,0.6173492147,1.073661699,107.7551965,-612.2448035,nan,-0.3274138612,1.022521202,36.52150894,-2.720307138,36.4200569,-1.163350781e-12,1.543092377e-09,-13.38821503,2.245060707e-10,-17.80242094,0.128789054,-80.94604027,-1520.94604,1.295655271,0.02026683482,-0.1271844166,52.03499525,50.37705069,-13.03048329,3.251552587e-12,-5.52092477e-10,0.2586591138,1.807578796e-09,
3768372000,0.6297438721,1.075194895,106.8158202,-613.1841798,nan,-0.3110497069,1.02921919,37.15331016,-2.80842338,37.04701357,-1.140021808e-12,1.564658515e-09,-13.19139195,2.345616422e-10,-16.53321271,0.1490525343,-89.61965244,-1529.619652,1.350321354,0.0009894507457,-0.1490492502,50.0968885,47.91938623,-14.60926624,2.890932554e-12,-6.170136434e-10,0.3048717313,2.136389515e-09,
3780370000,0.6453419975,1.077127465,105.8128145,-614.1871855,nan,-0.2935123289,1.036365808,37.83656419,-2.915731101,37.72405203,-1.116008464e-12,1.588196223e-09,-12.93811079,2.279182685e-10,-15.4549918,0.1687525755,-99.45139031,-1539.45139,1.406022492,-0.02771099251,-0.1664618054,47.37446375,44.81608502,-15.35768013,2.741322974e-12,-6.465638832e-10,0.3426823232,2.338227967e-09,
3792368000,0.6688248025,1.080043482,104.7270664,-615.2729336,nan,-0.2745630929,1.044561645,38.58689952,-3.06548625,38.46493999,-1.091049863e-12,1.61426458e-09,-12.54774507,2.15333261e-10,-14.66137337,0.1848976244,-110.4137908,-1550.413791,1.453679513,-0.06449185431,-0.1732856955,44.10840413,41.5163807,-14.89769942,2.817023376e-12,-6.252142468e-10,0.3588390694,2.418314557e-09,
3804366000,0.6133665823,1.073169519,103.8773593,-616.1226407,nan,-0.2573937432,1.041845132,39.1753239,-2.844439108,39.07192302,-1.070712945e-12,1.634566623e-09,-13.73624871,1.954420666e-10,-14.11196739,0.1969707011,-121.0462776,-1561.046278,1.490569152,-0.1015837464,-0.1687548504,41.01307544,38.6968466,-13.58773051,3.078866903e-12,-5.684401754e-10,0.351132759,2.372029617e-09,
3816364000,0.604084964,1.072023358,103.1331246,-616.8668754,nan,-0.2435790982,1.04398434,39.69999143,-2.830270775,39.59897583,-1.053140677e-12,1.651407661e-09,-13.99123228,1.631414491e-10,-13.83760191,0.2032918202,-131.0490973,-1571.049097,1.510329441,-0.1335028576,-0.1533119407,38.46551638,36.63716466,-11.7181106,3.558875116e-12,-4.886837905e-10,0.3198421795,2.218280598e-09,
3828362000,0.5640153507,1.067089306,102.3889404,-617.6110596,nan,-0.2289405953,1.042240755,40.22801196,-2.670447539,40.13927822,-1.035708585e-12,1.668693959e-09,-15.03091809,1.249987304e-10,-13.67512649,0.2071303198,-140.3610375,-1580.361037,1.522482635,-0.159506834,-0.1321383339,36.45279395,35.1378713,-9.702380474,4.284783013e-12,-4.033531344e-10,0.2761231718,2.060036013e-09,
3840360000,0.4743374621,1.056128769,101.9480079,-618.0519921,nan,-0.2186440032,1.033248652,40.53983341,-2.260511593,40.47676099,-1.023864398e-12,1.67746685e-09,-17.90601787,7.369650383e-11,-13.60646891,0.2087740685,-148.6632859,-1588.663286,1.527723019,-0.1783193092,-0.1085764046,35.02135817,34.15212667,-7.754209985,5.34454375e-12,-3.213555107e-10,0.2270491106,1.959051371e-09,
3852358000,0.3866388337,1.045519029,101.7703951,-618.2296049,nan,-0.2132756785,1.023534819,40.66391777,-1.8476697,40.62191927,-1.017028337e-12,1.67823947e-09,-21.9854876,7.194900974e-12,-13.45579932,0.2124271557,-156.728545,-1596.728545,1.539447639,-0.1951447896,-0.08392739453,33.77127542,33.26127936,-5.84690851,7.065895237e-12,-2.415570908e-10,0.1757872404,1.963287129e-09,
3864356000,0.3302271182,1.038750763,101.8508181,-618.1491819,nan,-0.2133221885,1.016610443,40.60338027,-1.576501631,40.57276342,-1.015099034e-12,1.671004393e-09,-25.73594764,-5.786911165e-11,-13.32338308,0.2156904149,-165.1738006,-1605.173801,1.550013461,-0.2085093219,-0.05519255151,32.79190939,32.5743401,-3.771165382,1.092112617e-11,-1.553168528e-10,0.1157710447,2.075650811e-09,
3876354000,0.271188977,1.031714297,102.2821513,-617.7178487,nan,-0.2194724645,1.008100307,40.29013786,-1.286948211,40.26957875,-1.019576023e-12,1.653384215e-09,-31.29075312,-1.192394967e-10,-13.23974757,0.2177773061,-174.5057143,-1614.505714,1.55681664,-0.2167767833,-0.02085140999,32.19101976,32.16021518,-1.407946268,2.916155104e-11,-5.780731279e-11,0.04377913084,2.212398622e-09,
3888352000,0.2599855366,1.030384405,102.9418942,-617.0581058,nan,-0.2307677701,1.004210266,39.81741135,-1.222482315,39.79864048,-1.028457433e-12,1.629006417e-09,-32.55559609,-1.48934381e-10,-13.38326456,0.2142085354,175.3987135,-1624.601286,1.545204536,-0.2135181579,0.01718408823,32.40951463,32.38850918,1.166666854,-3.508388664e-11,4.775308324e-11,0.03602101125,2.232962423e-09,
3900350000,0.3921929825,1.046187795,103.8000009,-616.1999991,nan,-0.2495508076,1.015988827,39.21510757,-1.821956334,39.17276014,-1.041675328e-12,1.598456141e-09,-21.50038363,-1.328741805e-10,-13.81778031,0.2037562713,165.2053523,-1634.794648,1.511793723,-0.19700119,0.05203027232,33.58073467,33.38455928,3.624492075,-1.125821133e-11,1.478984783e-10,0.1085679174,2.047253115e-09,
3912348000,0.5695605814,1.067770773,104.3083397,-615.6916603,nan,-0.2638889287,1.034648277,38.87002111,-2.626293677,38.78119548,-1.048966119e-12,1.577625242e-09,-14.76651138,-7.836097655e-11,-14.58101782,0.1866161,156.7467164,-1643.253284,1.458863521,-0.1714570103,0.07367538519,35.43331009,35.02746232,5.34755521,-7.60724453e-12,2.175394022e-10,0.152667503,1.64406328e-09,
3924346000,0.7596569054,1.091397225,104.4685325,-615.5314675,nan,-0.2726836855,1.056783569,38.77546605,-3.492542229,38.61785748,-1.050182229e-12,1.566177628e-09,-11.05723423,5.919250381e-13,-15.53993321,0.1671103465,150.6069871,-1649.393013,1.401278479,-0.1455988447,0.08201734156,37.36636974,36.84545419,6.217563252,-6.522778461e-12,2.52158175e-10,0.1687470921,1.097942468e-09,
3936344000,0.9585430623,1.116675925,104.2999434,-615.7000566,nan,-0.2758167819,1.082076811,38.91589425,-4.412299682,38.66495101,-1.045706055e-12,1.563308003e-09,-8.762992952,6.323669951e-11,-16.45728554,0.1503611792,147.192048,-1652.807952,1.353941406,-0.1263772798,0.08146942589,38.8469793,38.31816832,6.387939989,-6.329454167e-12,2.582782972e-10,0.1667078639,5.618883756e-10,
3948342000,1.102121298,1.135288046,103.7914156,-616.2085844,nan,-0.2706389942,1.1025577,39.29034862,-5.103585303,38.95747569,-1.034700264e-12,1.570348978e-09,-7.63335447,1.086578083e-10,-17.26899142,0.1369463397,146.2710819,-1653.728918,1.317353013,-0.113894707,0.0760414077,39.82858247,39.35865582,6.100179789,-6.607888907e-12,2.458940404e-10,0.1549895356,1.32793779e-10,
3960340000,1.267461371,1.157105795,103.2812131,-616.7187869,nan,-0.2658226395,1.126158135,39.67319824,-5.902964717,39.23159016,-1.024357963e-12,1.576607438e-09,-6.646082442,1.444858551e-10,-17.73931809,0.1297281113,146.7799029,-1653.220097,1.298132372,-0.1085269313,0.07107241416,40.25473985,39.84050439,5.76005991,-6.976870451e-12,2.314806323e-10,0.1445779866,-1.200362178e-10,
3972338000,1.383906475,1.172722678,102.6312802,-617.3687198,nan,-0.2564463074,1.144339885,40.15072384,-6.496818714,39.62160991,-1.011211079e-12,1.58747193e-09,-6.098617131,1.800541223e-10,-17.96499549,0.1264009172,147.945192,-1652.054808,1.289379693,-0.1071299343,0.06708479003,40.36325999,39.99321918,5.452997002,-7.347484488e-12,2.184787467e-10,0.1363480388,-1.663902068e-10,
3984336000,1.476483292,1.185288756,101.7596368,-618.2403632,nan,-0.2415694553,1.160410976,40.78669721,-7.010087555,40.17976284,-9.941611945e-13,1.604987097e-09,-5.731706277,1.97045156e-10,-17.91286729,0.1271617908,148.947343,-1651.052657,1.291375399,-0.1089386923,0.06559331034,40.2147297,39.86191271,5.315298644,-7.515130136e-12,2.123204602e-10,0.1333427897,-8.461652051e-11,
3996334000,1.571560423,1.198334385,100.6636829,-619.3363171,nan,-0.2217442844,1.177639491,41.59229777,-7.570866939,40.89744745,-9.737829153e-13,1.62875048e-09,-5.401950368,2.04793453e-10,-17.58966992,0.1319825467,148.7807913,-1651.219209,1.304101136,-0.1128702254,0.06840836818,39.90075049,39.51947984,5.502781363,-7.237292012e-12,2.191495642e-10,0.1392422518,1.204525376e-10,
4008332000,1.666577554,1.211515229,100.0095457,-619.9904543,nan,-0.2105761865,1.193074524,42.08432803,-8.09591307,41.298267,-9.614453826e-13,1.639790151e-09,-5.101125301,1.917202697e-10,-17.06953866,0.1401274009,148.1895155,-1651.810484,1.325925959,-0.1190797401,0.07386273752,39.41149629,38.97154067,5.872397936,-6.761467556e-12,2.331695975e-10,0.1506842643,3.519057623e-10,
4020330000,1.743137681,1.222241101,99.08352435,-620.9164756,nan,-0.1929602452,1.206913275,42.7779286,-8.574803342,41.90971156,-9.445908996e-13,1.659102053e-09,-4.88754201,1.879355302e-10,-16.4286042,0.1508585017,145.7227646,-1654.277235,1.355320055,-0.1246577182,0.08496317344,38.98773255,38.41136304,6.679107652,-5.927069034e-12,2.644093889e-10,0.1738836408,6.236653166e-10,
4032328000,1.832194262,1.234837225,98.40924845,-621.5907515,nan,-0.1805859435,1.221561169,43.29281656,-9.092583285,42.32721223,-9.32490926e-13,1.670644117e-09,-4.655136049,1.832411556e-10,-15.74295904,0.1632495708,142.8764588,-1657.123541,1.390198953,-0.1301647631,0.09852693452,38.58241856,37.81525807,7.655669743,-5.155622258e-12,3.021673044e-10,0.2024492264,9.445212773e-10,
4044326000,1.964354333,1.253769546,97.40510069,-622.5948993,nan,-0.1615906818,1.243312723,44.06644318,-9.877624856,42.9451271,-9.163472562e-13,1.69000453e-09,-4.347717972,1.756345388e-10,-14.93754719,0.1791111575,137.968394,-1662.031606,1.436383462,-0.1330393976,0.1199221641,38.40793115,37.28043885,9.237859803,-4.259931437e-12,3.635342579e-10,0.2477937516,1.269590421e-09,
4056324000,2.080605332,1.270662656,96.89140828,-623.1085917,nan,-0.1524642324,1.261482558,44.47218176,-10.52545041,43.20867788,-9.080641217e-13,1.695346493e-09,-4.105161888,1.83068531e-10,-14.18267238,0.1953738258,131.6684415,-1668.331558,1.485626325,-0.1298882327,0.1459451227,38.72053313,37.05192792,11.24430181,-3.489434097e-12,4.411842384e-10,0.3034741359,1.625760123e-09,
4068322000,2.151997256,1.281149652,96.04937068,-623.9506293,nan,-0.1350144492,1.274015513,45.12484548,-11.01446564,43.75995002,-8.939803956e-13,1.711912763e-09,-3.972952611,1.903893e-10,-13.5888225,0.2091986486,123.9081907,-1676.091809,1.52908015,-0.1167043441,0.1736207668,39.82749043,37.43565292,13.59414888,-2.877748198e-12,5.3181041e-10,0.3631337459,1.926307872e-09,
4080320000,2.247518965,1.295316651,95.13349224,-624.8665078,nan,-0.1159004227,1.290121048,45.84395613,-11.64824191,44.33944941,-8.797020655e-13,1.729482626e-09,-3.806535765,2.129646045e-10,-13.14621479,0.2201350824,114.7959945,-1685.204005,1.564546699,-0.09232214832,0.1998401247,41.84856834,38.58315023,16.20627011,-2.406815693e-12,6.321337536e-10,0.4200349121,2.121253391e-09,
4092318000,2.324988342,1.306921243,94.17233524,-625.8276648,nan,-0.09508720373,1.30345754,46.6037706,-12.21514818,44.97445485,-8.647386092e-13,1.749108159e-09,-3.681859129,2.299750962e-10,-13.02669737,0.2231850662,104.8033022,-1695.196698,1.574615797,-0.05702411457,0.2157772559,44.83350417,40.82057065,18.53979795,-2.097711509e-12,7.210340173e-10,0.4541778239,2.195074906e-09,
4104316000,2.428811609,1.322636734,93.23065722,-626.7693428,nan,-0.07453816152,1.320534738,47.3585673,-12.92707166,45.56012198,-8.511271864e-13,1.766705736e-09,-3.524396182,2.501906459e-10,-13.14102408,0.220266675,95.40944903,-1704.590551,1.564979508,-0.02076508943,0.2192857022,48.05728778,43.64408505,20.11707606,-1.927589194e-12,7.800890809e-10,0.4609347645,2.126099736e-09,
4116314000,2.486142368,1.331395603,92.03415402,-627.965846,nan,-0.0472581898,1.330556619,48.32362286,-13.47364929,46.40725484,-8.33154907e-13,1.794310153e-09,-3.444297371,2.717663385e-10,-13.57131219,0.2096208079,86.19574771,-1713.804252,1.530430988,0.01390791163,0.2091589183,51.35048244,47.04436268,20.58397402,-1.87837548e-12,7.958676655e-10,0.4375439021,1.884306107e-09,
4128312000,2.535573281,1.338994102,90.79936558,-629.2006344,nan,-0.01868045228,1.338863789,49.33556061,-14.00760873,47.30522634,-8.149641317e-13,1.823714052e-09,-3.377109344,2.988575573e-10,-14.17591832,0.1955258057,78.18367141,-1721.816329,1.486095905,0.04003879856,0.191382432,54.01735743,50.18874422,19.97410469,-1.930102165e-12,7.700429363e-10,0.3979797661,1.561572345e-09,
4140310000,2.613024705,1.350987203,89.5188065,-630.4811935,nan,0.01134601217,1.350939558,50.40323099,-14.72210456,48.20524174,-7.97430802e-13,1.853026103e-09,-3.274344476,3.045219065e-10,-14.84564635,0.1810162995,72.72196259,-1727.278037,1.442051043,0.05376344728,0.1728478881,55.50743813,52.26930812,18.68141099,-2.057678867e-12,7.181198756e-10,0.3574068925,1.167765435e-09,
4152308000,2.640599817,1.355283,88.03408363,-631.9659164,nan,0.04649295809,1.354485295,51.66669094,-15.24874539,49.36519742,-7.764432046e-13,1.892132083e-09,-3.237328459,2.820166296e-10,-15.55333127,0.1668527759,68.42200059,-1731.577999,1.400536114,0.06136302951,0.1551593615,56.37339161,53.70375317,17.14252542,-2.235917471e-12,6.570605208e-10,0.3192053517,7.60000316e-10,
4164306000,2.669008556,1.35972295,86.8402181,-633.1597819,nan,0.07494880955,1.357655765,52.70385462,-15.72550163,50.30313002,-7.597706065e-13,1.922527258e-09,-3.198825145,2.443323295e-10,-16.17263462,0.1553703948,65.85705367,-1734.142946,1.367901844,0.06354875442,0.141779813,56.64296315,54.39319174,15.80525124,-2.418110224e-12,6.04058362e-10,0.2905740724,4.164423678e-10,
4176304000,2.664558301,1.359026468,86.04811585,-633.9518842,nan,0.09366235781,1.355795082,53.40564902,-15.92239346,50.97686469,-7.47575236e-13,1.94267946e-09,-3.20158303,1.990114695e-10,-16.64163281,0.1472035757,65.20285504,-1734.797145,1.345225593,0.06173818764,0.1336311674,56.45671172,54.46110318,14.87778675,-2.561472502e-12,5.669781951e-10,0.2731818837,1.148122558e-10,
4188302000,2.648316066,1.356487522,85.23509168,-634.7649083,nan,0.1126800414,1.351799396,54.13823544,-16.06415535,51.70001402,-7.350070108e-13,1.964593955e-09,-3.218346244,1.512621986e-10,-16.88069266,0.1432073693,65.33787941,-1734.662121,1.334287117,0.05975561616,0.1301446002,56.24247956,54.35598125,14.44450793,-2.63074886e-12,5.488894633e-10,0.2657390704,-7.762923699e-11,
4200300000,2.610857391,1.350650145,84.53871554,-635.4612845,nan,0.128545599,1.344519187,54.77891806,-16.0538169,52.37370358,-7.234800091e-13,1.984509157e-09,-3.262383264,1.177876985e-10,-16.81763745,0.1442507659,66.20205632,-1733.797944,1.337133263,0.05820698118,0.1319857219,56.06783212,54.13522032,14.59382471,-2.596394591e-12,5.529793924e-10,0.2695809609,-9.331384928e-11,
4212298000,2.418067477,1.321001692,84.3281993,-635.6718007,nan,0.1305545979,1.314534506,55.00541429,-14.99727424,52.92142635,-7.139528029e-13,1.999551456e-09,-3.528736321,6.440185273e-11,-16.56796798,0.1484573148,67.03396508,-1732.966035,1.348678504,0.05792587412,0.1366900414,56.0287954,53.96013925,15.08407391,-2.504853855e-12,5.699276082e-10,0.2795410486,-8.447889766e-12,
4224296000,2.232432466,1.293068771,83.95777178,-636.0422282,nan,0.1361102535,1.285885238,55.38205325,-14.00168914,53.58287528,-7.031367145e-13,2.018793064e-09,-3.82688651,1.008210133e-11,-16.07132107,0.1571932693,66.37005542,-1733.629945,1.373023289,0.0630074477,0.1440131433,56.57825978,54.2614826,16.02469923,-2.351125992e-12,6.037479605e-10,0.2953236525,2.050058644e-10,
4236294000,1.91083344,1.246067796,84.13471538,-635.8652846,nan,0.127335456,1.239544527,55.26401062,-12.02527361,53.93981521,-6.965055553e-13,2.026485466e-09,-4.485537457,-9.75899002e-11,-15.52493049,0.1673992375,65.43632387,-1734.563676,1.40211166,0.06958857937,0.1522495791,57.29668288,54.67641248,17.12891672,-2.193330819e-12,6.435227976e-10,0.3132779922,4.654410435e-10,
4248292000,1.583926605,1.20004168,84.41772041,-635.5822796,nan,0.1167341645,1.194350522,55.03648943,-9.972213141,54.12550355,-6.921557358e-13,2.027718772e-09,-5.427632039,-2.620879988e-10,-14.94990888,0.1788564292,62.57348828,-1737.426512,1.435627667,0.08238315689,0.1587533865,58.73640051,55.81090639,18.30594092,-2.046509267e-12,6.858005488e-10,0.3279993482,7.374778352e-10,
4260290000,1.290034575,1.160116834,86.20581551,-633.7941845,nan,0.07676797437,1.157574078,53.38693966,-7.888188846,52.80096404,-7.075206452e-13,1.972526384e-09,-6.69367393,-4.623505382e-10,-14.21096412,0.1947384882,58.8803977,-1741.119602,1.483665208,0.1006459623,0.1667137338,60.85220497,57.4970772,19.92679008,-1.874751127e-12,7.444204833e-10,0.3465704875,1.016115691e-09,
4272288000,1.032689627,1.126249163,88.58237897,-631.417621,nan,0.02786298771,1.125904451,51.24375462,-6.065797865,50.88347948,-7.32120907e-13,1.895555094e-09,-8.388588048,-6.869165218e-10,-13.57079019,0.209633406,53.72115218,-1746.278848,1.530471322,0.1240433586,0.1689952961,63.70721199,60.0642386,21.23431424,-1.754370719e-12,7.910389176e-10,0.3535267364,1.229121593e-09,
4284286000,0.9059999009,1.109941258,92.03749326,-627.9625067,nan,-0.03946226482,1.109239526,48.26213612,-5.019044227,48.00044768,-7.739205684e-13,1.783146251e-09,-9.563663023,-8.79221778e-10,-12.93396501,0.2255806009,47.918051,-1752.081949,1.582579933,0.1511825006,0.1674229944,67.22907098,63.39919813,22.36715586,-1.66085192e-12,8.309070446e-10,0.3527987186,1.405997996e-09,
4296284000,0.9544399806,1.116148549,96.3368055,-623.6631945,nan,-0.1231924252,1.109329171,44.78484764,-4.931191361,44.51253677,-8.322327537e-13,1.648957624e-09,-9.026730766,-9.857305618e-10,-12.28988303,0.2429438158,41.51006005,-1758.48994,1.641811852,0.1819258929,0.1610113882,71.53320173,67.67973458,23.16144376,-1.599416316e-12,8.580108446e-10,0.3422212558,1.539609014e-09,
4308282000,1.252135488,1.155065931,101.3166275,-618.6833725,nan,-0.2266594124,1.132608854,41.07153435,-5.994220071,40.63176417,-9.091809555e-13,1.501003443e-09,-6.778490562,-9.784699881e-10,-11.70063146,0.2599970538,34.62144865,-1765.378551,1.702691942,0.2139577476,0.1477178061,76.45094272,72.87997115,23.09234611,-1.599734648e-12,8.530688175e-10,0.3168544903,1.723723378e-09,
4320280000,1.849994939,1.237370469,105.2310434,-614.7689566,nan,-0.3250720645,1.193906961,38.44679418,-8.347175618,37.52973011,-9.815960357e-13,1.382559015e-09,-4.496099259,-8.425591247e-10,-11.17145073,0.2763296351,27.11944125,-1772.880559,1.763689239,0.2459494523,0.1259640193,81.90332481,79.01680663,21.5522362,-1.709290579e-12,7.939635686e-10,0.27275509,1.898859604e-09,
4332278000,2.595740274,1.348301488,108.7218036,-611.2781964,nan,-0.4327689433,1.276960431,36.40192898,-11.10257827,34.66746587,-1.059697031e-12,1.273579063e-09,-3.122469847,-6.339814353e-10,-10.61496055,0.2946130447,17.88714085,-1782.112859,1.835323201,0.2803724404,0.090488346,88.48586321,86.7978084,17.20140822,-2.135697857e-12,6.319283172e-10,0.1981779095,2.059751267e-09,
4344276000,3.501207622,1.496443696,110.8304613,-609.1695387,nan,-0.5321412333,1.398631275,35.54581534,-14.39883109,32.4989023,-1.127285784e-12,1.190615179e-09,-2.257051429,-4.195194719e-10,-10.12546787,0.3116926825,8.868682407,-1791.131318,1.905678829,0.3079661727,0.0480537697,94.33820152,93.80820662,9.985821747,-3.668756713e-12,3.658360776e-10,0.1064493407,2.22341101e-09,
4356274000,4.440538495,1.667350579,112.2086352,-607.7913648,nan,-0.6302257091,1.543655891,35.35079249,-17.65752053,30.62499793,-1.192968223e-12,1.118873561e-09,-1.734388352,-2.029551504e-10,-9.707931061,0.3270419374,-0.7363841848,-1800.736384,1.971953397,0.327014927,-0.004203134725,98.59027758,98.58591005,-0.9279947256,3.936945798e-11,-3.39039619e-11,0.00941305634,2.356361227e-09,
4368272000,5.427566196,1.868006185,112.5477379,-607.4522621,nan,-0.7162926894,1.725216476,35.92299261,-21.01851951,29.1321684,-1.250655355e-12,1.061410233e-09,-1.386023806,-3.671016257e-11,-9.394726774,0.3390499317,-11.58646978,-1811.58647,2.025947187,0.3321410117,-0.06809702328,99.34733023,98.19153488,-15.11007949,2.411258157e-12,-5.505252056e-10,0.1538837284,2.478570695e-09,
4380270000,6.421355192,2.094439209,112.2462659,-607.7537341,nan,-0.7929301728,1.938540003,36.91586114,-24.28582389,27.80250998,-1.306878596e-12,1.010190444e-09,-1.144804068,8.017201892e-11,-9.319478338,0.3419999819,-22.77420267,-1822.774203,2.039513594,0.3153368208,-0.1323883571,94.78680265,90.79308478,-27.22413845,1.334642977e-12,-9.891756001e-10,0.2998481494,2.503672651e-09,
4392268000,7.451527789,2.358176947,111.6044533,-608.3955467,nan,-0.868273249,2.192509995,38.12581985,-27.48402393,26.42359869,-1.371321659e-12,9.57465789e-10,-0.9614166674,1.596047228e-10,-9.409375174,0.3384786197,-33.6406125,-1833.640613,2.023333878,0.2817931908,-0.187510996,87.26045316,80.35046491,-34.03218292,1.064734909e-12,-1.233164765e-09,0.4235468078,2.379013097e-09,
4404266000,8.476072324,2.653405446,110.9488505,-609.0511495,nan,-0.9486836544,2.478015292,39.31145983,-30.39144881,24.93492958,-1.449233768e-12,9.010621291e-10,-0.820458733,2.217630971e-10,-9.697588657,0.3274315825,-43.77962886,-1843.779629,1.973675165,0.2364076554,-0.2265454959,78.90816823,70.36522733,-35.71041578,1.011932826e-12,-1.290450938e-09,0.5075008941,2.140038288e-09,
4416264000,9.579843977,3.012951903,109.7495582,-610.2504418,nan,-1.018104952,2.835725917,40.73781455,-33.34084437,23.40849485,-1.53954226e-12,8.436039299e-10,-0.7020966414,3.131266182e-10,-10.08717799,0.3130697456,-52.46187514,-1852.461875,1.911503733,0.1907500132,-0.2482480575,71.84845341,62.94287673,-34.64671018,1.040167072e-12,-1.248610859e-09,0.550446881,1.85177515e-09,
4428262000,10.87826151,3.498751322,108.3844289,-611.6155711,nan,-1.10347521,3.320181211,42.25747108,-36.38369725,21.49233436,-1.672257818e-12,7.724500611e-10,-0.5907133135,4.466604969e-10,-10.33854842,0.304139326,-59.58069424,-1859.580694,1.874138566,0.1539931491,-0.262272453,66.80501735,57.83827768,-33.43118272,1.075065889e-12,-1.201540917e-09,0.5780113805,1.572735034e-09,
4440260000,12.28544082,4.114073447,106.1242564,-613.8757436,nan,-1.142566148,3.952232651,43.98492426,-39.39886947,19.55511819,-1.832952816e-12,7.009260093e-10,-0.4963370384,6.481850576e-10,-10.44053077,0.3005892615,-65.73175667,-1865.731757,1.859550032,0.1235449346,-0.2740265557,62.9688819,53.93601875,-32.49593774,1.103018145e-12,-1.164771685e-09,0.6024904784,1.407546841e-09,
4452258000,13.90015009,4.954587521,103.1152426,-616.8847574,nan,-1.124247485,4.825350256,45.77709609,-42.35784129,17.35960275,-2.059207095e-12,6.205540173e-10,-0.409832093,1.134762426e-09,-10.17384911,0.3099613505,-71.11010298,-1871.110103,1.898388375,0.10035017,-0.2932675949,60.17275531,50.47735617,-32.7535799,1.091392674e-12,-1.170842782e-09,0.648876692,1.580886118e-09,
4464256000,16.01945114,6.323718905,98.38568756,-621.6143124,nan,-0.9222252664,6.256110721,47.7985062,-45.51237092,14.60552252,-2.440922227e-12,5.207006733e-10,-0.3209132423,2.066104968e-09,-9.294046007,0.3430028271,-77.09511537,-1877.095115,2.04415313,0.07660392465,-0.3343393159,57.39583121,45.74396715,-34.66656761,1.02839557e-12,-1.235895879e-09,0.7578391157,2.3109961e-09,
4476254000,18.35456308,8.27424077,87.74693006,-632.2530699,nan,0.3252881645,8.267844213,50.47050306,-49.01949211,12.01503526,-2.959241167e-12,4.271992279e-10,-0.2451072979,4.043850306e-09,-8.051306073,0.3957625507,-88.04046386,-1888.040464,2.309957041,0.01353258226,-0.3955311185,51.18401815,37.331788,-35.01630076,1.015395293e-12,-1.245018123e-09,0.9379754531,4.211662054e-09,
4488252000,21.04923819,11.28396965,69.18798335,-650.8120167,nan,4.009228446,10.54770394,53.22821472,-52.50123896,8.76714033,-4.044687199e-12,3.108857792e-10,-0.1669892083,5.869149919e-09,-6.25579473,0.4866427566,-107.1757724,-1907.175772,2.895922431,-0.1437075929,-0.4649401039,39.4611583,25.03479278,-30.50315008,1.162514041e-12,-1.081652081e-09,1.2184303,6.02198207e-09,
4500250000,22.37460717,13.14408498,30.38148597,-689.618514,nan,11.33910163,6.647687133,57.01309235,-56.84306441,4.399855314,-8.037946213e-12,1.556044047e-10,-0.07740355591,6.496121962e-09,-5.84938461,0.5099537262,-147.0265128,-1947.026513,3.081247235,-0.4278116561,-0.277542771,21.86083876,17.48725128,-13.11839601,2.69589364e-12,-4.639425743e-10,0.7501691258,6.734848533e-09,
4512248000,20.68575399,10.82150587,0.3159002959,-719.6840997,nan,10.82134139,0.05966407326,60.1815646,-60.18153282,0.06185221506,-5.702586915e-10,2.181636685e-12,-0.001027760713,5.502778256e-09,-8.2895704,0.3850538588,-177.6552244,-1977.655224,2.252317343,-0.3847314639,-0.01575356663,22.22201104,22.20682243,-0.8214697347,4.293738618e-11,-2.897468598e-11,0.03699177302,5.832200422e-09,
4524246000,17.37989509,7.395963417,-18.10987676,-738.1098768,nan,7.029583383,-2.298963316,64.71580583,-64.47988216,-5.520898508,6.371829659e-12,-1.942154091e-10,-0.0856220316,3.41152272e-09,-12.39118102,0.2401269745,161.7507793,-1998.249221,1.632018683,-0.2280494006,0.07519597557,31.51967867,31.12577893,4.967497307,-7.081679703e-12,1.747477372e-10,0.1595943131,3.909705183e-09,
4536244000,14.53978062,5.333214253,-25.40653562,-745.4065356,nan,4.817419685,-2.288152495,70.22831678,-69.27178486,-11.5514631,3.037293284e-12,-4.052851768e-10,-0.1667556729,1.805137194e-09,-16.0223113,0.1580827327,152.4810483,-2007.518952,1.375530326,-0.1401969445,0.07304085942,37.76254717,37.34570901,5.595354104,-6.270413031e-12,1.963140131e-10,0.1498258904,2.477254548e-09,
4548242000,12.07423005,4.015239938,-30.43390534,-750.4339053,nan,3.46199636,-2.033896006,76.77712406,-74.14157643,-19.9437565,1.754565576e-12,-6.97884464e-10,-0.2689955819,8.867569515e-10,-19.5334947,0.1055176876,143.4697938,-2016.530206,1.235930182,-0.08478801603,0.06280903381,42.21243399,41.87590541,5.319598635,-6.578058046e-12,1.861467393e-10,0.1270324446,1.734103916e-09,
4560240000,10.23192226,3.247851119,-32.5065503,-752.5065503,nan,2.739010329,-1.745382281,83.7376208,-78.64682776,-28.75179333,1.213856907e-12,-1.003453772e-09,-0.365581094,4.526887755e-10,-22.46150617,0.07532249397,137.9854882,-2022.014512,1.162916246,-0.05596275446,0.05041476184,44.71307505,44.48494198,4.510988505,-7.736788264e-12,1.574360382e-10,0.1014048418,1.506294916e-09,
4572238000,8.504069638,2.661971993,-33.71062725,-753.7106272,nan,2.214364584,-1.477391073,92.4907249,-83.20325817,-40.39495047,8.61716131e-13,-1.406107041e-09,-0.4854972193,1.479099002e-10,-25.5117903,0.05301643061,131.5481576,-2028.451842,1.111969061,-0.03516311141,0.03967741815,46.60829781,46.46141596,3.6973303,-9.414625586e-12,1.287002981e-10,0.07957851096,1.483493643e-09,
4584236000,7.007155526,2.24056618,-33.54462254,-753.5446225,nan,1.867412688,-1.238106078,103.3023267,-87.95599478,-54.17668949,6.408268511e-13,-1.88089966e-09,-0.6159522114,-3.082275424e-11,-28.63626166,0.03699873852,125.9113189,-2034.088681,1.076840478,-0.02170095782,0.02996623236,47.87786314,47.79187321,2.868211068,-1.210436628e-11,9.957820001e-11,0.06001461913,1.860831091e-09,
4596234000,5.650093822,1.916481764,-33.1091906,-753.1091906,nan,1.605304743,-1.046851964,116.0947781,-91.39422116,-71.58976073,4.836899788e-13,-2.478956532e-09,-0.7833073013,-1.666309814e-10,-32.01610121,0.02507234409,117.4687563,-2042.531244,1.051434266,-0.0115649911,0.02224575058,48.85728199,48.80893665,2.172948826,-1.593560301e-11,7.524324192e-11,0.04451948711,2.910242087e-09,
4608232000,4.442249091,1.667678979,-32.1416081,-752.1416081,nan,1.41208349,-0.887227927,131.3602915,-93.06054687,-92.71062944,3.725257233e-13,-3.201955751e-09,-0.9962398949,-2.559951647e-10,-36.1531889,0.01557186231,104.8379363,-2055.162064,1.031636362,-0.003987733567,0.01505260366,49.60290015,49.58042639,1.49299104,-2.313282087e-11,5.156357232e-11,0.03011250908,5.782479841e-09,
4620230000,3.384886009,1.476536885,-30.81350514,-750.8135051,nan,1.268107727,-0.7563491023,148.9723923,-91.63514407,-117.4554129,2.932807106e-13,-4.04603441e-09,-1.281772557,-3.381972096e-10,-41.21685331,0.008692752902,79.23409665,-2080.765903,1.017537959,0.00162377776,0.00853974817,50.16262999,50.15531404,0.8566922375,-4.020978066e-11,2.951082615e-11,0.01708078703,8.40510469e-09,
4632228000,2.385209333,1.31601387,-29.16389129,-749.1638913,nan,1.149181951,-0.641305973,170.3162893,-84.41109745,-147.927026,2.322644156e-13,-5.082504015e-09,-1.752459457,-4.047439144e-10,-43.71367723,0.006521029103,20.14790109,-2139.852099,1.013127664,0.006121985249,0.002246133829,50.61596635,50.61545559,0.2273878435,-1.510994771e-10,7.812633423e-12,0.004492458694,9.138405328e-09,
4644226000,1.509369512,1.189784962,-27.29420678,-747.2942068,nan,1.057318591,-0.5455874395,193.9911699,-69.04581696,-181.2877523,1.890333025e-13,-6.212626584e-09,-2.625615285,-4.631796054e-10,-39.69514084,0.01035721419,-21.70622904,-2181.706229,1.020931217,0.009622808662,-0.00383059255,50.97161629,50.97012017,-0.3905334185,8.77502946e-11,-1.338335473e-11,0.007662007019,7.727418606e-09,
4656224000,0.6959623484,1.083423166,-25.1602458,-745.1602458,nan,0.9806304222,-0.4606188567,220.5392547,-40.88683062,-216.7160122,1.57723086e-13,-7.407595637e-09,-5.300386676,-5.150708503e-10,-36.03629491,0.01578284366,-42.0485577,-2202.048558,1.032071873,0.01171998421,-0.01057072014,51.18576303,51.17432216,-1.082168442,3.158576514e-11,-3.698972746e-11,0.02114670788,4.952339672e-09,
4668222000,-0.05647385066,0.9935192986,-22.81231585,-742.8123159,307.6085705,0.9158060531,-0.3852010771,247.8027771,4.154990926,-247.7679406,1.376016114e-13,-8.447218766e-09,59.63140353,-5.597481497e-10,-33.36190737,0.02147358874,-56.55209712,-2216.552097,1.043889646,0.01183578114,-0.01791729049,51.19736543,51.16449506,-1.834304066,1.858648655e-11,-6.253741988e-11,0.03585111246,3.3760717e-09,
4680220000,-0.7189548943,0.920560329,-20.28116064,-740.2811606,24.17633789,0.8634883129,-0.3190912922,272.3705823,63.33031794,-264.9056529,1.283697329e-13,-9.008346639e-09,4.18291999,-5.93605442e-10,-31.62786882,0.02621842257,-69.38187336,-2229.381873,1.053848672,0.009232496894,-0.0245390848,50.93128696,50.86997518,-2.498322631,1.361147975e-11,-8.495762938e-11,0.04911192942,2.828373819e-09,
4692218000,-1.305162848,0.860482134,-17.64520442,-737.6452044,13.33508164,0.8199980084,-0.2608309205,290.0790881,129.2250759,-259.705135,1.306054842e-13,-8.808916375e-09,2.009711608,-6.190063357e-10,-30.65531293,0.02932475238,-80.95056608,-2240.950566,1.060421346,0.004612389691,-0.02895974729,50.46298614,50.3784102,-2.920403432,1.161446208e-11,-9.905691551e-11,0.05796934481,2.539816314e-09,
4704216000,-1.847721042,0.808376999,-14.92406095,-734.924061,9.437160411,0.7811088366,-0.2081882751,296.809067,189.8657455,-228.1372853,1.482984485e-13,-7.718433138e-09,1.201571588,-6.279141964e-10,-30.08251908,0.0313237714,-90.93201556,-2250.932016,1.064673356,-0.0005095131825,-0.03131962725,49.94912451,49.85122839,-3.125710663,1.082390826e-11,-1.057503105e-10,0.06270077516,2.248072595e-09,
4716214000,-2.323340655,0.7653022096,-12.12255727,-732.1225573,7.521597058,0.7482364559,-0.1607161415,293.8865778,232.2000616,-180.145641,1.873280751e-13,-6.079255361e-09,0.7758208147,-6.265255986e-10,-29.86556996,0.03211600389,-100.6279151,-2260.627915,1.066363333,-0.005923161811,-0.03156507342,49.41175422,49.31338215,-3.116375404,1.082871342e-11,-1.05166252e-10,0.06319532889,1.914479736e-09,
4728212000,-2.754816884,0.728214221,-9.481798068,-729.4817981,6.358736749,0.7182653471,-0.1199618386,281.2516732,250.4680634,-127.9384732,2.631007144e-13,-4.306499035e-09,0.5107975502,-6.25054804e-10,-30.00649514,0.03159913853,-108.0934739,-2268.093474,1.065260451,-0.009813686351,-0.03003659628,49.02903618,48.94063122,-2.942958523,1.143770917e-11,-9.906205481e-11,0.06013323592,1.572755861e-09,
4740210000,-3.106602995,0.6993101798,-6.835638424,-726.8356384,5.651372496,0.6943392507,-0.08323300089,267.7451424,254.5757709,-82.93755568,4.048287222e-13,-2.78467029e-09,0.3257873103,-6.260129237e-10,-30.21092346,0.03086411488,-113.7157071,-2273.715707,1.063694092,-0.01241350941,-0.02825771349,48.77483609,48.69698102,-2.754754837,1.218820065e-11,-9.249228394e-11,0.05656931454,1.231231041e-09,
4752208000,-3.40632124,0.6755911285,-4.068586805,-724.0685868,5.165059515,0.6738885257,-0.04793357772,254.0194762,250.1587809,-44.1189145,7.591015392e-13,-1.477574914e-09,0.1763636453,-6.23320165e-10,-30.49171424,0.02988231834,-118.3539842,-2278.353984,1.061605553,-0.0141916385,-0.02629734485,48.60164828,48.53444673,-2.554935603,1.310825051e-11,-8.556667352e-11,0.05264169626,9.975210424e-10,
4764206000,-3.670068974,0.6553850815,-1.309537396,-721.3095374,4.803579278,0.6552139073,-0.0149780064,239.8185463,239.4885892,-12.57580289,2.656402487e-12,-4.201122272e-10,0.05251107342,-6.079934275e-10,-30.79969319,0.02884133377,-122.0878179,-2282.087818,1.059395719,-0.01532104877,-0.02443538415,48.49190145,48.434001,-2.368977409,1.410160939e-11,-7.913899289e-11,0.04891145395,8.360991974e-10,
4776204000,-3.876300579,0.640007364,1.21662303,-718.783377,4.5556692,0.6398630842,0.01358894482,227.5180821,227.2773971,10.46242994,-3.18496527e-12,3.486340703e-10,0.04603374585,-5.749637309e-10,-31.1189177,0.02780059652,-125.4502819,-2285.450282,1.057191141,-0.01612424291,-0.02264689731,48.41396302,48.36430138,-2.192297101,1.519979932e-11,-7.30527675e-11,0.04532882805,6.852092991e-10,
4788202000,-4.03646569,0.6283139693,3.652225916,-716.3477741,4.380885573,0.6270379135,0.04002373107,216.944153,215.0711795,28.44561951,-1.168509564e-12,9.455033338e-10,0.1322614196,-5.47911648e-10,-31.39150128,0.02694169627,-128.224291,-2288.224291,1.055375297,-0.01666994582,-0.02116525228,48.36106084,48.31772778,-2.046799476,1.623948943e-11,-6.803352366e-11,0.04236125269,4.853620585e-10,
4800200000,-4.185176989,0.617648158,5.867678257,-714.1323217,4.230784268,0.6144120808,0.06314302841,206.7504526,202.571122,41.36049065,-8.016321323e-13,1.371344222e-09,0.2041776254,-5.210092087e-10,-31.82138113,0.02564076294,-130.0838018,-2290.083802,1.052631026,-0.01651027576,-0.01961783674,48.37640348,48.33916128,-1.897867299,1.747008252e-11,-6.292549517e-11,0.03926148589,2.059126427e-10,
4812198000,-4.277036302,0.611150519,8.197854105,-711.8021459,4.143378345,0.6049055215,0.08714509143,198.6289308,191.3617398,53.23661054,-6.212497776e-13,1.760706796e-09,0.2781988218,-4.883450276e-10,-32.23506782,0.0244481842,-130.2531311,-2290.253131,1.050121754,-0.01579757777,-0.01865878472,48.44534342,48.41160582,-1.807683939,1.829591542e-11,-5.978595113e-11,0.037339888,-7.285147343e-11,
4824196000,-4.363155743,0.6051209833,10.19573221,-709.8042678,4.064842434,0.5955653942,0.1071133306,191.1136088,181.0518639,61.19341505,-5.391262731e-13,2.018830597e-09,0.3379883185,-4.527330664e-10,-32.47431562,0.02378396293,-128.8828336,-2288.882834,1.048726843,-0.01492990371,-0.01851418018,48.52946869,48.49619591,-1.796750998,1.836146345e-11,-5.927657228e-11,0.03704931829,-3.578481939e-10,
4836194000,-4.408534732,0.6019678034,12.03469349,-707.9653065,4.024719149,0.5887374707,0.1255126566,185.3173756,172.4359745,67.88493501,-4.847781212e-13,2.234034236e-09,0.3936819752,-4.112452837e-10,-32.55167325,0.02357308041,-127.2514455,-2287.251446,1.048284372,-0.01426911725,-0.01876385922,48.59365089,48.55943107,-1.823337867,1.80488388e-11,-6.000446519e-11,0.03754858382,-6.50615617e-10,
4848192000,-4.45665528,0.5986420729,13.72666296,-706.273337,3.98308334,0.5815441373,0.1420519193,179.6646782,164.2806072,72.74117594,-4.512944612e-13,2.38792476e-09,0.44278614,-3.703507536e-10,-32.45864358,0.0238269153,-123.8564119,-2283.856412,1.048816989,-0.01327429643,-0.01978673664,48.69046629,48.65234169,-1.926435824,1.704063504e-11,-6.324043766e-11,0.03959595277,-8.521787296e-10,
4860190000,-4.455576683,0.5987164157,15.31380637,-704.6861936,3.984006519,0.5774582744,0.1581242795,175.6988409,157.5915133,77.68524733,-4.215298475e-13,2.54393164e-09,0.4929532417,-3.310091746e-10,-32.07923,0.02489077965,-118.7153869,-2278.715387,1.051052291,-0.01195900008,-0.02182964106,48.81878906,48.77227038,-2.130682378,1.536909058e-11,-6.977271107e-11,0.04368634803,-9.423323253e-10,
4872188000,-4.490056629,0.5963444318,16.55441878,-703.4455812,3.954719216,0.5716256858,0.1699139686,171.510425,151.7062693,80.00646061,-4.082921553e-13,2.613491861e-09,0.5273774182,-2.987960117e-10,-31.20414253,0.02752915452,-114.7468702,-2274.74687,1.056616925,-0.01152398293,-0.0250010433,48.86143428,48.80037434,-2.441971203,1.337690232e-11,-7.976945631e-11,0.05004000964,-8.519328565e-10,
4884186000,-4.474421919,0.597418826,17.76942212,-702.2305779,3.967942192,0.5689174088,0.1823245337,168.7279977,146.7744841,83.22492437,-3.915385499e-13,2.711947928e-09,0.5670258348,-2.66462738e-10,-30.07339249,0.03135670177,-111.4552305,-2271.455231,1.064743548,-0.01146946969,-0.02918379706,48.86701288,48.78382238,-2.85019678,1.143281279e-11,-9.28758459e-11,0.05842504012,-5.700309785e-10,
4896184000,-4.453329917,0.5988713048,18.95177327,-701.0482267,3.985931009,0.5664078545,0.1944967403,166.0753902,141.9983947,86.1248579,-3.774277977e-13,2.799567348e-09,0.6065199405,-2.391408535e-10,-28.7138587,0.03666967535,-109.0878073,-2269.087807,1.076131052,-0.01199160004,-0.03465352246,48.81645409,48.69931701,-3.379750384,9.617845031e-12,-1.098618802e-10,0.06940036518,-1.691269108e-10,
4908182000,-4.436305732,0.6000462326,19.86976501,-700.130235,4.000577974,0.5643240489,0.2039457013,163.9713547,138.2722775,88.13275457,-3.67927398e-13,2.857832806e-09,0.6373855711,-2.145368712e-10,-27.0148168,0.04459222676,-109.2343013,-2269.234301,1.093347004,-0.01469010458,-0.04210305826,48.55478238,48.3828701,-4.082251017,7.943278092e-12,-1.323729292e-10,0.08437389119,3.501162932e-10,
4920180000,-4.38551085,0.6035655696,20.66882887,-699.3311711,4.044970484,0.5647177939,0.2130380486,162.9272785,135.3401914,90.71014652,-3.566015873e-13,2.934235781e-09,0.670238054,-1.801153858e-10,-25.32022999,0.05419865393,-112.2048024,-2272.204802,1.114608959,-0.02048266802,-0.05017922277,47.99778744,47.75648064,-4.806886362,6.729383595e-12,-1.554901905e-10,0.1006541164,9.104609605e-10,
4932178000,-4.340900309,0.6066734434,21.54411841,-698.4558816,4.08483337,0.5642882531,0.2227811357,161.4417592,131.943683,93.02852314,-3.468688205e-13,3.001908955e-09,0.7050623494,-1.466330944e-10,-23.63477828,0.06580533226,-117.4579845,-2277.457985,1.140881413,-0.03034270949,-0.05839230886,47.06480793,46.74436262,-5.482764764,5.885478491e-12,-1.76921659e-10,0.1172925345,1.473089206e-09,
4944176000,-4.326335765,0.60769157,22.00444049,-697.9955595,4.098029629,0.5634241677,0.2276889356,160.4358701,130.0752995,93.91530689,-3.42759758e-13,3.023170155e-09,0.7220072317,-1.116899269e-10,-22.00036115,0.07942952083,-124.6386448,-2284.638645,1.172565866,-0.04514764464,-0.06535089106,45.69787687,45.30763361,-5.959386517,5.401627797e-12,-1.918349634e-10,0.1315316215,2.029239358e-09,
4956174000,-4.276193741,0.6112098056,22.36870615,-697.6312938,4.144162658,0.5652187302,0.2326052738,160.4575962,128.8193348,95.66723139,-3.356683401e-13,3.072110214e-09,0.7426465253,-8.53689211e-11,-20.57850054,0.0935567169,-134.8308038,-2294.830804,1.20642597,-0.06595894428,-0.06634965672,43.83780327,43.45018677,-5.81672291,5.520713511e-12,-1.867892862e-10,0.1338710681,2.497744359e-09,
4968172000,-4.246843686,0.6132786073,22.66863533,-697.3313647,4.171681831,0.5659023459,0.2363581712,160.1988562,127.6860691,96.74678947,-3.311211692e-13,3.099274697e-09,0.7576925982,-7.75571177e-11,-19.56364064,0.1051521043,-147.3426576,-2307.342658,1.23501671,-0.08852889896,-0.05674151111,41.89127866,41.61816122,-4.775760127,6.707813875e-12,-1.52991046e-10,0.1147518292,2.794070241e-09,
4980170000,-4.262135103,0.6121998867,23.05568235,-696.9443176,4.157296069,0.5633002313,0.2397531036,158.7340283,125.9550618,96.60131555,-3.30820888e-13,3.087159049e-09,0.7669506425,-8.593431291e-11,-19.03719884,0.1117223489,-160.0482644,-2320.048264,1.25154826,-0.1050168177,-0.03812284405,40.5089821,40.38877632,-3.118393465,1.024814006e-11,-9.965678572e-11,0.0772094069,2.793799605e-09,
4992168000,-4.274587528,0.6113228422,23.33590693,-696.6640931,4.145658704,0.5613156036,0.2421578216,157.656758,124.7159037,96.4447858,-3.305614361e-13,3.074749166e-09,0.7733158556,-8.953383698e-11,-18.8868288,0.1136733241,-172.3717731,-2332.371773,1.25650435,-0.1126673451,-0.01508953124,39.87621969,39.85759505,-1.218611289,2.616168683e-11,-3.885045742e-11,0.03057412991,2.570134566e-09,
5004166000,-4.281439365,0.6108407922,23.89094215,-696.1090578,4.139284796,0.5585027268,0.2473887176,155.9044715,122.3783833,96.5905562,-3.29271208e-13,3.072013293e-09,0.7892779233,-8.934918179e-11,-19.00652566,0.1121175805,177.3477401,-2342.65226,1.252550514,-0.1119974777,0.005188144302,39.92850842,39.92630403,0.4195608813,-7.580422897e-11,1.334391949e-11,0.01050838267,2.227676731e-09,
5016164000,-4.290626268,0.6101950589,24.18461399,-695.815386,4.130771289,0.5566383378,0.2499835411,154.8765295,121.1415806,96.49589034,-3.288058888e-13,3.061661847e-09,0.7965546584,-9.48967185e-11,-19.21167078,0.1095005904,168.453686,-2351.546314,1.245930742,-0.1072846521,0.02191763525,40.31526477,40.2756439,1.786919588,-1.77559288e-11,5.669612983e-11,0.04436725066,1.859914067e-09,
5028162000,-4.312092429,0.608688895,24.56094949,-695.4390505,4.111022853,0.5536144914,0.2530082328,153.3888455,119.5522099,96.10102516,-3.293690973e-13,3.041857679e-09,0.8038414785,-9.423449359e-11,-19.52015856,0.1056798217,161.4292083,-2358.570792,1.236335541,-0.1001771671,0.03365649887,40.90391167,40.80946607,2.778033197,-1.139392716e-11,8.793227334e-11,0.06807325516,1.541958251e-09,
5040160000,-4.313784398,0.608570337,25.05033075,-694.9496693,4.109474802,0.5513258947,0.2576773425,151.9685794,117.5995291,96.25383047,-3.28063404e-13,3.039441786e-09,0.8184882306,-1.00410994e-10,-19.76633863,0.1027266365,155.4200447,-2364.579955,1.228975117,-0.09341772204,0.04273044646,41.47072374,41.31689427,3.568637661,-8.848575359e-12,1.126881535e-10,0.08637235987,1.28807521e-09,
5052158000,-4.318685705,0.6082270275,25.49320959,-694.5067904,4.104997384,0.5490077937,0.2617834209,150.6310459,115.8519763,96.27061643,-3.272272442e-13,3.032752435e-09,0.8309794923,-1.004571949e-10,-19.96249401,0.1004327373,150.5638136,-2369.436186,1.223291223,-0.08746723211,0.04935805938,41.97491039,41.76774501,4.165162566,-7.563298673e-12,1.312124861e-10,0.099721988,1.145513798e-09,
5064156000,-4.300355875,0.6095119241,25.88699993,-694.1130001,4.12179532,0.5483515859,0.2661114876,149.8480994,114.3543529,96.83767279,-3.24540359e-13,3.043388533e-09,0.8468210466,-1.034057389e-10,-20.09323352,0.09893234972,146.0685959,-2373.931404,1.219589172,-0.08208480944,0.05522403355,42.43566128,42.17412551,4.704092466,-6.680934382e-12,1.478389624e-10,0.1115397749,1.060894038e-09,
5076154000,-4.298934499,0.6096116739,26.31212866,-693.6878713,4.123104013,0.5464514048,0.270217052,148.6791708,112.7234372,96.94804031,-3.234046855e-13,3.039655582e-09,0.8600522014,-1.026590575e-10,-20.12683955,0.09855031626,141.3659585,-2378.634041,1.218648513,-0.07698254654,0.06152928053,42.87720245,42.54993506,5.287486725,-5.929745476e-12,1.657809532e-10,0.1242654476,1.067521541e-09,
5088152000,-4.326371965,0.6076890373,26.87406291,-693.1259371,4.097996717,0.5420599885,0.2746942573,146.6580301,110.5871769,96.32784684,-3.247193748e-13,3.013088638e-09,0.8710580152,-1.044435904e-10,-20.12567266,0.09856355674,137.1074802,-2382.89252,1.218681101,-0.07221079242,0.06708484312,43.29353873,42.90156952,5.812557812,-5.381368963e-12,1.818140079e-10,0.1354859013,1.105789305e-09,
5100150000,-4.330113915,0.6074272964,27.21674417,-692.7832558,4.094597718,0.5401746182,0.277811631,145.6566427,109.3193397,96.25559477,-3.241986488e-13,3.003745715e-09,0.8804992329,-9.230293051e-11,-20.07392537,0.09915251425,131.9897492,-2388.010251,1.220131633,-0.06633279804,0.07369654664,43.81101419,43.33354649,6.450481571,-4.837768068e-12,2.012933007e-10,0.1488565348,1.134592324e-09,
5112148000,-4.326453095,0.6076833613,27.69029774,-692.3097023,4.097922959,0.5380868004,0.2823856632,144.4234369,107.5928299,96.34268045,-3.231454074e-13,2.99940726e-09,0.89543774,-8.362964489e-11,-20.12345457,0.09858872984,126.8756324,-2393.124368,1.21874306,-0.05916113183,0.07886506281,44.447063,43.89376731,6.991323259,-4.453047524e-12,2.176587328e-10,0.1592782686,1.099958049e-09,
5124146000,-4.334657799,0.6071096137,27.89742226,-692.1025777,4.090478336,0.5365553907,0.2840605494,143.7334562,106.84928,96.13811827,-3.230747515e-13,2.986030598e-09,0.8997544788,-6.689171475e-11,-20.2722118,0.09691464514,121.9787728,-2398.021227,1.214630089,-0.05132648437,0.08220730165,45.14919431,44.53988732,7.392441027,-4.201561914e-12,2.296077299e-10,0.1659735009,9.414754952e-10,
5136144000,-4.31538046,0.6084585204,28.33982313,-691.6601769,4.108015636,0.5355333237,0.2888352996,142.8339107,105.2594756,96.55034351,-3.209438936e-13,2.991828973e-09,0.9172603506,-4.227636463e-11,-20.44455095,0.09501068568,118.3578345,-2401.642166,1.209970845,-0.0451278641,0.08360924755,45.71081945,45.07361558,7.605799954,-4.074159636e-12,2.356827727e-10,0.1687417318,7.474118777e-10,
5148142000,-4.296276631,0.6097982426,28.3366017,-691.6633983,4.125553543,0.5367287516,0.2894410889,143.1331752,105.2536352,96.99885627,-3.187153648e-13,2.998722151e-09,0.921572505,-3.634420633e-11,-20.58412553,0.09349614911,115.9161668,-2404.083833,1.206278548,-0.04086301501,0.08409366149,46.1006583,45.4510756,7.711706848,-4.008843499e-12,2.384076167e-10,0.1696705028,5.905961957e-10,
5160140000,-4.250331724,0.6130323793,28.3837253,-691.6162747,4.168391082,0.5393358563,0.2914198555,143.7048524,105.0342658,98.07592785,-3.144823104e-13,3.024970004e-09,0.9337517347,-1.374787354e-11,-20.60387122,0.09328384506,113.7655295,-2406.234471,1.205761957,-0.0375929009,0.08537358813,46.40222067,45.72882157,7.876608425,-3.915789985e-12,2.42939371e-10,0.1722460399,5.183308998e-10,
5172138000,-4.220516748,0.6151402752,28.66037519,-691.3396248,4.196698618,0.5397721005,0.2950315876,143.3925965,103.9979018,98.72118901,-3.11702044e-13,3.037808585e-09,0.9492613532,1.8565378e-12,-20.41123378,0.09537582576,111.5201736,-2408.479826,1.210862872,-0.03498659966,0.08872703074,46.64515763,45.91470821,8.22254826,-3.742343059e-12,2.530209365e-10,0.1790830995,5.765863666e-10,
5184136000,-4.199765228,0.6166116681,28.47484096,-691.525159,4.21664285,0.5420180287,0.293983683,144.2243695,104.6327964,99.26049899,-3.092910061e-13,3.047334998e-09,0.9486557025,3.386394084e-11,-19.92607808,0.1008546893,109.3617496,-2410.63825,1.224334572,-0.03343649307,0.09515077135,46.79266316,45.95112782,8.834431419,-3.475082679e-12,2.712203981e-10,0.1922571184,7.327563366e-10,
5196134000,-4.163896618,0.619163247,28.25094934,-691.7490507,4.251593981,0.5454103139,0.293071179,145.4090699,105.3926996,100.1807191,-3.057423817e-13,3.068484503e-09,0.9505470449,7.17330483e-11,-19.22991685,0.1092708087,105.6658669,-2414.334133,1.245351359,-0.0295060566,0.1052117021,47.16447443,46.12997057,9.824126591,-3.117782674e-12,3.009080036e-10,0.2129662445,1.008708555e-09,
5208132000,-4.165409645,0.6190554021,27.85709901,-692.142901,4.250107263,0.5473166318,0.2892647498,146.50864,106.8569401,100.2316116,-3.04883159e-13,3.062970838e-09,0.9379981448,9.074365868e-11,-18.39244932,0.1203310022,100.8677838,-2419.132216,1.273582455,-0.02268760176,0.1181728514,47.81147027,46.4931844,11.14991003,-2.740733359e-12,3.40729324e-10,0.239818162,1.408995867e-09,
5220130000,-4.149270955,0.6202066982,27.42007056,-692.5799294,4.266022309,0.5505290333,0.2856118554,148.0279832,108.4886071,100.7100091,-3.027374705e-13,3.07051659e-09,0.9283003236,9.844821965e-11,-17.46831595,0.1338394683,93.98268303,-2426.017317,1.309040792,-0.009295816069,0.1335162577,49.09496645,47.37494475,12.88139514,-2.366878205e-12,3.927369069e-10,0.2719031168,1.847680589e-09,
5232128000,-4.151040784,0.6200803383,26.930544,-693.069456,4.264270848,0.5528364781,0.2808406209,149.4230415,110.3732966,100.7222951,-3.020064084e-13,3.063849191e-09,0.9125603581,1.028008267e-10,-16.59729335,0.1479569372,84.77410326,-2435.225897,1.3472992,0.01347631646,0.1473419294,51.33662164,49.15422533,14.80914763,-2.0540533e-12,4.504761827e-10,0.3012792396,2.31507238e-09,
5244126000,-4.161222723,0.6193538817,26.58809972,-693.4119003,4.254224079,0.5538554849,0.2772062998,150.2509742,111.7120328,100.4777437,-3.020488173e-13,3.049417497e-09,0.899435282,1.055216402e-10,-15.83502279,0.1615283886,73.80945815,-2446.190542,1.385292445,0.04503937747,0.1551221287,54.60021446,52.024327,16.57265274,-1.831280974e-12,5.029664818e-10,0.3185558314,2.72842293e-09,
5256124000,-4.202048057,0.6164496313,26.05295666,-693.9470433,4.214438997,0.5538112534,0.2707457175,151.1017275,113.8065313,99.39721066,-3.046353742e-13,3.009738242e-09,0.8733875773,1.001648678e-10,-15.39857637,0.1698522019,60.95716714,-2459.042833,1.409209546,0.08245701521,0.1484944818,58.77443822,56.20500371,17.18813969,-1.761674446e-12,5.204552621e-10,0.3058115569,3.013016517e-09,
5268122000,-4.254649512,0.6127277144,25.57997668,-694.4200233,4.164325138,0.5526702722,0.2645577861,151.532478,115.6195828,97.95000743,-3.084322873e-13,2.95916227e-09,0.8471748909,7.266380535e-11,-15.29307933,0.1719277714,46.96703813,-2473.032962,1.415248249,0.1173267761,0.1256725355,63.05540226,61.04126286,15.80974326,-1.910906732e-12,4.776272813e-10,0.2590009203,3.130055262e-09,
5280120000,-4.312969748,0.6086274175,25.27140496,-694.728595,4.110220004,0.5503791698,0.2598270632,151.3586292,116.7306367,96.35036629,-3.128404982e-13,2.904221318e-09,0.8254076995,3.781094218e-11,-15.56902831,0.1665515139,33.12500337,-2486.874997,1.399668406,0.1394836156,0.09101498642,66.0517311,64.92365936,12.15523084,-2.479779857e-12,3.663865732e-10,0.18722344,3.07586197e-09,
5292118000,-4.410791732,0.6018114044,25.40959896,-694.590401,4.022745558,0.5435942268,0.2582291288,149.2242894,115.9726687,93.90542399,-3.202579612e-13,2.82410793e-09,0.8097202993,8.445736628e-12,-16.1899319,0.1550612944,20.12761458,-2499.872385,1.367035605,0.1455914703,0.05335849332,66.98221868,66.58533536,7.280847068,-4.130557798e-12,2.189639008e-10,0.1093461049,2.885208859e-09,
5304116000,-4.441863061,0.5996624392,25.32156529,-694.6784347,3.995784047,0.5420478521,0.2564744958,148.9130804,116.2262252,93.09441496,-3.223172071e-13,2.793384669e-09,0.8009759829,-1.451488989e-11,-17.03584993,0.1406719486,7.949333458,-2512.050667,1.327399876,0.139320197,0.01945455836,66.17997156,66.12789444,2.624921476,-1.143117312e-11,7.876321486e-11,0.03969461751,2.604995188e-09,
5316114000,-4.515266596,0.5946161084,25.37249901,-694.627501,3.933595146,0.537260075,0.2547938935,147.4900323,115.8279755,91.30821277,-3.278808135e-13,2.733604548e-09,0.7883088033,-2.334751918e-11,-18.11007266,0.1243072237,-2.755251519,-2522.755252,1.283906016,0.1241635226,-0.005975408348,64.17597748,64.17125014,-0.7789351766,3.843479148e-11,-2.331992574e-11,0.01213838245,2.250904802e-09,
5328112000,-4.576102482,0.5904659736,25.60342431,-694.3965757,3.883599093,0.5324861717,0.2551637571,145.8451707,114.804562,89.94846503,-3.320878831e-13,2.68683219e-09,0.7834920793,-3.763592811e-11,-19.33984995,0.1078965362,-11.69208167,-2531.692082,1.241892427,0.1056577722,-0.02186544496,61.80763693,61.74722499,-2.7320669,1.093340553e-11,-8.160901121e-11,0.04424598676,1.858861602e-09,
5340110000,-4.632411741,0.5866504565,25.77289181,-694.2271082,3.83851992,0.528293162,0.2550786019,144.4672485,114.030617,88.70064427,-3.360029994e-13,2.643605842e-09,0.7778669152,-5.141323775e-11,-20.63421995,0.09295847753,-18.66311833,-2538.663118,1.204970721,0.08807039191,-0.02974701016,59.6481515,59.54102897,-3.57321231,8.340865288e-12,-1.064948853e-10,0.06001260596,1.492078476e-09,
5352108000,-4.685857716,0.5830517648,25.93416945,-694.0658306,3.796758521,0.5243367751,0.2549907973,143.1830442,113.3033737,87.54273041,-3.39684066e-13,2.603246847e-09,0.7726401036,-6.747415843e-11,-21.98260518,0.07959205923,-24.24145184,-2544.241452,1.172949527,0.0725738949,-0.03267913205,57.81625417,57.69159205,-3.794661093,7.83650236e-12,-1.128413459e-10,0.06577494151,1.117347399e-09,
5364106000,-4.726169917,0.580352025,26.31746729,-693.6825327,3.765899323,0.5201992998,0.2572958636,141.5980193,111.8706876,86.80408,-3.418083295e-13,2.575508093e-09,0.7759323004,-8.811788642e-11,-23.29069348,0.0684644819,-28.70409002,-2548.70409,1.146992746,0.0600510105,-0.03288253974,56.38138476,56.25870916,-3.717282816,7.981732639e-12,-1.102931103e-10,0.0660747975,7.819674568e-10,
5376104000,-4.744729211,0.5791133004,26.78833549,-693.2116645,3.751872658,0.5169614662,0.2610039409,140.1756116,110.2387407,86.5830361,-3.419161853e-13,2.563216445e-09,0.7854138713,-1.064735732e-10,-24.52855853,0.0593706869,-30.8022772,-2550.802277,1.126236098,0.05099583081,-0.03040236345,55.36837278,55.26557995,-3.372295427,8.778632257e-12,-9.983391073e-11,0.06101981432,4.821502239e-10,
5388102000,-4.766221895,0.5776820927,27.24883791,-692.7511621,3.735768874,0.5135746474,0.2644951451,138.7531161,108.668372,86.27637078,-3.423674395e-13,2.548450434e-09,0.7939418728,-1.038244499e-10,-25.60077586,0.05247605842,-32.27038764,-2552.270388,1.110764607,0.04437049578,-0.0280177767,54.63924627,54.55319242,-3.06535952,9.636135651e-12,-9.054526435e-11,0.05619028665,2.746265539e-10,
5400100000,-4.716937033,0.5809692527,27.76793001,-692.23207,3.772919441,0.5140659292,0.2706686038,138.2580323,107.0602503,87.48363452,-3.368926312e-13,2.578369451e-09,0.817143938,-9.600164335e-11,-26.51023946,0.04725938081,-32.87101213,-2552.871012,1.099207234,0.0396928972,-0.02565000948,54.13052018,54.05911506,-2.779441368,1.060378253e-11,-8.191734094e-11,0.05141485142,2.715727228e-10,
5412098000,-4.626735863,0.5870339341,28.06990438,-691.9300956,3.843012938,0.5179835696,0.2762279157,138.8620992,106.1734625,89.49792436,-3.285802959e-13,2.631888236e-09,0.8429406208,-6.868709285e-11,-27.07645692,0.04427689465,-33.60066747,-2553.600667,1.092656324,0.03687888058,-0.02450288895,53.82671227,53.76194099,-2.639820959,1.113986703e-11,-7.762988668e-11,0.04910203966,3.961659161e-10,
5424096000,-4.588792197,0.5896039579,28.45109215,-691.5489079,3.873341345,0.5183940072,0.2808922932,138.4808265,104.9345439,90.36415657,-3.247106738e-13,2.651483712e-09,0.8611478471,-3.514465126e-11,-27.60820755,0.04164756573,-36.00213044,-2556.00213,1.086914927,0.03369267819,-0.02448107775,53.48458195,53.42036572,-2.620120904,1.119879854e-11,-7.688012775e-11,0.04904722888,6.899403635e-10,
5436094000,-4.490312256,0.5963268816,28.39065078,-691.6093492,3.954503802,0.5246043642,0.283541903,140.0775457,105.156742,92.54068523,-3.16373765e-13,2.709354822e-09,0.8800261731,7.217048007e-12,-28.04099901,0.03962324588,-39.26058607,-2559.260586,1.082516045,0.03067931767,-0.0250755076,53.16297911,53.09603958,-2.667007494,1.097763882e-11,-7.808316521e-11,0.05022987618,1.104221855e-09,
5448092000,-4.386898168,0.6034691753,28.36655475,-691.6334452,4.043744081,0.5310082531,0.2867146328,141.6821411,105.2137987,94.88880687,-3.078652797e-13,2.77198378e-09,0.9018665618,4.371398637e-11,-28.61252587,0.03709998267,-44.94128089,-2564.941281,1.077058847,0.02626052088,-0.02620675022,52.69497127,52.62254007,-2.761933075,1.057700106e-11,-8.06842655e-11,0.05248574226,1.457679088e-09,
5460090000,-4.31492977,0.6084900926,27.95631082,-692.0436892,4.108427558,0.5374825345,0.2852590365,143.8802897,106.6288869,96.6013366,-3.017429937e-13,2.81581077e-09,0.9059584076,7.43843269e-11,-29.69067689,0.03276922389,-52.97830911,-2572.978309,1.067758853,0.01973091745,-0.02616319803,52.01140117,51.94018956,-2.720764548,1.071345057e-11,-7.930695772e-11,0.05238264571,1.717219857e-09,
5472088000,-4.206255918,0.6161510658,27.72419739,-692.2758026,4.210383101,0.5454152185,0.2866432895,146.2354386,107.3983267,99.24919609,-2.930488767e-13,2.886649512e-09,0.924122369,1.057572932e-10,-31.49176492,0.02663248887,-60.62388958,-2580.62389,1.054722371,0.01306431325,-0.02320804133,51.32300274,51.26772716,-2.381336118,1.221367501e-11,-6.926084054e-11,0.04644902847,1.782142017e-09,
5484086000,-4.167290304,0.6189213794,27.10539578,-692.8946042,4.248260836,0.5509451825,0.2819983684,148.6422048,109.7074841,100.2934345,-2.893632484e-13,2.910639231e-09,0.9141895411,1.154780314e-10,-34.41074615,0.01903104748,-68.50504865,-2588.505049,1.038800509,0.006973341973,-0.01770743544,50.70200942,50.67022074,-1.795129486,1.616665217e-11,-5.209687287e-11,0.03542770211,-5.694283762e-09,
5496084000,-4.128123243,0.6217185677,26.50803546,-693.4919645,4.28706891,0.5563583987,0.2774874947,151.0582939,112.0210978,101.3404252,-2.857485582e-13,2.934603912e-09,0.9046548121,1.318424867e-10,-40.08779431,0.009899432172,-75.66576299,-2595.665763,1.019996822,0.002450881643,-0.009591242699,50.24566767,50.23642401,-0.9637539167,3.004696519e-11,-2.790827065e-11,0.01918436544,-9.570161926e-09,
5508082000,-4.091729251,0.6243290419,26.07048202,-693.929518,4.323807861,0.560806126,0.2743779174,153.0097561,113.771676,102.3132016,-2.82415195e-13,2.956319783e-09,0.8992853516,1.334641113e-10,-50.55550744,0.002966365271,77.51865744,-2442.481343,1.005950382,0.0006410958683,0.002896259486,50.06415018,50.06331027,0.2899952263,-9.963889113e-11,8.379354872e-12,0.005792569942,-9.38144361e-09,
5520080000,-4.091358369,0.6243557009,25.39433119,-694.6056688,4.324185686,0.564029034,0.2677522925,155.0722461,116.5524447,102.2884604,-2.818695213e-13,2.949180826e-09,0.8776174591,1.341703024e-10,-35.77909981,0.01625717234,73.04530241,-2446.954698,1.033051671,0.004740843214,0.01555056456,50.47622687,50.45181935,1.569523366,-1.83699077e-11,4.525249671e-11,0.03110935119,-5.31648965e-09,
5532078000,-4.073305992,0.6256546842,24.77990359,-695.2200964,4.342660681,0.5680472444,0.2622329345,157.3082657,119.1615227,102.6957739,-2.801426709e-13,2.954502819e-09,0.8618199193,1.376967404e-10,-30.82199085,0.02876738977,59.74482743,-2460.255173,1.059238929,0.01449450574,0.02484898424,51.46984751,51.40629768,2.55690456,-1.125167862e-11,7.35607849e-11,0.04973913072,2.533584945e-09,
5544076000,-4.075964825,0.6254631947,24.25572916,-695.7442708,4.339929138,0.5702479106,0.2569465476,158.8882188,121.415123,102.4882139,-2.801025302e-13,2.942150478e-09,0.8441140723,1.400476189e-10,-27.86455165,0.0404363938,48.03818909,-2471.961811,1.084280799,0.02703719354,0.03006812446,52.77627007,52.68078775,3.173213494,-9.046730733e-12,9.10940999e-11,0.06023473887,2.927686983e-09,
5556074000,-4.072749482,0.6256947715,23.66602915,-696.3339708,4.343232869,0.5730743096,0.2511568889,160.8038096,124.0101162,102.3687269,-2.798239017e-13,2.932374355e-09,0.8254869041,1.276694052e-10,-25.8118015,0.05121650334,35.30590018,-2484.6941,1.107962467,0.04179666567,0.02960015123,54.35799105,54.26248806,3.220804294,-8.893808493e-12,9.226063658e-11,0.05935600097,2.916039971e-09,
5568072000,-4.077441374,0.6253568787,22.92674401,-697.073256,4.338413777,0.5759559825,0.243610205,163.0414946,127.3061249,101.8610796,-2.806125009e-13,2.911545384e-09,0.8001270931,1.180504966e-10,-24.57645519,0.0590441997,22.03726687,-2497.962733,1.125498349,0.05473043066,0.02215394948,55.78691467,55.73185232,2.478000129,-1.153490347e-11,7.082989759e-11,0.04446290633,2.868317688e-09,
5580070000,-4.103490718,0.6234842169,22.68719662,-697.3128034,4.311862317,0.5752416901,0.2404777885,163.2315512,128.2832137,100.9354071,-2.825770881e-13,2.878883056e-09,0.7868169517,1.015516345e-10,-23.98368342,0.06321437215,9.76932291,-2510.230677,1.134960166,0.0622976936,0.01072633297,56.64283542,56.6297012,1.219732181,-2.338384924e-11,3.478924204e-11,0.02153873595,2.641173362e-09,
5592068000,-4.090749535,0.6243994664,22.19567968,-697.8043203,4.324806067,0.578130887,0.2358799931,165.0678195,130.584667,100.9704401,-2.818729746e-13,2.873703369e-09,0.773218192,8.542639654e-11,-23.87105089,0.06403942964,-1.138858393,-2521.138858,1.136842153,0.06402677944,-0.001272816955,56.84065171,56.84046602,-0.1452908627,1.958887006e-10,-4.135099748e-12,0.002556116669,2.268855646e-09,
5604066000,-4.083530092,0.6249186637,21.8384116,-698.1615884,4.332176801,0.5800724069,0.2324636294,166.3703728,132.2772317,100.9050787,-2.814516926e-13,2.865694669e-09,0.7628302877,9.072508541e-11,-24.07837561,0.06252896199,-10.14587358,-2530.145874,1.13339924,0.06155116272,-0.0110147835,56.55796816,56.54414144,-1.250532373,2.271025189e-11,-3.551500084e-11,0.02211603787,1.84410892e-09,
5616064000,-4.086606219,0.6246973865,21.50623389,-698.4937661,4.329032968,0.5812045092,0.229015596,167.3606069,133.8129929,100.5169422,-2.819348841e-13,2.848572988e-09,0.7511747551,1.004992091e-10,-24.50680973,0.05951953281,-17.00424896,-2537.004249,1.126572608,0.05691752165,-0.01740604823,56.03331993,55.99915646,-1.956378654,1.448555594e-11,-5.544226943e-11,0.03493585936,1.372543854e-09,
5628062000,-4.084534081,0.6248464345,21.07258428,-698.9274157,4.331150184,0.5830602569,0.2246637565,168.7993092,135.8744585,100.1565689,-2.823461176e-13,2.83230942e-09,0.7371257995,1.153332412e-10,-25.07243483,0.05576712537,-22.12409569,-2542.124096,1.11812155,0.05166101023,-0.0210026735,55.44498624,55.39583108,-2.334180343,1.211509576e-11,-6.600786198e-11,0.04213639001,8.933583128e-10,
5640060000,-4.066416887,0.6261511112,20.40817222,-699.5918278,4.349755102,0.5868490226,0.2183424805,171.3896625,139.2001345,99.98869408,-2.822185208e-13,2.821547096e-09,0.7183088897,1.251452538e-10,-25.59924617,0.05248530093,-24.79175342,-2544.791753,1.110785196,0.04764814227,-0.022008211,55.00065869,54.94716169,-2.425258333,1.163532188e-11,-6.843754356e-11,0.04413800928,4.964075997e-10,
5652058000,-4.08068579,0.6251233345,19.89665962,-700.1033404,4.335088001,0.5878084535,0.2127449302,172.6826806,141.5724046,98.87650096,-2.847871783e-13,2.784239631e-09,0.6984164834,1.258776767e-10,-26.04843842,0.04984000522,-25.54544482,-2545.545445,1.104908659,0.04496782252,-0.02149234882,54.70623299,54.65551167,-2.355201025,1.195598992e-11,-6.631953972e-11,0.04309173865,1.578333681e-10,
5664056000,-4.118892054,0.622379669,19.39150926,-700.6084907,4.296325001,0.5870732348,0.2066433384,173.3060263,143.6714031,96.92010467,-2.899203622e-13,2.723368862e-09,0.6745956575,1.207559162e-10,-26.30208953,0.04840559062,-26.01419149,-2546.014191,1.101735761,0.04350139947,-0.0212303897,54.54583741,54.49650236,-2.319398551,1.211482686e-11,-6.517303931e-11,0.04256050297,-7.217130478e-11,
5676054000,-4.165147077,0.619074116,18.8624111,-701.1375889,4.250365186,0.5858283881,0.2001445997,173.7416961,145.7369901,94.58808955,-2.964402421e-13,2.652223183e-09,0.6490328194,1.23471146e-10,-26.41131934,0.04780067541,-24.92150921,-2544.921509,1.100400566,0.0433497581,-0.02014207145,54.52948689,54.48509271,-2.19991185,1.274583623e-11,-6.168490385e-11,0.04037639912,-1.853525656e-10,
5688052000,-4.207087634,0.6160920692,18.31740341,-701.6825966,4.209582402,0.5848747208,0.1936259247,174.2844532,147.8482923,92.28192177,-3.032075027e-13,2.582100868e-09,0.6241663015,1.276430414e-10,-26.22325239,0.04884694199,-23.54508086,-2543.545081,1.102711002,0.04478024118,-0.01951291219,54.68608009,54.64428475,-2.137638717,1.308947617e-11,-5.981235198e-11,0.03911916363,-1.798228148e-10,
5700050000,-4.222457891,0.6150028176,17.76718029,-702.2328197,4.194843213,0.5856698538,0.187668026,175.5233393,150.2671146,90.70962955,-3.078137906e-13,2.532764788e-09,0.6036558948,1.150969185e-10,-25.68115925,0.05199266007,-22.77705199,-2542.777052,1.109688307,0.04793818326,-0.02012876765,55.03304966,54.98826712,-2.219692459,1.257907365e-11,-6.197753124e-11,0.04036665593,-9.1537554e-11,
5712048000,-4.361391509,0.6052439049,17.18249449,-702.8175055,4.066419555,0.5782310613,0.178798837,173.3592677,150.9781922,85.19988963,-3.270312476e-13,2.373926757e-09,0.5643191801,1.156206238e-10,-25.16443613,0.05517955498,-23.20289466,-2543.202895,1.11680432,0.05071638071,-0.02174010155,55.33992965,55.28737376,-2.411247967,1.155543792e-11,-6.718466529e-11,0.04361299522,5.51099466e-11,
5724046000,-4.431741108,0.6003616529,16.94418647,-703.0558135,4.004524752,0.5742994193,0.1749694008,172.0774834,150.9583057,82.59691419,-3.366302921e-13,2.296576089e-09,0.5471505117,1.206968031e-10,-24.46261187,0.05982316785,-23.11572068,-2543.115721,1.127259396,0.05502019388,-0.02348594637,55.81896029,55.75704201,-2.628420418,1.057845357e-11,-7.308223974e-11,0.04714060006,2.355061648e-10,
5736044000,-4.483825739,0.5967723776,16.23191108,-703.7680889,3.959977663,0.5729839276,0.1668133369,172.5194331,153.1770757,79.37089064,-3.495798598e-13,2.202261626e-09,0.5181642897,9.325813413e-11,-23.6207751,0.0659115075,-24.56592296,-2544.565923,1.141124761,0.05994543077,-0.02740204647,56.37169554,56.28649286,-3.098189735,8.955702264e-12,-8.596381252e-11,0.05504321868,4.525368346e-10,
5748042000,-4.569328235,0.5909266659,15.63585556,-704.3641444,3.88909893,0.5690588862,0.1592680398,171.6386736,154.163423,75.45510776,-3.669539401e-13,2.089242455e-09,0.4894488349,9.120658232e-11,-22.74576821,0.07289732456,-27.18162317,-2547.181623,1.157258363,0.06484675802,-0.03330041896,56.92609793,56.79892006,-3.803065233,7.280587471e-12,-1.053013584e-10,0.06695664688,6.918890439e-10,
5760040000,-4.592614129,0.5893445796,15.82261998,-704.17738,3.870263245,0.5670145635,0.1606907537,170.5380373,152.9956334,75.33630138,-3.667670714e-13,2.081607898e-09,0.4924081798,6.232949881e-11,-21.89119519,0.08043410626,-30.94310991,-2550.94311,1.174939299,0.06898658506,-0.04135814953,57.39618448,57.19829514,-4.762039997,5.80231889e-12,-1.315793301e-10,0.08325492892,8.76841918e-10,
5772038000,-4.741308382,0.5793414219,15.17909819,-704.8209018,3.75444958,0.5591294037,0.1516930882,167.9927531,152.813189,69.78319541,-3.95130085e-13,1.924162747e-09,0.4566568884,5.263921065e-11,-21.06177057,0.08849352021,-34.86943975,-2554.86944,1.19416981,0.0726051218,-0.05059248371,57.80727092,57.50897894,-5.864973372,4.701375127e-12,-1.61717491e-10,0.1019836116,1.040269176e-09,
5784036000,-4.819692024,0.574136819,15.11419698,-704.885803,3.696344012,0.5542763083,0.1497025753,166.0459184,151.6115177,67.71406585,-4.06359346e-13,1.863236726e-09,0.4466287713,5.045693402e-11,-20.21970277,0.09750230028,-39.65864347,-2559.658643,1.21607213,0.07506316204,-0.06222716661,58.08146681,57.62834077,-7.240934103,3.800095834e-12,-1.992433061e-10,0.1256488388,1.225229571e-09,
5796034000,-4.956474597,0.5651663163,14.85324961,-705.1467504,3.59945969,0.546281603,0.1448771043,163.0374408,150.0083221,63.86478205,-4.299597214e-13,1.753681182e-09,0.4257415932,2.341017944e-11,-19.33671527,0.1079354823,-45.28992562,-2565.289926,1.241990305,0.0759347352,-0.07670713355,58.16517304,57.47686875,-8.921710229,3.077804949e-12,-2.44983774e-10,0.1552226213,1.432188101e-09,
5808032000,-5.012884336,0.5615077867,14.89585614,-705.1041439,3.561084414,0.5426381343,0.1443428202,161.5284863,148.8402542,62.75373005,-4.366682202e-13,1.719612828e-09,0.4216179984,1.868227353e-11,-18.58627594,0.1176755409,-52.19341488,-2572.193415,1.266739836,0.07213485517,-0.09297362847,57.70215602,56.70294489,-10.69181229,2.562948065e-12,-2.929830235e-10,0.1885583245,1.649956513e-09,
5820030000,-5.092447592,0.556387828,14.78269301,-705.217307,3.508442568,0.5379716721,0.141964415,159.7724521,147.7657208,60.76617639,-4.500212259e-13,1.661716064e-09,0.4112332417,5.340736321e-13,-17.89398734,0.1274384947,-59.53216115,-2579.532161,1.292102033,0.06461827944,-0.1098410119,56.81989458,55.45405758,-12.38337263,2.208289294e-12,-3.386365647e-10,0.2233086841,1.86271915e-09,
5832028000,-5.136899866,0.5535476441,14.74600543,-705.2539946,3.47976133,0.5353158256,0.1408969875,158.7567852,147.0810017,59.75697254,-4.566799497e-13,1.630756499e-09,0.4062861405,-1.207173536e-11,-17.35104477,0.1356587345,-68.17064655,-2588.170647,1.313900863,0.05044381367,-0.1259313857,55.22487617,53.4920953,-13.72525729,1.988291413e-12,-3.745596803e-10,0.256584776,2.042360846e-09,
5844026000,-5.146051025,0.5529647521,14.9166409,-705.0833591,3.473920142,0.5343305905,0.1423405674,158.2253008,146.3947937,60.03174311,-4.53656396e-13,1.634891539e-09,0.410067473,-1.873061154e-11,-16.90744238,0.1427670155,-77.52933763,-2597.529338,1.333088012,0.0308290643,-0.1393986711,53.11839041,51.08964002,-14.54001659,1.873022913e-12,-3.959796744e-10,0.2845981412,2.20682349e-09,
5856024000,-5.109305368,0.5553090248,15.08958822,-704.9104118,3.49750526,0.5361619439,0.1445630758,158.7906479,146.5047253,61.24406378,-4.437652426e-13,1.664490358e-09,0.4180347335,-3.334450199e-12,-16.63628157,0.1472942935,-87.30246841,-2607.302468,1.345475097,0.006932172699,-0.1471310772,50.68316356,48.53512818,-14.59878082,1.861661406e-12,-3.967654727e-10,0.3007879317,2.289628176e-09,
5868022000,-5.067493758,0.5579885819,15.01541539,-704.9845846,3.524769991,0.538936707,0.1445630777,159.9468395,147.4762512,61.91725753,-4.38042941e-13,1.679345715e-09,0.4198456159,1.118874254e-11,-16.63641207,0.1472920804,-97.62569304,-2617.625693,1.34546901,-0.0195457866,-0.1459894489,48.12216233,46.11224856,-13.7623777,1.970765385e-12,-3.73268955e-10,0.298453841,2.31441582e-09,
5880020000,-5.044480479,0.5594689339,14.7686303,-705.2313697,3.539974939,0.5409858154,0.1426177951,160.9840593,148.6783194,61.73025756,-4.384733872e-13,1.670857519e-09,0.4151934042,2.397614387e-11,-16.84342195,0.1438231852,-107.5701948,-2627.570195,1.335966082,-0.04341648034,-0.1371135217,45.91278689,44.21214058,-12.38025144,2.186310615e-12,-3.350971957e-10,0.2800192724,2.22993531e-09,
5892018000,-4.961781466,0.5648211187,14.8354833,-705.1645167,3.595811254,0.5459928099,0.1446193201,162.9374039,149.9703297,63.69849143,-4.240596198e-13,1.720620979e-09,0.4247406241,3.811232264e-11,-17.26871971,0.1369506237,-117.3785243,-2637.378524,1.317364516,-0.06297906966,-0.1216104853,44.15684373,42.85982607,-10.62366027,2.54262254e-12,-2.869658656e-10,0.2478698876,2.019641159e-09,
5904016000,-4.866972922,0.571020045,14.66175587,-705.3382441,3.662222504,0.5524258719,0.1445321686,165.7488262,152.3280061,65.33645191,-4.125884436e-13,1.761278981e-09,0.428919498,5.76076323e-11,-17.9045985,0.1272829039,-125.5846277,-2645.584628,1.29169339,-0.07406653238,-0.1035137016,43.17258525,42.24728731,-8.890378653,3.032161627e-12,-2.396585152e-10,0.2104366746,1.738857389e-09,
5916014000,-4.781897787,0.576640459,14.24576364,-705.7542364,3.724116989,0.5589082501,0.1419006234,168.915165,155.4478047,66.09321433,-4.070371652e-13,1.778065732e-09,0.4251794644,1.028768707e-10,-18.67237706,0.1165148142,-132.2354549,-2652.235455,1.263761784,-0.0783187966,-0.08626626239,42.7870376,42.14720095,-7.371840907,3.649345522e-12,-1.98320173e-10,0.1749070102,1.388255839e-09,
5928012000,-4.687660728,0.5829307478,13.81937266,-706.1806273,3.795366691,0.566056985,0.1392398881,172.4944517,158.9335349,67.04078879,-4.004718021e-13,1.799907444e-09,0.4218165086,1.449720118e-10,-19.50210539,0.1058997002,-137.6947892,-2657.694789,1.236885504,-0.07832022904,-0.07127894662,42.77109955,42.33338387,-6.10340617,4.398846275e-12,-1.638639162e-10,0.1441747768,1.057408722e-09,
5940010000,-4.589879113,0.5895301819,13.03490485,-706.9650951,3.872465433,0.574339665,0.132965351,177.1458824,164.0432519,66.86161189,-4.007339278e-13,1.791471064e-09,0.4075852626,1.933562774e-10,-20.32830819,0.09629075464,-141.3047719,-2661.304772,1.213101183,-0.07515324684,-0.06019882821,43.03361047,42.71932316,-5.191440963,5.161132824e-12,-1.390979966e-10,0.1215244198,7.79161953e-10,
5952008000,-4.530883356,0.5935479812,12.13631171,-707.8636883,3.920630007,0.5802822983,0.1247864589,181.0106896,168.9055502,65.0829077,-4.108560417e-13,1.740297807e-09,0.3853213091,2.298160826e-10,-21.04049323,0.08871056366,-143.8861909,-2663.886191,1.1946924,-0.07166463866,-0.05228521465,43.32987641,43.09118461,-4.541805705,5.887461416e-12,-1.214465485e-10,0.1053998804,5.682391884e-10,
5964006000,-4.457605994,0.598576552,10.91149461,-709.0885054,3.982269995,0.587754741,0.1133060152,186.1602217,175.536339,61.98888475,-4.304951242e-13,1.654229963e-09,0.3531398974,2.452290329e-10,-21.53203315,0.08382978308,-145.9668472,-2665.966847,1.183000455,-0.06947090401,-0.04691722526,43.51758699,43.32457331,-4.094108603,6.518125245e-12,-1.092550245e-10,0.09449853259,4.315009362e-10,
5976004000,-4.483040651,0.5968263203,9.917877737,-710.0821223,3.960641283,0.5879071281,0.1027952592,187.3268886,178.4488113,56.98583104,-4.673501281e-13,1.517665767e-09,0.3193399308,2.535766019e-10,-21.95821094,0.07981590694,-147.6356724,-2667.635672,1.173478128,-0.06741741311,-0.0427255358,43.69489481,43.53420587,-3.743895324,7.113536339e-12,-9.97086761e-11,0.08599893461,3.73602251e-10,
5988002000,-4.49895319,0.5957339361,8.848057552,-711.1519424,3.947236928,0.5886445325,0.09163261956,188.7923722,181.6062143,51.59207986,-5.151754496e-13,1.371264494e-09,0.2840876346,2.535766019e-10,-22.30657614,0.07667807352,-148.748898,-2668.748898,1.166091742,-0.06555223021,-0.0397797948,43.85721281,43.71743508,-3.498711964,7.596787963e-12,-9.29921706e-11,0.08003012889,3.73602251e-10,
6000000000,-4.566097221,0.5911465222,7.69168851,-712.3083115,3.891727987,0.5858277557,0.07912048652,188.2788722,182.9444736,44.50003673,-5.960854371e-13,1.180400136e-09,0.2432434052,2.535766019e-10,-22.59500126,0.07417369888,-150.5636292,-2670.563629,1.16023243,-0.06459802377,-0.03645316076,43.93976366,43.82216461,-3.212587637,8.256840542e-12,-8.521653376e-11,0.073309652,3.73602251e-10,
