Frequency,S11_Magnitude,S11_Magnitude (linear),S11_Phase,S11_Unwrapped Phase,S11_VSWR,S11_Real,S11_Imaginary,S11_Impedance (absolute),S11_Resistance,S11_Reactance,S11_Capacitance,S11_Inductance,S11_Quality Factor,S11_Group delay,S21_Magnitude,S21_Magnitude (linear),S21_Phase,S21_Unwrapped Phase,S21_VSWR,S21_Real,S21_Imaginary,S21_Impedance (absolute),S21_Resistance,S21_Reactance,S21_Capacitance,S21_Inductance,S21_Quality Factor,S21_Group delay,
1000000,-34.45588992,0.0189323927,-89.56464295,-89.56464295,1.03859549,0.000143854774,-0.01893184616,50.01438239,49.97854345,-1.893050728,8.407325843e-08,-3.012883809e-07,0.03787726888,2.589615055e-09,0.03076162308,1.003547841,-0.8153420492,-0.8153420492,nan,1.003446232,-0.01428040852,6819.089429,-1646.907641,-6617.225692,2.405161173e-11,-0.001053164178,-4.017970121,2.393059757e-09,
12998000,-13.79643786,0.2042575447,-105.8573161,-105.8573161,1.513376013,-0.0558118768,-0.1964845515,44.90085573,41.54346445,-17.03606196,7.187442577e-10,-2.085992824e-07,0.4100780277,2.589615055e-09,-0.218395219,0.9751697908,-13.00643014,-13.00643014,79.54704576,0.9501516275,-0.2194721067,435.9828214,48.41175159,-433.2866521,2.825974825e-11,-5.305409483e-06,8.950030475,2.393059757e-09,
24996000,-8.680286698,0.3681168229,-117.1229262,-117.1229262,2.165142027,-0.1678248568,-0.3276351824,36.86779459,29.38124255,-22.27053803,2.859031277e-10,-1.418013367e-07,0.7579848942,2.589615055e-09,-0.6963594809,0.9229581858,-23.86966279,-23.86966279,24.95992865,0.844016043,-0.3734819031,232.4242375,45.21683383,-227.9834733,2.792841247e-11,-1.451620128e-06,5.04200436,2.393059757e-09,
36994000,-5.974627639,0.5026533925,-126.6629746,-126.6629746,3.021340389,-0.3001378103,-0.4032092854,29.66823494,20.16636153,-21.76056128,1.977054978e-10,-9.361790808e-08,1.079052423,2.104042006e-09,-1.350173411,0.8560346211,-33.70416473,-33.70416473,12.89222891,0.7121470053,-0.4750178052,159.950265,43.30691,-153.9759684,2.794061077e-11,-6.624327318e-07,3.555459587,2.1090492e-09,
48992000,-4.324448658,0.6078236121,-135.0881763,-135.0881763,4.099746088,-0.4304571304,-0.4291342475,23.87496234,14.13559652,-19.24054931,1.688408368e-10,-6.250466464e-08,1.36114166,1.81866961e-09,-2.076035809,0.787405075,-42.1479505,-42.1479505,8.407562291,0.583793544,-0.5283860805,124.1120691,41.99566002,-116.7911394,2.781538447e-11,-3.794065795e-07,2.781028786,1.848273186e-09,
60990000,-3.262287571,0.6868875132,-142.3144239,-142.3144239,5.387480807,-0.5435872927,-0.4199134565,19.38487215,10.32019942,-16.40934954,1.590267312e-10,-4.282061145e-08,1.590022525,1.577965661e-09,-2.83725506,0.7213354016,-49.41515643,-49.41515643,6.177086762,0.4692815849,-0.5478134314,102.793783,41.22610062,-94.16459237,2.771238268e-11,-2.457248785e-07,2.284101357,1.611973921e-09,
72988000,-2.550090292,0.7455821214,-148.573918,-148.573918,6.861082764,-0.6362153167,-0.3887451229,15.82898073,7.85107019,-13.74472,1.586473314e-10,-2.997122992e-08,1.750681075,1.365002807e-09,-3.600636649,0.660645023,-55.93021397,-55.93021397,4.89353372,0.3700948302,-0.5472491782,88.4050457,40.46953611,-78.59814725,2.774318766e-11,-1.713882235e-07,1.942155873,1.4173195e-09,
84986000,-2.045724764,0.790157673,-153.9984813,-153.9984813,8.530965602,-0.7101798309,-0.3464011491,12.94198866,6.168912615,-11.37715199,1.646035444e-10,-2.130621488e-08,1.844271868,1.194480667e-09,-4.355280287,0.6056698924,-61.62586657,-61.62586657,4.071892715,0.2878307086,-0.5329066539,78.34550115,40.01417514,-67.35639048,2.780314577e-11,-1.261396288e-07,1.683313232,1.250631509e-09,
96984000,-1.672031628,0.8248945203,-158.7252941,-158.7252941,10.4216871,-0.7686791959,-0.2993046331,10.54383018,4.965319486,-9.301502962,1.764277562e-10,-1.526416909e-08,1.873293952,1.057020366e-09,-5.076913752,0.5573837619,-66.65159428,-66.65159428,3.518587047,0.2209030576,-0.5117406543,71.0099728,39.66778178,-58.8972268,2.786282794e-11,-9.665289924e-08,1.484762297,1.097812675e-09,
108982000,-1.38700685,0.8524122013,-163.0352181,-163.0352181,12.55125571,-0.8153188772,-0.2487201025,8.453636659,4.071694126,-7.40846001,1.971230531e-10,-1.081915391e-08,1.819503082,9.492154982e-10,-5.767310379,0.5147951908,-71.06360459,-71.06360459,3.121970685,0.167060473,-0.4869341709,65.53339355,39.47745869,-52.30827779,2.791868357e-11,-7.63898715e-08,1.325016339,9.603407914e-10,
120980000,-1.170439499,0.8739327712,-166.8833843,-166.8833843,14.86455115,-0.8511320378,-0.1983248414,6.65996798,3.407962688,-5.721972021,2.299115671e-10,-7.527526297e-09,1.679000783,8.639224509e-10,-6.42265159,0.4773835179,-74.92014662,-74.92014662,2.826898057,0.1241984869,-0.4609444207,61.38388186,39.41329834,-47.05924847,2.795513309e-11,-6.190867922e-08,1.193994171,8.362829752e-10,
132978000,-0.997433309,0.8915143428,-170.4190739,-170.4190739,17.43561676,-0.879079055,-0.1483840909,5.077513976,2.887766981,-4.176356072,2.865779791e-10,-4.998478793e-09,1.446223362,7.923366581e-10,-7.043722969,0.4444407293,-78.23149427,-78.23149427,2.599975926,0.09064722379,-0.4350984287,58.24081407,39.48269481,-42.81482492,2.79541417e-11,-5.124299526e-08,1.084394698,7.408201482e-10,
144976000,-0.8678446195,0.9049149621,-173.690981,-173.690981,20.03380347,-0.8994344983,-0.09944180164,3.717825775,2.503343345,-2.748727086,3.993855948e-10,-3.017558099e-09,1.098022407,7.365004415e-10,-7.62411077,0.4157138191,-81.12835109,-81.12835109,2.422980152,0.06411201094,-0.4107403431,55.80099053,39.59347145,-39.32057429,2.791927692e-11,-4.316620519e-08,0.9931075214,6.708911221e-10,
156974000,-0.7602405846,0.9161951127,-176.7430391,-176.7430391,22.86495662,-0.9147152519,-0.05205278514,2.608167613,2.188516546,-1.418778921,7.146241344e-10,-1.43849095e-09,0.6482833878,6.873241573e-10,-8.173910888,0.3902154455,-83.9585506,-83.9585506,2.279846931,0.0410693567,-0.3880481952,53.70083201,39.60885112,-36.26180183,2.796037723e-11,-3.67656109e-08,0.9154974407,6.158785995e-10,
168972000,-0.6752893295,0.925199807,-179.6271598,-179.6271598,25.73789894,-0.9251802184,-0.006020500265,1.949460312,1.942681049,-0.1624372212,5.798555731e-09,-1.529998266e-10,0.08361497185,6.454953061e-10,-8.690984436,0.367663721,-86.54545148,-86.54545148,2.162874038,0.02215421064,-0.3669956439,51.99122886,39.63922479,-33.64252869,2.799733898e-11,-3.168794084e-08,0.8487181288,5.644037895e-10,
180970000,-0.6083480667,0.9323577747,177.7052881,-182.2947119,28.56733005,-0.9316101122,0.0373312066,2.016472262,1.750952259,1.000163272,-8.793112767e-10,8.795984345e-10,0.5712110466,6.092164983e-10,-9.169564906,0.3479539369,-88.82370466,-88.82370466,2.067267964,0.007143071393,-0.3478806099,50.64127643,39.70633063,-31.43161126,2.797994785e-11,-2.764268277e-08,0.791602013,5.084986442e-10,
192968000,-0.5530996499,0.9383071323,175.1444806,-184.8555194,31.41865833,-0.9349398368,0.0794215083,2.650755587,1.594268821,2.117737498,-3.894598653e-10,1.746654321e-09,1.328344048,5.786857629e-10,-9.610638135,0.3307258134,-90.88486406,-90.88486406,1.988311876,-0.005107457381,-0.3306863734,49.54171156,39.77424208,-29.53626333,2.792410643e-11,-2.436073499e-08,0.7425977664,4.609251531e-10,
204966000,-0.5117585682,0.9427837136,172.7142576,-187.2857424,33.95508233,-0.935171707,0.1195617376,3.507375328,1.478497104,3.180523228,-2.441404463e-10,2.46965835e-09,2.151186647,5.549114911e-10,-10.01413367,0.3157136189,-92.77058443,-92.77058443,1.922752893,-0.01526064219,-0.3153445766,48.63099356,39.83046362,-27.90175088,2.782959263e-11,-2.16655522e-08,0.7005128322,4.277039259e-10,
216964000,-0.4734565714,0.9469502683,170.3708262,-189.6291738,36.70047342,-0.9336086806,0.158397103,4.426305073,1.372038398,4.208287921,-1.743118881e-10,3.087009018e-09,3.067179407,5.321777151e-10,-10.3750137,0.3028651583,-94.52633557,-94.52633557,1.868885444,-0.02390130448,-0.301920572,47.85658726,39.85295539,-26.49518617,2.768633549e-11,-1.943566604e-08,0.6648236226,4.046452325e-10,
228962000,-0.4444262778,0.9501204945,168.1080247,-191.8919753,39.09662846,-0.9297288716,0.195788609,5.362278387,1.292746131,5.204117306,-1.335702209e-10,3.617460512e-09,4.025629768,5.134919358e-10,-10.69133651,0.2920338369,-96.23983396,-96.23983396,1.82499377,-0.03174130286,-0.290303723,47.1560417,39.81297955,-25.27091071,2.750653137e-11,-1.756619158e-08,0.6347405041,3.968338754e-10,
240960000,-0.4158121553,0.9532556592,165.9544742,-194.0455258,41.78592801,-0.9247563605,0.2313482776,6.274517552,1.214722843,6.155811801,-1.072975593e-10,4.065935744e-09,5.06766777,4.978531928e-10,-10.96172652,0.2830829248,-97.88911959,-97.88911959,1.789722925,-0.03885495641,-0.2804036995,46.52333071,39.72307944,-24.21770551,2.72735822e-11,-1.599588124e-08,0.6096633457,4.018806516e-10,
252958000,-0.3915247132,0.9559248781,163.8328564,-196.1671436,44.37707246,-0.9181214099,0.2661680845,7.190216731,1.149424245,7.097748977,-8.86443535e-11,4.465728835e-09,6.175047208,4.85413307e-10,-11.19831239,0.2754763885,-99.65937553,-99.65937553,1.760434537,-0.0462223053,-0.271570873,45.87345082,39.5483851,-23.24432675,2.706791107e-11,-1.462475787e-08,0.5877440178,4.162880737e-10,
264956000,-0.3724055086,0.9580313581,161.7565737,-198.2434263,46.65462762,-0.90987596,0.2999163559,8.099307077,1.099321014,8.024354705,-7.485766137e-11,4.82010491e-09,7.299373524,4.761701681e-10,-11.41064103,0.2688239442,-101.4957401,-101.4957401,1.735319331,-0.05357528866,-0.2634312081,45.22994203,39.33018489,-22.33571609,2.689344836e-11,-1.341671682e-08,0.5679026466,4.383217292e-10,
276954000,-0.3495053774,0.9605605165,159.723795,-200.276205,49.71060319,-0.9010374019,0.3328785157,8.99700749,1.037968549,8.936932643,-6.43019295e-11,5.135715701e-09,8.610022581,4.641929643e-10,-11.6030094,0.262935684,-103.4268475,-103.4268475,1.713467409,-0.06105463819,-0.2557489102,44.5810699,39.07110862,-21.46905365,2.676699318e-11,-1.233744959e-08,0.5494866773,4.560357846e-10,
288952000,-0.3310500146,0.9626036393,157.7254435,-202.2745565,52.48113993,-0.8907723586,0.364870349,9.889326974,0.9896339692,9.839685595,-5.597746216e-11,5.419705006e-09,9.942752474,4.533585863e-10,-11.78094458,0.2576041001,-105.471555,-105.471555,1.693980395,-0.0687184544,-0.2482693022,43.92211705,38.77897591,-20.62385496,2.670696769e-11,-1.135963227e-08,0.5318308304,4.72469056e-10,
300950000,-0.3113929173,0.9647845812,155.8235246,-204.1764754,55.79330442,-0.8801617298,0.395126078,10.74569017,0.9372558047,10.70473768,-4.940259417e-11,5.661112863e-09,11.42136184,4.417500384e-10,-11.96973086,0.2520655283,-107.5201993,-107.5201993,1.674031049,-0.07588231281,-0.2403724301,43.30830448,38.52800515,-19.77882848,2.673777224e-11,-1.045987148e-08,0.5133623816,4.807278361e-10,
312948000,-0.2957875956,0.9665194993,153.9157956,-206.0842044,58.73626306,-0.8680783537,0.4249704864,11.61326618,0.8969261218,11.57857828,-4.392307279e-11,5.888479771e-09,12.90917724,4.31547598e-10,-12.15903401,0.2466313611,-109.6526949,-109.6526949,1.65474284,-0.08294652605,-0.2322647242,42.70638052,38.27984015,-18.9337998,2.686025742e-11,-9.629100778e-09,0.4946154354,4.784609411e-10,
324946000,-0.272251598,0.9691420111,152.0884084,-207.9115916,63.81303774,-0.8564026362,0.4536637106,12.45002033,0.8319150012,12.4221948,-3.942853138e-11,6.084253096e-09,14.93204808,4.263113147e-10,-12.35170537,0.2412207879,-111.7182682,-111.7182682,1.635812853,-0.08926205984,-0.2240976421,42.16907144,38.07729064,-18.12044491,2.702962868e-11,-8.875192736e-09,0.4758858787,4.721355203e-10,
336944000,-0.2596375313,0.9705504682,150.273127,-209.726873,66.91279446,-0.8428250926,0.4812629995,13.29072835,0.7998607121,13.26663797,-3.560422415e-11,6.266474579e-09,16.58618528,4.211029494e-10,-12.55539788,0.2356297411,-113.7055544,-113.7055544,1.616532991,-0.09473176635,-0.2157481572,41.70243463,37.9313283,-17.32937933,2.725708422e-11,-8.185503766e-09,0.4568619162,4.610024225e-10,
348942000,-0.2308641396,0.9737709022,148.4380692,-211.5619308,75.25119315,-0.8297257435,0.5096910442,14.14614773,0.7175000544,14.12794002,-3.228405237e-11,6.443854538e-09,19.69050725,4.139041712e-10,-12.74572827,0.2305226409,-115.6901971,-115.6901971,1.599166793,-0.09993269668,-0.2077357555,41.26083387,37.78350824,-16.57899021,2.751115418e-11,-7.561796065e-09,0.4387890637,4.411816105e-10,
360940000,-0.2173765238,0.975284167,146.6466574,-213.3533426,79.91978921,-0.8146508243,0.5362119365,14.99148571,0.681763088,14.97597553,-2.94435381e-11,6.6035921e-09,21.96653909,4.080874116e-10,-12.95033914,0.2251557503,-117.6227232,-117.6227232,1.581163893,-0.1043928921,-0.1994924459,40.87962212,37.68635519,-15.83925937,2.783878308e-11,-6.984253406e-09,0.4202916227,4.145533557e-10,
372938000,-0.198045106,0.9774571881,144.9628031,-215.0371969,87.72007659,-0.8003219091,0.561166104,15.79297204,0.626780279,15.78052953,-2.704343924e-11,6.73449549e-09,25.17713153,4.006960872e-10,-13.16538014,0.2196498916,-119.2876183,-119.2876183,1.562952165,-0.1074514058,-0.1915731459,40.61202988,37.67386154,-15.16631554,2.813865966e-11,-6.472373658e-09,0.402568649,3.836980723e-10,
384936000,-0.1809978328,0.9793774683,143.197541,-216.802459,95.98130325,-0.784193084,0.5867038712,16.64203311,0.5785826547,16.63197246,-2.485923989e-11,6.876625285e-09,28.7460613,3.95790669e-10,-13.36428183,0.2146771933,-120.8597039,-120.8597039,1.54672344,-0.1101160147,-0.1842844557,40.37850795,37.6648463,-14.55277491,2.841095227e-11,-6.016964021e-09,0.3863755289,3.561992206e-10,
396934000,-0.1625667765,0.9814578685,141.5090344,-218.4909656,106.8624645,-0.7681932621,0.6108507672,17.46253529,0.5249166859,17.45464412,-2.297157816e-11,6.998626702e-09,33.25221809,3.930807282e-10,-13.54511531,0.2102539843,-122.3582037,-122.3582037,1.532459753,-0.1125301885,-0.1776054464,40.1674483,37.65138366,-13.99275569,2.865487904e-11,-5.610545418e-09,0.3716398796,3.300451603e-10,
408932000,-0.1493854259,0.9829484195,139.8258882,-220.1741118,116.2911802,-0.7510586896,0.6341123246,18.28955813,0.4874485495,18.2830613,-2.128727741e-11,7.115705253e-09,37.50767403,3.875015322e-10,-13.72975718,0.2058316431,-123.7800513,-123.7800513,1.518357704,-0.1144436816,-0.1710827549,39.99696951,37.66490856,-13.45779452,2.891979047e-11,-5.237727839e-09,0.3573032574,2.953791693e-10,
420930000,-0.1315834249,0.9849650688,138.1595009,-221.8404991,132.0235548,-0.7338035859,0.657030048,19.1170655,0.4340585755,19.11213715,-1.978340305e-11,7.226358541e-09,44.03123962,3.872430054e-10,-13.89963549,0.2018451069,-124.9552319,-124.9552319,1.505779288,-0.1156443719,-0.1654322412,39.88568304,37.70580917,-13.00537065,2.907284402e-11,-4.917371122e-09,0.3449168958,2.55916563e-10,
432928000,-0.1194259044,0.9863446761,136.5036697,-223.4963303,145.463022,-0.7155126334,0.6789090451,19.94900776,0.3984278506,19.9450286,-1.843188675e-11,7.332281329e-09,50.05932333,3.879371672e-10,-14.05491537,0.1982687331,-125.9403165,-125.9403165,1.494601474,-0.1163722868,-0.1605240836,39.81410722,37.76131775,-12.61927161,2.91319911e-11,-4.639153519e-09,0.3341851493,2.192828217e-10,
444926000,-0.1067181828,0.9877887846,134.8070888,-225.1929112,162.7838608,-0.6961164829,0.700819895,20.81156101,0.3603564104,20.80844096,-1.719067002e-11,7.443409098e-09,57.7440566,3.888595536e-10,-14.17290226,0.1955937111,-126.8049476,-126.8049476,1.486305773,-0.1171787725,-0.1566079024,39.73950198,37.7861144,-12.30599755,2.906802481e-11,-4.401991207e-09,0.3256751255,1.950215042e-10,
456924000,-0.09841677047,0.9887333006,133.124048,-226.875952,176.5142775,-0.6758784827,0.7216521436,21.67807502,0.336498969,21.6754632,-1.60697002e-11,7.549958226e-09,64.41464967,3.887230221e-10,-14.2490156,0.1938872363,-127.590913,-127.590913,1.481042467,-0.118274995,-0.1536336094,39.64503109,37.76688746,-12.05780668,2.888735942e-11,-4.199953463e-09,0.3192692724,1.848339477e-10,
468922000,-0.09221874005,0.9894390874,131.4513453,-228.5486547,188.3775733,-0.6549926543,0.7416025421,22.55039761,0.3194048636,22.54813547,-1.505250873e-11,7.652972598e-09,70.59421453,3.873000035e-10,-14.28826598,0.1930130622,-128.3416961,-128.3416961,1.478354861,-0.1197356485,-0.1513849948,39.52424519,37.70372249,-11.85728756,2.862425359e-11,-4.02443461e-09,0.314485859,1.82651231e-10,
480920000,-0.09481163395,0.9891437662,129.7865236,-230.2134764,183.2259506,-0.6329817569,0.7600917613,23.43039492,0.3328013939,23.42803127,-1.412574943e-11,7.75323751e-09,70.39643372,3.8781208e-10,-14.28298072,0.1931305442,-129.1636901,-129.1636901,1.478715715,-0.1219692916,-0.1497427761,39.34508394,37.56915578,-11.68735061,2.831595546e-11,-3.867794272e-09,0.3110889869,1.989371024e-10,
492918000,-0.08610752312,0.9901354818,128.1115652,-231.8884348,201.74685,-0.6111063782,0.7790489502,24.32759015,0.3064985334,24.32565931,-1.327335879e-11,7.854346815e-09,79.36631554,3.870693236e-10,-14.23103646,0.194288984,-129.9631681,-129.9631681,1.482279577,-0.1247908497,-0.1489142476,39.12317239,37.37393904,-11.56768336,2.791252093e-11,-3.735010665e-09,0.3095120198,2.318266649e-10,
504916000,-0.08458699149,0.9903088277,126.4185932,-233.5814068,205.3733826,-0.5879265983,0.796902685,25.24773285,0.3055287487,25.24588414,-1.248562865e-11,7.957773677e-09,82.63014283,3.883729937e-10,-14.13597314,0.196427072,-131.0765022,-131.0765022,1.488884245,-0.1290655788,-0.1480731947,38.79010892,37.07123728,-11.41910312,2.760380838e-11,-3.599423878e-09,0.308031346,2.814914442e-10,
516914000,-0.08317701758,0.9904695969,124.7760065,-235.2239935,208.8547117,-0.5649337962,0.8135599721,26.15371388,0.3048955641,26.15193661,-1.177329381e-11,8.052035701e-09,85.77342436,3.891504217e-10,-14.0190392,0.1990893552,-132.3919114,-132.3919114,1.497157471,-0.1342256712,-0.147037548,38.39112946,36.70867296,-11.24064724,2.739116589e-11,-3.460932712e-09,0.3062123017,3.452168696e-10,
528912000,-0.08236788082,0.9905618687,123.0668444,-236.9331556,210.9063543,-0.5404674977,0.8301251108,27.11097924,0.306764818,27.10924364,-1.109990624e-11,8.157444205e-09,88.37142349,3.888777443e-10,-13.88335379,0.2022238203,-134.0285203,-134.0285203,1.50696881,-0.1405488619,-0.1453976991,37.90567844,36.27500708,-10.99837801,2.73594945e-11,-3.309522617e-09,0.3031943725,4.050552812e-10,
540910000,-0.08135534954,0.9906773472,121.3831915,-238.6168085,213.5312106,-0.515904351,0.8457448237,28.06921562,0.3079464354,28.06752633,-1.048313026e-11,8.258463619e-09,91.14418323,3.921914907e-10,-13.75034174,0.2053444232,-135.9426007,-135.9426007,1.516813647,-0.1475694403,-0.1427921302,37.36999299,35.81208159,-10.67760215,2.755633058e-11,-3.14172998e-09,0.2981564232,4.585450071e-10,
552908000,-0.08129847509,0.990683834,119.7166414,-240.2833586,213.6805897,-0.4910928143,0.8603965985,29.03343657,0.3128845002,29.03175059,-9.915030026e-12,8.356809112e-09,92.78743615,3.941146079e-10,-13.62846176,0.2082461169,-138.0488935,-138.0488935,1.526037501,-0.1548758772,-0.1392117374,36.81596144,35.34922356,-10.28821706,2.797867474e-11,-2.961470264e-09,0.2910450647,4.982898546e-10,
564906000,-0.08355548309,0.9904264406,117.9811837,-242.0188163,207.9087164,-0.4646898343,0.8746472959,30.05504292,0.327377027,30.05325988,-9.374591608e-12,8.467116415e-09,91.80014904,3.963479112e-10,-13.52730212,0.2106856197,-140.2846462,-140.2846462,1.533844625,-0.1620653525,-0.1346226276,36.27342211,34.91407409,-9.837102321,2.864024675e-11,-2.771476069e-09,0.2817517743,5.191151935e-10,
576904000,-0.08624309816,0.9901200272,116.2563916,-243.7436084,201.429707,-0.4380179488,0.887962806,31.08897373,0.3441834776,31.08706846,-8.874355287e-12,8.576228648e-09,90.32121089,3.992614328e-10,-13.44990095,0.2125714585,-142.6187645,-142.6187645,1.539913014,-0.1689121496,-0.1290554558,35.75840689,34.51937213,-9.33148492,2.956417899e-11,-2.574348507e-09,0.2703260327,5.249337193e-10,
588902000,-0.09252603094,0.9894040835,114.5536284,-245.4463716,187.7519588,-0.4111416993,0.8999349663,32.12892511,0.3762589376,32.12672187,-8.412221296e-12,8.682474487e-09,85.38460792,3.958825917e-10,-13.3959487,0.2138959517,-144.8686845,-144.8686845,1.54419247,-0.1749316644,-0.1230869243,35.3066848,34.18738885,-8.81954847,3.06429626e-11,-2.383545539e-09,0.2579766623,5.165643596e-10,
600900000,-0.09848994934,0.9887249705,112.8078095,-247.1921905,176.3831287,-0.3832705678,0.9114168856,33.21598315,0.408563534,33.21347034,-7.974503848e-12,8.796951211e-09,81.29328141,3.940117683e-10,-13.3541256,0.2149283576,-147.0935529,-147.0935529,1.547538202,-0.180444981,-0.1167638973,34.89407382,33.89299047,-8.298288089,3.191754061e-11,-2.197892442e-09,0.2448378846,5.027643195e-10,
612898000,-0.1094696367,0.9874759295,111.1558359,-248.8441641,158.6924899,-0.35638581,0.9209222908,34.26515584,0.463028215,34.26202722,-7.579121542e-12,8.897028531e-09,73.99554954,3.941139929e-10,-13.32698925,0.2156008843,-149.2031826,-149.2031826,1.549722405,-0.1851986451,-0.1103866076,34.53857597,33.64842345,-7.790816949,3.333104478e-11,-2.023088717e-09,0.2315358685,4.837245288e-10,
624896000,-0.101801075,0.9883481331,109.4460521,-250.5539479,170.6463133,-0.3290400195,0.9319681849,35.37272399,0.4396345536,35.36999186,-7.200744927e-12,9.008393462e-09,80.45316631,3.982138975e-10,-13.28949258,0.2165336371,-151.3094149,-151.3094149,1.552757967,-0.1899487333,-0.1039533295,34.18615801,33.40074585,-7.285847676,3.49568507e-11,-1.855634653e-09,0.2181342809,4.64004043e-10,
636894000,-0.1113052153,0.9872672695,107.7230637,-252.2769363,156.0754988,-0.3005404641,0.9404105969,36.51307863,0.4911786394,36.50977479,-6.844532975e-12,9.12351369e-09,74.33094979,4.054280833e-10,-13.27331989,0.2169371876,-153.207462,-153.207462,1.554073528,-0.1936477941,-0.09778688656,33.91066778,33.21830048,-6.817470404,3.665470367e-11,-1.703633751e-09,0.2052323661,4.413414609e-10,
648892000,-0.1197077165,0.9863126749,105.924209,-254.075791,145.1205883,-0.2706102255,0.9484633881,37.73064009,0.5407109976,37.72676548,-6.501269051e-12,9.253313667e-09,69.77251368,4.097731676e-10,-13.24318071,0.2176912458,-155.1122301,-155.1122301,1.55653537,-0.1974751014,-0.09161366058,33.62840559,33.02309899,-6.351739591,3.861491002e-11,-1.557902938e-09,0.1923423236,4.127006814e-10,
660890000,-0.1287998962,0.9852807667,104.1609704,-255.8390296,134.8766428,-0.2410459322,0.9553402786,38.95241004,0.5956656904,38.94785527,-6.183116132e-12,9.379387931e-09,65.38542659,4.139728883e-10,-13.203594,0.218685657,-156.8331616,-156.8331616,1.559789178,-0.2010515434,-0.08603309514,33.36715971,32.83533962,-5.933617665,4.058554592e-11,-1.428928539e-09,0.1807082775,3.861782631e-10,
672888000,-0.1435234143,0.9836120245,102.3774734,-257.6225266,121.0407,-0.2108385354,0.9607495651,40.21845115,0.6803071678,40.21269694,-5.881852744e-12,9.511314651e-09,59.10961819,4.148073383e-10,-13.15229137,0.2199811314,-158.409414,-158.409414,1.564040539,-0.2045465861,-0.08094684856,33.114624,32.64556364,-5.553872304,4.258743249e-11,-1.313630546e-09,0.1701264026,3.536735388e-10,
684886000,-0.1622752747,0.9814908072,100.5561074,-259.4438926,107.0544147,-0.1798074458,0.9648800376,41.54453652,0.7894265401,41.53703552,-5.59456527e-12,9.652445115e-09,52.61672038,4.219109104e-10,-13.08854275,0.2216015852,-159.8989303,-159.8989303,1.569378305,-0.208103353,-0.07615941848,32.86036615,32.44672329,-5.19748123,4.471043686e-11,-1.207799297e-09,0.1601850881,3.229540912e-10,
696884000,-0.1819146082,0.9792741028,98.76829534,-261.2317047,95.49763178,-0.1492795415,0.9678292137,42.88065259,0.9085617282,42.87102614,-5.327160227e-12,9.790920334e-09,47.18559544,4.274330264e-10,-13.00527832,0.2237361105,-161.217421,-161.217421,1.576443433,-0.2118215368,-0.07203807128,32.59840287,32.22981473,-4.888242266,4.672043915e-11,-1.116380803e-09,0.1516683328,2.960926544e-10,
708882000,-0.2166223585,0.9753688511,96.85380267,-263.1461973,80.19799893,-0.1163969528,0.9683987532,44.35178313,1.11383982,44.33779457,-5.063748132e-12,9.954518765e-09,39.80625739,4.334600187e-10,-12.87811789,0.2270356752,-162.4038039,-162.4038039,1.587441536,-0.216412844,-0.0686343848,32.28090457,31.94803978,-4.62380295,4.855644301e-11,-1.038115082e-09,0.1447288466,2.754907067e-10,
720880000,-0.2504404836,0.9715786791,94.99761118,-265.0023888,69.36970614,-0.08463830767,0.9678850585,45.82014752,1.325803601,45.80096247,-4.820394148e-12,1.011187656e-08,34.54581238,4.43764018e-10,-12.69638655,0.231835892,-163.5515126,-163.5515126,1.603610321,-0.2223479375,-0.06564507215,31.87696533,31.57449572,-4.380883293,5.039593084e-11,-9.672056809e-10,0.13874753,2.748071737e-10,
732878000,-0.277347139,0.9685736347,93.0802735,-266.9197265,62.6408309,-0.0520463248,0.9671742686,47.38300577,1.51464793,47.35879092,-4.585512065e-12,1.028463902e-08,31.26719418,4.487856962e-10,-12.46688836,0.2380430917,-164.681492,-164.681492,1.624820352,-0.2295859277,-0.06288732212,31.39135986,31.11600651,-4.148688039,5.23452969e-11,-9.009469635e-10,0.1333297072,2.858970132e-10,
744876000,-0.309481637,0.9649968999,91.07135469,-268.9286453,56.13779618,-0.01804310396,0.964828204,49.07428229,1.748101473,49.04313738,-4.356702503e-12,1.047886861e-08,28.05508613,4.545869328e-10,-12.19716948,0.2455508977,-166.0134226,-166.0134226,1.650940923,-0.2382708966,-0.05934832076,30.815614,30.57268709,-3.86171854,5.532934551e-11,-8.251193412e-10,0.1263126963,3.119942035e-10,
756874000,-0.3661220773,0.9587246552,89.12477551,-270.8752245,47.45507679,0.01464447599,0.9586128019,50.76898241,2.138964362,50.7239037,-4.145566399e-12,1.066618751e-08,23.71423508,4.588294405e-10,-11.8838457,0.2545702887,-167.3471951,-167.3471951,1.683016212,-0.2483881263,-0.05576173082,30.15595731,29.94379411,-3.570848067,5.888777872e-11,-7.508754706e-10,0.1192516905,3.531432468e-10,
768872000,-0.4135319681,0.9535059372,87.15791894,-272.8420811,42.01624504,0.0472780022,0.9523331154,52.54083895,2.50263277,52.48120223,-3.944230717e-12,1.086350232e-08,20.9703968,4.639582503e-10,-11.51177769,0.2657119676,-168.9566127,-168.9566127,1.72372681,-0.2607916228,-0.05089773317,29.36074134,29.1861973,-3.196720114,6.475323534e-11,-6.617145739e-10,0.1095284898,4.089996317e-10,
780870000,-0.4690025588,0.9474359768,85.12792724,-274.8720728,37.0488379,0.08046694268,0.9440127124,54.43649648,2.947112581,54.35666175,-3.749631736e-12,1.107883695e-08,18.4440398,4.721083335e-10,-11.10263847,0.2785274972,-170.8365198,-170.8365198,1.77210842,-0.2749729213,-0.04435605101,28.46897508,28.33822322,-2.725371,7.478521786e-11,-5.554782056e-10,0.09617296677,4.923644647e-10,
792868000,-0.5267276196,0.9411603423,83.04995086,-276.9500491,32.99068041,0.1138841552,0.9342447159,56.45237543,3.444397243,56.34719886,-3.562434683e-12,1.131075441e-08,16.35908836,4.814991805e-10,-10.6451495,0.2935908558,-173.1016799,-173.1016799,1.831220429,-0.2914655116,-0.0352625314,27.45513229,27.37372952,-2.112633704,9.501562676e-11,-4.240757565e-10,0.07717741574,5.869774048e-10,
804866000,-0.5940437695,0.9338944867,80.98291913,-279.0170809,29.25466258,0.1463682604,0.9223531019,58.53819421,4.047083555,58.3981275,-3.386083222e-12,1.154769944e-08,14.4296817,4.915365624e-10,-10.19495897,0.3092089467,-175.9079614,-175.9079614,1.895231475,-0.3084206828,-0.0220647938,26.43770687,26.40628967,-1.288491575,1.534669869e-10,-2.547875092e-10,0.04879487393,6.804070366e-10,
816864000,-0.6637978751,0.9264246588,78.83177409,-281.1682259,26.18302041,0.179439489,0.9088806953,60.80094564,4.726520445,60.61695303,-3.214224985e-12,1.181039648e-08,12.82485789,5.094376043e-10,-9.752849545,0.3253550281,-179.0974907,-179.0974907,1.964522205,-0.3253146657,-0.005124702195,25.45432305,25.45265091,-0.2917589126,6.677997363e-10,-5.684529265e-11,0.01146281044,7.697547205e-10,
828862000,-0.7400100583,0.9183315331,76.62159541,-283.3784046,23.48925607,0.2124846861,0.8934109148,63.23051166,5.522815656,62.98885705,-3.048415591e-12,1.209488185e-08,11.40520723,5.353535432e-10,-9.293561045,0.3430219787,177.4670431,-182.5329569,2.04424187,-0.3426868346,0.01515952694,24.48247924,24.468038,0.8407770146,-2.283794758e-10,1.614428191e-10,0.03436225719,8.60451655e-10,
840860000,-0.8462104518,0.9071716662,74.22859444,-285.7714056,20.54514596,0.2465692604,0.8730200638,65.98600221,6.656514172,65.64939685,-2.883139777e-12,1.242588067e-08,9.862428765,5.603195919e-10,-8.824439882,0.3620578815,173.586887,-186.413113,2.135080663,-0.3597922615,0.04044055051,23.57713947,23.47565712,2.185183801,-8.661806264e-11,4.136036957e-10,0.09308296632,9.60226807e-10,
852858000,-0.9765371968,0.8936616888,71.7227997,-288.2772003,17.80789696,0.2802653767,0.8485767688,69.01936207,8.13216667,68.53860376,-2.72275241e-12,1.279023892e-08,8.428086455,5.839781667e-10,-8.360952666,0.3819023816,169.1671917,-190.8328083,2.235734843,-0.375096802,0.07177616759,22.84045186,22.52455656,3.785576928,-4.929595994e-11,7.064403224e-10,0.1680644374,1.09129478e-09,
864856000,-1.16265043,0.8747168216,69.18028592,-290.8197141,14.9638351,0.3108993684,0.8176008199,72.24432523,10.2713268,71.51043542,-2.573397688e-12,1.31596928e-08,6.96214197,5.800598545e-10,-7.898822324,0.4027716404,164.3149928,-195.6850072,2.348802795,-0.3877734406,0.108888719,22.33538668,21.61696679,5.619274403,-3.274885261e-11,1.034085787e-09,0.2599474041,1.300882262e-09,
876854000,-1.445581991,0.8466831179,66.5339236,-293.4660764,12.04487786,0.337154321,0.7766590411,75.72249816,13.57843691,74.49511916,-2.436492198e-12,1.352136895e-08,5.486280905,4.793806115e-10,-7.397546623,0.4267000255,158.5349516,-201.4650484,2.488575072,-0.3971045247,0.1561438702,22.15058548,20.6935828,7.900890323,-2.297295231e-11,1.434065135e-09,0.3818038857,1.693850996e-09,
888852000,-1.888493718,0.8045912663,64.29582785,-295.7041721,9.23495707,0.3489711039,0.7249732923,78.58501857,18.57086826,76.35920374,-2.344926781e-12,1.367263023e-08,4.111773487,5.282929026e-11,-6.931079059,0.4502420437,150.8086333,-209.1913667,2.63796463,-0.3930593132,0.2195957062,22.88388275,20.04393253,11.0414156,-1.621682838e-11,1.977039902e-09,0.5508607446,2.377598362e-09,
900850000,-2.574376277,0.7435003652,63.81213329,-296.1878667,6.797282056,0.3281184839,0.6671814248,78.48417897,24.94028784,74.41604928,-2.374111102e-12,1.314722994e-08,2.983768662,-3.535843557e-10,-6.654957632,0.4647850158,139.3392877,-220.6607123,2.736816156,-0.3525772225,0.3028438758,25.78347854,20.40347782,15.76343423,-1.120770805e-11,2.784956961e-09,0.7725856529,2.459932404e-09,
912848000,-2.921634109,0.7143619179,69.40025859,-290.5997414,6.001867486,0.2513392568,0.6686864195,70.67071257,24.29884454,66.36200547,-2.627254601e-12,1.157020797e-08,2.731076589,-2.381454319e-10,-7.660383183,0.4139814114,122.5652595,-237.4347405,2.412861023,-0.2228295832,0.3488948062,33.49612978,25.62149069,21.5761425,-8.08067912e-12,3.761797947e-09,0.8421111309,8.437339881e-10,
924846000,-1.766466159,0.8159746977,71.61785741,-288.3821426,9.868070723,0.2573203013,0.7743390535,68.8134122,14.51497612,67.26515567,-2.558353527e-12,1.157552936e-08,4.634189897,2.942153831e-10,-11.4687619,0.2670311369,119.5309543,-240.4690457,1.728628869,-0.1316179657,0.2323409976,38.90705539,34.79450922,17.40979859,-9.884551355e-12,2.996018261e-09,0.5003605161,-9.56827079e-10,
936844000,-1.148821169,0.8761106135,65.5360498,-294.4639502,15.14343291,0.3628154741,0.7974551641,77.34415724,11.15373474,76.53569664,-2.219672044e-12,1.300220148e-08,6.861889619,9.945697747e-10,-12.16492083,0.2464642644,142.4911833,-217.5088167,1.65415415,-0.1955101573,0.1500680246,33.96017236,32.34874101,10.33693676,-1.643467017e-11,1.756081676e-09,0.3195468027,-1.940695564e-09,
948842000,-1.178986896,0.8730731959,59.39024458,-300.6097554,14.75711304,0.4445583612,0.7514151109,87.12915444,13.61426415,86.05894123,-1.949082547e-12,1.443518088e-08,6.321233399,1.309833386e-09,-10.30930671,0.3051649595,150.0403461,-209.9596539,1.878381031,-0.2643879862,0.1523963427,29.49387882,27.95713173,9.396152046,-1.785156089e-11,1.576072775e-09,0.3360914181,-1.390063354e-09,
960840000,-1.457612018,0.8455112667,54.03493831,-305.9650617,11.94592789,0.4965618453,0.6843359087,96.84947772,19.75092005,94.81414711,-1.747012105e-12,1.570515402e-08,4.800492678,1.221242522e-09,-8.872378575,0.3600651354,149.2226012,-210.7773988,2.125318076,-0.3093542147,0.184246768,27.02958985,24.89062386,10.53829074,-1.571805778e-11,1.745577894e-09,0.4233839539,9.70491152e-11,
972838000,-1.864196589,0.8068451087,49.08072741,-310.9192726,9.354384434,0.5284795307,0.6096789442,106.7537503,29.37520953,102.6326471,-1.594021133e-12,1.679055826e-08,3.493852428,1.132676638e-09,-7.793893296,0.4076667914,146.1856096,-213.8143904,2.37647792,-0.3387078028,0.2268683256,25.74488404,22.61348045,12.3056717,-1.329456957e-11,2.013190767e-09,0.5441741588,7.203611538e-10,
984836000,-2.411963036,0.7575335087,44.31636637,-315.6836336,7.24856247,0.5420100775,0.5292278269,116.4693699,43.49846002,108.0416498,-1.495770656e-12,1.7460128e-08,2.483804018,1.062440899e-09,-6.883601933,0.4527098077,142.3226401,-217.6773599,2.654368429,-0.3583040189,0.2767027286,25.20600412,20.68778041,14.39994393,-1.12226499e-11,2.327110562e-09,0.6960603626,9.475710575e-10,
996834000,-3.119528365,0.6982703184,39.78779282,-320.2122072,5.628449642,0.5365647978,0.4468552957,124.2834366,61.81883039,107.8183882,-1.480827443e-12,1.721433e-08,1.744102686,9.789467861e-10,-6.07849549,0.4966783452,137.9331191,-222.0668809,2.973602131,-0.3687157498,0.3327733079,25.33114491,18.98348608,16.77182633,-9.519561247e-12,2.677796971e-09,0.8834955952,1.104365707e-09,
1008832000,-4.003306578,0.6307171949,35.73650698,-324.263493,4.415903401,0.5119604312,0.368375755,127.2519297,80.53258754,98.5269301,-1.601202763e-12,1.554376542e-08,1.223441753,8.400980412e-10,-5.289723418,0.5438934505,132.8847229,-227.1152771,3.384940322,-0.3701333748,0.3985239897,26.1176884,17.29248238,19.57303504,-8.060149711e-12,3.087873182e-09,1.131881161,1.272498332e-09,
1020830000,-5.100174208,0.5558931079,32.22893074,-327.7710693,3.503420315,0.4702433156,0.2964597301,123.5311943,93.74839018,80.44373994,-1.938092289e-12,1.254177371e-08,0.8580812939,5.855150337e-10,-4.534340001,0.5933118193,127.0542446,-232.9457554,3.91777262,-0.3575124129,0.4735016257,27.75638304,15.67410192,22.90718945,-6.806046305e-12,3.571400168e-09,1.46146743,1.473509572e-09,
1032828000,-6.477050843,0.474403034,29.95270408,-330.0472959,2.805197003,0.4110407417,0.2368622961,112.6947668,96.1521665,58.77815359,-2.621658921e-12,9.057494267e-09,0.6113034758,1.031012011e-10,-3.831929843,0.6432851231,120.2806943,-239.7193057,4.606718782,-0.3243679524,0.5555188395,30.45236089,14.21017139,26.93357222,-5.721345443e-12,4.150363037e-09,1.895372792,1.676684213e-09,
1044826000,-8.220394885,0.38813272,30.03467739,-329.9653226,2.268682712,0.3360152783,0.1942697637,97.57332775,88.7300247,40.58986333,-3.752827231e-12,6.182921739e-09,0.4574535336,-8.384527567e-10,-3.251097676,0.6877729898,112.4126312,-247.5873688,5.405595719,-0.2622300893,0.6358199947,34.45581543,13.19074996,31.83091787,-4.785496449e-12,4.848700092e-09,2.413124194,1.862462748e-09,
1056824000,-10.27985062,0.3062016093,34.60701887,-325.3929811,1.882681809,0.2520243787,0.1739055434,82.30246309,76.83772938,29.48997752,-5.106731483e-12,4.441113841e-09,0.3837955358,-2.29477396e-09,-2.798085232,0.7245956765,103.9951867,-256.0048133,6.262050119,-0.175236495,0.703086812,39.5684273,12.66217264,37.48772897,-4.01724513e-12,5.645554388e-09,2.960607948,2.007691287e-09,
1068822000,-12.33178966,0.241774513,48.00933446,-311.9906655,1.637737763,0.1617494525,0.1796998324,68.56241348,64.05451972,24.45042015,-6.090156049e-12,3.640835638e-09,0.3817126451,-3.495967215e-09,-2.518854038,0.7482682158,94.97450798,-265.025492,6.944964147,-0.0648842133,0.7454497714,45.99995231,13.02306665,44.1179708,-3.375197714e-12,6.569469128e-09,3.387679106,2.056234528e-09,
1080820000,-12.82400353,0.228454556,70.52423189,-289.4757681,1.59219987,0.0761686135,0.2153829763,57.84855227,52.66455697,23.93531781,-6.152159138e-12,3.524568516e-09,0.4544862652,-3.758449973e-09,-2.455559447,0.7537408059,85.64085187,-274.3591481,7.121524181,0.05729041443,0.751560384,53.79723845,14.85592065,51.70536226,-2.84794222e-12,7.613815426e-09,3.480454929,1.99296659e-09,
1092818000,-11.24022644,0.2741502701,87.57637724,-272.4236228,1.755391257,0.01159315242,0.2739050372,51.09015556,43.95751843,26.03729187,-5.593407758e-12,3.791998033e-09,0.5923285208,-2.928202503e-09,-2.623229984,0.7393302924,77.18253528,-282.8174647,6.672544763,0.1640172679,0.7209074955,62.01593553,18.60332,59.15989135,-2.461755541e-12,8.615880359e-09,3.180071694,1.870869756e-09,
1104816000,-9.303379313,0.342634456,95.99248648,-264.0075135,2.042447263,-0.03577036741,0.3407621623,46.89499396,37.11719236,28.66102736,-5.026184457e-12,4.128781787e-09,0.772176599,-1.493411492e-09,-2.785762524,0.725624393,69.85026935,-290.1497306,6.289277724,0.2499592194,0.6812129978,70.24810749,23.05978755,66.35542784,-2.170969504e-12,9.558871651e-09,2.87753856,1.755606141e-09,
1116814000,-7.391293483,0.4270073258,98.51383969,-261.4861603,2.490446021,-0.06321770942,0.4223017611,44.91067558,31.23789214,32.26705558,-4.416517392e-12,4.598313949e-09,1.032945995,-3.405189214e-10,-2.926950091,0.7139248442,62.46574764,-297.5342524,5.991169836,0.3300323205,0.6330618853,79.90276146,28.85460466,74.51082524,-1.912581315e-12,1.061838959e-08,2.582285432,1.712120553e-09,
1128812000,-5.870666992,0.5087057545,97.30781261,-262.6921874,3.070880166,-0.06470729971,0.5045735923,45.09850275,26.69718031,36.34742788,-3.879045114e-12,5.124744258e-09,1.361470667,3.513984541e-10,-3.113286439,0.6987722956,55.08447323,-304.9155268,5.63949554,0.3999549768,0.572991045,91.16002998,37.16861729,83.23848241,-1.693847706e-12,1.173606936e-08,2.239482889,1.719081043e-09,
1140810000,-4.697463344,0.5822732419,94.27269701,-265.727303,3.787818739,-0.04338141348,0.5806549588,46.85873343,23.17841123,40.7247118,-3.42569578e-12,5.68152382e-09,1.757010495,7.092898808e-10,-3.368272212,0.6785570849,47.58979304,-312.410207,5.22194457,0.4576419209,0.5010025845,104.3776724,49.48678961,91.90079515,-1.518055128e-12,1.282112343e-08,1.85707733,1.706354844e-09,
1152808000,-3.842221642,0.6425233543,90.52411625,-269.4758837,4.594771082,-0.00587743526,0.642496472,49.58571369,20.60814947,45.10041217,-3.0611361e-12,6.226495247e-09,2.188474625,8.349945101e-10,-3.686304411,0.6541611971,40.16228482,-319.8377152,4.783041067,0.499923553,0.4219043884,119.0725845,66.81852004,98.55742366,-1.4007925e-12,1.360669006e-08,1.475001595,1.655368311e-09,
1164806000,-3.248667606,0.6879654364,86.58757989,-273.4124201,5.409546357,0.04094960326,0.6867456383,52.86119205,18.9271455,49.35654757,-2.768354858e-12,6.743902864e-09,2.607712166,8.250480556e-10,-4.115110727,0.6226506756,33.0757201,-326.9242799,4.300128742,0.5217501709,0.3398096864,132.8857721,88.947946,98.7263457,-1.383991652e-12,1.348961624e-08,1.109933957,1.550609553e-09,
1176804000,-2.825603937,0.7223036395,83.11749573,-276.8825043,6.202110954,0.08655630804,0.7170987053,56.05192865,17.73223825,53.17317399,-2.543451209e-12,7.191319438e-09,2.998672431,7.632301623e-10,-4.631413158,0.5867179053,26.5915135,-333.4084865,3.83930958,0.5246552067,0.2626305664,142.4404963,111.1734458,89.04919958,-1.518748897e-12,1.204331417e-08,0.8009934292,1.410999322e-09,
1188802000,-2.444891181,0.7546671413,80.15793944,-279.8420606,7.152189686,0.1289973951,0.7435604658,59.02174106,16.41130052,56.69422487,-2.361412091e-12,7.590133708e-09,3.454584529,7.064818307e-10,-5.181987871,0.5506816518,20.88759454,-339.1124055,3.451187022,0.5144917854,0.1963376796,145.8040215,127.0204678,71.58640542,-1.870165534e-12,9.583875431e-09,0.5635816547,1.267264869e-09,
1200800000,-2.095133802,0.7856756797,77.2559126,-282.7440874,8.331652129,0.1733175283,0.7663206301,62.16112553,15.05974736,60.30928234,-2.19768423e-12,7.99343804e-09,4.0046676,6.786375911e-10,-5.72919708,0.5170590525,15.78384184,-344.2161582,3.141293072,0.4975632074,0.1406446528,144.1448449,134.5676504,51.6651119,-2.565382206e-12,6.847733132e-09,0.383934116,1.141392442e-09,
1212798000,-1.804379906,0.8124207454,74.26090725,-285.7390928,9.662159864,0.2203749968,0.781960567,65.63095955,13.94155718,64.13311028,-2.046206015e-12,8.416159589e-09,4.600139672,6.709186925e-10,-6.294233977,0.4844938863,11.1111969,-348.8888031,2.879682407,0.4754120591,0.09336862388,138.72691,134.7724832,32.8866738,-3.990356606e-12,4.315703602e-09,0.2440162339,1.032442139e-09,
1224796000,-1.591797509,0.8325496154,71.40988296,-288.590117,10.94383641,0.2654133405,0.7891100182,69.16281112,13.20046124,67.89140052,-1.91399855e-12,8.822083014e-09,5.143108207,6.608950948e-10,-6.859675862,0.453958557,6.829744597,-353.1702554,2.662725652,0.4507372244,0.05398449811,131.5199068,130.3203225,17.72285059,-7.332005736e-12,2.302978845e-09,0.1359945268,9.158398403e-10,
1236794000,-1.4106188,0.8500981284,68.59152581,-291.4084742,12.34206157,0.3102981312,0.7914429213,72.90810807,12.58236908,71.81417834,-1.791895035e-12,9.241297635e-09,5.707524384,6.483749767e-10,-7.427178809,0.4252468052,3.067609745,-356.9323903,2.479754472,0.4246374616,0.0227567915,123.722518,123.5319923,6.863553156,-1.874881226e-11,8.832258339e-10,0.05556093633,7.90863841e-10,
1248792000,-1.272788075,0.8636953795,65.81764849,-294.1823515,13.6730169,0.3538059538,0.7879029481,76.85935646,12.23231006,75.87971578,-1.679594053e-12,9.670651194e-09,6.20322044,6.360593497e-10,-7.978300911,0.3991029652,0.02679189154,-359.9732081,2.328357246,0.3991029216,0.0001866232218,116.4178456,116.4178342,0.0516851113,-2.465838153e-09,6.58711855e-12,0.0004439621444,6.623908124e-10,
1260790000,-1.168672259,0.8741106005,63.05445913,-296.9455409,14.88696115,0.3960974503,0.779215087,81.0900926,12.13791865,80.17651806,-1.574454754e-12,1.012102663e-08,6.605458512,6.230545843e-10,-8.528110934,0.3746230137,-2.567138603,-362.5671386,2.198070994,0.3742470507,-0.0167793766,109.7762027,109.6926534,-4.282110336,2.947945991e-11,-5.405492008e-10,0.03903734848,5.415707336e-10,
1272788000,-1.086932613,0.8823753545,60.44182415,-299.5581758,16.00323934,0.4352819659,0.7675388435,85.40337427,12.19208633,84.52863046,-1.479313522e-12,1.056982732e-08,6.933073484,6.008848309e-10,-9.041892743,0.353106216,-4.65813817,-364.6581382,2.091697663,0.3519399017,-0.02867586769,104.2281508,104.0051415,-6.814539383,1.834964023e-11,-8.521196207e-10,0.06552117792,4.325484008e-10,
1284786000,-1.012291066,0.8899906553,57.82370195,-302.176298,17.18027374,0.4739433237,0.7533001344,90.07848624,12.31446585,89.23277209,-1.38824127e-12,1.105385392e-08,7.246174796,5.816134729e-10,-9.498960712,0.335005521,-6.285903414,-366.2859034,2.007543766,0.3329914422,-0.03667967467,99.81013519,99.47110668,-8.219612029,1.507085936e-11,-1.01821773e-09,0.08263316157,3.251149205e-10,
1296784000,-0.9671060584,0.8946325536,55.45607792,-304.5439221,17.98119455,0.5072905046,0.7369014519,94.63525825,12.70272653,93.77885072,-1.308722539e-12,1.150952483e-08,7.38257653,5.69683994e-10,-9.905399433,0.319690719,-7.455313986,-367.455314,1.939839358,0.3169881686,-0.04148080008,96.2807604,95.87231294,-8.859144119,1.385353867e-11,-1.087287149e-09,0.09240565756,2.260126257e-10,
1308782000,-0.952282514,0.8961606582,52.98657505,-307.013425,18.2605227,0.5394906292,0.7155793361,99.75101871,13.59549174,98.82018184,-1.230572398e-12,1.201706657e-08,7.268599308,5.645152997e-10,-10.24024883,0.3076008694,-8.189862565,-368.1898626,1.888507382,0.3044637869,-0.04381891542,93.64120999,93.20557978,-9.021979115,1.347879291e-11,-1.097121272e-09,0.09679655592,1.464339146e-10,
1320780000,-0.9323638341,0.8982181124,50.5572642,-309.4427358,18.64986156,0.570643988,0.6936578526,105.235759,14.51554903,104.2298604,-1.156105565e-12,1.255977339e-08,7.180566176,5.643174721e-10,-10.46660779,0.2996881774,-8.587217664,-368.5872177,1.855870679,0.2963285881,-0.04474786656,91.98085133,91.53940736,-9.000772813,1.338781948e-11,-1.084599619e-09,0.09832675427,1.003628611e-10,
1332778000,-0.9157903288,0.8999336344,48.08161059,-311.9183894,18.98673568,0.6012199339,0.6696380644,111.3444696,15.64921979,110.2392527,-1.083243411e-12,1.316432443e-08,7.044392894,5.546823865e-10,-10.60557458,0.2949315756,-8.882396969,-368.882397,1.836604124,0.2913945648,-0.04553945475,90.99118817,90.54179946,-9.032102491,1.322127868e-11,-1.078577046e-09,0.09975616284,9.910330079e-11,
1344776000,-0.8993494693,0.9016386634,45.72133429,-314.2786657,19.33319259,0.6294779024,0.645530673,117.739073,16.88167066,116.5225236,-1.01568795e-12,1.379050163e-08,6.902309964,5.441369628e-10,-10.59358231,0.2953390575,-9.276523277,-369.2765233,1.838244437,0.2914765691,-0.04760849283,90.99530525,90.50421236,-9.441033979,1.253575863e-11,-1.11735131e-09,0.104315962,1.531953736e-10,
1356774000,-0.8902728125,0.9025813581,43.42539731,-316.5746027,19.52995157,0.655517796,0.6204430088,124.5639732,18.40155337,123.1972656,-9.521635463e-13,1.445152531e-08,6.694938363,5.342113832e-10,-10.48819574,0.298944256,-9.985484284,-369.9854843,1.852840187,0.2944157631,-0.05183653757,91.5533073,90.96569212,-10.35620272,1.132692633e-11,-1.214823438e-09,0.1138473471,2.637427472e-10,
1368772000,-0.879190103,0.9037337365,41.13397134,-318.8660287,19.77571028,0.6806682963,0.5944958679,132.0858286,20.12144364,130.544221,-8.906998274e-13,1.517912264e-08,6.487815851,5.337259822e-10,-10.27914034,0.3062266497,-11.34414257,-371.3441426,1.882785854,0.3002440234,-0.0602352671,92.66392326,91.85583281,-12.21100536,9.522206542e-12,-1.41984338e-09,0.1329366354,4.211363033e-10,
1380770000,-0.884113751,0.9032215948,38.83824935,-321.1617506,19.66576729,0.7035368994,0.5664318852,140.4012984,22.53178069,138.5815408,-8.317511374e-13,1.597365038e-08,6.150492175,5.36588097e-10,-10.01689665,0.3156132067,-13.54448119,-373.5444812,1.922324071,0.3068354964,-0.07391667175,93.88427973,92.64384497,-15.21104761,7.57773936e-12,-1.75330679e-09,0.1641884317,6.024568663e-10,
1392768000,-0.8579640916,0.9059449228,36.48834847,-323.5116515,20.2641365,0.7283596112,0.5387285773,150.029817,24.62299924,147.9954523,-7.721345419e-13,1.691179564e-08,6.010455952,5.404955554e-10,-9.761338005,0.3250372237,-16.59205289,-376.5920529,1.963126368,0.3115033859,-0.09281614812,94.62623096,92.65149072,-19.2308308,5.942145817e-12,-2.197553204e-09,0.2075609432,7.80325815e-10,
1404766000,-0.852265555,0.9065394796,34.15983757,-325.8401624,20.39941004,0.7501381872,0.509025076,160.7163019,27.7084629,158.3097305,-7.156629508e-13,1.793592395e-08,5.713407166,5.428806502e-10,-9.538022747,0.3335023225,-20.37242859,-380.3724286,2.000760644,0.3126416248,-0.1160991539,94.51847575,91.44906736,-23.89163738,4.742094779e-12,-2.706836717e-09,0.2612562169,9.288428445e-10,
1416764000,-0.848687455,0.906913,31.80041902,-328.199581,20.48527721,0.7707752368,0.4779086983,173.0188196,31.5918627,170.1101589,-6.603776532e-13,1.910965599e-08,5.384619467,5.389190747e-10,-9.385735765,0.3394010736,-24.7823973,-384.7823973,2.027555632,0.3081443736,-0.1422678241,93.14731327,88.67500616,-28.51605254,3.93942841e-12,-3.203406297e-09,0.3215793691,1.033253683e-09,
1428762000,-0.8494433609,0.9068340776,29.4579464,-330.5420536,20.46707667,0.7895957454,0.4459670426,187.0099768,36.53036557,183.4073712,-6.073561793e-13,2.04304074e-08,5.020682612,5.297932503e-10,-9.33357759,0.3414452854,-29.50897059,-389.5089706,2.036953431,0.297152521,-0.1681822292,90.49600495,84.57296719,-32.20155479,3.459261547e-12,-3.587047122e-09,0.3807547005,1.07804276e-09,
1440760000,-0.8454750788,0.9072484733,27.20058214,-332.7994179,20.56298739,0.8069174333,0.414709595,202.6317151,42.26704666,198.1744401,-5.574178208e-13,2.189153068e-08,4.688627566,5.157515151e-10,-9.374779132,0.3398294741,-34.33834173,-394.3383417,2.029520285,0.2806043345,-0.1916905812,86.96288585,79.79029239,-34.58399567,3.194135392e-12,-3.82035444e-09,0.4334361316,1.066614954e-09,
1452758000,-0.8564961192,0.9060980464,25.01812906,-334.9818709,20.2988114,0.8210825095,0.3831934006,220.0212463,50.03849054,214.2556844,-5.113220282e-13,2.34724925e-08,4.281817499,5.043414843e-10,-9.476025993,0.3358912575,-38.87629905,-398.876299,2.011554994,0.2614922996,-0.2108191504,83.26636543,75.20510336,-35.74185279,3.06513632e-12,-3.915650471e-09,0.4752583427,1.013024516e-09,
1464756000,-0.871179444,0.9045675995,22.88195168,-337.1180483,19.95724293,0.8333853071,0.3517264163,239.8314532,59.99707686,232.2056776,-4.67931209e-13,2.523060592e-08,3.870283183,5.055134897e-10,-9.662426341,0.3287597814,-43.13377625,-403.1337763,1.979559246,0.2399155261,-0.2247744073,79.49074728,70.98402305,-35.77774972,3.036979247e-12,-3.887477314e-09,0.5040253875,9.330626779e-10,
1476754000,-0.8891410047,0.9026989759,20.72530121,-339.2746988,19.55476824,0.8442833834,0.3194542372,263.3403857,73.29236029,252.9355426,-4.260907586e-13,2.725974799e-08,3.451049216,5.160799486e-10,-9.879493283,0.3206456377,-46.98893598,-406.988936,1.943971675,0.2187250788,-0.2344631418,76.07432022,67.42077219,-35.23835518,3.058414522e-12,-3.797760773e-09,0.5226631798,8.349986194e-10,
1488752000,-0.9054562948,0.9010049673,18.42972454,-341.5702755,19.20303388,0.8547943399,0.2848448482,293.4654381,92.05033679,278.6551611,-3.83646007e-13,2.978961326e-08,3.027204146,5.233240878e-10,-10.11542925,0.312053126,-50.43281808,-410.4328181,1.907201233,0.1987723953,-0.2405549591,73.07725941,64.48850428,-34.37322591,3.110122402e-12,-3.67466765e-09,0.5330132291,7.400811824e-10,
1500750000,-0.9676939922,0.8945719994,16.09877362,-343.9012264,17.97029241,0.8594914387,0.2480595271,329.0128893,122.8778999,305.2056734,-3.474714906e-13,3.236714415e-08,2.483812579,5.283142412e-10,-10.38489226,0.3025209022,-53.25974232,-413.2597423,1.867469443,0.1809644794,-0.2424268002,70.57165693,62.25970625,-33.22781576,3.19161124e-12,-3.523818841e-09,0.5336969568,6.351206904e-10,
1512748000,-0.953340527,0.8960515051,13.89329914,-346.1067009,18.24029782,0.8698371331,0.2151549712,374.2437465,155.8430557,340.2518535,-3.092096538e-13,3.579761096e-08,2.18329814,5.341149459e-10,-10.65833889,0.2931453808,-55.98146233,-415.9814623,1.829436133,0.1640034383,-0.2429754854,68.29232152,60.30035732,-32.05788647,3.281849474e-12,-3.372783237e-09,0.5316367579,5.231556442e-10,
1524746000,-0.9918099828,0.8920917044,11.58382823,-348.4161718,17.53425623,0.8739215493,0.1791332876,429.6809994,212.7482275,373.3148174,-2.796065886e-13,3.896707945e-08,1.754725864,5.505554985e-10,-10.90493406,0.2849399194,-57.93093433,-417.9309343,1.796967771,0.1512863244,-0.2414605675,66.65591202,59.00256056,-31.01142458,3.365897698e-12,-3.237012272e-09,0.5255945552,4.087599936e-10,
1536744000,-1.023278308,0.8888655707,9.15223722,-350.8477628,16.99622325,0.8775496026,0.1413813914,503.3405908,300.0303166,404.1454682,-2.562600415e-13,4.185586474e-08,1.347015438,5.740854554e-10,-11.12513121,0.2778071631,-59.39550063,-419.3955006,1.769343447,0.141434129,-0.2391091948,65.42625078,58.08971629,-30.1028097,3.440420861e-12,-3.117637658e-09,0.5182123725,2.81864879e-10,
1548742000,-1.066921977,0.8844105226,6.579287814,-353.4207122,16.30261305,0.878586016,0.1013340268,594.8064599,435.4629064,405.1750016,-2.536287102e-13,4.163740915e-08,0.930446648,5.880647353e-10,-11.29559187,0.2724083444,-60.3804675,-420.3804675,1.748794581,0.1346346246,-0.2368117901,64.59574746,57.50721041,-29.41991403,3.493008611e-12,-3.023308429e-09,0.5115865266,1.64408107e-10,
1560740000,-1.115708828,0.8794568959,3.997390216,-356.0026098,15.59157539,0.8773173765,0.06130785071,684.7759169,602.2313628,325.9377887,-3.128634686e-13,3.323718891e-08,0.5412168958,5.961021576e-10,-11.39651082,0.2692616227,-60.84396242,-420.8439624,1.736957661,0.1311814978,-0.2351451384,64.18136133,57.24316308,-29.02528936,3.513282017e-12,-2.959825644e-09,0.5070525071,5.717359326e-11,
1572738000,-1.185667545,0.8724019401,1.461170482,-358.5388295,14.67421951,0.8721182661,0.02224578853,721.1936039,709.0045192,132.0333523,-7.664434221e-13,1.336125958e-08,0.1862235695,5.998404788e-10,-11.39438766,0.2693274485,-60.75732668,-420.7573267,1.737204232,0.1315690623,-0.2350039497,64.23017361,57.29328512,-29.03437071,3.485389624e-12,-2.938164918e-09,0.5067674274,-2.226579091e-11,
1584736000,-1.267166707,0.8642545302,-1.16236475,-361.1623648,13.73345669,0.8640766873,-0.01753200851,680.1051715,673.6692699,-93.34216149,1.075933313e-12,-9.374347778e-09,0.1385578438,6.019372282e-10,-11.23151427,0.2744253876,-60.44181482,-420.4418148,1.756436024,0.1353760119,-0.2387103449,64.67313961,57.46581018,-29.66977665,3.384924068e-12,-2.97973392e-09,0.5163031123,-4.243205358e-11,
1596734000,-1.358011245,0.8552625147,-3.79522962,-363.7952296,12.81812041,0.8533869092,-0.05661053092,589.9141179,543.5716473,-229.1910355,4.349005248e-13,-2.28446856e-08,0.4216390547,6.007315909e-10,-10.90919052,0.2848003208,-60.10068037,-420.1006804,1.796421836,0.1419665364,-0.2468941581,65.42830708,57.63384116,-30.97101421,3.218341543e-12,-3.087045183e-09,0.5373755,1.942204947e-11,
1608732000,-1.453236608,0.84593729,-6.374086888,-366.3740869,11.98172672,0.8407079014,-0.09391550982,498.3607831,415.8467947,-274.6541707,3.602054112e-13,-2.717206403e-08,0.6604696108,5.933334667e-10,-10.42502162,0.3011264603,-60.25590597,-420.255906,1.861748065,0.1493969698,-0.2614530369,66.23143959,57.41521279,-33.01661597,2.996428179e-12,-3.26639716e-09,0.5750499627,1.720969611e-10,
1620730000,-1.548560292,0.8367042701,-8.906608179,-368.9066082,11.24771769,0.8266153032,-0.129542179,423.0407166,320.1366439,-276.5429028,3.55096951e-13,-2.715638629e-08,0.8638277063,5.91165056e-10,-9.780403506,0.3243245504,-61.26972745,-421.2697275,1.96000099,0.1558985548,-0.284397705,66.82042503,56.3918357,-35.84592122,2.73948997e-12,-3.520053032e-09,0.635657995,4.117787548e-10,
1632728000,-1.633773718,0.8285358679,-11.42054235,-371.4205424,10.66424707,0.8121310609,-0.1640573813,364.7569386,251.9936664,-263.7173038,3.696303845e-13,-2.570661646e-08,1.04652354,5.993969967e-10,-9.053534429,0.3526332652,-63.57396609,-423.5739661,2.089438942,0.1569366575,-0.3157864869,66.60592715,54.02064976,-38.96304571,2.501804636e-12,-3.79803698e-09,0.7212620707,6.959553784e-10,
1644726000,-1.701568041,0.822094226,-14.0390389,-374.0390389,10.24190607,0.7975388188,-0.1994260487,318.2021745,200.6909056,-246.9327525,3.918752871e-13,-2.389490297e-08,1.230413266,6.26840016e-10,-8.303744077,0.3844260384,-67.33458901,-427.334589,2.249000323,0.148138206,-0.3547371575,65.11311753,50.04167048,-41.65992426,2.322780106e-12,-4.031299362e-09,0.8325046679,9.943672738e-10,
1656724000,-1.761688524,0.8164236444,-16.75268883,-376.7526888,9.894649221,0.7817728574,-0.2353269355,279.9980579,161.8672021,-228.4686441,4.204780831e-13,-2.194808191e-08,1.411457301,6.686766734e-10,-7.592317721,0.4172382488,-72.25360593,-432.2536059,2.431934227,0.127176037,-0.3973839603,62.31168023,44.89943468,-43.20632198,2.223425951e-12,-4.150661013e-09,0.9622910019,1.261443547e-09,
1668722000,-1.844089091,0.8087150875,-19.77802266,-379.7780227,9.455607679,0.7610094954,-0.2736505813,245.2585436,131.0519012,-207.3093158,4.600630155e-13,-1.977219834e-08,1.58188713,7.066787017e-10,-6.995137693,0.4469337129,-78.40466092,-438.4046609,2.61620306,0.0898328868,-0.4378125126,58.1432892,39.22472462,-42.91926208,2.222203839e-12,-4.093439599e-09,1.094188997,1.467509032e-09,
1680720000,-1.957104281,0.7982607686,-22.99205938,-382.9920594,8.913788144,0.7348461317,-0.3118034917,215.3232004,108.2743673,-186.1202354,5.08781335e-13,-1.762456297e-08,1.71896858,7.245031592e-10,-6.525275301,0.4717764248,-85.28156956,-445.2815696,2.786275536,0.03880790155,-0.4701775641,53.28176339,33.9500468,-41.06507802,2.305961814e-12,-3.888637105e-09,1.209573532,1.602665855e-09,
1692718000,-2.144462231,0.7812263595,-26.18106954,-386.1810695,8.141869173,0.7010758113,-0.3446843942,190.2082403,93.60101724,-165.5838888,5.67828833e-13,-1.556874471e-08,1.769039416,7.058116218e-10,-6.210924283,0.4891632095,-92.51351925,-452.5135193,2.915144792,-0.0214523098,-0.4886925863,48.29792406,29.66495463,-38.11403856,2.46689435e-12,-3.583607924e-09,1.284817018,1.649605247e-09,
1704716000,-2.381215571,0.7602198784,-29.19782541,-389.1978254,7.340975,0.6636267912,-0.3708554239,170.2145499,84.18393766,-147.9393715,6.310798666e-13,-1.381185033e-08,1.757334898,6.603197099e-10,-6.026548349,0.4996576977,-99.81098964,-459.8109896,2.997263455,-0.08514092347,-0.4923503205,43.59346916,26.42162217,-34.67403114,2.692549893e-12,-3.237221597e-09,1.312335439,1.635092444e-09,
1716714000,-2.653651479,0.7367453883,-31.91812975,-391.9181298,6.597207841,0.6253527528,-0.3895224022,154.6276778,78.26508162,-133.3577734,6.951905292e-13,-1.236347396e-08,1.703924287,6.118011382e-10,-5.955390785,0.5037678651,-106.7654857,-466.7654857,3.030371794,-0.1453143927,-0.4823544228,39.48537673,24.15866023,-31.23226075,2.968374971e-12,-2.895513569e-09,1.292797715,1.596451613e-09,
1728712000,-2.949331646,0.712087591,-34.38405786,-394.3840579,5.946557138,0.5876649993,-0.4021424944,142.1783853,74.29510114,-121.2226513,7.594753916e-13,-1.116043862e-08,1.631637207,5.622919349e-10,-5.930469314,0.5052153465,-113.4676968,-473.4676968,3.042162557,-0.2011929026,-0.4634263288,35.8644739,22.46454861,-27.95719127,3.293092632e-12,-2.573896164e-09,1.244502694,1.556011191e-09,
1740710000,-3.265837746,0.6866068197,-36.80065542,-396.8006554,5.381759801,0.5497829151,-0.411299977,131.4707257,71.07065514,-110.6052155,8.266432071e-13,-1.011275099e-08,1.556271224,5.054583525e-10,-5.92553565,0.5055023949,-120.1627733,-480.1627733,3.044508971,-0.2539938721,-0.4370581016,32.5535539,21.1074202,-24.78327428,3.689223989e-12,-2.265960791e-09,1.174149851,1.532807265e-09,
1752708000,-3.62400382,0.6588701146,-38.90004412,-398.9000441,4.862869498,0.5127608338,-0.4137464866,122.676715,69.24945791,-101.2624757,8.967306656e-13,-9.195156045e-09,1.462285465,4.227597255e-10,-5.925510692,0.5055038474,-126.7165859,-486.7165859,3.044520851,-0.3022191244,-0.4052132039,29.58279698,20.01282021,-21.78597953,4.168055291e-12,-1.978279515e-09,1.088601172,1.549415015e-09,
1764706000,-4.002606576,0.6307680269,-40.57621738,-400.5762174,4.416649006,0.4790944103,-0.4102887395,115.7430206,68.47393607,-93.31541618,9.664833397e-13,-8.415911631e-09,1.362787384,2.828074583e-10,-5.89825673,0.5070924722,-133.2441599,-493.2441599,3.057556209,-0.3474134872,-0.3693868491,26.83635983,19.02840002,-18.92379988,4.765839613e-12,-1.706695785e-09,0.9945029457,1.639733098e-09,
1776704000,-4.420029835,0.6011716726,-41.62636501,-401.626365,4.014688934,0.4493713174,-0.399340455,110.5109808,69.01245738,-86.31313693,1.037834613e-12,-7.73182387e-09,1.250689226,8.959232522e-11,-5.838651951,0.5105842365,-140.3887899,-500.3887899,3.086505072,-0.3933482313,-0.3255356071,24.05794378,18.05476127,-15.900008,5.633881509e-12,-1.424303017e-09,0.8806545688,1.852907861e-09,
1788702000,-4.819320796,0.5741613577,-41.54511797,-401.545118,3.696614636,0.4297217115,-0.380789332,107.8831747,71.27959383,-80.98147247,1.098743882e-12,-7.205561151e-09,1.136110184,-1.239969308e-10,-5.783083391,0.5138612044,-148.7390032,-508.7390032,3.114051415,-0.4392548709,-0.2666617628,21.20996454,17.17444564,-12.44592355,7.149159891e-12,-1.107412109e-09,0.7246768723,2.182004888e-09,
1800700000,-5.046180881,0.5593594196,-40.35046553,-400.3504655,3.538846599,0.4262868897,-0.3621635651,108.4475991,74.63646918,-78.67832757,1.123372136e-12,-6.953987198e-09,1.054153934,-2.263283256e-10,-5.887923119,0.5076961196,-158.9853036,-518.9853036,3.062531456,-0.4739284761,-0.1820635861,18.74196325,16.82627199,-8.254559783,1.070742029e-11,-7.295796037e-10,0.4905756775,2.490627161e-09,
1812698000,-4.88957746,0.5695359295,-38.53627981,-398.5362798,3.646148511,0.4454988764,-0.3548266142,113.0477434,77.94996074,-81.87549029,1.072360386e-12,-7.188670698e-09,1.050359609,-9.94851363e-11,-6.409078679,0.4781300792,-171.0693534,-531.0693534,2.832372628,-0.472333695,-0.07422434342,18.07284927,17.74721001,-3.415320996,2.570769556e-11,-2.99865294e-10,0.1924426991,2.576245629e-09,
1824696000,-4.397710977,0.6027184016,-38.24290704,-398.242907,4.034212529,0.4733711547,-0.3730807172,117.7485148,76.43325406,-89.5693609,9.738008206e-13,-7.812483031e-09,1.171863765,2.58674117e-10,-7.606051757,0.4165790374,176.9878048,-543.0121952,2.428056461,-0.4160034804,0.02189060764,20.63331188,20.60442131,1.091504157,-7.991056802e-11,9.520395832e-11,0.05297426897,2.234005864e-09,
1836694000,-3.798285332,0.6457816992,-40.45037641,-400.4503764,4.646235656,0.491419314,-0.4189762056,117.5496944,67.13176032,-96.49485685,8.980058342e-13,-8.361563467e-09,1.437395003,7.217786512e-10,-9.478687096,0.335788366,167.6368115,-552.3631885,2.011088481,-0.3280014474,0.07189490431,25.40830382,25.08106859,4.064714126,-2.131833672e-11,3.522194472e-10,0.1620630361,1.320752451e-09,
1848692000,-3.322343852,0.6821545926,-44.97984693,-404.9798469,5.29236715,0.4825257712,-0.4821864457,110.2045809,53.4362293,-96.38266987,8.93216254e-13,-8.297638729e-09,1.803695192,1.118767114e-09,-11.87221919,0.2549112722,163.4151297,-556.5848703,1.684244071,-0.2443064485,0.0727606756,30.45446157,30.09219441,4.6833818,-1.838213731e-11,4.031949962e-10,0.1556344392,-1.595537275e-10,
1860690000,-3.036802936,0.704952497,-50.75563033,-410.7556303,5.778569484,0.4459735537,-0.5459538556,99.35457061,41.57296703,-90.23867859,9.47880046e-13,-7.718605333e-09,2.170609534,1.380699142e-09,-14.48241274,0.1887466981,167.1934859,-552.8065141,1.465321245,-0.1840514654,0.04183747292,34.47953514,34.35047653,2.980453874,-2.869879771e-11,2.549344419e-10,0.08676601245,-1.917646694e-09,
1872688000,-2.927499596,0.7138796799,-57.25162219,-417.2516222,5.990066273,0.3861736834,-0.6004115951,87.96498348,33.25588045,-81.43638458,1.043605164e-12,-6.921069155e-09,2.448781493,1.518577481e-09,-16.50953769,0.149459359,-179.3447463,-539.3447463,1.351445544,-0.1494495853,-0.001709230047,36.99819473,36.99796856,-0.1293658668,6.569540606e-10,-1.099447274e-11,0.003496566752,-3.211636461e-09,
1884686000,-2.976917968,0.7098295935,-64.13261973,-424.1326197,5.892501632,0.3096912552,-0.63870915,77.46877553,28.04723957,-72.21331965,1.169401959e-12,-6.098154695e-09,2.574703278,1.593246532e-09,-16.8072426,0.1444235014,-159.5689854,-519.5689854,1.337605116,-0.1353382764,-0.05041526241,38.10659701,37.90613801,-3.903515901,2.163341962e-11,-3.296378554e-10,0.1029784649,-3.40708151e-09,
1896684000,-3.169446563,0.6942688369,-71.08715893,-431.0871589,5.541694931,0.2250329733,-0.656787164,68.41543639,25.09783224,-63.64566563,1.318427698e-12,-5.340648359e-09,2.535902903,1.644486132e-09,-15.22389519,0.1733026647,-143.843849,-503.843849,1.419265086,-0.1399266635,-0.1022464787,37.8386773,37.02479994,-7.805747193,1.075005459e-11,-6.549974852e-10,0.2108248311,-2.463091285e-09,
1908682000,-3.498849678,0.668432436,-78.24625136,-438.2462514,5.031953114,0.136163568,-0.6544168429,60.4926202,23.55087079,-55.71995678,1.496496767e-12,-4.64619384e-09,2.365940405,1.699481881e-09,-12.84978906,0.2277773556,-136.9762676,-496.9762676,1.589926642,-0.1665214532,-0.1554127709,36.02241386,34.22991071,-11.22174289,7.430640322e-12,-9.357220587e-10,0.3278344189,-9.097568289e-10,
1920680000,-3.977133749,0.632620575,-85.70978667,-445.7097867,4.443963009,0.04732533109,-0.6308479254,53.502254,22.97068183,-48.32017135,1.714891516e-12,-4.003995523e-09,2.103558428,1.743687223e-09,-10.48894802,0.2989183657,-137.4472006,-497.4472006,1.852734835,-0.2201995447,-0.2021493257,32.56613715,29.76457099,-13.21452242,6.270665656e-12,-1.095006229e-09,0.4439681804,5.23534116e-10,
1932678000,-4.68125694,0.5833606797,-93.52399635,-453.5239964,3.800315051,-0.03585717909,-0.582257628,47.39259748,23.35974099,-41.23567384,1.997043536e-12,-3.39573448e-09,1.765245336,1.739821044e-09,-8.436880063,0.3785785442,-143.1198373,-503.1198373,2.218427657,-0.302822135,-0.2272013836,27.72300044,24.49099335,-12.99061192,6.339149872e-12,-1.069769564e-09,0.5304240516,1.528309059e-09,
1944676000,-5.712865425,0.518032168,-101.1056532,-461.1056532,3.149654535,-0.09978272745,-0.5083313234,42.66433396,24.92102043,-34.62929588,2.363356383e-12,-2.834108929e-09,1.389561714,1.630426661e-09,-6.84417679,0.4547693223,-152.0785164,-512.0785164,2.668172173,-0.4018296768,-0.2129508097,22.39015849,19.72631007,-10.59206723,7.72666616e-12,-8.668692665e-10,0.5369512695,2.126948056e-09,
1956674000,-7.104546223,0.4413393884,-108.1221893,-468.1221893,2.579991069,-0.1372761977,-0.4194468993,39.56923427,27.40085555,-28.54675841,2.849343824e-12,-2.321979906e-09,1.041819967,1.376824786e-09,-5.722859166,0.5174364775,-162.6665835,-522.6665835,3.144532081,-0.493938238,-0.1541607124,17.61208893,16.2319112,-6.834525252,1.190126992e-11,-5.559170703e-10,0.4210548695,2.409589136e-09,
1968672000,-8.90061316,0.3588965983,-113.6220365,-473.6220365,2.119621569,-0.1438103857,-0.3288241798,38.53175946,30.75318742,-23.21503717,3.482389814e-12,-1.87679203e-09,0.7548823104,8.57980143e-10,-4.983400917,0.5634170095,-173.6082485,-533.6082485,3.581030511,-0.5599147848,-0.06272288609,14.23711089,14.00258795,-2.57349124,3.141406029e-11,-2.080508342e-10,0.1837868292,2.482805284e-09,
1980670000,-11.23743733,0.2742383159,-117.0002635,-477.0002635,1.755725528,-0.1245027137,-0.2443475562,39.4942753,34.91862667,-18.45229775,4.354693108e-12,-1.482717666e-09,0.5284370983,-3.955296064e-10,-4.521107002,0.5942164219,175.606578,-544.393422,3.928735681,-0.5924703488,0.04551968674,12.86983295,12.74425168,1.793501953,-4.48029029e-11,1.441152243e-10,0.1407302679,2.449666e-09,
1992668000,-14.4174956,0.1901626497,-115.1958984,-475.1958984,1.46963171,-0.08095500075,-0.1720701055,42.71169932,40.2245566,-14.36225279,5.561124509e-12,-1.147117094e-09,0.3570518609,-2.971730306e-09,-4.2752345,0.6112773093,165.1652469,-554.8347531,4.145055968,-0.5909023782,0.1565066398,13.70004014,12.25491493,6.124390585,-1.304134262e-11,4.891567663e-10,0.499749743,2.38560801e-09,
2004666000,-18.37396122,0.1205874021,-98.79324276,-458.7932428,1.274245337,-0.01843411023,-0.119170068,48.21485672,46.86369293,-11.33431487,7.00459184e-12,-8.99856753e-10,0.2418570573,-5.081969739e-09,-4.173918011,0.618449296,155.042702,-564.957298,4.24176729,-0.5607000524,0.2609501541,16.14542961,12.33127302,10.42183299,-7.617877725e-12,8.274127646e-10,0.8451546709,2.317878509e-09,
2016664000,-19.30208308,0.1083666994,-58.54687052,-418.5468705,1.24307459,0.05654584043,-0.09244408839,55.93951912,54.98552452,-10.28697686,7.671827391e-12,-8.118472967e-10,0.187085182,-5.338798566e-09,-4.226689938,0.6147032412,145.1531447,-574.8468553,4.190804113,-0.5044760185,0.3512321476,19.65712262,13.03286342,14.71553399,-5.363034117e-12,1.161348631e-09,1.129109814,2.243266464e-09,
2028662000,-15.73832913,0.1633366122,-35.57252616,-395.5725262,1.390447615,0.1328547011,-0.09501829971,65.16027296,63.95270896,-12.48648025,6.283048363e-12,-9.796038248e-10,0.1952455253,-3.660129617e-09,-4.436771197,0.6000140778,135.5547977,-584.4452023,4.000175979,-0.4283623338,0.4201459324,23.82443354,14.43522144,18.95331146,-4.139285078e-12,1.486947164e-09,1.312990697,2.163128896e-09,
2040660000,-12.60726307,0.234226941,-31.50742741,-391.5074274,1.611739831,0.1996954309,-0.1224091286,74.47544963,72.09603218,-18.67497635,4.176278182e-12,-1.456496819e-09,0.2590291836,-1.059493641e-09,-4.769277349,0.577478916,126.4627192,-593.5372808,3.733491595,-0.3431954965,0.4644337946,28.30027346,16.49901101,22.99321886,-3.391952069e-12,1.793284741e-09,1.393611947,2.045854132e-09,
2052658000,-10.41527134,0.3014646774,-33.26734107,-393.2673411,1.863133668,0.2520606979,-0.1653673375,82.4366969,77.46947101,-28.183152,2.751148116e-12,-2.185209593e-09,0.3637968819,3.865413368e-10,-5.254165199,0.5461246005,117.6721179,-602.3278821,3.406495709,-0.2536263414,0.4836587209,33.09472383,19.43356604,26.78800583,-2.894430665e-12,2.077035504e-09,1.378440054,1.886369724e-09,
2064656000,-8.834297117,0.3616472309,-36.8182146,-396.8182146,2.133063875,0.289513399,-0.2167272743,88.01744726,78.7668781,-39.27912852,1.962504157e-12,-3.027849416e-09,0.4986757056,8.726974292e-10,-5.844649806,0.5102317852,109.9114004,-610.0885996,3.083564305,-0.173767923,0.4797303238,37.67317215,23.0013141,29.83634444,-2.583609167e-12,2.299948128e-09,1.297158254,1.681533996e-09,
2076654000,-7.604241892,0.4166658484,-41.26503389,-401.2650339,2.428566619,0.3131938746,-0.2748090721,90.68260613,75.50761336,-50.21887472,1.526121152e-12,-3.848778925e-09,0.6650835921,1.069669648e-09,-6.492994317,0.4735330373,103.091662,-616.908338,2.798908843,-0.1072597628,0.4612254121,41.88669218,26.95968066,32.05730183,-2.390721694e-12,2.456874399e-09,1.189083144,1.435292791e-09,
2088652000,-6.662864427,0.4643621129,-46.35570376,-406.3557038,2.733865823,0.3204930744,-0.336030298,89.87338874,68.24791232,-58.47605038,1.303094806e-12,-4.45586554e-09,0.856818156,1.186147378e-09,-7.172795384,0.4378851637,97.43786638,-622.5621336,2.557991839,-0.05668465344,0.4342007216,45.44966838,30.96501049,33.26921221,-2.290401019e-12,2.535108566e-09,1.074413077,1.172875299e-09,
2100650000,-5.903008982,0.506815106,-51.59961008,-411.5996101,3.055274248,0.3148097811,-0.3971855403,86.71189421,59.23857625,-63.32253691,1.196487394e-12,-4.797607768e-09,1.068940898,1.253137977e-09,-7.808597325,0.4069772508,92.91172764,-627.0882724,2.372551901,-0.02067337108,0.4064518353,48.25679023,34.56442674,33.67518682,-2.249864792e-12,2.551387638e-09,0.9742729735,9.067271537e-10,
2112648000,-5.342323177,0.5406097091,-57.26743974,-417.2674397,3.353596581,0.292317644,-0.4547628531,81.43080894,50.00830758,-64.26621055,1.172223156e-12,-4.841452567e-09,1.285110688,1.273814182e-09,-8.4284683,0.3789453524,89.67148344,-630.3285166,2.220328529,0.002172745424,0.3789391234,50.19035414,37.58601474,33.26203759,-2.264874482e-12,2.505773655e-09,0.8849578179,6.673165396e-10,
2124646000,-4.917660954,0.5676974616,-62.87243491,-422.8724349,3.626389675,0.2588547926,-0.5052470725,75.61284783,42.11683875,-62.7970911,1.192872495e-12,-4.704062446e-09,1.491021001,1.255004022e-09,-8.893208231,0.3592026967,87.39281114,-632.6071889,2.121111761,0.01633953007,0.3588308753,51.46878712,39.72159416,32.72966552,-2.288716416e-12,2.451743986e-09,0.8239766358,4.942151557e-10,
2136644000,-4.583689184,0.5899504555,-68.22909194,-428.2290919,3.877459388,0.21881047,-0.5478718082,70.02428017,35.80534425,-60.17787912,1.237801733e-12,-4.482546895e-09,1.680695449,1.19856396e-09,-9.163077557,0.3482139151,85.78568971,-634.2143103,2.068491406,0.02558929546,0.3472723983,52.33675267,41.06009446,32.4531096,-2.295258728e-12,2.417376415e-09,0.7903807829,4.315040609e-10,
2148642000,-4.323825839,0.6078671975,-73.22235283,-433.2223528,4.100312923,0.1754659091,-0.581991619,64.98205846,30.95010798,-57.13806732,1.296374633e-12,-4.232350412e-09,1.846134668,1.127534039e-09,-9.227222122,0.3456518565,84.18135632,-635.8186437,2.056476923,0.03504219204,0.3438709797,53.2346588,41.95409259,32.76862848,-2.260465101e-12,2.427249026e-09,0.781059164,4.861953971e-10,
2160640000,-4.09810897,0.6238706453,-77.97714749,-437.9771475,4.317319628,0.1299533846,-0.6101857913,60.42131115,27.04246845,-54.03184007,1.363289098e-12,-3.980040373e-09,1.998036539,1.062063701e-09,-9.082418162,0.3514625793,81.95827655,-638.0417235,2.083862143,0.04916757239,0.3480064575,54.58566074,42.7468748,33.94553068,-2.169976932e-12,2.500462365e-09,0.7941055537,6.527763363e-10,
2172638000,-3.878452345,0.6398488338,-82.34908327,-442.3490833,4.553223723,0.08518767968,-0.6341526546,56.45825535,23.83287377,-51.1813318,1.431268713e-12,-3.749249507e-09,2.147509876,1.027307522e-09,-8.825643307,0.3620077221,78.80644744,-641.1935526,2.134834181,0.07027437399,0.3551212514,56.65230121,43.86419332,35.85269553,-2.043200318e-12,2.626361923e-09,0.8173567735,9.038042339e-10,
2184636000,-3.637949056,0.6578131442,-86.60247924,-446.6024792,4.844759862,0.03898409801,-0.6566569674,52.79922941,20.93677408,-48.47071401,1.503009163e-12,-3.531184934e-09,2.315099443,1.022736899e-09,-8.477530662,0.3768109085,74.37552528,-645.6244747,2.209298794,0.1014869435,0.3628868433,59.83964947,45.68701013,38.64557871,-1.885129677e-12,2.815404892e-09,0.8458767297,1.193889959e-09,
2196634000,-3.389236392,0.6769213009,-91.09583113,-451.0958311,5.19044216,-0.01294591354,-0.6767974962,49.11995626,18.25255513,-45.60278867,1.588806578e-12,-3.304104933e-09,2.498433142,1.052034089e-09,-8.138883094,0.3917922539,68.45381419,-651.5461858,2.288350095,0.1438861409,0.3644145286,64.51374348,48.88937179,42.09337744,-1.721268641e-12,3.049834015e-09,0.8609923978,1.484196261e-09,
2208632000,-3.17593792,0.6937501723,-95.69120872,-455.6912087,5.53061592,-0.06879717216,-0.6903305373,45.55253286,16.02062939,-42.64238131,1.689877883e-12,-3.072827783e-09,2.661716982,1.070058587e-09,-7.901054182,0.4026681607,61.35086806,-658.6491319,2.34822266,0.193057061,0.3533703706,70.62407861,53.98380371,45.53580368,-1.58250017e-12,3.281329005e-09,0.8435086184,1.714222628e-09,
2220630000,-3.016504232,0.7066018797,-100.5248675,-460.5248675,5.816676254,-0.1290694969,-0.6947138125,42.01875964,14.24566408,-39.53020638,1.813071149e-12,-2.833172454e-09,2.774893902,1.046556454e-09,-7.81956765,0.4064635608,53.26547991,-666.7345201,2.369633047,0.2431091479,0.3257461718,77.97711022,61.47233757,47.97479997,-1.493931747e-12,3.438405569e-09,0.7804290819,1.841702749e-09,
2232628000,-2.923886198,0.7141767211,-104.9973743,-464.9973743,5.997330686,-0.1848109233,-0.6898502096,38.94599739,13.03291401,-36.70059761,1.942364037e-12,-2.6162359e-09,2.815993229,9.876809951e-10,-7.953288134,0.4002539194,44.94865487,-675.0513451,2.334744594,0.2832757749,0.2827685189,85.2745614,70.73144662,47.63206148,-1.496595334e-12,3.395495369e-09,0.6734212822,1.85361111e-09,
2244626000,-2.859814289,0.7194643605,-109.0446001,-469.0446001,6.12921896,-0.2347641459,-0.6800843785,36.31243613,12.1372134,-34.22398382,2.071789275e-12,-2.426647556e-09,2.81975629,9.163502865e-10,-8.268760969,0.3859774668,36.88077155,-683.1192285,2.257209454,0.3087380162,0.2316450782,91.15249562,80.05806924,43.58305871,-1.626890924e-12,3.090251663e-09,0.5443930777,1.757240147e-09,
2256624000,-2.830905854,0.7218628757,-112.7616963,-472.7616963,6.190697773,-0.2792881763,-0.6656456459,34.01544339,11.51422454,-32.00739011,2.203487878e-12,-2.257413886e-09,2.779812917,8.630738655e-10,-8.73684362,0.3657276699,29.51189527,-690.4881047,2.15321969,0.3182757644,0.1801590028,94.34667973,87.11124421,36.23433604,-1.946438209e-12,2.555531489e-09,0.4159547526,1.59227372e-09,
2268622000,-2.765931362,0.7272829928,-116.4325739,-476.4325739,6.333609373,-0.3237459068,-0.6512519785,31.81969018,10.82182603,-29.9229137,2.34452092e-12,-2.099238933e-09,2.765052185,8.348219874e-10,-9.3159031,0.3421407831,23.03379861,-696.9662014,2.040164139,0.3148633362,0.1338708145,94.66224096,90.58882934,27.47005391,-2.553868201e-12,1.927158807e-09,0.3032388663,1.38120942e-09,
2280620000,-2.714241504,0.7316239684,-119.9426759,-479.9426759,6.452230322,-0.3651778826,-0.6339706186,29.80240776,10.25601031,-27.98209714,2.493945411e-12,-1.952753672e-09,2.728360864,8.178006588e-10,-9.95986219,0.3176924475,17.48476117,-702.5152388,1.931229462,0.30301407,0.09545137281,92.8586503,90.8335897,19.2869883,-3.618285119e-12,1.345958347e-09,0.2123332168,1.142467976e-09,
2292618000,-2.656242095,0.7365256826,-123.4832599,-483.4832599,6.590872689,-0.4063363032,-0.6142970697,27.83316347,9.713422487,-26.0832209,2.661504558e-12,-1.81071314e-09,2.685276064,8.067039656e-10,-10.64635694,0.2935500461,13.06518748,-706.9348125,1.831056877,0.2859510626,0.06635977214,89.77936739,88.84722531,12.90369574,-5.379901441e-12,8.957824469e-10,0.1452346508,8.971756087e-10,
2304616000,-2.617872451,0.7397864585,-126.8979034,-486.8979034,6.685995081,-0.4441611037,-0.5916121349,26.00737899,9.293702604,-24.29013903,2.843096223e-12,-1.67745763e-09,2.613612686,7.998303596e-10,-11.29066826,0.2725628032,9.823005425,-710.1769946,1.74937824,0.2685668898,0.04650061705,86.60130848,86.16754801,8.656806639,-7.977445426e-12,5.978321629e-10,0.1004648135,6.605189044e-10,
2316614000,-2.592790087,0.7419258376,-130.3768616,-490.3768616,6.749710321,-0.4806286893,-0.5651990902,24.21671592,8.948999167,-22.50254972,3.053055682e-12,-1.545959759e-09,2.514532553,7.900083919e-10,-11.89951881,0.2541113476,7.488913163,-712.5110868,1.681365367,0.2519438032,0.03311943564,83.62714994,83.41827158,5.906959768,-1.163060863e-11,4.058172168e-10,0.07081134212,4.451798267e-10,
2328612000,-2.565546252,0.7442565876,-133.7693314,-493.7693314,6.820338288,-0.5148445101,-0.5374504615,22.52253371,8.632933552,-20.80233119,3.28557204e-12,-1.421788532e-09,2.409648014,7.967070696e-10,-12.42816495,0.2391067038,6.008067859,-713.9919321,1.628489448,0.2377933305,0.0250269404,81.17086333,81.05671649,4.30322741,-1.588285982e-11,2.941150838e-10,0.05308909115,2.565145791e-10,
2340610000,-2.533713663,0.7469891897,-137.1088832,-497.1088832,6.904800581,-0.5472804564,-0.508406286,20.89925892,8.331728402,-19.16667225,3.547679341e-12,-1.303280184e-09,2.300443717,8.004753084e-10,-12.82563173,0.2284117353,5.358374657,-714.6416253,1.592056012,0.2274135924,0.02133023299,79.41709211,79.33677338,3.570841375,-1.904234886e-11,2.428072407e-10,0.0450086539,8.931760335e-11,
2352608000,-2.481634602,0.751481459,-140.7378972,-500.7378972,7.047689287,-0.5818412664,-0.4755892387,19.16947775,7.976735696,-17.43102306,3.881036121e-12,-1.179216207e-09,2.185232622,8.125237127e-10,-13.06364338,0.2222377498,5.348483222,-714.6515168,1.571479908,0.2212701663,0.02071547591,78.39778603,78.32343271,3.413611324,-1.981784793e-11,2.309322743e-10,0.04358352547,-2.517731971e-11,
2364606000,-2.492717884,0.7505231727,-144.1799637,-504.1799637,7.016776634,-0.6085686267,-0.4392371333,17.64190174,7.853392801,-15.79749722,4.260622503e-12,-1.063284865e-09,2.011550628,8.216456393e-10,-13.13425428,0.2204384182,5.889766792,-714.1102332,1.565544592,0.2192747591,0.02262026141,78.06671122,77.97860171,3.70797468,-1.815200425e-11,2.495732901e-10,0.04755118197,-6.495477301e-11,
2376604000,-2.483589411,0.7513123529,-147.7813782,-507.7813782,7.042216907,-0.6356252246,-0.4005631354,16.07810742,7.679348468,-14.12562017,4.740845296e-12,-9.459557735e-10,1.839429508,8.148236421e-10,-12.9787679,0.2244200244,6.286111259,-713.7138887,1.578715365,0.2230707049,0.0245725042,78.68837854,78.58321768,4.066794336,-1.646687155e-11,2.723425615e-10,0.05175143569,-2.290985006e-11,
2388602000,-2.483455907,0.7513239008,-151.3317305,-511.3317305,7.042590366,-0.6592205899,-0.3604383689,14.60701839,7.553297858,-12.50250686,5.329411302e-12,-8.330545514e-10,1.655238161,8.183273039e-10,-12.58335568,0.2348725247,6.292349899,-713.7076501,1.613943512,0.2334575582,0.02574240379,80.42810059,80.30896039,4.376099343,-1.522611717e-11,2.915838813e-10,0.05449079806,1.273503543e-10,
2400600000,-2.493784371,0.7504310262,-154.7592711,-514.7592711,7.01381666,-0.6787829913,-0.3200005871,13.26529154,7.47853895,-10.95625004,6.051156636e-12,-7.26377302e-10,1.46502547,8.194910945e-10,-11.98582225,0.2515989865,5.641961955,-714.358038,1.672364099,0.2503801569,0.02473513728,83.37189301,83.25586261,4.397031489,-1.507789637e-11,2.915143282e-10,0.05281347584,3.675920109e-10,
2412598000,-2.464399755,0.7529740553,-158.363941,-518.363941,7.09631556,-0.6999229847,-0.2776287871,11.86708526,7.29789254,-9.357803003,7.049547965e-12,-6.173181792e-10,1.282261002,8.303961993e-10,-11.27205358,0.2731475573,3.461532253,-716.5384677,1.75159012,0.2726492162,0.01649220954,87.47010716,87.41459555,3.115787258,-2.117226744e-11,2.055431297e-10,0.03564378738,6.744190539e-10,
2424596000,-2.428843176,0.7560627493,-161.9633304,-521.9633304,7.198829799,-0.7189087289,-0.2340963912,10.54329597,7.117070487,-7.778714398,8.43864896e-12,-5.106091272e-10,1.092965766,8.539016299e-10,-10.47945805,0.2992451344,-0.2371440231,-720.237144,1.854065092,0.2992425712,-0.001238555319,92.70262995,92.70228684,-0.2522194829,2.602568184e-10,-1.655615098e-11,0.002720747152,1.009202025e-09,
2436594000,-2.394323874,0.7590734585,-165.6632693,-525.6632693,7.301285478,-0.7354337767,-0.187961899,9.295979383,6.954367078,-6.168631229,1.058883432e-11,-4.029264425e-10,0.8870154767,8.784769645e-10,-9.694660227,0.327541994,-5.333120767,-725.3331208,1.974163416,0.3261241091,-0.03044377288,98.32091858,98.093024,-6.690416512,9.763011605e-12,-4.37008734e-10,0.06820481457,1.317759143e-09,
2448592000,-2.384941916,0.7598938054,-169.5508081,-529.5508081,7.329647652,-0.747291819,-0.1378170265,8.21139751,6.87757725,-4.486198863,1.448855869e-11,-2.915964459e-10,0.6522934893,9.005435e-10,-9.020114885,0.3539926589,-11.75584214,-731.7558421,2.09594005,0.3465675578,-0.07212302295,102.5628389,101.196021,-16.68835734,3.894844425e-12,-1.084719121e-09,0.1649112008,1.570578771e-09,
2460590000,-2.418446958,0.7569682292,-173.5421421,-533.5421421,7.229376734,-0.7521651523,-0.08513802771,7.469100288,6.937815132,-2.766618932,2.337930154e-11,-1.789493897e-10,0.3987738041,9.081247587e-10,-8.487232732,0.3763902486,-19.23797224,-739.2379722,2.207133942,0.3553719433,-0.1240177456,103.6663385,99.59145109,-28.77937802,2.247498825e-12,-1.861496743e-09,0.2889743819,1.74438418e-09,
2472588000,-2.494844945,0.7503394019,-177.4723917,-537.4723917,7.010875625,-0.7496093872,-0.03309055283,7.216540523,7.135177117,-1.080603825,5.956647136e-11,-6.955604425e-11,0.1514473723,8.943665176e-10,-8.120853458,0.3926063568,-27.20356566,-747.2035657,2.292757543,0.3491793531,-0.1794812825,100.8023836,92.79238984,-39.37883867,1.634577326e-12,-2.534727512e-09,0.4243757354,1.820184386e-09,
2484586000,-2.600886803,0.7412345596,178.6852969,-541.3147031,6.729007386,-0.7410394329,0.01700679946,7.452617884,7.431472987,0.5610013909,-1.141831868e-10,3.593602494e-11,0.07548993206,8.741997662e-10,-7.906011859,0.4024383938,-35.28167751,-755.2816775,2.346935244,0.3285194514,-0.2324470496,94.90202988,82.98810311,-46.03661605,1.3914343e-12,-2.948964136e-09,0.5547375386,1.804853657e-09,
2496584000,-2.721413681,0.7310200959,175.0203753,-544.9796247,6.435499713,-0.7282609549,0.06345362184,8.067686032,7.783739111,2.121547397,-3.004839019e-11,1.352467032e-10,0.2725614729,8.572640984e-10,-7.810896836,0.4068695215,-43.04341957,-763.0434196,2.37193935,0.2973551636,-0.2777097662,87.80176157,73.09125015,-48.64995874,1.31036255e-12,-3.101390306e-09,0.6656057823,1.715740305e-09,
2508582000,-2.857332477,0.7196699619,171.3319065,-548.6680935,6.134447715,-0.7114498677,0.1084616974,8.98782596,8.196258078,3.68813896,-1.720222224e-11,2.339909743e-10,0.4499783834,8.631984019e-10,-7.804525079,0.4071681006,-50.29638681,-770.2963868,2.373637623,0.2601056342,-0.3132585532,80.80257567,64.61020508,-48.5239903,1.307480808e-12,-3.078565068e-09,0.7510267185,1.59300683e-09,
2520580000,-2.996340511,0.7082441148,167.6904852,-552.3095148,5.855045954,-0.6919617129,0.1509924304,10.09764098,8.636017116,5.232739408,-1.206675621e-11,3.304066297e-10,0.6059204536,9.010936799e-10,-7.801551236,0.4073075292,-56.75002493,-776.7500249,2.374431258,0.2233238123,-0.340625745,74.86618849,57.98390621,-47.35834456,1.333285429e-12,-2.990309624e-09,0.816749813,1.457943169e-09,
2532578000,-3.205947322,0.691357429,163.7082641,-556.2917359,5.479987493,-0.6635964996,0.1939453024,11.59218881,9.304699182,6.913856709,-9.089435816e-12,4.344878898e-10,0.743049998,9.517925204e-10,-7.833805654,0.4057978272,-62.83158753,-782.8315875,2.365857769,0.1852903381,-0.3610254383,69.5223953,52.59648534,-45.46397671,1.382260448e-12,-2.85709527e-09,0.8643919154,1.33010497e-09,
2544576000,-3.443618558,0.6726963514,159.371817,-560.628183,5.110533776,-0.6295673374,0.236992297,13.35257323,10.09493478,8.739765647,-7.156569902e-12,5.466438826e-10,0.8657575145,1.007765093e-09,-7.789212046,0.4078865621,-68.26214307,-788.2621431,2.377731144,0.1510651039,-0.3788809601,65.17630438,48.22892695,-43.83972237,1.426713957e-12,-2.742031883e-09,0.9089922821,1.230144231e-09,
2556574000,-3.788201902,0.6465318211,154.9359486,-565.0640514,4.658217965,-0.5856510052,0.273891029,15.43349051,11.23846965,10.57777998,-5.885281415e-12,6.585007793e-10,0.9412117766,1.046000897e-09,-7.72668442,0.4108334334,-73.26580671,-793.2658067,2.394625753,0.1182921263,-0.3934349792,61.39182934,44.58356668,-42.20500315,1.47501972e-12,-2.627397007e-09,0.9466493216,1.161048511e-09,
2568572000,-4.268013921,0.6117856753,150.3125448,-569.6874552,4.151793411,-0.5314826714,0.302998156,17.8698623,12.836579,12.43198367,-4.984113877e-12,7.703158231e-10,0.9684810627,1.038783321e-09,-7.547405035,0.4194012768,-78.09960221,-798.0996022,2.444719942,0.08648514785,-0.4103873172,57.98557864,41.08486749,-40.9189564,1.514271814e-12,-2.535437659e-09,0.9959617471,1.164320582e-09,
2580570000,-4.902087462,0.568716236,145.6480464,-574.3519536,3.637318088,-0.4695247148,0.3209122923,20.60925171,14.95172497,14.18404654,-4.34814822e-12,8.747916623e-10,0.9486561964,9.5364164e-10,-7.246508598,0.4341847545,-82.98732603,-802.987326,2.534722714,0.05300913651,-0.430936692,54.67808189,37.48198624,-39.80946302,1.549238096e-12,-2.455222227e-09,1.062095876,1.240912069e-09,
2592568000,-5.782708477,0.513883385,141.581788,-578.418212,3.114239131,-0.4026255664,0.3193255182,23.54392963,17.78171773,15.43136861,-3.978190079e-12,9.473150148e-10,0.8678221558,7.139064985e-10,-6.848061442,0.4545659781,-88.54651643,-808.5465164,2.666804636,0.01153022653,-0.4544197204,50.96488074,33.51596957,-38.393995,1.598919766e-12,-2.356965792e-09,1.145543318,1.338034338e-09,
2604566000,-6.880375317,0.4528780106,138.7061007,-581.2938993,2.655491899,-0.3402628305,0.2988640137,26.37213772,21.07794138,15.84960678,-3.855371854e-12,9.685080991e-10,0.7519523134,3.105810989e-10,-6.370770449,0.4802434801,-94.84158302,-814.841583,2.847955578,-0.04053304745,-0.4785299074,46.80799511,29.32706645,-36.48166087,1.674982071e-12,-2.229253035e-09,1.243958748,1.574627317e-09,
2616564000,-8.223044974,0.3880143177,138.3657074,-581.6342926,2.268050312,-0.2900021275,0.2577864945,28.70938794,24.54249493,14.89613703,-4.083335938e-12,9.060714132e-10,0.6069528412,-3.293919895e-10,-5.893626452,0.5073628654,-101.0691985,-821.0691985,3.059783275,-0.09741083291,-0.4979238966,42.76957779,25.5668335,-34.28664185,1.774041679e-12,-2.085516934e-09,1.341059379,1.813060646e-09,
2628562000,-9.667987013,0.328549378,140.5486531,-579.4513469,1.978625582,-0.2536941448,0.2087677529,30.48708314,27.61211822,12.92413113,-4.684902433e-12,7.82534083e-10,0.4680601113,-1.160635247e-09,-5.508071822,0.530391321,-110.7322664,-830.7322664,3.25886507,-0.1877593695,-0.4960457363,36.96968892,21.68850893,-29.93938007,2.022362962e-12,-1.812778367e-09,1.380425928,2.005332873e-09,
2640560000,-10.98130824,0.2824454533,147.774193,-572.225807,1.787244551,-0.2389355966,0.1506161173,31.08130438,29.53893874,9.669466406,-6.233350998e-12,5.828094705e-10,0.327346439,-1.960017514e-09,-5.260334146,0.5457368662,-119.7567577,-839.7567577,3.402734563,-0.2708595204,-0.4737761574,32.05581849,19.08543189,-25.75503423,2.340248416e-12,-1.552337765e-09,1.349460383,2.097061717e-09,
2652558000,-11.68844266,0.2603621607,159.0674009,-560.9325991,1.70402607,-0.2431786104,0.09301945047,30.58252372,29.99112503,5.985246554,-1.002474184e-11,3.591180945e-10,0.1995672569,-2.367967571e-09,-5.20761637,0.5490592108,-128.8057743,-848.8057743,3.435172085,-0.3440857166,-0.4278680131,27.75988071,17.55430325,-21.50482306,2.790097432e-12,-1.290301245e-09,1.225045663,2.009021607e-09,
2664556000,-11.33012906,0.2713273336,171.4356557,-548.5643443,1.74471665,-0.2683018294,0.0404060673,28.87488445,28.76564145,2.50934733,-2.380315373e-11,1.498842702e-10,0.08723418648,-2.150106692e-09,-5.209670284,0.5489293925,-137.3214282,-857.3214282,3.433895641,-0.4035554173,-0.3721108749,24.20733011,16.56861013,-17.64868237,3.384410178e-12,-1.054162509e-09,1.065187861,1.911243182e-09,
2676554000,-10.25544282,0.3070632619,179.8574966,-540.1425034,1.886266365,-0.3070623121,0.0007637127711,26.50745814,26.50742044,0.04470306697,-1.330168937e-09,2.65816198e-12,0.001686435957,-1.473262235e-09,-5.286782986,0.5440776058,-145.3375654,-865.3375654,3.386711478,-0.4475131379,-0.3094388995,21.39011957,16.0649144,-14.12288004,4.210375711e-12,-8.397836058e-10,0.8791133082,1.800790556e-09,
2688552000,-9.019378357,0.3540226773,-176.1862907,-536.1862907,2.096083918,-0.3532387232,-0.02354698486,23.90900486,23.87442424,-1.285449433,4.605180892e-11,-7.609509925e-11,0.05384211235,-6.78648541e-10,-5.363095156,0.539318406,-152.7668344,-872.7668344,3.341393331,-0.4795358417,-0.2467989455,19.20075501,15.75901823,-10.96915391,5.396703534e-12,-6.493439836e-10,0.6960556647,1.72784207e-09,
2700550000,-7.854857673,0.4048154846,-175.3044654,-535.3044654,2.360302475,-0.4034568306,-0.03313853363,21.27947235,21.21293356,-1.681485417,3.504893322e-11,-9.909711571e-11,0.07926699114,-6.728169249e-11,-5.391942289,0.5375302203,-159.9736644,-879.9736644,3.324606899,-0.5050286244,-0.1840783156,17.41448927,15.46460426,-8.006900259,7.360435147e-12,-4.718808225e-10,0.5177565573,1.700279408e-09,
2712548000,-6.86743858,0.4535530283,-176.326998,-536.326998,2.660007473,-0.452621392,-0.02905554993,18.86381409,18.81353115,-1.376418522,4.262772853e-11,-8.07594231e-11,0.0731610941,3.355611054e-10,-5.39240406,0.5375016441,-167.3185472,-887.3185472,3.324339696,-0.5243896457,-0.1179979527,16.02503007,15.20930494,-5.04763628,1.162397444e-11,-2.961629674e-10,0.3318781693,1.731160846e-09,
2724546000,-6.043317854,0.498693959,-178.6191074,-538.6191074,2.989578892,-0.4985491293,-0.0120179207,16.73547845,16.72692066,-0.5351301636,1.091607612e-10,-3.12597441e-11,0.03199215053,5.889874552e-10,-5.40156347,0.5369351387,-174.7816232,-894.7816232,3.319049376,-0.534709692,-0.04883532025,15.23445798,15.09299325,-2.07129543,2.820226181e-11,-1.2099517e-10,0.1372355633,1.792770456e-09,
2736544000,-5.395150379,0.5373317228,178.2241185,-541.7758815,3.322751523,-0.5370736392,0.01665191914,15.06754668,15.05105696,0.7047319744,-8.25265557e-11,4.098657916e-11,0.04682275644,7.331790758e-10,-5.419349611,0.5358367788,177.2503029,-902.7496971,3.308829112,-0.5352198378,0.02570561625,15.15826008,15.11899434,1.090348,-5.333994518e-11,6.341366112e-11,0.07211775963,1.841472458e-09,
2748542000,-4.931740657,0.5667779775,174.6999677,-545.3000323,3.616570479,-0.5643548011,0.0523539329,14.0164571,13.85260085,2.136941554,-2.709724322e-11,1.237400816e-10,0.1542628404,7.830878751e-10,-5.535586935,0.5287138087,169.0245227,-910.9754773,3.24370592,-0.5190429777,0.1006612083,16.1385383,15.54310863,4.343292853,-1.33321024e-11,2.514993501e-10,0.2794352762,1.852170142e-09,
2760540000,-4.628877908,0.5868891824,171.1794358,-548.8205642,3.841315973,-0.5799482842,0.08999388869,13.57287243,13.08852373,3.593523686,-1.604373853e-11,2.071794134e-10,0.2745553096,7.639993435e-10,-5.69948746,0.5188306534,161.0092041,-918.9907959,3.156540756,-0.4905911487,0.1688359311,17.88717451,16.23767537,7.502593589,-7.684483202e-12,4.325511877e-10,0.4620485024,1.81064963e-09,
2772538000,-4.41772296,0.6013313582,167.9913549,-552.0086451,4.016697554,-0.5881719544,0.125112567,13.50873224,12.57712485,4.929683276,-1.164457405e-11,2.829838442e-10,0.3919562965,7.199000363e-10,-5.930042392,0.5052401791,153.338719,-926.661281,3.042365437,-0.4515204272,0.2267089375,20.19874718,17.2526857,10.50400989,-5.46496648e-12,6.029728343e-10,0.6088333185,1.726118297e-09,
2784536000,-4.253545966,0.6128055666,165.0787894,-554.9212106,4.165363517,-0.5921422679,0.1577916253,13.6666484,12.19754727,6.164180344,-9.272395731e-12,3.523243269e-10,0.5053622838,6.848201706e-10,-6.20700155,0.4893841759,145.9896911,-934.0103089,2.916839051,-0.4056686247,0.2737331522,22.84586422,18.54131255,13.34740579,-4.282234347e-12,7.628939286e-10,0.719873836,1.615598297e-09,
2796534000,-4.138047677,0.6210086023,162.2030418,-557.7969582,4.277164633,-0.5912906209,0.1898080235,14.05970333,11.96052565,7.390607823,-7.70051676e-12,4.206105728e-10,0.61791664,6.79944917e-10,-6.524035989,0.4718437432,139.256338,-940.743662,2.786758131,-0.3574863666,0.3079610619,25.59322391,20.05986195,15.89386827,-3.580720467e-12,9.045438745e-10,0.7923219165,1.490217262e-09,
2808532000,-4.071132482,0.6258112642,159.2839421,-560.7160579,4.344896328,-0.585349392,0.2213725994,14.68215702,11.8711922,8.639475129,-6.559238105e-12,4.895850119e-10,0.7277681116,6.929356385e-10,-6.821120551,0.4559780873,133.1592875,-946.8407125,2.676322503,-0.3119022131,0.3326154319,28.23503432,21.62131201,18.15863514,-3.120739749e-12,1.029020336e-09,0.8398489015,1.363386893e-09,
2820530000,-4.027010022,0.6289983394,156.2044162,-563.7955838,4.390811451,-0.5755276745,0.2537849618,15.49513029,11.86559962,9.965270108,-5.662397239e-12,5.623134648e-10,0.8398454714,7.106417228e-10,-7.069989598,0.4430987451,127.5705927,-952.4294073,2.59130094,-0.2701743366,0.3512012611,30.72963103,23.13785813,20.22250589,-2.790322735e-12,1.14110177e-09,0.8740007731,1.255199008e-09,
2832528000,-4.07462457,0.6255597126,153.113187,-566.886813,4.34130559,-0.5579377316,0.2828965212,16.57282199,12.1385399,11.28336288,-4.979747984e-12,6.339930187e-10,0.9295486093,7.178841711e-10,-7.241680332,0.4344261739,122.3883151,-957.6116849,2.536231537,-0.2327023747,0.3668456152,33.06364399,24.52266395,22.17754509,-2.533567323e-12,1.246118636e-09,0.904369327,1.187111064e-09,
2844526000,-4.220086909,0.6151707174,149.9411164,-570.0588836,4.197109707,-0.5324370783,0.3081327136,17.91190231,12.71973675,12.61128627,-4.436605772e-12,7.056179302e-10,0.9914738423,6.915781419e-10,-7.317272228,0.4306618371,117.5340444,-962.4659556,2.512850763,-0.1990844511,0.3818834891,35.25431649,25.71705511,24.11430918,-2.3202533e-12,1.349227079e-09,0.9376777035,1.185533032e-09,
2856524000,-4.481936452,0.596902197,146.9118783,-573.0881217,3.961575045,-0.5001037102,0.3258657881,19.4362752,13.65813414,13.8283826,-4.029126169e-12,7.704662893e-10,1.012464987,6.168238383e-10,-7.265640218,0.4332294677,112.5402363,-967.4597637,2.528764969,-0.1660707779,0.4001353127,37.51408269,26.72379765,26.32764781,-2.116265708e-12,1.466879077e-09,0.9851761397,1.259596642e-09,
2868522000,-4.884359288,0.5698781891,144.3694724,-575.6305276,3.649845577,-0.4631915704,0.3319860231,21.03371653,14.99768034,14.7474342,-3.762231189e-12,8.182356807e-10,0.9833143438,4.607151886e-10,-7.12486041,0.4403084088,106.8913866,-973.1086134,2.573396548,-0.1279352846,0.4213123044,40.21853693,27.80248036,29.0611906,-1.909187331e-12,1.612409504e-09,1.045273307,1.410072215e-09,
2880520000,-5.400118384,0.537024477,142.5778347,-577.4221653,3.319882803,-0.4264938805,0.3263407096,22.54606687,16.61553992,15.23971667,-3.625537018e-12,8.420272171e-10,0.9171965967,2.14264785e-10,-6.886455072,0.4525611261,100.5068911,-979.4931089,2.653375921,-0.08252623301,0.4449730259,43.56097967,29.02435587,32.48300658,-1.700955754e-12,1.794756177e-09,1.119163737,1.612493461e-09,
2892518000,-6.027735166,0.4995894305,142.1583487,-577.8416513,2.996718139,-0.3945303943,0.3064887715,23.76440962,18.4045878,15.03390544,-3.659925517e-12,8.2721019e-10,0.8168564057,-1.263110479e-10,-6.641480787,0.4655067263,93.09823338,-986.9017666,2.741861869,-0.02515971909,0.4648263125,47.97317371,30.9113507,36.68669777,-1.499807218e-12,2.018611223e-09,1.186835804,1.828834078e-09,
2904516000,-6.675711787,0.4636757794,143.3900921,-576.6099079,2.729087599,-0.3721992069,0.2765194003,24.50381182,20.0318291,14.1124986,-3.882776985e-12,7.733040242e-10,0.7045037439,-5.329144428e-10,-6.487262585,0.4738456202,84.61275908,-995.3872409,2.801165735,0.04448775961,0.4717525951,53.77519281,34.1450175,41.54382194,-1.318985163e-12,2.27642217e-09,1.216687674,2.014041171e-09,
2916514000,-7.198267287,0.4366029197,146.6912076,-573.3087924,2.549894151,-0.3648791456,0.2397609614,24.49416724,21.07337406,12.48507646,-4.370839505e-12,6.813139364e-10,0.5924574027,-8.983992245e-10,-6.458267673,0.475430037,75.34222027,-1004.65778,2.812646817,0.1203052474,0.4599569192,60.99875824,39.27075494,46.6760786,-1.169127036e-12,2.547125998e-09,1.188570952,2.122574465e-09,
2928512000,-7.40382827,0.4263915471,151.8204387,-568.1795613,2.486698966,-0.3758521951,0.2013575894,23.58216946,21.1581139,10.41407379,-5.218581535e-12,5.659704727e-10,0.4922023692,-1.099607916e-09,-6.597107746,0.4678909151,65.88885888,-1014.111141,2.758627801,0.1911371597,0.4270696601,69.17051379,46.67903798,51.04534642,-1.064674784e-12,2.774145779e-09,1.093538955,2.130360789e-09,
2940510000,-7.236368168,0.4346919439,157.3453644,-562.6546356,2.537894036,-0.4011525675,0.1674326842,22.03260661,20.36504548,8.408369445,-6.437032259e-12,4.551025368e-10,0.4128824291,-1.043209279e-09,-6.89699306,0.452012398,56.6202163,-1023.379784,2.649717608,0.2486909553,0.3774493565,77.57502373,56.27721844,53.39249939,-1.013718144e-12,2.889866112e-09,0.9487409092,2.06100443e-09,
2952508000,-6.654353843,0.4648173259,161.8105861,-558.1894139,2.737041756,-0.4415902847,0.1450970949,19.91038761,18.67214929,6.911901024,-7.798867431e-12,3.725860232e-10,0.3701716882,-7.54348967e-10,-7.283917688,0.4323187938,47.96563732,-1032.034363,2.523104126,0.2894703669,0.3211019248,85.21354571,66.87134499,52.8163951,-1.020611113e-12,2.847067766e-09,0.7898210378,1.973036483e-09,
2964506000,-5.900230738,0.5069772404,164.2256987,-555.7743013,3.056607857,-0.4878844887,0.1378210724,17.74586675,16.6377592,6.17258094,-8.697631519e-12,3.313863315e-10,0.3709983337,-3.550879764e-10,-7.752916436,0.4095945583,39.79355498,-1040.206445,2.387502653,0.3147142409,0.2621500501,91.35655992,77.29627216,48.69607121,-1.102488008e-12,2.614337918e-09,0.6299924932,1.860088656e-09,
2976504000,-5.130598067,0.5539494004,164.6714936,-555.3285064,3.483796237,-0.5342432123,0.1464381383,15.83928344,14.59029455,6.164917276,-8.673340728e-12,3.296407659e-10,0.4225354913,3.336350291e-11,-8.258483034,0.3864344609,31.69170443,-1048.308296,2.259635479,0.328812129,0.2030127493,95.84962804,86.50149669,41.28731361,-1.295081307e-12,2.207650333e-09,0.4773017253,1.780200853e-09,
2988502000,-4.454510553,0.5987899083,163.5835327,-556.4164673,3.984919476,-0.5743789128,0.1692283039,14.4630606,12.79162463,6.749404512,-7.890438212e-12,3.594446619e-10,0.5276424774,3.211187548e-10,-8.799546859,0.363096997,24.58596408,-1055.414036,2.140195588,0.3301779185,0.1510694254,97.48310987,92.06689112,32.04129008,-1.662097847e-12,1.706383231e-09,0.3480218534,1.667087438e-09,
3000500000,-3.905114855,0.637887743,161.4111376,-558.5888624,4.523149137,-0.6046093906,0.2033427093,13.74436768,11.33547636,7.772684126,-6.824258695e-12,4.122849857e-10,0.6856954111,4.824063811e-10,-9.440973763,0.337249498,17.12350307,-1062.876497,2.017726873,0.3223000092,0.09929716981,96.79906301,94.4566713,21.16591237,-2.506048702e-12,1.12269941e-09,0.2240806508,1.51391571e-09,
3012498000,-3.554546572,0.6641599317,158.9208677,-561.0791323,4.955215559,-0.6197173958,0.2388697642,13.71460011,10.42496879,8.911244694,-5.928638846e-12,4.707948826e-10,0.8547982135,5.082368733e-10,-10.10756533,0.3123357766,11.07456852,-1068.925431,1.908396179,0.3065194662,0.05999545118,93.94849207,93.12889305,12.38258624,-4.266600727e-12,6.541912421e-10,0.1329618106,1.338302183e-09,
3024496000,-3.365046756,0.67880911,156.5845849,-563.4154151,5.22682667,-0.6229076472,0.2697552055,14.09105806,9.961183208,9.966581479,-5.279841625e-12,5.244611691e-10,1.000541931,4.080223725e-10,-10.80465259,0.2882487087,5.752272968,-1074.247727,1.809970315,0.2867972448,0.02889045688,90.16137333,89.982884,5.670434452,-9.280059967e-12,2.983894416e-10,0.06301681164,1.161318373e-09,
3036494000,-3.27899034,0.6855679132,155.0207222,-564.9792778,5.360674003,-0.6214402856,0.2895087823,14.46720905,9.768140641,10.67162434,-4.911534234e-12,5.593430332e-10,1.092492904,2.630578582e-10,-11.40392105,0.2690320045,1.369069875,-1078.63093,1.736097904,0.2689552049,0.006427848041,86.78828186,86.77994855,1.202663271,-4.358164879e-11,6.303645073e-11,0.01385876911,1.104022625e-09,
3048492000,-3.197417323,0.6920367117,154.549396,-565.450604,5.494280572,-0.6248787717,0.2973908725,14.48975779,9.548328309,10.8987388,-4.790257149e-12,5.689987552e-10,1.141428996,1.362834241e-10,-11.86490406,0.2551260451,-3.104043716,-1083.104044,1.685018032,0.2547517373,-0.01381489311,84.17411388,84.13737897,-2.486545284,2.099610322e-11,-1.29816963e-10,0.02955339606,1.120044089e-09,
3060490000,-2.997706446,0.7081327458,154.2573594,-565.7426406,5.852430245,-0.6378534279,0.3075629857,14.25538133,8.975864232,11.07473513,-4.695651086e-12,5.759204698e-10,1.233834965,9.947492486e-11,-12.31451398,0.2422558656,-8.340187359,-1088.340187,1.639413371,0.2396938388,-0.03513926673,81.4717404,81.24561773,-6.065812701,8.573145032e-12,-3.15441016e-10,0.07466018316,1.152307408e-09,
3072488000,-2.696576331,0.7331134435,154.023035,-565.976965,6.493820693,-0.6590471495,0.3211108464,13.85813791,8.099048179,11.24515029,-4.606432081e-12,5.824990218e-10,1.388453315,1.57269348e-10,-12.87179493,0.2272010077,-13.58201858,-1093.582019,1.587995093,0.2208472744,-0.05335521809,78.23610334,77.74550456,-8.747821874,5.921476432e-12,-4.531373573e-10,0.1125186842,1.106602599e-09,
3084486000,-2.377608097,0.7605356829,153.1356024,-566.8643976,7.351975043,-0.6784575244,0.3436712275,13.73497651,7.181228963,11.70809678,-4.407080916e-12,6.04120582e-10,1.630375086,2.68271631e-10,-13.52476883,0.2107470763,-18.2776344,-1098.277634,1.534041927,0.2001144592,-0.06609488174,74.87638482,74.17007994,-10.26022641,5.028985506e-12,-5.294125991e-10,0.138333765,9.58290361e-10,
3096484000,-2.047439067,0.7900017378,151.7138227,-568.2861773,8.523888337,-0.6956689754,0.3743626884,13.89163155,6.232874264,12.41485826,-4.140087556e-12,6.38106336e-10,1.991835185,3.583351468e-10,-14.21469973,0.1946547534,-22.03395256,-1102.033953,1.483406972,0.1804375023,-0.07302589128,71.86925801,71.0552101,-10.78644354,4.765110945e-12,-5.544080991e-10,0.1518036964,7.44378556e-10,
3108482000,-1.792156359,0.81356486,149.6182641,-570.3817359,9.727591378,-0.7018420111,0.4114675843,14.51093973,5.514668064,13.42221323,-3.814588022e-12,6.872201876e-10,2.433911357,4.12286814e-10,-14.91630258,0.1795497773,-24.80984232,-1104.809842,1.437685974,0.1629783045,-0.07534052567,69.33653036,68.51105818,-10.66720907,4.799775977e-12,-5.461633853e-10,0.1557005446,5.283916174e-10,
3120480000,-1.57726513,0.8339437218,148.042955,-571.957045,11.04410951,-0.7075554987,0.4413925094,15.01070032,4.895205101,14.19007016,-3.594298862e-12,7.237411582e-10,2.898769279,4.318516431e-10,-15.44819373,0.1688847027,-26.39181167,-1106.391812,1.406404992,0.1512827444,-0.07507046048,67.70457197,66.91019951,-10.34090264,4.932195457e-12,-5.274207083e-10,0.1545489734,3.518671731e-10,
3132478000,-1.405881667,0.8505618836,146.0671254,-573.9328746,12.38346633,-0.7057045014,0.4748017212,15.77503329,4.410788415,15.145845,-3.354583404e-12,7.695300969e-10,3.433818078,4.330935209e-10,-15.86604227,0.1609525591,-27.51006157,-1107.510062,1.383655444,0.1427536103,-0.07434469073,66.54370397,65.78175578,-10.04117244,5.059966908e-12,-5.101718923e-10,0.1526437281,2.540385937e-10,
3144476000,-1.257994121,0.8651676935,144.1629513,-575.8370487,13.83324028,-0.70137882,0.5065401156,16.56200108,3.990210937,16.07414373,-3.148792193e-12,8.135789335e-10,4.028394484,4.476904385e-10,-16.09766635,0.1567172067,-28.28290716,-1108.282907,1.371683634,0.1380081102,-0.07425661169,65.90665516,65.15579818,-9.92013903,5.102160174e-12,-5.020992887e-10,0.1522525901,2.493723664e-10,
3156474000,-1.152399211,0.8757497852,142.205005,-577.794995,15.09655165,-0.6920249673,0.5366927715,17.42939823,3.698242294,17.03252555,-2.960321411e-12,8.58809746e-10,4.605573186,4.416342837e-10,-16.1599366,0.1555976989,-29.35061366,-1109.350614,1.368539258,0.135624653,-0.07626662057,65.58366177,64.79677687,-10.12888932,4.978013723e-12,-5.107163259e-10,0.1563177956,3.222615838e-10,
3168472000,-1.074090343,0.8836809298,140.3055133,-579.6944867,16.19408517,-0.6799580274,0.564401512,18.30534592,3.488083504,17.9699461,-2.795268198e-12,9.026451075e-10,5.151810752,4.356357894e-10,-16.04398834,0.1576887036,-30.85708099,-1110.857081,1.374419064,0.1353677647,-0.080878276,65.53639056,64.65291243,-10.7247099,4.683652921e-12,-5.387109604e-10,0.1658813114,4.663532407e-10,
3180470000,-1.002657266,0.8909783203,138.4581337,-581.5418663,17.3449751,-0.6668717381,0.5908675419,19.17745526,3.295794954,18.89212867,-2.648792471e-12,9.453872113e-10,5.732191759,4.279096482e-10,-15.81475207,0.1619057961,-33.18266472,-1113.182665,1.386366581,0.135503809,-0.08861266595,65.53062786,64.47159333,-11.73357751,4.264797175e-12,-5.871638029e-10,0.1819960839,6.61453088e-10,
3192468000,-0.9444200376,0.896972231,136.6282222,-583.3717778,18.41224216,-0.6520207946,0.6159773264,20.06306144,3.14354964,19.81526003,-2.515902479e-12,9.878553467e-10,6.30346656,4.218616534e-10,-15.49039632,0.1680661239,-36.43843275,-1116.438433,1.404037217,0.1352084511,-0.09982432944,65.45345212,64.11429016,-13.17240266,3.78467491e-12,-6.566872385e-10,0.2054518988,8.94579869e-10,
3204466000,-0.9159621905,0.8999158282,134.8023427,-585.1976573,18.98317979,-0.6341375868,0.6385280094,20.97276083,3.088756699,20.74406611,-2.394255952e-12,1.030287312e-09,6.715992269,4.198632756e-10,-15.14534231,0.1748770765,-40.84494325,-1120.844943,1.42388127,0.1322914086,-0.1143720906,65.01571925,63.27800605,-14.93109841,3.326386473e-12,-7.415769483e-10,0.2359603176,1.141837425e-09,
3216464000,-0.8637565541,0.905340966,133.0227158,-586.9772842,20.12846407,-0.6177035154,0.6618796203,21.86526602,2.951797466,21.66510443,-2.28391875e-12,1.07201836e-09,7.339631084,4.167714811e-10,-14.7940577,0.18209462,-46.34564641,-1126.345646,1.445270625,0.1257010485,-0.1317486131,64.09314525,61.83778008,-16.85289956,2.936072695e-12,-8.339040233e-10,0.2725340324,1.376245177e-09,
3228462000,-0.8279470535,0.9090811388,131.1933516,-588.8066484,20.99763585,-0.5987227909,0.6840756805,22.8038189,2.87001835,22.62249215,-2.17913435e-12,1.115231169e-09,7.882351047,4.147050103e-10,-14.503113,0.1882974115,-52.88863566,-1132.888636,1.463956661,0.1136122885,-0.1501604578,62.49552158,59.67004985,-18.57889576,2.65341118e-12,-9.158921792e-10,0.3113604866,1.570784884e-09,
3240460000,-0.8133136844,0.9106139849,129.4319541,-590.5680459,21.37486477,-0.5783868273,0.7033395393,23.7276015,2.859723,23.55463983,-2.085148543e-12,1.156884319e-09,8.236685801,4.122909216e-10,-14.34850235,0.1916791533,-60.13852789,-1140.138528,1.474265025,0.09543794983,-0.1662302486,60.23527374,56.93929317,-19.65210157,2.499219879e-12,-9.652114535e-10,0.3451412983,1.708324871e-09,
3252458000,-0.7990937226,0.9121060027,127.6415883,-592.3584117,21.75468246,-0.5570414583,0.7222480002,24.68143095,2.852367332,24.51605666,-1.995987505e-12,1.19966241e-09,8.594985781,4.05018239e-10,-14.31332584,0.1924569984,-67.87180119,-1147.871801,1.476648297,0.07249474447,-0.1782812617,57.55584773,53.97455748,-19.98556361,2.448454479e-12,-9.779684287e-10,0.370277489,1.784849876e-09,
3264456000,-0.806133465,0.9113670582,125.8945978,-594.1054022,21.56497369,-0.5343308416,0.7382956498,25.63209385,2.921617519,25.46504244,-1.914542044e-12,1.24151999e-09,8.716076719,3.936184411e-10,-14.38887148,0.1907903593,-75.74773089,-1155.747731,1.47154742,0.04697099865,-0.1849180534,54.75753586,51.12153822,-19.6208069,2.48480578e-12,-9.565907477e-10,0.3838070525,1.802113194e-09,
3276454000,-0.8223755183,0.909664453,124.2150938,-595.7849062,21.13967885,-0.5115054517,0.7522310748,26.56236143,3.025970244,26.38944011,-1.840712157e-12,1.281876638e-09,8.720984669,3.769361582e-10,-14.55041991,0.1872746545,-83.63036604,-1163.630366,1.460855947,0.02077666821,-0.1861185812,52.04922781,48.56116131,-18.73327862,2.592998492e-12,-9.099758132e-10,0.3857666933,1.788255447e-09,
3288452000,-0.8447619489,0.9073229634,122.64446,-597.35554,20.58031885,-0.4894320938,0.7639968491,27.44699804,3.154153918,27.26516119,-1.775090726e-12,1.319582946e-09,8.644207573,3.556844723e-10,-14.76205923,0.1827666866,-91.17840286,-1171.178403,1.447281538,-0.00375869924,-0.1827280326,49.63759302,46.4298579,-17.5544563,2.757028412e-12,-8.496029417e-10,0.3780855055,1.775721666e-09,
3300450000,-0.8985429182,0.9017223913,121.1261931,-598.8738069,19.35051551,-0.4661225971,0.7719021929,28.32202072,3.403879896,28.11672918,-1.715071286e-12,1.355850394e-09,8.260200134,3.438374412e-10,-15.0209829,0.1773988724,-98.77634513,-1178.776345,1.431312009,-0.02706713462,-0.1753217903,47.44125064,44.60784406,-16.14969074,2.985951598e-12,-7.787735343e-10,0.3620370158,1.803286793e-09,
3312448000,-0.9603489793,0.8953287926,119.7575441,-600.2424559,18.10745131,-0.4443792683,0.7772648922,29.12492045,3.686968562,28.89060841,-1.663084725e-12,1.388122361e-09,7.835870558,3.150034451e-10,-15.25779437,0.1726276194,-106.5239367,-1186.523937,1.417291231,-0.04909803812,-0.1654982708,45.43932553,43.00544442,-14.67187972,3.274803941e-12,-7.04947574e-10,0.3411633089,1.899264523e-09,
3324446000,-1.055825932,0.8855410609,118.2329009,-601.7670991,16.47351509,-0.4189111823,0.7801899717,30.0387285,4.115495621,29.7554685,-1.608918539e-12,1.424517016e-09,7.230105739,2.709494857e-10,-15.48884198,0.1680962019,-114.902102,-1194.902102,1.404124136,-0.07078011471,-0.1524680572,43.53098772,41.53401901,-13.03350133,3.67315917e-12,-6.239674707e-10,0.3138030376,2.08115347e-09,
3336444000,-1.163086017,0.8746729568,117.2881657,-602.7118343,14.9582477,-0.4010078147,0.7773323059,30.62476776,4.576177591,30.28093457,-1.57531358e-12,1.444460155e-09,6.617080297,2.229533909e-10,-15.75308266,0.1630594102,-124.1328008,-1204.132801,1.389655878,-0.09149474699,-0.1349706729,41.75621119,40.2376588,-11.15849395,4.274946751e-12,-5.322821151e-10,0.2773146918,2.322389935e-09,
3348442000,-1.26331548,0.864637816,116.5093488,-603.4906512,13.77517532,-0.3859257557,0.7737311316,31.11614226,5.00905834,30.7103182,-1.547722281e-12,1.459693477e-09,6.130956382,1.870542014e-10,-16.17192514,0.1553830862,-134.9173359,-1214.917336,1.367937425,-0.1097138,-0.1100308392,40.22129261,39.23602679,-8.84797045,5.371971345e-12,-4.205532703e-10,0.2255062802,2.523132195e-09,
3360440000,-1.305916336,0.8604074917,115.8043295,-604.1956705,13.32741645,-0.3745346322,0.7746127168,31.55098059,5.216157408,31.11681343,-1.522049827e-12,1.473733996e-09,5.965466721,2.114312244e-10,-16.93603599,0.1422978048,-146.6715818,-1226.671582,1.331811684,-0.1188947889,-0.07818372222,39.43246277,38.9396483,-6.214733347,7.620816189e-12,-2.943381022e-10,0.1595991135,2.576803163e-09,
3372438000,-1.298824079,0.861110324,114.9351217,-605.0648783,13.39991839,-0.3630370013,0.7808425742,32.07453977,5.237692131,31.64399915,-1.491367907e-12,1.493370341e-09,6.041592053,2.803693157e-10,-18.08531134,0.1246620984,-158.1232836,-1238.123284,1.284831945,-0.1156849003,-0.04645043193,39.65132621,39.47594511,-3.725242044,1.266839691e-11,-1.758047696e-10,0.09436739344,2.401084034e-09,
3384436000,-1.292424857,0.8617449701,113.509126,-606.490874,13.4660198,-0.3437458738,0.7902171649,32.94637904,5.295996363,32.51793835,-1.44614161e-12,1.529173732e-09,6.140098316,3.701635748e-10,-19.54796907,0.1053419968,-168.1794987,-1248.179499,1.235491096,-0.1031081307,-0.02157891742,40.65693067,40.61826758,-1.772667663,2.652812182e-11,-8.336066071e-11,0.04364212876,2.073047257e-09,
3396434000,-1.347972513,0.8562515573,111.6019827,-608.3980173,12.9131942,-0.3152347704,0.796111656,34.15134522,5.644550179,33.68164832,-1.391244995e-12,1.578302661e-09,5.96710938,4.517734909e-10,-21.17034687,0.08739420909,-176.0181486,-1256.018149,1.191526747,-0.08718324785,-0.006068696544,41.98108763,41.97794795,-0.5134242603,9.126842705e-11,-2.405876544e-11,0.01223080892,1.735370597e-09,
3408432000,-1.483489183,0.8429960523,109.4766983,-610.5233017,11.7385332,-0.2810746675,0.7947574319,35.54302336,6.365688031,34.96833604,-1.335335917e-12,1.632828096e-09,5.493253184,4.960738402e-10,-22.7157775,0.0731494601,177.5054929,-1262.494507,1.157845212,-0.07308014358,0.00318372846,43.18974915,43.18886418,0.2764826475,-1.688875432e-10,1.291021209e-11,0.006401711477,1.545461918e-09,
3420430000,-1.765820972,0.8160353104,107.1946545,-612.8053455,9.871651537,-0.2412354804,0.7795633848,37.10971352,7.775292512,36.28602574,-1.282330643e-12,1.688413551e-09,4.66683738,4.706278762e-10,-24.12878301,0.0621671345,171.556463,-1268.443537,1.132576148,-0.06149330767,0.009128292507,44.2073622,44.19993957,0.8100706772,-5.744027531e-11,3.769314166e-11,0.01832741594,1.625700107e-09,
3432428000,-2.188615817,0.7772651739,104.999381,-615.000619,7.979287321,-0.2011629193,0.7507826786,38.69660472,9.864574188,37.41814257,-1.23918592e-12,1.73500576e-09,3.793183756,3.262926405e-10,-25.32436609,0.05417285141,164.6567817,-1275.343218,1.114551272,-0.05224202829,0.01433416585,45.03614189,45.01753732,1.294376295,-3.582268587e-11,6.001768591e-11,0.02875271221,2.010346585e-09,
3444426000,-2.832380951,0.7217402944,103.6767735,-616.3232265,6.187530066,-0.1706513646,0.7012753841,39.79458824,12.86349254,37.65819715,-1.226997698e-12,1.740054286e-09,2.927525088,4.151306212e-12,-26.4590908,0.04753849844,155.2969372,-1284.703063,1.099822404,-0.04318805262,0.01986708194,45.8615623,45.82523811,1.824951745,-2.531931124e-11,8.432467156e-11,0.03982416285,2.739134359e-09,
3456424000,-3.656174938,0.656434281,104.1888925,-615.8111075,4.82130256,-0.1609048044,0.6364083666,39.77396807,16.23463736,36.30984833,-1.268144331e-12,1.671927936e-09,2.23656664,-5.174020065e-10,-27.64825741,0.04145597461,142.2190069,-1297.780993,1.0864978,-0.0327650732,0.02539779142,46.8294242,46.76891903,2.379744325,-1.934919136e-11,1.095780126e-10,0.05088303031,3.814701097e-09,
3468422000,-4.512320616,0.5948178176,107.5102455,-612.4897545,3.936051206,-0.1789666054,0.567255842,38.13759844,18.87527363,33.13910772,-1.384673525e-12,1.520649103e-09,1.755688864,-1.094390751e-09,-28.92561722,0.03578649286,123.6199091,-1316.380091,1.074229395,-0.01981429897,0.02980044677,48.05875906,47.97340915,2.862924522,-1.602796188e-11,1.313705741e-10,0.05967732067,5.189727641e-09,
3480420000,-5.030905123,0.5603440231,114.2566657,-605.7433343,3.549011284,-0.2302032901,0.5108736335,34.67903785,19.33097574,28.79147518,-1.588270826e-12,1.316595581e-09,1.489395857,-1.452816328e-09,-30.22266367,0.03082242584,98.11148496,-1341.888515,1.063605322,-0.004349034415,0.03051405961,49.56738086,49.47515809,3.022247048,-1.513068235e-11,1.382033079e-10,0.06108615241,6.511648112e-09,
3492418000,-4.918142401,0.5676659957,122.2777873,-597.7222127,3.62605296,-0.3031476139,0.4799439622,30.46469751,17.57172132,24.88638994,-1.831184114e-12,1.13411166e-09,1.416275018,-1.405346895e-09,-31.05900722,0.02799301255,65.27126411,-1374.728736,1.057598377,0.01171011177,0.02542601097,51.18411165,51.11795707,2.601490025,-1.751748478e-11,1.185539637e-10,0.05089190129,7.224410878e-09,
3504416000,-4.207464316,0.6160653517,128.1807241,-591.8192759,4.209219873,-0.3808170864,0.484267348,26.85989317,14.48888417,22.61694269,-2.008031769e-12,1.027160653e-09,1.560985817,-9.901435363e-10,-30.85721218,0.02865097405,30.76517207,-1409.234828,1.05899213,0.02461895082,0.01465556461,52.52347813,52.50089305,1.540124716,-2.948822195e-11,6.994559478e-11,0.02933520987,7.048136772e-09,
3516414000,-3.354385179,0.6796428323,130.89865,-589.10135,5.243031846,-0.4449777965,0.5137208777,24.65731133,11.43952741,21.84308162,-2.072078587e-12,9.886305799e-10,1.90943916,-4.504245447e-10,-29.91218536,0.03194410552,1.271798489,-1438.728202,1.065996407,0.03193623625,0.000709007354,53.29897894,53.29892524,0.07565586111,-5.982428991e-10,3.424228282e-12,0.001419463165,6.109577587e-09,
3528412000,-2.590054925,0.7421595047,131.3297702,-588.6702298,6.756733471,-0.4901161455,0.5573032337,23.73968605,8.873832655,22.01880533,-2.048552458e-12,9.931951565e-10,2.481318522,-3.267727878e-11,-28.93083898,0.03576498533,-22.10316321,-1462.103163,1.074183129,0.03313653997,-0.01345748469,53.42657768,53.40718711,-1.439293856,3.133944996e-11,-6.492176415e-11,0.02694944133,4.881397801e-09,
3540410000,-1.947217663,0.7991698975,130.4308128,-589.5691872,8.958666431,-0.5182851354,0.6083198529,23.72048307,6.753171627,22.73886519,-1.976959561e-12,1.022198784e-09,3.36713865,2.042607174e-10,-28.29121691,0.03849808745,-40.23944965,-1480.23945,1.080079066,0.02938757022,-0.02486912652,53.02580509,52.96014229,-2.638054826,1.704051656e-11,-1.185906338e-10,0.04981207965,3.750337927e-09,
3552408000,-1.445869602,0.8466550827,129.1203543,-590.8796457,12.04249293,-0.5341982583,0.656853903,24.12521162,5.083530819,23.58354405,-1.899713996e-12,1.056589674e-09,4.639205483,3.159098264e-10,-27.96840239,0.0399558046,-53.89982332,-1493.899823,1.083237428,0.02354191407,-0.03228381333,52.40837772,52.29912595,-3.382230055,1.324628662e-11,-1.515306327e-10,0.06467087152,2.814820759e-09,
3564406000,-1.081852555,0.8828915743,127.5920618,-592.4079382,16.07819047,-0.5385951039,0.6995804786,24.79146651,3.85940796,24.48921767,-1.823299674e-12,1.093472529e-09,6.345330143,3.486676903e-10,-27.9148137,0.04020307897,-63.82366945,-1503.823669,1.083774136,0.01773499123,-0.03607987867,51.80312964,51.66835018,-3.734411495,1.195668518e-11,-1.667458895e-10,0.07227657708,2.059931085e-09,
3576404000,-0.7615893937,0.9160528502,125.9266308,-594.0733692,22.82451346,-0.5374929075,0.7417912096,25.60407212,2.759772193,25.45490457,-1.748244161e-12,1.132778592e-09,9.223552812,3.6264193e-10,-27.99353304,0.03984036861,-71.10104835,-1511.101048,1.082986969,0.01290429967,-0.03769262555,51.30542054,51.1597963,-3.862825379,1.152042454e-11,-1.719010921e-10,0.07550509694,1.458043069e-09,
3588402000,-0.530318336,0.9407713503,124.4977077,-595.5022923,32.76744213,-0.5328277407,0.7753356257,26.3483692,1.947826351,26.27627318,-1.68793327e-12,1.165420921e-09,13.49004913,3.563255666e-10,-28.17130011,0.03903327528,-76.12593282,-1516.125933,1.081237517,0.009359736732,-0.03789448386,50.94344921,50.79732471,-3.855751413,1.150297074e-11,-1.710125835e-10,0.07590461574,9.557006665e-10,
3600400000,-0.3389616177,0.9617272443,122.8357711,-597.1642289,51.2564932,-0.5214801438,0.808070388,27.2565614,1.264888039,27.22719592,-1.623552969e-12,1.203572608e-09,21.52538018,3.432667904e-10,-28.41777675,0.03794120874,-79.23717297,-1519.237173,1.078875032,0.007085292185,-0.03727377034,50.71258804,50.57185601,-3.775442376,1.170850734e-11,-1.668926554e-10,0.07465500921,5.050452802e-10,
3612398000,-0.1682987007,0.9808104062,121.4421421,-598.5578579,103.2231544,-0.5116272858,0.836795419,28.03828848,0.6366473214,28.03105958,-1.571755628e-12,1.23499174e-09,44.02918011,3.324696331e-10,-28.61118055,0.03710572936,-80.39530101,-1520.395301,1.077071243,0.006191076488,-0.03658559447,50.62212653,50.48678132,-3.699271101,1.190990723e-11,-1.629823961e-10,0.07327207251,1.116794083e-10,
3624396000,-0.04896255431,0.9943788358,120.0410867,-599.9589133,354.7981824,-0.4978068236,0.8608005782,28.8439213,0.1878220066,28.84330978,-1.522437227e-12,1.266571127e-09,153.567254,3.062771808e-10,-28.71077816,0.03668268292,-79.87352414,-1519.873524,1.076159085,0.006449609372,-0.03611124154,50.64829677,50.51636489,-3.653333304,1.201974332e-11,-1.604256417e-10,0.07231979799,-2.282288924e-10,
3636394000,0.08275193572,1.009572697,118.7149027,-601.2850973,nan,-0.4850508462,0.8854166852,29.62089646,-0.3217606225,29.61914883,-1.477667172e-12,1.296348511e-09,-92.0533675,2.965194852e-10,-28.66612246,0.03687176074,-78.21963041,-1518.21963,1.076566669,0.00752776319,-0.0360951454,50.75749158,50.62538897,-3.659636926,1.195944974e-11,-1.601722219e-10,0.07228856905,-4.691259659e-10,
3648392000,0.2015225652,1.023472383,117.5849063,-602.4150937,nan,-0.4739317445,0.9071297702,30.29488296,-0.7928217486,30.28450705,-1.440449801e-12,1.321110504e-09,-38.19838078,2.814984844e-10,-28.31650243,0.03838617848,-75.39608583,-1515.396086,1.079836994,0.009678517036,-0.03714599583,50.97595069,50.8354425,-3.782239395,1.153372582e-11,-1.649938098e-10,0.07440162236,-6.220173328e-10,
3660390000,0.3165155132,1.037112278,116.2664789,-603.7335211,nan,-0.4589705353,0.9300257655,31.09337916,-1.262749158,31.0677275,-1.399533454e-12,1.350834857e-09,-24.60324547,2.711520811e-10,-27.75300019,0.04095906088,-72.50258816,-1512.502588,1.08541671,0.01231486257,-0.03906390697,51.24491722,51.08870995,-3.998156712,1.087509248e-11,-1.738411491e-10,0.07825910491,-6.535312661e-10,
3672388000,0.3716130402,1.043711941,115.1859447,-604.8140553,nan,-0.4441592507,0.9444877843,31.7546529,-1.500084316,31.71920125,-1.36631026e-12,1.374655311e-09,-21.14494559,2.629546443e-10,-26.95367268,0.0449072402,-69.29871014,-1509.29871,1.094037442,0.01587452541,-0.04200785242,51.61017112,51.42825186,-4.329511984,1.000996654e-11,-1.876335598e-10,0.08418547835,-5.879463696e-10,
3684386000,0.46322231,1.054778128,114.0584747,-605.9415253,nan,-0.4300001066,0.9631494209,32.45664275,-1.893267217,32.40137648,-1.333188466e-12,1.399646842e-09,-17.1140007,2.44115711e-10,-25.89216585,0.05074481899,-67.15439562,-1507.154396,1.106915021,0.01970163627,-0.04676411212,52.00528398,51.77814594,-4.855220415,8.897050541e-12,-2.097316429e-10,0.09376968462,-4.228660592e-10,
3696384000,0.5253201626,1.062346052,113.0100347,-606.9899653,nan,-0.4152629327,0.9778219829,33.11586275,-2.172601742,33.04451796,-1.302997639e-12,1.422795461e-09,-15.20965271,2.433146576e-10,-24.62499376,0.05871516854,-65.37265712,-1505.372657,1.12475537,0.02446747111,-0.05337428102,52.50080694,52.20217121,-5.591784226,7.700034044e-12,-2.407650559e-10,0.1071178477,-1.297473207e-10,
3708382000,0.5810619841,1.069185596,112.0824133,-607.9175867,nan,-0.4019494745,0.9907544893,33.70606244,-2.428827273,33.61843904,-1.276609649e-12,1.442823515e-09,-13.8414285,2.386268959e-10,-23.20934653,0.06910869201,-65.33323011,-1505.33323,1.148478542,0.02884182786,-0.06280254993,52.95781583,52.5410211,-6.631090364,6.472181996e-12,-2.845906407e-10,0.1262078701,2.244399951e-10,
3720380000,0.621592045,1.074186283,110.9192547,-609.0807453,nan,-0.383540282,1.003380796,34.4519391,-2.634002904,34.35110095,-1.245352136e-12,1.469513199e-09,-13.04140587,2.363318221e-10,-21.73250637,0.0819171212,-67.40721785,-1507.407218,1.178452563,0.03147083917,-0.0756306884,53.23024728,52.62356905,-8.01368868,5.338267886e-12,-3.428193265e-10,0.1522832606,6.445617757e-10,
3732378000,0.6612353055,1.079100181,109.9503828,-610.0496172,nan,-0.3681957341,1.014341708,35.08177564,-2.834639426,34.96706738,-1.219481736e-12,1.491055198e-09,-12.3356315,2.337555459e-10,-20.21438875,0.09756197031,-70.98421116,-1510.984211,1.216218659,0.03178848957,-0.09223789884,53.25459019,52.35428458,-9.750910875,4.373099148e-12,-4.157954166e-10,0.1862485746,1.089404672e-09,
3744376000,0.6617170266,1.079160029,108.9721334,-611.0278666,nan,-0.3508438286,1.020536612,35.72056166,-2.871085733,35.60499111,-1.193795114e-12,1.513392441e-09,-12.40122881,2.397621862e-10,-18.70593191,0.1160655689,-76.46738053,-1516.467381,1.262611264,0.02715921694,-0.1128432241,52.75564806,51.42709284,-11.76488524,3.612875397e-12,-5.000672048e-10,0.2287682345,1.533455155e-09,
3756374000,0.7225107783,1.086739716,108.0076957,-611.9923043,nan,-0.3359598598,1.033505773,36.36483476,-3.172241486,36.22620724,-1.169575975e-12,1.534879102e-09,-11.4197508,2.509132283e-10,-17.22721764,0.1376065537,-84.33036784,-1524.330368,1.319127086,0.01359447312,-0.1369333923,51.352469,49.46144606,-13.80729612,3.068616858e-12,-5.850054943e-10,0.2791526982,1.941627492e-09,
3768372000,0.7218377218,1.086655509,106.7125982,-613.2874018,nan,-0.312490741,1.040754405,37.23263783,-3.222255457,37.09294259,-1.138610216e-12,1.566598299e-09,-11.51148414,2.612199714e-10,-16.00501798,0.1583977839,-93.85125042,-1533.85125,1.376419598,-0.01063900825,-0.1580400881,48.97269034,46.5854393,-15.10368312,2.796298295e-12,-6.378950454e-10,0.3242146763,2.268710533e-09,
3780370000,0.7187127945,1.086264633,105.661328,-614.338672,nan,-0.2932378022,1.045936157,37.94759494,-3.25274418,37.80793061,-1.11353255e-12,1.591727541e-09,-11.62339505,2.561636399e-10,-15.00934498,0.1776367222,-104.2244402,-1544.22444,1.43201521,-0.04364905378,-0.172190491,45.93339468,43.27848567,-15.3899131,2.735581487e-12,-6.479209028e-10,0.3556019315,2.43869254e-09,
3792368000,0.719881833,1.086410843,104.5039063,-615.4960937,nan,-0.2720872603,1.051787547,38.74684312,-3.308698229,38.60531528,-1.087082626e-12,1.620155733e-09,-11.66782602,2.288670254e-10,-14.3284963,0.1921211533,-115.5163245,-1555.516325,1.475618724,-0.08275969121,-0.1733821532,42.56441716,40.04763382,-14.41931461,2.910482823e-12,-6.051377917e-10,0.3600540966,2.46785913e-09,
3804366000,0.6582896608,1.078734288,103.5798293,-616.4201707,nan,-0.2532867286,1.048576891,39.38840221,-3.064660755,39.26899646,-1.065339518e-12,1.642811154e-09,-12.81348886,2.041241041e-10,-13.87406704,0.2024401488,-126.1648104,-1566.16481,1.507648795,-0.1194619443,-0.163434567,39.58073957,37.46439423,-12.76926426,3.276211761e-12,-5.341997924e-10,0.3408373344,2.372385344e-09,
3816364000,0.6320972093,1.075486245,102.8106438,-617.1893562,nan,-0.2384671843,1.048715436,39.93146427,-2.974452547,39.82052826,-1.04728124e-12,1.660647126e-09,-13.38751506,1.710897379e-10,-13.67259392,0.2071907222,-136.1779382,-1576.177938,1.522674817,-0.1494867934,-0.1434632146,37.22912531,35.6610357,-10.69103849,3.900770937e-12,-4.458515021e-10,0.2997960737,2.198586448e-09,
3828362000,0.5872368046,1.069945953,102.0996135,-617.9003865,nan,-0.2242734749,1.04617673,40.43750209,-2.791474078,40.34103677,-1.030528672e-12,1.677081585e-09,-14.4515176,1.297062018e-10,-13.58883246,0.2091984089,-145.1286162,-1585.128616,1.529079383,-0.1716342258,-0.1196062992,35.53279572,34.47057213,-8.623179747,4.821028467e-12,-3.584879596e-10,0.2501606215,2.034273576e-09,
3840360000,0.4807732673,1.056911597,101.5490918,-618.4509082,nan,-0.2116016006,1.035512862,40.8290319,-2.304131843,40.76396475,-1.01665073e-12,1.689369353e-09,-17.69168065,7.323080787e-11,-13.53733133,0.2104424908,-153.515974,-1593.515974,1.533064377,-0.1883583877,-0.09384646878,34.27052062,33.62815142,-6.604242274,6.275165687e-12,-2.736977271e-10,0.196390286,1.938483875e-09,
3852358000,0.3920217988,1.046167177,101.4094182,-618.5905818,nan,-0.2069511943,1.025493522,40.92623677,-1.883012295,40.88289522,-1.010536137e-12,1.689021337e-09,-21.71143297,5.143877024e-12,-13.42948371,0.2130717213,-161.4287784,-1601.428778,1.541527677,-0.2019767564,-0.06785976934,33.26311926,32.93194945,-4.682073036,8.823792939e-12,-1.934334939e-10,0.1421741838,1.964186324e-09,
3864356000,0.327784383,1.038458676,101.5742195,-618.4257805,nan,-0.2083533758,1.017342269,40.80380939,-1.571005619,40.77355518,-1.010100119e-12,1.679274077e-09,-25.95379334,-6.239227444e-11,-13.31474794,0.2159049518,-169.8921303,-1609.89213,1.550711173,-0.2125539091,-0.03789173958,32.49227034,32.39010341,-2.574651996,1.599648147e-11,-1.060380027e-10,0.07948884768,2.081834486e-09,
3876354000,0.2746170232,1.032121562,101.9759603,-618.0240397,nan,-0.214166535,1.009657177,40.51096046,-1.308844853,40.48981159,-1.014030329e-12,1.662426512e-09,-30.93553181,-1.24323474e-10,-13.28544007,0.2166346873,-179.3598915,-1619.359892,1.55308726,-0.2166211679,-0.002420192495,32.19494454,32.19452934,-0.1635074157,2.511072466e-10,-6.713270625e-12,0.005078732911,2.193180046e-09,
3888352000,0.3419264252,1.040150833,102.6132692,-617.3867308,nan,-0.2271369573,1.015048057,40.05515963,-1.614899335,40.02259253,-1.022702555e-12,1.638173045e-09,-24.78333582,-1.442963154e-10,-13.49539464,0.2114609934,170.4894523,-1629.510548,1.536336165,-0.2085545045,0.03493952445,32.76167878,32.67437637,2.390130841,-1.712509078e-11,9.783094175e-11,0.07315000642,2.167438713e-09,
3900350000,0.4158010468,1.049035179,103.5748329,-616.4251671,nan,-0.2462244568,1.019729535,39.37509846,-1.93748096,39.32740198,-1.037579288e-12,1.604766348e-09,-20.2982134,-1.232658052e-10,-14.0585902,0.1981848673,161.0156368,-1638.984363,1.494340551,-0.1874050756,0.06447153853,34.27430186,33.96970948,4.559232963,-8.950035694e-12,1.860408586e-10,0.1342146586,1.925830086e-09,
3912348000,0.6336567078,1.07567936,103.8910642,-616.1089358,nan,-0.2582454949,1.044219972,39.16736493,-2.937751193,39.05703641,-1.041557779e-12,1.588846495e-09,-13.29487552,-5.365139703e-11,-14.86815469,0.1805478269,153.1112321,-1646.888768,1.440654947,-0.1610281164,0.08165453764,36.21183318,35.70663285,6.027705427,-6.74886333e-12,2.452080219e-10,0.168811925,1.497969768e-09,
3924346000,0.8518542816,1.103043689,103.9991605,-616.0008395,nan,-0.2668347381,1.070282487,39.11296597,-3.9395608,38.91405875,-1.042188581e-12,1.578190304e-09,-9.877765752,3.423092105e-11,-15.82428923,0.1617281201,147.7382217,-1652.261778,1.385860779,-0.1367602271,0.08632858814,38.04913077,37.46486379,6.642313852,-6.105671693e-12,2.693842702e-10,0.1772944882,9.686219063e-10,
3936344000,1.064282219,1.130353051,103.5597825,-616.4402175,nan,-0.2650223594,1.09884538,39.44745494,-4.945218386,39.13625578,-1.033112968e-12,1.582363879e-09,-7.913959046,8.609163064e-11,-16.69971252,0.146222557,144.7774056,-1655.222594,1.342530851,-0.1194517687,0.08433451925,39.39776841,38.82531709,6.691704479,-6.042133736e-12,2.705601557e-10,0.1723541488,4.580096104e-10,
3948342000,1.215515679,1.150206411,103.0012091,-616.9987909,nan,-0.258763795,1.120721235,39.86252655,-5.685170177,39.45503597,-1.021651847e-12,1.59040529e-09,-6.939992074,1.237563898e-10,-17.43178046,0.1344036233,144.2638039,-1655.736196,1.310545716,-0.1090973992,0.07849899011,40.21840341,39.71399039,6.349719735,-6.348203077e-12,2.559528235e-10,0.1598862183,6.977766317e-11,
3960340000,1.377674682,1.171881597,102.5307706,-617.4692294,nan,-0.2542560032,1.143966941,40.22093659,-6.476925573,39.69600957,-1.012373592e-12,1.595271149e-09,-6.128835219,1.463704599e-10,-17.85275559,0.1280448809,144.9570823,-1655.042918,1.293696036,-0.1048331832,0.07352207301,40.55810746,40.11235249,5.996603885,-6.701658563e-12,2.409866704e-10,0.1494951932,-1.479725132e-10,
3972338000,1.491121607,1.187288005,101.8409739,-618.1590261,nan,-0.243626769,1.162023582,40.73095315,-7.070522115,40.11256987,-9.98834306e-13,1.607142639e-09,-5.673211853,1.732823105e-10,-18.02118445,0.1255858697,146.141437,-1653.858563,1.287245746,-0.1042884448,0.06996950016,40.59818819,40.1939492,5.714834356,-7.010843779e-12,2.289694726e-10,0.1421814594,-1.73070748e-10,
3984336000,1.591302649,1.201061186,100.978825,-619.021175,nan,-0.2287375387,1.179078925,41.36733175,-7.630076821,40.6575708,-9.824778076e-13,1.624073213e-09,-5.32859259,1.966343765e-10,-17.94352793,0.126713709,147.0342626,-1652.965737,1.290199698,-0.1063123089,0.06894967031,40.43197261,40.04064727,5.611682066,-7.118215278e-12,2.241595438e-10,0.1401496342,-7.932583339e-11,
3996334000,1.685530363,1.214161669,100.0349078,-619.9650922,nan,-0.2115654189,1.19558715,42.06886147,-8.183228943,41.26528649,-9.651026077e-13,1.643399757e-09,-5.042665527,2.004276965e-10,-17.60313908,0.1317780406,146.9629189,-1653.037081,1.303558414,-0.1104718914,0.07184297602,40.09839433,39.67646047,5.801699123,-6.864408987e-12,2.310540345e-10,0.1462252191,1.007101696e-10,
4008332000,1.767491608,1.22567289,99.18720904,-620.812791,nan,-0.1956919279,1.209949876,42.70504972,-8.678877278,41.81385369,-9.49590258e-13,1.66026205e-09,-4.817887424,1.891651595e-10,-17.09841602,0.139662303,146.2594938,-1653.740506,1.324668566,-0.1161378162,0.07757297552,39.65122336,39.16397083,6.197007597,-6.407290534e-12,2.460585579e-10,0.1582323617,3.396769802e-10,
4020330000,1.863806204,1.239339553,98.4082652,-621.5917348,nan,-0.1812233363,1.226018201,43.29837135,-9.245805034,42.29969327,-9.358822507e-13,1.674540467e-09,-4.575014627,1.81253083e-10,-16.43625456,0.150725687,144.3538443,-1655.646156,1.354951715,-0.1224844498,0.08783958265,39.16370648,38.54585814,6.92912158,-5.713210785e-12,2.743068233e-10,0.1797630644,6.318180861e-10,
4032328000,1.969556565,1.25452069,97.7068599,-622.2931401,nan,-0.1682372872,1.243188794,43.83975296,-9.858482034,42.7169085,-9.239840314e-13,1.686025329e-09,-4.333010736,1.790273118e-10,-15.68336073,0.164373561,141.0029999,-1658.997,1.393413978,-0.127747665,0.1034369452,38.78050687,37.93258141,8.065170855,-4.893850612e-12,3.183302074e-10,0.2126185605,9.801921006e-10,
4044326000,2.063789009,1.268204969,96.86066828,-623.1393317,nan,-0.1514938233,1.259124086,44.49315411,-10.44786286,43.24908004,-9.099072015e-13,1.701965883e-09,-4.139514522,1.83428106e-10,-14.90659775,0.1797505022,135.9461697,-1664.05383,1.438282505,-0.1291843204,0.1249866169,38.71818566,37.48762644,9.683788774,-4.063765775e-12,3.810827444e-10,0.2583196029,1.338664078e-09,
4056324000,2.176491837,1.284767647,96.09466206,-623.9053379,nan,-0.1364056232,1.277505935,45.09331441,-11.12778261,43.6987352,-8.978806812e-13,1.714574505e-09,-3.926993968,1.92191659e-10,-14.15402064,0.1960193606,129.2947104,-1670.70529,1.487622092,-0.1241409093,0.1516991245,39.18167085,37.36583386,11.78973241,-3.328001754e-12,4.625848898e-10,0.3155217264,1.688832477e-09,
4068322000,2.243219965,1.294675705,95.25297736,-624.7470226,nan,-0.1185319178,1.289238288,45.75071688,-11.60534469,44.25431131,-8.839938139e-13,1.731252442e-09,-3.813269875,1.948019268e-10,-13.5542427,0.2100331593,121.2976642,-1678.702336,1.531751837,-0.109108924,0.1794691358,40.44324082,37.86191912,14.2172715,-2.751620621e-12,5.56187302e-10,0.3755031925,1.984920755e-09,
4080320000,2.318770166,1.305985961,94.36005741,-625.6399426,nan,-0.09928619107,1.302206428,46.45563063,-12.14803048,44.83916784,-8.698980624e-13,1.748974396e-09,-3.691064812,1.974336831e-10,-13.15044588,0.2200278758,111.8545509,-1688.145449,1.564194204,-0.08190574476,0.2042148749,42.71223204,39.24967356,16.84630201,-2.315374924e-12,6.570985209e-10,0.4292087163,2.172092869e-09,
4092318000,2.378577874,1.31500951,93.52095028,-626.4790497,nan,-0.08075934277,1.31252731,47.12356327,-12.61342723,45.40409309,-8.565559818e-13,1.765817283e-09,-3.599663459,2.073134448e-10,-13.09399565,0.2214625098,101.7991068,-1698.200893,1.56891932,-0.04528482952,0.2167831346,45.85444972,41.72260388,19.02248366,-2.044483162e-12,7.398062183e-10,0.4559275281,2.210149154e-09,
4104316000,2.474306719,1.32958264,92.69681881,-627.3031812,nan,-0.06255817963,1.328110112,47.78863025,-13.27021863,45.90919819,-8.446555366e-13,1.780242025e-09,-3.459566077,2.173826982e-10,-13.31732172,0.2158409849,92.13460268,-1707.865397,1.550503101,-0.00803947819,0.2156912088,49.23764985,44.8594578,20.29717245,-1.910485736e-12,7.870727609e-10,0.4524613859,2.061044711e-09,
4116314000,2.532139033,1.338464792,91.60737258,-628.3926274,nan,-0.03754429098,1.337938125,48.67265585,-13.80545708,46.67372689,-8.283982159e-13,1.804613144e-09,-3.380817209,2.241402731e-10,-13.81399793,0.2038450187,83.42637313,-1716.573627,1.512073713,0.02333615549,0.2025048531,52.29304353,48.16896235,20.35469154,-1.899534169e-12,7.870025887e-10,0.4225686116,1.74181997e-09,
4128312000,2.611177157,1.350699869,90.62216255,-629.3778374,nan,-0.01466667132,1.350620237,49.48338248,-14.44411385,47.32835003,-8.145659563e-13,1.824605518e-09,-3.276653072,2.390146691e-10,-14.48004721,0.1887981088,76.5297718,-1723.470228,1.465477487,0.04397864535,0.1836044788,54.4432068,50.87939537,19.37394884,-1.98989184e-12,7.469056904e-10,0.3807818213,1.36011795e-09,
4140310000,2.670719353,1.359990791,89.71765541,-630.2823446,nan,0.00670179358,1.359974278,50.23574146,-14.97749682,47.95106161,-8.016578423e-13,1.843255331e-09,-3.20154043,2.418901939e-10,-15.19448587,0.1738904401,71.98448147,-1728.015519,1.420986389,0.05377989218,0.165365076,55.52357455,52.55148648,17.92229336,-2.144834024e-12,6.889391326e-10,0.3410425577,9.705528827e-10,
4152308000,2.713786363,1.366750741,88.479821,-631.520179,nan,0.03625855228,1.366269705,51.28063692,-15.5251394,48.87406029,-7.842457093e-13,1.873307155e-09,-3.148059354,2.56175245e-10,-15.86389722,0.1609923127,68.48189723,-1731.518103,1.383768385,0.05905120377,0.1497714261,56.1290957,53.64971258,16.49799153,-2.323268988e-12,6.323560061e-10,0.3075131391,6.331425331e-10,
4164306000,2.781694742,1.377478209,87.45458598,-632.545414,nan,0.06117552003,1.376119098,52.15788305,-16.1696475,49.58817665,-7.707248419e-13,1.89520257e-09,-3.066744446,2.729629662e-10,-16.38843541,0.151557778,66.48986214,-1733.510138,1.357261282,0.06045811424,0.1389768919,56.30477391,54.15589018,15.40672333,-2.480659825e-12,5.88827088e-10,0.2844884145,3.794259426e-10,
4176304000,2.735126608,1.370112821,86.22123421,-633.7787658,nan,0.09029605755,1.367134143,53.24330374,-16.26499303,50.69812023,-7.51685496e-13,1.932056776e-09,-3.117008421,2.587623462e-10,-16.76440376,0.1451375581,65.60348206,-1734.396518,1.33955769,0.05994893539,0.1321780463,56.26043603,54.31485206,14.66743016,-2.598208495e-12,5.589617071e-10,0.270044557,1.726404154e-10,
4188302000,2.725399967,1.368579399,84.9519314,-635.0480686,nan,0.1204233197,1.363270991,54.38296689,-16.58350174,51.79280411,-7.336901992e-13,1.968119966e-09,-3.123152451,2.42914247e-10,-16.89086152,0.1430398098,65.22945463,-1734.770545,1.333830699,0.05993158574,0.1298791447,56.26246461,54.38278043,14.4214464,-2.634955726e-12,5.480131281e-10,0.2651840579,7.335078073e-11,
4200300000,2.629517175,1.353554848,84.14281315,-635.8571868,nan,0.138129238,1.346488411,55.14021191,-16.27853736,52.6825606,-7.19238532e-13,1.99621216e-09,-3.236320281,2.127568009e-10,-16.75323588,0.1453242887,65.38368952,-1734.61631,1.34006884,0.06053332238,0.132116864,56.32542264,54.37909715,14.67879523,-2.581364953e-12,5.561990379e-10,0.2699345152,1.035741302e-10,
4212298000,2.463039824,1.327859091,83.24772326,-636.7522767,nan,0.1561255004,1.318648776,56.00890699,-15.5696166,53.8013448,-7.022761386e-13,2.032797767e-09,-3.455534339,1.432764941e-10,-16.41826947,0.1510381045,65.01564561,-1734.984354,1.355818336,0.06379407943,0.1369044354,56.67984105,54.5777989,15.29275152,-2.47067381e-12,5.778121582e-10,0.2802009578,2.19145408e-10,
4224296000,2.243811506,1.29476388,82.4785573,-637.5214427,nan,0.1694810014,1.283623658,56.78967738,-14.46903826,54.91552047,-6.860735646e-13,2.06900192e-09,-3.795381522,5.367859252e-11,-15.9285731,0.1597980021,63.47355822,-1736.526442,1.380379962,0.07136750946,0.1429758024,57.51888232,55.19167287,16.19571142,-2.326300209e-12,6.101910307e-10,0.2934448365,4.101134797e-10,
4236294000,1.926439435,1.248308627,82.68980285,-637.3101972,nan,0.1588362101,1.23816214,56.64715089,-12.45813459,55.26024418,-6.798627386e-13,2.076093165e-09,-4.435675646,-1.099767557e-10,-15.36846133,0.1704421224,61.45176839,-1738.548232,1.410922799,0.08145401414,0.1497189389,58.65511739,56.05021665,17.28571694,-2.173434928e-12,6.494136847e-10,0.3083969693,6.283736789e-10,
4248292000,1.576542972,1.199021991,83.262509,-636.737491,nan,0.1406699611,1.190741659,56.14590922,-10.14819209,55.22116731,-6.784224159e-13,2.068765928e-09,-5.441478325,-3.150902091e-10,-14.81478827,0.181660534,58.30865338,-1741.691347,1.443973538,0.09543411663,0.1545732156,60.27639446,57.41374791,18.35497969,-2.041041634e-12,6.876377019e-10,0.3196965945,8.407710545e-10,
4260290000,1.290812932,1.160220799,85.23084942,-634.7691506,nan,0.09646226039,1.156203846,54.29546423,-8.037206621,53.69730668,-6.957103522e-13,2.006011748e-09,-6.681090734,-5.351693104e-10,-14.21065128,0.1947455022,54.02748871,-1745.972511,1.483686841,0.1143929323,0.1576073211,62.56004752,59.4504198,19.47837601,-1.917910001e-12,7.276687326e-10,0.3276406806,1.056273615e-09,
4272288000,1.071787526,1.131330189,88.01284821,-631.9871518,nan,0.03922931421,1.130649839,51.75130595,-6.357357136,51.35933876,-7.253375929e-13,1.913282212e-09,-8.0787248,-7.554779056e-10,-13.61875614,0.2084789413,49.02807006,-1750.97193,1.52678053,0.1366973916,0.1574080432,65.38449705,62.10722166,20.44077966,-1.822477409e-12,7.614774854e-10,0.329120819,1.224845377e-09,
4284286000,0.9976878131,1.121719812,91.87236374,-628.1276363,nan,-0.03665005911,1.121120917,48.40256756,-5.538262811,48.0846773,-7.725648967e-13,1.786275258e-09,-8.682267157,-9.235121024e-10,-13.04511576,0.2227123046,43.28035255,-1756.719647,1.573049865,0.1621363151,0.1526845963,68.81388836,65.51512181,21.05041675,-1.764741012e-12,7.819921171e-10,0.3213062292,1.364336661e-09,
4296284000,1.109467654,1.136248656,96.25735488,-623.7426451,nan,-0.1238448291,1.12947929,44.8573516,-5.732366969,44.48957138,-8.326623499e-13,1.648106876e-09,-7.761117114,-1.000376332e-09,-12.42525038,0.2391869499,37.22997075,-1762.770029,1.628766686,0.1904438906,0.144711857,72.91003677,69.69969515,21.39686795,-1.731318394e-12,7.926425023e-10,0.3069865356,1.47745942e-09,
4308282000,1.474868976,1.185068485,101.0531329,-618.9468671,nan,-0.2272004038,1.163085246,41.29474826,-7.072705223,40.68455573,-9.080012185e-13,1.502953649e-09,-5.752333011,-9.653228881e-10,-11.8400559,0.2558569421,30.4617781,-1769.538222,1.687655255,0.2205403807,0.1297101204,77.66684359,74.8369752,20.7741603,-1.778248826e-12,7.674312639e-10,0.2775921962,1.640848947e-09,
4320280000,2.066850726,1.268652081,105.0269911,-614.9730089,nan,-0.32892856,1.225268993,38.64300547,-9.326837648,37.50055961,-9.823595881e-13,1.381484402e-09,-4.020715384,-8.134708799e-10,-11.33303984,0.2712364227,23.52955267,-1776.470447,1.744374256,0.2486842754,0.1082835546,82.55865737,80.39133668,18.79268191,-1.960286162e-12,6.923042535e-10,0.2337650136,1.828352996e-09,
4332278000,2.85268248,1.388782144,108.3350449,-611.6649551,nan,-0.4368735206,1.318278184,36.75700598,-12.21203036,34.66906118,-1.059648269e-12,1.273637671e-09,-2.838926876,-5.882267362e-10,-10.73786566,0.2904736335,14.6941314,-1785.305869,1.818781788,0.280973327,0.07368121349,88.75932739,87.63165275,14.10360362,-2.604796026e-12,5.181242367e-10,0.1609418878,2.022927856e-09,
4344276000,3.715909459,1.533894439,110.1844414,-609.8155586,nan,-0.5292600595,1.439693002,36.05872577,-15.33353117,32.63609238,-1.122547091e-12,1.195641213e-09,-2.128413346,-3.577658857e-10,-10.24934851,0.3072787834,5.627951468,-1794.372049,1.887164349,0.3057976002,0.03013434018,93.98674025,93.77928388,6.241254499,-5.869901728e-12,2.286517948e-10,0.06655259286,2.241505473e-09,
4356274000,4.625788051,1.703293161,111.1779876,-608.8220124,nan,-0.615342511,1.588257279,36.06860541,-18.52345455,30.94876294,-1.180488197e-12,1.130702202e-09,-1.670787858,-1.551555451e-10,-9.840275536,0.3220966613,-4.275380443,-1804.27538,1.950273123,0.3212003498,-0.02401238248,97.27410146,97.13475313,-5.204858262,7.019336074e-12,-1.901576716e-10,0.05358389345,2.405710068e-09,
4368272000,5.561407528,1.897013303,111.3319749,-608.6680251,nan,-0.6900786539,1.767045818,36.68506431,-21.732222,29.55510903,-1.23275818e-12,1.076819781e-09,-1.359967197,-5.831260936e-13,-9.57800355,0.3319707522,-15.3941402,-1815.39414,1.993880892,0.3200604909,-0.08812413105,96.481017,94.64225326,-18.7464807,1.943527588e-12,-6.83014947e-10,0.1980772863,2.539038102e-09,
4380270000,6.470651421,2.106359865,111.1120793,-608.8879207,nan,-0.7586971095,1.964975974,37.53665316,-24.71009259,28.25617905,-1.285895914e-12,1.026674285e-09,-1.143507615,1.044806084e-10,-9.597489129,0.331226857,-26.74949968,-1826.7495,1.990550713,0.2957799106,-0.1490821091,90.60004607,85.91009816,-28.77192002,1.262846038e-12,-1.045413477e-09,0.3349073116,2.550240052e-09,
4392268000,7.511438632,2.374498675,110.2299889,-609.7700111,nan,-0.8210763871,2.228020988,38.83824614,-28.00737759,26.9071768,-1.346676148e-12,9.749883641e-10,-0.9607174648,1.937548276e-10,-9.81399394,0.3230727311,-37.96907138,-1837.969071,1.954527158,0.2546921185,-0.1987659789,82.3443935,75.26356513,-33.40650992,1.084676408e-12,-1.210493345e-09,0.4438603176,2.412905961e-09,
4404266000,8.513727886,2.664933611,109.4725755,-610.5274245,nan,-0.8883706186,2.512502496,40.00891342,-30.88425232,25.4337593,-1.420810095e-12,9.190881099e-10,-0.8235186992,2.727070697e-10,-10.24878811,0.3072986089,-48.0639191,-1848.063919,1.887246981,0.2053680103,-0.2285966216,74.18752919,66.225853,-33.43539863,1.080786933e-12,-1.208239685e-09,0.5048692786,2.144117493e-09,
4416264000,9.575026259,3.011281201,107.96732,-612.03268,nan,-0.9289034237,2.864428897,41.48597269,-33.82555196,24.01911665,-1.500403516e-12,8.656097425e-10,-0.7100879441,3.727443794e-10,-10.75380648,0.2899410292,-56.84701278,-1856.847013,1.816667463,0.158561921,-0.2427424924,67.58296084,59.71339745,-31.65069922,1.138627833e-12,-1.140639516e-09,0.5300435174,1.834031985e-09,
4428262000,10.82018767,3.475436704,106.3539228,-613.6460772,nan,-0.9785783199,3.334823047,43.00195932,-36.8408991,22.17919428,-1.620470235e-12,7.971363039e-10,-0.6020264114,5.450039493e-10,-11.10740518,0.2783746866,-63.615748,-1863.615748,1.771521402,0.1237066408,-0.2493774913,63.1688157,55.5674417,-30.04261472,1.196324771e-12,-1.079753329e-09,0.5406513923,1.593690117e-09,
4440260000,12.15446724,4.052503157,103.7393786,-616.2606214,nan,-0.9624930931,3.936545298,44.74963873,-39.85674683,20.34625024,-1.761681319e-12,7.292830373e-10,-0.5104844689,8.009249927e-10,-11.29873699,0.2723097244,-69.8016453,-1869.801645,1.748422051,0.09402071868,-0.2555634763,59.67452403,52.24217162,-28.84101805,1.242799713e-12,-1.033766173e-09,0.55206392,1.535312926e-09,
4452258000,13.79478986,4.894851189,99.81642298,-620.183577,nan,-0.8345326979,4.823186016,46.76112979,-43.11067654,18.11278076,-1.973579741e-12,6.474778844e-10,-0.4201460568,1.275092135e-09,-11.01264092,0.281428421,-76.00457208,-1876.004572,1.783299616,0.06806190658,-0.2730742263,56.76001713,48.81875647,-28.95563091,1.234544578e-12,-1.035077435e-09,0.5931251225,1.807015716e-09,
4464256000,15.79911113,6.165319056,93.93897344,-626.0610266,nan,-0.4235198999,6.150755235,48.92589644,-46.42853932,15.43159352,-2.310256843e-12,5.50150885e-10,-0.3323730135,2.219664629e-09,-10.25963229,0.3069151914,-83.80983281,-1883.809833,1.885649743,0.0330942793,-0.3051257173,53.12180498,44.05621035,-29.68124817,1.201126864e-12,-1.058164533e-09,0.6737131481,2.650229905e-09,
4476254000,17.94223016,7.890626885,83.71672561,-636.2832744,nan,0.8635829709,7.843227467,51.38424391,-49.77830923,12.74599749,-2.789533498e-12,4.531888729e-10,-0.2560552515,3.784628175e-09,-9.221009363,0.3458991795,-95.63668846,-1895.636688,2.057632612,-0.03397427211,-0.3442266568,47.05235064,37.06456813,-28.98519433,1.226674093e-12,-1.0305798e-09,0.7820189414,4.217900086e-09,
4488252000,20.44628127,10.52722884,63.85246206,-656.1475379,nan,4.63918243,9.449895947,54.3360668,-53.54889215,9.215438406,-3.847927651e-12,3.267825815e-10,-0.1720939134,5.385401683e-09,-7.73203035,0.4105806543,-117.2210122,-1917.221012,2.39316993,-0.1878094757,-0.3651083052,35.82975473,26.92092959,-23.64391833,1.499765807e-12,-8.384213891e-10,0.8782727303,5.839702139e-09,
4500250000,21.60684943,12.03212877,33.12533475,-686.8746653,nan,10.07663306,6.575225393,57.46441744,-57.22553389,5.234266229,-6.756591815e-12,1.851140145e-10,-0.09146732016,5.975473034e-09,-7.54420921,0.4195556167,-150.3904398,-1950.39044,2.445635891,-0.3647668975,-0.2072969514,24.20282136,21.62022653,-10.87852779,3.250973023e-12,-3.847278419e-10,0.5031643758,6.482387806e-09,
4512248000,19.90063944,9.886258725,2.929379958,-717.07062,nan,9.873340182,0.5052377831,61.23663504,-61.23329461,0.6396108735,-5.514565917e-11,2.256020329e-11,-0.01044547542,5.172969061e-09,-10.23654998,0.3077318878,177.4504996,-1982.5495,1.88905406,-0.3074272837,0.01368868186,26.4898104,26.47770587,0.8007167954,-4.405023528e-11,2.824269322e-11,0.03024116967,5.749658564e-09,
4524246000,17.14193742,7.196094717,-14.87043916,-734.8704392,nan,6.955087533,-1.846763815,65.49163522,-65.3191032,-4.750688435,7.404868861e-12,-1.67120786e-10,-0.07273046018,3.500542804e-09,-13.95936216,0.200461923,157.0313156,-2002.968684,1.501444343,-0.1845689558,0.07822584697,34.50175949,34.05234604,5.5505979,-6.33773613e-12,1.95260181e-10,0.1630019234,4.221155634e-09,
4536244000,14.27431814,5.172683511,-23.86716002,-743.86716,nan,4.730346748,-2.092958277,71.31240805,-70.38890827,-11.43945515,3.067032548e-12,-4.013553578e-10,-0.1625178658,1.916469154e-09,-17.80155847,0.1288018428,144.8961839,-2015.103816,1.29568897,-0.1053742582,0.07406875458,40.51469977,40.06271051,6.034908767,-5.813705333e-12,2.117358681e-10,0.1506365568,2.820060958e-09,
4548242000,11.92595634,3.947278933,-29.07551789,-749.0755179,nan,3.449842649,-1.918227482,77.8678305,-75.30482633,-19.81368611,1.766083726e-12,-6.933329594e-10,-0.2631130975,1.008100657e-09,-21.28925965,0.08620590537,134.7249525,-2025.275047,1.188676871,-0.06066345698,0.06124869883,44.30084335,43.96727264,5.426201067,-6.448826383e-12,1.898770386e-10,0.1234145477,2.113245767e-09,
4560240000,10.11444947,3.20422108,-31.35691513,-751.3569151,nan,2.73622005,-1.667372954,84.98248727,-79.96276289,-28.77463629,1.212893278e-12,-1.004251005e-09,-0.359850451,5.119999264e-10,-24.24521271,0.06133937752,127.7005166,-2032.299483,1.130695538,-0.03751112561,0.04853282075,46.39270964,46.17406122,4.498841852,-7.757677214e-12,1.570121132e-10,0.09743223215,1.846489496e-09,
4572238000,8.425108668,2.637882419,-32.89690665,-752.8969067,nan,2.214895833,-1.432710754,93.68524428,-84.42965537,-40.60244191,8.573124866e-13,-1.413329606e-09,-0.4809026133,2.035831702e-10,-27.27087973,0.04329682136,119.9906483,-2040.009352,1.090512548,-0.02164229037,0.03749968009,47.88453078,47.74992124,3.587939546,-9.701663027e-12,1.248925175e-10,0.07514021915,1.872111152e-09,
4584236000,6.946178775,2.224892022,-33.01382085,-753.0138209,nan,1.865659101,-1.212213112,104.4428802,-89.01427965,-54.63307821,6.354735715e-13,-1.896744507e-09,-0.6137563369,1.718017992e-11,-30.2733504,0.03064308459,112.3858102,-2047.61419,1.063223533,-0.01167015502,0.0283338334,48.84736144,48.76897312,2.766221396,-1.255065027e-11,9.603733511e-11,0.05672092767,2.338884711e-09,
4596234000,5.610262957,1.907713477,-32.6437286,-752.6437286,nan,1.606372883,-1.029046584,117.3028231,-92.50401515,-72.13154287,4.800569692e-13,-2.497716957e-09,-0.7797666161,-1.339483604e-10,-33.3625238,0.02147206485,101.9514445,-2058.048556,1.043886463,-0.004446492761,0.02100662446,49.5575135,49.51379376,2.081194876,-1.663815833e-11,7.206605496e-11,0.04203262804,3.362649209e-09,
4608232000,4.421681445,1.663734691,-31.85453419,-751.8545342,nan,1.413160858,-0.8780600832,132.3125986,-93.8743368,-93.24286904,3.703993093e-13,-3.22033776e-09,-0.9932732654,-2.364626935e-10,-36.76527747,0.01451229595,86.20862881,-2073.791371,1.029452008,0.0009596056813,0.01448053489,50.09603258,50.07502809,1.450531874,-2.380995199e-11,5.009715611e-11,0.02896717046,5.220310055e-09,
4620230000,3.364358163,1.473051424,-30.58374761,-750.5837476,nan,1.268129916,-0.7494844975,150.0467393,-92.31710415,-118.2859935,2.912213521e-13,-4.074645757e-09,-1.281300953,-3.209622146e-10,-40.03635766,0.00995822918,60.45812166,-2099.541878,1.020116786,0.004910000341,0.008663615011,50.49338552,50.48580584,0.8748659279,-3.937449827e-11,3.013686266e-11,0.01732894847,6.841674784e-09,
4632228000,2.367203318,1.313288574,-28.93706843,-748.9370684,nan,1.149326697,-0.6354329405,171.682401,-85.04716976,-149.1369362,2.303801133e-13,-5.12407433e-09,-1.753579062,-3.967771505e-10,-41.14460984,0.00876535496,20.39256754,-2139.607432,1.017685732,0.00821600561,0.003054291962,50.82839896,50.82745052,0.3105076039,-1.106516678e-10,1.066847746e-11,0.006109053291,7.33314e-09,
4644226000,1.5052115,1.189215538,-27.17083311,-747.1708331,nan,1.057984352,-0.543049452,194.8622594,-69.44055547,-182.069518,1.882216359e-13,-6.239417242e-09,-2.621947892,-4.593186108e-10,-39.13362097,0.01104889767,-12.8960702,-2172.89607,1.022344679,0.01077020585,-0.002465928986,51.08873992,51.08811845,-0.2519901068,1.359951109e-10,-8.635555442e-12,0.004932460118,6.552756104e-09,
4656224000,0.6901078919,1.082693164,-24.99203338,-744.9920334,nan,0.9813168574,-0.4574294614,222.082448,-41.08589448,-218.2488557,1.566153377e-13,-7.459989941e-09,-5.312014219,-5.11601554e-10,-36.49197794,0.01497618178,-35.48369995,-2195.4837,1.030407756,0.01219481562,-0.00869324408,51.23444205,51.2266965,-0.890852158,3.836901324e-11,-3.045032294e-11,0.01739038858,5.003852116e-09,
4668222000,-0.05163495807,0.9940729405,-22.63663669,-742.6366367,336.4354516,0.9174938338,-0.3826043334,249.7823727,3.857539991,-249.7525838,1.365081688e-13,-8.514881739e-09,64.7440038,-5.574815115e-10,-34.1932802,0.01951353673,-53.1196865,-2213.119687,1.039803786,0.01171095975,-0.01560870069,51.18468106,51.15973989,-1.597682498,2.133920094e-11,-5.447021736e-11,0.03122929282,3.865089289e-09,
4680220000,-0.7127861086,0.9212143502,-20.15541484,-740.1554148,24.38533357,0.8648005054,-0.317420801,274.1368707,63.57974063,-266.6620342,1.2752422e-13,-9.068073909e-09,4.194135294,-5.877307801e-10,-32.59579847,0.02345363037,-67.56081615,-2227.560816,1.048033828,0.008952311044,-0.02167784363,50.90288973,50.85506306,-2.206069709,1.541468421e-11,-7.501931511e-11,0.04337954917,3.191144946e-09,
4692218000,-1.293623446,0.8616260638,-17.54954867,-737.5495487,13.45358899,0.8215230121,-0.2598064942,291.8679732,129.6384409,-261.4972053,1.297104299e-13,-8.869701458e-09,2.017127046,-6.114530601e-10,-31.65300503,0.02614265842,-80.32952641,-2240.329526,1.053688887,0.004391480141,-0.02577117559,50.44079098,50.37383202,-2.598161424,1.305496826e-11,-8.812681627e-11,0.05157760131,2.744771594e-09,
4704216000,-1.833615148,0.8096908707,-14.84270838,-734.8427084,9.509217333,0.7826736809,-0.2074155621,298.6988068,190.7995978,-229.8183862,1.472136587e-13,-7.775308824e-09,1.204501418,-6.203086564e-10,-31.03700894,0.02806399878,-90.79602271,-2250.796023,1.057748656,-0.0003898866892,-0.02806129034,49.96105718,49.88243679,-2.801737699,1.207550781e-11,-9.478952582e-11,0.056166817,2.399371116e-09,
4716214000,-2.298659554,0.7674799212,-12.08780505,-732.0878051,7.601407718,0.7504632261,-0.1607183117,296.1150148,233.2459373,-182.4292594,1.849831342e-13,-6.156319116e-09,0.7821326344,-6.170985068e-10,-30.66819073,0.02928130737,-100.7792685,-2260.779268,1.060329131,-0.00547636222,-0.02876463833,49.45579434,49.37401721,-2.842888975,1.18704376e-11,-9.593708703e-11,0.0575786443,2.068833055e-09,
4728212000,-2.721926644,0.7309769253,-9.489852782,-729.4898528,6.434306525,0.7209733718,-0.1205183073,283.8025251,252.040542,-130.4585698,2.580183405e-13,-4.391327261e-09,0.5176094638,-6.185485979e-10,-30.55079845,0.029679739,-109.1537235,-2269.153723,1.06117514,-0.009738034794,-0.02803671852,49.03633826,48.95929345,-2.747736303,1.22503399e-11,-9.249073751e-11,0.05612287494,1.736751838e-09,
4740210000,-3.07126357,0.7021611902,-6.898870273,-726.8988703,5.715041607,0.6970773399,-0.08434168116,270.1858623,256.3672786,-85.30075409,3.936132224e-13,-2.864015869e-09,0.3327287107,-6.18427917e-10,-30.6591538,0.02931178793,-115.8300222,-2275.830022,1.060393827,-0.01277122791,-0.02638326457,48.7398482,48.67201996,-2.570462051,1.306205033e-11,-8.630456066e-11,0.05281190411,1.394105389e-09,
4752208000,-3.366906096,0.6786638167,-4.078752828,-724.0787528,5.224011189,0.676944916,-0.0482716982,256.8012558,252.7844404,-45.24280796,7.402444148e-13,-1.515214933e-09,0.1789778196,-6.112868409e-10,-30.83314247,0.02873047966,-120.7782332,-2280.778233,1.059160674,-0.01470186071,-0.02468391689,48.5519849,48.49283036,-2.395963714,1.397798126e-11,-8.024258799e-11,0.04940861766,1.13362896e-09,
4764206000,-3.628146301,0.6585559607,-1.437538365,-721.4375384,4.857475222,0.658348692,-0.01652128911,242.4248483,242.0132359,-14.12093261,2.365735678e-12,-4.717294394e-10,0.05834776992,-5.961133564e-10,-30.99589087,0.02819716572,-125.0746712,-2285.074671,1.058030631,-0.01620331845,-0.02307666843,48.40633964,48.35478413,-2.23351046,1.495690066e-11,-7.461353061e-11,0.04619006166,9.474433373e-10,
4776204000,-3.833234685,0.6431884926,0.9810763957,-719.0189236,4.605200388,0.6430942042,0.01101278695,230.0816443,229.9194653,8.637274799,-3.857984927e-12,2.878153821e-10,0.03756652264,-5.654521045e-10,-31.13258615,0.02775688285,-129.0137035,-2289.013703,1.057098646,-0.01747313105,-0.02156697097,48.28347856,48.23855544,-2.082323364,1.600254627e-11,-6.938817029e-11,0.04316719987,7.607568108e-10,
4788202000,-3.980634272,0.6323656723,3.445117606,-716.5548824,4.440188386,0.6312228721,0.03800038346,220.0612612,218.3174623,27.64858687,-1.202194478e-12,9.190107832e-10,0.126643955,-5.431832588e-10,-31.38691186,0.02695593542,-132.1736524,-2292.173652,1.055405375,-0.01809767208,-0.01997740523,48.22309993,48.18459873,-1.926606425,1.725260438e-11,-6.403842944e-11,0.03998386363,4.90907089e-10,
4800200000,-4.104206598,0.6234328323,5.691649015,-714.308351,4.311137484,0.6203593305,0.06182877481,210.7851591,206.6009409,41.79036406,-7.933862042e-13,1.385597061e-09,0.2022757684,-5.149885489e-10,-31.70002427,0.02600152298,-133.658351,-2293.658351,1.053391301,-0.01795032548,-0.01881130013,48.23723366,48.20308481,-1.814752307,1.82702059e-11,-6.016974296e-11,0.03764805332,1.528301321e-10,
4812198000,-4.220647526,0.6151310135,7.937978256,-712.0620217,4.196573562,0.6092369149,0.08495025155,201.4899047,194.3608167,53.12301402,-6.225782378e-13,1.756949792e-09,0.2733216238,-4.805995728e-10,-32.06086156,0.02494347297,-133.3541733,-2293.354173,1.051163132,-0.01712384778,-0.01813699758,48.31698864,48.28519265,-1.752587264,1.887109027e-11,-5.796372598e-11,0.03629657805,-1.769171082e-10,
4824196000,-4.306459305,0.6090837806,9.856544768,-710.1434552,4.116185773,0.600093363,0.1042641235,193.997494,184.1424122,61.04588202,-5.4042921e-13,2.013963338e-09,0.3315145126,-4.47504513e-10,-32.16628568,0.02464255394,-131.7240237,-2291.724024,1.050530304,-0.01640068804,-0.01839219662,48.38693242,48.35418991,-1.779760305,1.853675334e-11,-5.871603271e-11,0.03680674433,-5.09874247e-10,
4836194000,-4.354240647,0.6057423912,11.74189034,-708.2581097,4.07282537,0.5930667993,0.1232704997,187.8939514,175.0858162,68.18426463,-4.826499402e-13,2.243884914e-09,0.3894333996,-4.114323113e-10,-32.14187559,0.02471190471,-129.3200434,-2289.320043,1.050676113,-0.01565873652,-0.01911758889,48.45882265,48.42339656,-1.852608524,1.776367259e-11,-6.096773706e-11,0.03825854143,-7.971773441e-10,
4848192000,-4.397852969,0.6027085488,13.45417944,-706.5458206,4.034087681,0.5861679964,0.1402307913,182.2142307,166.7549398,73.44941054,-4.469428626e-13,2.411174466e-09,0.4404631768,-3.768851855e-10,-31.88214999,0.02546199921,-124.6639678,-2284.663968,1.052254503,-0.01448182728,-0.0209425424,48.57310724,48.5305007,-2.034022822,1.613929276e-11,-6.677227025e-11,0.04191225709,-1.028009611e-09,
4860190000,-4.393843206,0.6029868481,15.02461769,-704.9753823,4.037616487,0.5823734611,0.1563147171,178.2908605,160.0248854,78.61085797,-4.165665063e-13,2.574242288e-09,0.4912414577,-3.410712852e-10,-31.31928913,0.02716661598,-119.6680404,-2279.66804,1.055850501,-0.01344677046,-0.02360528305,48.67389385,48.61966137,-2.297057023,1.425591534e-11,-7.522092341e-11,0.04724543442,-1.103107264e-09,
4872188000,-4.420658694,0.6011281492,16.35454432,-703.6454557,4.01414175,0.5768051028,0.1692658416,173.9686006,153.7089752,81.47775733,-4.00919359e-13,2.661553255e-09,0.5300780726,-3.095042806e-10,-30.30776203,0.03052192343,-114.3487184,-2274.348718,1.062965681,-0.01258385856,-0.02780709106,48.75820112,48.68283252,-2.709980499,1.205396506e-11,-8.852425073e-11,0.05566603993,-9.39631087e-10,
4884186000,-4.401009886,0.6024895321,17.65761981,-702.3423802,4.031314045,0.5741039041,0.182752137,170.9652987,148.2887324,85.085752,-3.829755915e-13,2.772584422e-09,0.5737843369,-2.782542268e-10,-29.0903843,0.03511403883,-110.6545224,-2270.654522,1.072783811,-0.01238585354,-0.03285705944,48.77787135,48.67263286,-3.202427762,1.017533216e-11,-1.043535623e-10,0.06579524414,-5.994615537e-10,
4896184000,-4.400759607,0.6025068927,18.82185662,-701.1781434,4.031533789,0.5702885937,0.1943848648,167.744344,143.1831011,87.38858324,-3.719698184e-13,2.840645897e-09,0.6103274936,-2.479295047e-10,-27.57092788,0.04182670042,-108.878078,-2268.878078,1.087305084,-0.01353325527,-0.03957680975,48.66680553,48.5145324,-3.846830763,8.450050819e-12,-1.250447555e-10,0.07929233929,-9.612284513e-11,
4908182000,-4.374405137,0.6043377776,19.80025112,-700.1997489,4.054816676,0.5686088957,0.204714614,165.645076,139.2013486,89.78460765,-3.611582867e-13,2.911396546e-09,0.6449981166,-2.134743364e-10,-25.90411596,0.05067505189,-109.4571491,-2269.457149,1.106760182,-0.01687994974,-0.04778104415,48.34374488,48.12338244,-4.61061079,7.033006373e-12,-1.495057636e-10,0.09580811981,4.530672507e-10,
4920180000,-4.331113897,0.6073573691,20.63761341,-699.3623866,4.093690401,0.5683822493,0.2140667944,164.2763838,135.9471765,92.22307454,-3.507515054e-13,2.983175042e-09,0.6783743284,-1.755615133e-10,-24.22239388,0.06150073498,-112.8714976,-2272.871498,1.131061871,-0.02390322306,-0.05666547742,47.67278259,47.36726334,-5.388558545,6.002974999e-12,-1.743057629e-10,0.1137612386,1.009984416e-09,
4932178000,-4.293248077,0.6100109012,21.36001857,-698.6399814,4.128348475,0.5681093762,0.2221824391,163.0435291,133.0863108,94.18718738,-3.42601738e-13,3.039297537e-09,0.7077150671,-1.38971496e-10,-22.59713034,0.07415551971,-118.4424342,-2278.442434,1.160190013,-0.0353184617,-0.06520465755,46.602607,46.20703107,-6.059146772,5.325616842e-12,-1.955207536e-10,0.1311304066,1.563907005e-09,
4944176000,-4.266934495,0.6118617088,21.83346956,-698.1665304,4.15280261,0.5679720929,0.2275575805,162.2383391,131.1965287,95.43976901,-3.372848467e-13,3.072243182e-09,0.7274565108,-1.020949433e-10,-21.16752675,0.08742258874,-126.1974629,-2286.197463,1.1915949,-0.05162915252,-0.07054884572,45.11374235,44.66452359,-6.350596933,5.068875919e-12,-2.044281784e-10,0.1421843652,2.097719746e-09,
4956174000,-4.230758802,0.6144153538,22.20360706,-697.7963929,4.186928525,0.5688544867,0.2321869935,161.9330428,129.7958512,96.8263773,-3.316499249e-13,3.109333242e-09,0.7459897707,-8.067196504e-11,-19.89285607,0.1012411796,-136.5689277,-2296.568928,1.225291095,-0.07352154178,-0.06960143204,43.18229967,42.76144171,-6.014158943,5.339476569e-12,-1.931294431e-10,0.1406444381,2.525078541e-09,
4968172000,-4.203160472,0.6163706867,22.4207024,-697.5792976,4.213365952,0.5697781682,0.2350865,161.8812703,128.9932267,97.80742884,-3.275304383e-13,3.133252184e-09,0.7582369349,-6.809351206e-11,-19.10039058,0.1109124939,-149.1114456,-2309.111446,1.249497363,-0.09518149487,-0.05693912843,41.33495142,41.06292155,-4.734414716,6.766392884e-12,-1.516665495e-10,0.1152965872,2.77281697e-09,
4980170000,-4.222412594,0.6150060248,22.80862618,-697.1913738,4.194886489,0.5669155049,0.2384097751,160.2999765,127.2021329,97.54844873,-3.276088283e-13,3.117427278e-09,0.7668774609,-6.915718228e-11,-18.73946305,0.1156183713,-161.5180491,-2321.518049,1.261467149,-0.1096551878,-0.03665170633,40.13017814,40.01987565,-2.973339901,1.074809273e-11,-9.502120264e-11,0.07429658021,2.74620701e-09,
4992168000,-4.232546343,0.6142889212,23.00153473,-696.9984653,4.185228297,0.565449504,0.2400369497,159.5105253,126.3226607,97.39708969,-3.273293586e-13,3.105109497e-09,0.771018352,-7.253978037e-11,-18.73942524,0.1156188747,-173.6057667,-2333.605767,1.261468436,-0.114899625,-0.01287634821,39.69572602,39.68221069,-1.03576981,3.077993449e-11,-3.30213016e-11,0.02610161562,2.534368474e-09,
5004166000,-4.240714208,0.6137115399,23.40673707,-696.5932629,4.177477991,0.5632079415,0.2438004695,158.1390939,124.5590421,97.43212034,-3.264271475e-13,3.098778811e-09,0.7822163588,-7.471166277e-11,-18.95570864,0.1127754498,176.3700477,-2343.629952,1.25422076,-0.112549196,0.007140066879,39.88413518,39.87996376,0.5768274829,-5.513691713e-11,1.83457034e-11,0.01446409245,2.236058644e-09,
5016164000,-4.259561185,0.6123813287,23.68824507,-696.3117549,4.159710169,0.5607851635,0.2460302668,156.9295719,123.3009224,97.07611999,-3.268405968e-13,3.080071615e-09,0.7873105739,-8.246120478e-11,-19.25260222,0.1089857932,167.2112707,-2352.788729,1.244633121,-0.1062821735,0.0241247323,40.3979605,40.3498857,1.970262974,-1.610364576e-11,6.251332523e-11,0.04882945614,1.900544697e-09,
5028162000,-4.293989416,0.6099588391,24.07877396,-695.921226,4.127663951,0.5568835065,0.2488584852,155.1160881,121.5625433,96.35117465,-3.285139805e-13,3.049775587e-09,0.7926057814,-8.342325202e-11,-19.6545158,0.104057697,159.7826154,-2360.217385,1.232286603,-0.09764651596,0.03596056486,41.11457951,41.00633212,2.981505486,-1.061635072e-11,9.437272226e-11,0.07270841676,1.609796221e-09,
5040160000,-4.292646089,0.6100531804,24.44638145,-695.5536186,4.128904505,0.5553612726,0.2524653238,154.08507,120.071432,96.5663504,-3.270016847e-13,3.04931034e-09,0.8042408491,-9.25456899e-11,-19.97138196,0.1003300208,153.643026,-2366.356974,1.223037387,-0.08990025404,0.04454275909,41.76662539,41.59852329,3.743508583,-8.435230898e-12,1.182101155e-10,0.08999138161,1.348579545e-09,
5052158000,-4.297030999,0.6097452841,24.8293108,-695.1706892,4.124857992,0.5533821255,0.2560420563,152.9064085,118.5191105,96.61050767,-3.260760063e-13,3.043459815e-09,0.8151470868,-9.771117025e-11,-20.30337114,0.09656760116,148.388367,-2371.611633,1.213779363,-0.08223895164,0.05061676034,42.41910434,42.19935225,4.31220158,-7.305402572e-12,1.358445633e-10,0.1021864401,1.181139775e-09,
5064156000,-4.306592013,0.6090744748,25.31163038,-694.6883696,4.116063984,0.5506007563,0.2604045372,151.3604688,116.5859455,96.52828002,-3.255805768e-13,3.03366502e-09,0.827958118,-1.039743051e-10,-20.59890052,0.09333724419,143.7839316,-2376.216068,1.205891868,-0.07530398902,0.05514662629,43.01682005,42.75300665,4.756808723,-6.606894437e-12,1.494957149e-10,0.1112625543,1.069357688e-09,
5076154000,-4.266099949,0.6119204997,25.75635901,-694.243641,4.153583218,0.5511262082,0.2659071277,150.8228455,114.9093395,97.69019622,-3.209477685e-13,3.06292473e-09,0.8501501851,-9.714687653e-11,-20.74049711,0.09182800405,139.2037955,-2380.796204,1.20222602,-0.06951731969,0.05999770487,43.52203082,43.20680241,5.228708428,-5.99640445e-12,1.639380508e-10,0.1210158618,1.043845954e-09,
5088152000,-4.281171392,0.6108596379,26.22832802,-693.771672,4.139533687,0.5479655124,0.269969062,149.2198325,113.0607382,97.38494684,-3.211945913e-13,3.046154217e-09,0.8613507073,-8.544401291e-11,-20.83425547,0.09084211277,135.1410354,-2384.858965,1.199837925,-0.06439299589,0.06407676282,43.97360407,43.61100795,5.635409456,-5.550531589e-12,1.762728926e-10,0.1292198855,1.055291061e-09,
5100150000,-4.265119023,0.6119896098,26.46898478,-693.5310152,4.154501143,0.5478382672,0.272771911,148.8153494,112.1495549,97.81863602,-3.190182877e-13,3.052521877e-09,0.8722159984,-6.50652263e-11,-20.86562267,0.09051464792,130.1665004,-2389.8335,1.199045862,-0.05838294374,0.06916887572,44.50866757,44.0819303,6.148569743,-5.075315898e-12,1.918718602e-10,0.1394805014,1.038474211e-09,
5112148000,-4.246003345,0.6133379436,26.80060058,-693.1993994,4.172475465,0.5474538516,0.2765460421,148.2000178,110.8905783,98.31848708,-3.166514829e-13,3.060919444e-09,0.8866261549,-5.672800693e-11,-20.95040277,0.08963546203,125.5120913,-2394.487909,1.19692213,-0.05206697648,0.07296263437,45.07596611,44.59600823,6.560394077,-4.745552533e-12,2.042427461e-10,0.1471072039,9.69381841e-10,
5124146000,-4.239958855,0.6137649126,26.87539739,-693.1246026,4.17819345,0.5474732208,0.2774534922,148.0892187,110.6066481,98.4712451,-3.154199851e-13,3.058497047e-09,0.8902832408,-3.898851486e-11,-21.11962847,0.08790601166,121.5909631,-2398.409037,1.192756476,-0.04604970151,0.07487918187,45.62127191,45.11039693,6.808269912,-4.562069229e-12,2.114634927e-10,0.1509246288,7.847077293e-10,
5136144000,-4.227553008,0.6146421645,27.25024245,-692.7497575,4.189981404,0.5464262292,0.2814309265,147.2324353,109.1863757,98.7710756,-3.137279106e-13,3.060643338e-09,0.9046098926,-1.830409034e-11,-21.27543449,0.08634322691,118.493646,-2401.506354,1.189005827,-0.04119101196,0.07588447382,46.0656526,45.53638233,6.962918447,-4.450324014e-12,2.157616471e-10,0.1529089069,6.096232044e-10,
5148142000,-4.209739707,0.6159039858,27.08617541,-692.9138246,4.207031383,0.5483532963,0.280439623,147.9923326,109.8007652,99.22460626,-3.115661229e-13,3.067531269e-09,0.9036786413,-1.512892293e-11,-21.26898889,0.08640732398,116.728861,-2403.271139,1.189159406,-0.0388633314,0.07717426456,46.28040925,45.73075372,7.111571167,-4.347144273e-12,2.198544066e-10,0.1555095989,5.114357282e-10,
5160140000,-4.185473356,0.6176270838,27.09051402,-692.909486,4.230495978,0.5498661128,0.2812658398,148.38267,109.7743609,99.83489597,-3.089415188e-13,3.079222112e-09,0.9094554971,-8.484912617e-12,-21.10291079,0.08807536679,114.7774758,-2405.222524,1.193163697,-0.03691196201,0.07996735143,46.46205148,45.87000657,7.393559712,-4.171623087e-12,2.280406298e-10,0.1611850589,5.076763215e-10,
5172138000,-4.166652713,0.6189668133,27.28199187,-692.7180081,4.248886631,0.5501137761,0.2837159658,148.1419773,109.030883,100.2911362,-3.068226921e-13,3.086118367e-09,0.9198415481,-1.113236438e-11,-20.66751483,0.0926028299,112.4038776,-2407.596122,1.204106499,-0.03529398942,0.08561319066,46.61491626,45.93488075,7.933293655,-3.878792056e-12,2.441201105e-10,0.1727073963,6.630008354e-10,
5184136000,-4.122301581,0.6221354103,27.33557779,-692.6644222,4.292901358,0.552662957,0.2856853596,148.7178506,108.7841243,101.4051941,-3.027495768e-13,3.113177952e-09,0.9321690522,1.678616472e-11,-19.9897413,0.1001181774,109.6921568,-2410.307843,1.222514057,-0.03373645959,0.09426293407,46.76429845,45.93872405,8.748328006,-3.509285383e-12,2.685769906e-10,0.190434719,9.149122184e-10,
5196134000,-4.095572255,0.6240528735,27.20406252,-692.7959375,4.319897025,0.5550226164,0.2852926291,149.5494379,109.2636184,102.1102152,-2.999650094e-13,3.127583988e-09,0.9345307862,4.687367812e-11,-19.12050316,0.1106559681,104.9530893,-2415.046911,1.248848509,-0.02855235029,0.1069088704,47.25455815,46.18486793,9.997561692,-3.063696191e-12,3.062202326e-10,0.21646834,1.255347026e-09,
5208132000,-4.08762909,0.6246238251,26.76695797,-693.233042,4.327988651,0.5576926886,0.2813072839,150.9859037,110.973921,102.3793533,-2.984872378e-13,3.128603527e-09,0.922553266,7.205250248e-11,-18.17703455,0.1233525899,98.74405978,-2421.25594,1.281418934,-0.01875217365,0.1219188969,48.18577953,46.77330835,11.58132008,-2.63863965e-12,3.539127537e-10,0.2476053221,1.683345553e-09,
5220130000,-4.098288663,0.6238577389,26.55399908,-693.4460009,4.317137176,0.558049132,0.2788900225,151.439292,111.8273603,102.1200306,-2.985574252e-13,3.113506304e-09,0.9131936076,8.256340385e-11,-17.19729473,0.138081426,90.76694965,-2429.23305,1.320404804,-0.001848274681,0.1380690555,49.81895837,47.95507324,13.49961345,-2.258486401e-12,4.115855757e-10,0.2815054288,2.106867602e-09,
5232128000,-4.083378991,0.6249295349,26.10453484,-693.8954652,4.332331352,0.5611821933,0.2749753981,153.0560744,113.6326417,102.5367479,-2.966622134e-13,3.119042628e-09,0.9023529358,8.853709056e-11,-16.32789267,0.1526178624,80.43102271,-2439.568977,1.360210242,0.02537040841,0.1504943663,52.54392876,50.213685,15.47418132,-1.965776279e-12,4.707056952e-10,0.3081666147,2.524277672e-09,
5244126000,-4.090442346,0.6244215496,25.75220179,-694.2477982,4.325119154,0.5624049652,0.2712985934,153.9981694,115.072681,102.3411661,-2.965491288e-13,3.105970846e-09,0.8893611,1.00667498e-10,-15.61372781,0.1656966048,68.60885233,-2451.391148,1.39720947,0.06043500812,0.1542821267,56.27274987,53.63778693,17.01793736,-1.7833644e-12,5.164805064e-10,0.3172751587,2.870936177e-09,
5256124000,-4.135769795,0.6211714837,25.25577419,-694.7442258,4.279433607,0.5617950383,0.2650289554,154.6640859,117.0854823,101.054289,-2.996399933e-13,3.059914417e-09,0.863081289,1.001255293e-10,-15.23278717,0.173125341,55.30779812,-2464.692202,1.418746273,0.09853733863,0.1423473799,60.68827328,58.23209794,17.09061975,-1.771726649e-12,5.175023676e-10,0.2934913966,3.075674717e-09,
5268122000,-4.208673637,0.615979584,24.80432385,-695.1956761,4.208056438,0.5591528937,0.2584161167,154.639006,118.8260428,98.96258759,-3.052764238e-13,2.989753274e-09,0.8328358438,5.317763209e-11,-15.19158204,0.173948584,41.32667589,-2478.673324,1.421156796,0.1306278663,0.114867186,64.79711886,63.05194358,14.93716917,-2.022534824e-12,4.512659938e-10,0.2369025969,3.063355613e-09,
5280120000,-4.275566013,0.6112539792,24.41612283,-695.5838772,4.144747194,0.5565879335,0.2526683585,154.4984953,120.2448073,97.0101611,-3.107127774e-13,2.924109049e-09,0.8067721446,2.52605352e-11,-15.53112375,0.1672799202,27.64860947,-2492.351391,1.401767471,0.14817826,0.07762586544,67.27055689,66.42856866,10.61004666,-2.840920268e-12,3.198111732e-10,0.1597211391,2.987994577e-09,
5292118000,-4.392079564,0.603109295,25.02358206,-694.9764179,4.039170671,0.5464976975,0.2551099535,150.6151656,117.5013713,94.22502776,-3.191716717e-13,2.833719681e-09,0.8019057712,-2.705461965e-12,-16.19178711,0.1550281785,16.2809935,-2503.719007,1.366942837,0.1488112918,0.04346188646,67.44317716,67.1772632,5.983097355,-5.026486759e-12,1.799354283e-10,0.08906432131,2.796321848e-09,
5304116000,-4.433019154,0.6002733219,24.60060847,-695.3993915,4.00341886,0.5457875258,0.2498880502,151.0236593,119.0074003,92.98055892,-3.227118892e-13,2.789968312e-09,0.7813006478,-2.261114817e-11,-17.08205965,0.1399255484,3.300713226,-2516.699287,1.325380083,0.1396934259,0.008056416965,66.23638387,66.22744058,1.088422142,-2.756828502e-11,3.265912059e-11,0.01643460977,2.528250689e-09,
5316114000,-4.498056855,0.5957954157,24.77050927,-695.2294907,3.947989403,0.5409782185,0.2496292138,149.3817576,118.1301529,91.43400069,-3.274297401e-13,2.737370413e-09,0.7740106862,-2.454477319e-11,-18.17140514,0.1234325618,-6.88986114,-2526.889861,1.281627075,0.1225412041,-0.01480711356,63.96192351,63.93302116,-1.922619262,1.557157555e-11,-5.75597813e-11,0.03007239806,2.202313453e-09,
5328112000,-4.542933359,0.5927251184,25.03097863,-694.9690214,3.910688309,0.5370558737,0.2507868707,147.8969877,117.0004416,90.46776009,-3.301816615e-13,2.702343946e-09,0.7732258001,-6.222080896e-11,-19.41733078,0.1069383456,-15.36707639,-2535.367076,1.239487039,0.1031150688,-0.02833888401,61.48662737,61.38581883,-3.519459064,8.487325693e-12,-1.051290414e-10,0.05733342213,1.748150112e-09,
5340110000,-4.613668536,0.5879177512,25.33847572,-694.6615243,3.853400033,0.5313573374,0.251608152,145.8778596,115.6375583,88.92865137,-3.351415103e-13,2.650401293e-09,0.7690291341,-7.790731907e-11,-20.74837899,0.09174471381,-21.94715395,-2541.947154,1.202024068,0.08509588026,-0.03428970218,59.2890461,59.14775357,-4.090749929,7.285628073e-12,-1.219194122e-10,0.06916154346,1.365362323e-09,
5352108000,-4.653074247,0.5852565564,25.66037072,-694.3396293,3.822258269,0.5275366533,0.2534370065,144.4028028,114.3625584,88.16674367,-3.372799014e-13,2.621803049e-09,0.7709406373,-9.772226802e-11,-22.11168839,0.07841796724,-26.92438944,-2546.924389,1.170181198,0.06991784057,-0.03550877578,57.50715619,57.36089747,-4.098835783,7.254955355e-12,-1.218865493e-10,0.07145696744,9.895550119e-10,
5364106000,-4.687943441,0.5829117746,26.13833085,-693.8616692,3.795148551,0.5232991686,0.2567958665,142.6485182,112.5923152,87.58750083,-3.387510466e-13,2.598752469e-09,0.7779172201,-1.140757329e-10,-23.48077461,0.06698248717,-30.59811548,-2550.598115,1.143582486,0.05765576323,-0.03409496376,56.11077021,55.9795993,-3.834448662,7.737841915e-12,-1.137694629e-10,0.06849725096,6.497268991e-10,
5376104000,-4.694598993,0.5824652902,26.74150025,-693.2584998,3.790020933,0.5201681258,0.2620895557,141.0709983,110.5167016,87.67602419,-3.376537849e-13,2.595573419e-09,0.7933282746,-1.321589404e-10,-24.68196959,0.0583312819,-32.41242148,-2552.412421,1.123889178,0.04924395303,-0.03126614044,55.17411902,55.06582753,-3.455148068,8.568125253e-12,-1.02286692e-10,0.0627457758,3.668094224e-10,
5388102000,-4.703432954,0.5818731965,27.26153611,-692.7384639,3.783237964,0.5172415927,0.2665287071,139.6757302,108.7534207,87.64703696,-3.370133341e-13,2.588937474e-09,0.8059244147,-1.216531378e-10,-25.67153588,0.05205029629,-33.23489993,-2553.2349,1.109816578,0.04353646198,-0.02852735219,54.5479392,54.4588914,-3.115576774,9.480819219e-12,-9.202859266e-11,0.0572096988,2.47423454e-10,
5400100000,-4.63203727,0.586675749,27.95292543,-692.0470746,3.838816003,0.5182300585,0.2750018926,139.0701479,106.5569089,89.36515654,-3.297995881e-13,2.633822782e-09,0.8386613077,-1.032976196e-10,-26.5019185,0.04730467632,-33.52776022,-2553.52776,1.09930704,0.03943404418,-0.02612830959,54.10237256,54.028323,-2.829669543,1.041555962e-11,-8.339769544e-11,0.05237381777,3.609982938e-10,
5412098000,-4.564897893,0.5912281521,28.15988808,-691.8401119,3.892704843,0.5212468772,0.2790204667,139.5549185,105.9167074,90.86928187,-3.236215128e-13,2.672216095e-09,0.8579315211,-7.120247164e-11,-27.01362054,0.04459836863,-35.38390199,-2555.383902,1.093360462,0.03636062717,-0.02582478029,53.77064779,53.69878459,-2.77904619,1.058177967e-11,-8.17241185e-11,0.05175249704,6.233325384e-10,
5424096000,-4.518840454,0.5943715005,28.52318098,-691.476819,3.930620019,0.5222290592,0.2838208773,139.3215794,104.7088684,91.90514325,-3.192662035e-13,2.696699661e-09,0.8777207187,-3.084257677e-11,-27.51860653,0.04207941306,-39.134184,-2559.134184,1.087855744,0.03263973804,-0.02655794617,53.3716427,53.29624678,-2.835899167,1.034670291e-11,-8.321153802e-11,0.05321011025,1.004005537e-09,
5436094000,-4.434853964,0.6001465333,28.5141254,-691.4858746,4.001832338,0.5273484286,0.2864951942,140.5809403,104.7247322,93.78555981,-3.121743375e-13,2.745801569e-09,0.8955435626,4.822309331e-12,-28.03089768,0.03966935288,-43.89342688,-2563.893427,1.08261603,0.02858695178,-0.02750352242,52.9405298,52.8603665,-2.912275475,1.005311663e-11,-8.526398504e-11,0.05509374353,1.4412857e-09,
5448092000,-4.360839084,0.6052823998,28.4418954,-691.5581046,4.066913659,0.5322251502,0.2882762094,141.8739735,104.9351811,95.48210371,-3.059522982e-13,2.789315743e-09,0.9099150799,4.659820871e-11,-28.76011928,0.03647489378,-50.95590296,-2570.955903,1.075711351,0.02297620404,-0.02832864142,52.34972141,52.26567766,-2.965176205,9.852017907e-12,-8.662160078e-11,0.05673276111,1.843760672e-09,
5460090000,-4.228564202,0.6145706133,28.09638635,-691.9036137,4.189017934,0.5421475049,0.289435868,144.8377504,106.0495327,98.64821624,-2.954820433e-13,2.875474808e-09,0.9302088725,7.166371024e-11,-30.06588993,0.03138379825,-60.599625,-2580.599625,1.064801308,0.01540660332,-0.02734189764,51.56358062,51.48650594,-2.818253369,1.034285165e-11,-8.214863759e-11,0.0547377088,2.260044527e-09,
5472088000,-4.207855509,0.6160376061,27.72569695,-692.2743031,4.208843448,0.5453072833,0.2866047782,146.2056591,107.3942448,99.20973209,-2.931654467e-13,2.885501707e-09,0.9237900254,9.792300612e-11,-32.48855941,0.0237449921,-70.59967792,-2590.599678,1.048645061,0.007887289353,-0.02239677023,50.79459755,50.74365807,-2.27427039,1.278865765e-11,-6.614684825e-11,0.04481881041,3.277360239e-09,
5484086000,-4.124725892,0.6219617909,27.32454647,-692.6754535,4.290470518,0.5525637035,0.285499252,148.7101003,108.8292165,101.345427,-2.86359581e-13,2.941169351e-09,0.9312336358,1.118906929e-10,-36.35797674,0.01520901762,-82.88036502,-2602.880365,1.030887808,0.001885029015,-0.01509174882,50.18881582,50.16595877,-1.514534432,1.916181857e-11,-4.395365814e-11,0.03019048113,-6.275949734e-09,
5496084000,-4.09228695,0.6242889566,26.71303093,-693.2869691,4.323239854,0.5576580815,0.2806317257,151.0671883,111.1912582,102.2633828,-2.83169592e-13,2.961330808e-09,0.9197070388,1.237344247e-10,-45.61969339,0.005236189196,-110.5947156,-2630.594716,1.010527502,-0.001841857375,-0.004901554724,49.81615729,49.81376364,-0.4883431662,5.929821977e-11,-1.4141383e-11,0.009803378233,-1.081804294e-08,
5508082000,-4.051925595,0.6271966359,26.1862832,-693.8137168,4.364758456,0.5628237083,0.2767762516,153.3695036,113.2910863,103.3795648,-2.795020741e-13,2.987132136e-09,0.9125127865,1.350225806e-10,-40.73180409,0.009191995339,94.93581468,-2425.064185,1.018554544,-0.0007908765769,0.009157908743,49.92098146,49.91260868,0.9142674799,-3.160432086e-11,2.641757852e-11,0.01831736517,-1.081352631e-08,
5520080000,-4.045853658,0.6276352357,25.62261045,-694.3773895,4.371077481,0.5659148065,0.2714155871,155.2155252,115.6204484,103.5556428,-2.784203602e-13,2.985716229e-09,0.8956516276,1.360020256e-10,-33.02523036,0.02232227642,74.12301471,-2445.876985,1.045663874,0.006106769492,0.02147071007,50.61414426,50.56749692,2.172522664,-1.327120764e-11,6.26381721e-11,0.04296282784,-6.344102824e-09,
5532078000,-4.035965273,0.6283501692,24.95375505,-695.046245,4.381409688,0.5696928001,0.2650925284,157.4882755,118.4583483,103.7794615,-2.772173604e-13,2.985679936e-09,0.8760839822,1.395061809e-10,-29.17489495,0.03477404827,58.29400946,-2461.705991,1.072053695,0.01827586983,0.02958423592,51.85995078,51.76919119,3.066812426,-9.380902507e-12,8.823056313e-11,0.05924010702,3.638165167e-09,
5544076000,-4.030120083,0.6287731612,24.39214085,-695.6078591,4.387541501,0.5726490682,0.2596704316,159.3759417,120.90103,103.8442669,-2.764448043e-13,2.981078972e-09,0.8589196213,1.410210802e-10,-26.72270892,0.04611737233,44.73596923,-2475.264031,1.096694019,0.03275983311,0.03245928782,53.38324957,53.27063713,3.465624618,-8.283415315e-12,9.948840687e-11,0.06505693952,3.236861797e-09,
5556074000,-4.033458372,0.6285315483,23.78868671,-696.2113133,4.384037301,0.5751310879,0.2535273929,161.2293476,123.5648426,103.5694559,-2.765797729e-13,2.966769496e-09,0.8381789972,1.303255885e-10,-25.06053718,0.05584356573,31.05806721,-2488.941933,1.118293036,0.04783810511,0.02881005957,55.01977078,54.92809312,3.174864096,-9.022501662e-12,9.094466967e-11,0.05780036982,3.039922573e-09,
5568072000,-4.043090845,0.6278349061,23.15959697,-696.840403,4.373959119,0.577239515,0.2469234936,163.0398289,126.3724024,103.0145704,-2.774703828e-13,2.94451618e-09,0.8151666702,1.209321413e-10,-24.09223329,0.06242928133,17.83642372,-2502.163576,1.133172421,0.05942860953,0.01912212165,56.31588776,56.27442625,2.160593579,-1.322946276e-11,6.175730991e-11,0.03839388019,2.848853015e-09,
5580070000,-4.029793075,0.6287968339,22.75546345,-697.2445365,4.387885079,0.5798538617,0.2432179215,164.6319408,128.2714598,103.1993632,-2.763779984e-13,2.943455686e-09,0.8045387755,1.085898849e-10,-23.63793495,0.06578142129,6.092398365,-2513.907602,1.140826618,0.06540989005,0.006981523544,56.99841177,56.9928078,0.7992517776,-3.568591805e-11,2.279628592e-11,0.01402373051,2.551624805e-09,
5592068000,-4.03943166,0.6280994556,22.29705359,-697.7029464,4.377781857,0.581135976,0.2383063229,165.901792,130.3606104,102.6134292,-2.773597816e-13,2.920464214e-09,0.787150573,1.039388762e-10,-23.58587138,0.06617690182,-4.306165596,-2524.306166,1.141733273,0.06599008835,-0.004968961063,57.06505739,57.06221482,-0.5695742306,4.996862001e-11,-1.621056007e-11,0.009981635525,2.189186079e-09,
5604066000,-4.041514553,0.6279488542,21.87480781,-698.1251922,4.375605001,0.5827366384,0.2339610518,167.2246542,132.3333046,102.2349328,-2.777906184e-13,2.903462398e-09,0.7725563348,1.084001039e-10,-23.80856312,0.06450180147,-12.97654807,-2532.976548,1.137898291,0.06285455824,-0.01448402225,56.70551575,56.6815396,-1.64881322,1.722445262e-11,-4.682613913e-11,0.02908906907,1.787344787e-09,
5616064000,-4.039231176,0.6281139533,21.35521924,-698.6447808,4.377991506,0.5849880945,0.2287270593,168.9717843,134.8185932,101.8597605,-2.782181333e-13,2.88662743e-09,0.7555319942,1.137216376e-10,-24.24420519,0.06134649303,-19.90764129,-2539.907641,1.13071169,0.05768059369,-0.0208887845,56.11828724,56.06900807,-2.351275626,1.20527054e-11,-6.663334648e-11,0.04193538831,1.324291996e-09,
5628062000,-4.037166299,0.6282632912,20.88532862,-699.1146714,4.380152006,0.5869837488,0.2239750916,170.5601351,137.0991473,101.462227,-2.787127703e-13,2.86923189e-09,0.7400646105,1.252616626e-10,-24.77895034,0.05768361679,-24.70707674,-2544.707077,1.122429404,0.05240306,-0.02411055677,55.5267004,55.46182505,-2.683359572,1.053858702e-11,-7.588223798e-11,0.04838210012,8.511652314e-10,
5640060000,-4.03421936,0.6284764838,20.33581521,-699.6641848,4.383239318,0.5893047288,0.2184093115,172.4400335,139.8087232,100.9410029,-2.795559836e-13,2.848419975e-09,0.7219935963,1.356798867e-10,-25.27050958,0.05450979149,-27.04084093,-2547.040841,1.115304825,0.04855092769,-0.02478154129,55.09954107,55.03158703,-2.735663618,1.031510642e-11,-7.719676517e-11,0.04971078912,4.447042561e-10,
5652058000,-4.045722828,0.6276446895,19.67930886,-700.3206911,4.371213847,0.5909853553,0.2113626409,174.3014301,142.9613401,99.71481212,-2.823929476e-13,2.807845434e-09,0.6974949453,1.398251772e-10,-25.65078994,0.05217476515,-27.79205306,-2547.792053,1.11009364,0.04615617927,-0.02432721179,54.83595924,54.77081539,-2.672116504,1.05379985e-11,-7.524348655e-11,0.04878723248,1.369309705e-10,
5664056000,-4.08675688,0.624686551,19.02803202,-700.971968,4.328879115,0.5905531643,0.2036670006,175.3253499,145.7886438,97.38916596,-2.885240014e-13,2.736549068e-09,0.6680161323,1.44212362e-10,-25.82309609,0.05114994789,-27.96916413,-2547.969164,1.107814607,0.04517564056,-0.02398913648,54.72844804,54.66523671,-2.629623578,1.068560234e-11,-7.389008706e-11,0.04810412863,-5.006955764e-11,
5676054000,-4.112062332,0.6228692391,18.51949976,-701.4805002,4.303200394,0.5906143357,0.1978403281,176.2621141,148.0220461,95.69643001,-2.930069195e-13,2.683300735e-09,0.6465011971,1.492961966e-10,-25.86254483,0.05091816668,-27.20013115,-2547.200131,1.107299845,0.04528739787,-0.02327469211,54.7408679,54.68134889,-2.551999585,1.098735138e-11,-7.155734402e-11,0.04667038464,-1.243726137e-10,
5688052000,-4.173519157,0.6184776956,17.8012519,-702.1987481,4.242157476,0.5888666616,0.1890785944,176.7933128,150.766996,92.33194653,-3.030432271e-13,2.58350059e-09,0.6124148451,1.507212328e-10,-25.59011646,0.05254049702,-26.25547968,-2546.25548,1.110908164,0.04711991693,-0.0232425742,54.94219155,54.88259811,-2.558287881,1.093722534e-11,-7.158235581e-11,0.04661382604,-8.295791231e-11,
5700050000,-4.194275699,0.6170014932,17.06843854,-702.9315615,4.221952473,0.5898255651,0.181098441,178.4341865,154.0265727,90.08092921,-3.099621103e-13,2.515210421e-09,0.5848401846,1.398734158e-10,-25.02175651,0.05609345291,-25.96289457,-2545.962895,1.118853827,0.05043237556,-0.02455709582,55.30770895,55.24070241,-2.7216661,1.025903762e-11,-7.599347608e-11,0.04926921602,3.011727554e-11,
5712048000,-4.33059781,0.6073934573,16.4985266,-703.5014734,4.094158611,0.5823852697,0.1724940858,176.1432516,154.5564043,84.49120059,-3.297742961e-13,2.354180536e-09,0.5466690363,1.191336722e-10,-24.45777221,0.05985650975,-26.79619016,-2546.79619,1.127334838,0.05342886616,-0.02698440326,55.64011281,55.55867859,-3.009217003,9.259227957e-12,-8.38458922e-11,0.05416286131,1.675037653e-10,
5724046000,-4.410968081,0.601799186,16.15010018,-703.8498998,4.02259144,0.5780499631,0.167393251,174.791846,154.7681536,81.23427877,-3.422769768e-13,2.258688525e-09,0.5248772236,1.028775715e-10,-23.78921814,0.06464561821,-27.58020064,-2547.580201,1.138227007,0.05729952448,-0.02993025974,56.07244281,55.97140989,-3.364538266,8.264023517e-12,-9.354971925e-11,0.06011172977,3.235033553e-10,
5736044000,-4.455798138,0.598701151,15.68756265,-704.3124374,3.983816936,0.5763998108,0.1618836816,174.7257487,155.9876918,78.72056426,-3.524678093e-13,2.184217367e-09,0.5046588184,1.241002458e-10,-23.01110292,0.07070414159,-29.06430496,-2549.064305,1.152167129,0.06180072528,-0.03434743067,56.57885972,56.4444977,-3.89692798,7.120086635e-12,-1.081259751e-10,0.0690399975,5.349644152e-10,
5748042000,-4.528843839,0.5936873674,15.25213533,-704.7478647,3.922318037,0.5727762262,0.1561796559,173.7299212,156.4758365,75.48111101,-3.668275244e-13,2.089962448e-09,0.4823818981,1.009880222e-10,-22.20901706,0.07754416911,-31.81534503,-2551.815345,1.16812549,0.06589327654,-0.04087999841,57.04149611,56.84950357,-4.676133279,5.921248912e-12,-1.294753458e-10,0.08225460181,7.443976897e-10,
5760040000,-4.563853366,0.5912992549,14.26739047,-705.7326095,3.89355604,0.5730613107,0.1457242016,175.0959011,159.785318,71.60465598,-3.858809773e-13,1.978499272e-09,0.4481303845,7.597174201e-11,-21.36081408,0.08549865764,-36.23192347,-2556.231923,1.186984215,0.06896587792,-0.05053442531,57.38709042,57.09194835,-5.812708618,4.75352825e-12,-1.606102231e-10,0.1018131065,9.322814282e-10,
5772038000,-4.688165256,0.5828968886,14.67920854,-705.3207915,3.794977418,0.5638710017,0.1477101089,170.5705995,155.6952426,69.66577962,-3.957960434e-13,1.92092519e-09,0.447449636,4.893735328e-11,-20.60227496,0.09330099001,-40.07270166,-2560.072702,1.205803666,0.07139654904,-0.06006336257,57.65868822,57.23993616,-6.936428203,3.975164036e-12,-1.912611864e-10,0.1211816202,1.085259344e-09,
5784036000,-4.7561219,0.5783542149,14.33330991,-705.6666901,3.743317901,0.5603511878,0.1431787143,169.4408615,155.6439958,66.97127824,-4.108663332e-13,1.842798001e-09,0.4302850097,1.503024644e-11,-19.83900508,0.1018708069,-45.06954928,-2565.069549,1.22685112,0.07194604638,-0.07212092417,57.70892645,57.1055292,-8.323384346,3.30589606e-12,-2.290282706e-10,0.1457544385,1.241523311e-09,
5796034000,-4.860957293,0.5714156561,14.16230495,-705.837695,3.666526037,0.5540483506,0.1398080012,166.9319919,154.1724124,64.00903983,-4.289907171e-13,1.757642397e-09,0.4151782982,2.493314675e-11,-19.0424038,0.1116554202,-50.83422701,-2570.834227,1.251378627,0.07051779593,-0.08656889345,57.52580323,56.66155328,-9.934103742,2.764143058e-12,-2.727833749e-10,0.1753235336,1.448253341e-09,
5808032000,-4.923656725,0.5673057217,14.20124305,-705.7987569,3.622201171,0.5499688745,0.1391762154,165.1809815,152.8098761,62.72079728,-4.368975012e-13,1.718710386e-09,0.4104498929,5.368323091e-12,-18.36343699,0.1207336,-57.66359482,-2577.663595,1.274623481,0.06457911231,-0.1020104917,56.82748175,55.64733141,-11.52116268,2.37845436e-12,-3.157093471e-10,0.2070389072,1.660123395e-09,
5820030000,-4.989517261,0.5630204077,14.20677576,-705.7932242,3.576872777,0.5458011792,0.1381776115,163.4499824,151.5171855,61.30611106,-4.460578027e-13,1.676481155e-09,0.4046149015,-1.238657826e-11,-17.70210855,0.1302850466,-65.05273735,-2585.052737,1.299604016,0.05495213252,-0.1181289824,55.72988645,54.18688107,-13.02313953,2.099806205e-12,-3.561316748e-10,0.2403375001,1.865335007e-09,
5832028000,-5.034298011,0.5601251838,14.19513806,-705.8048619,3.546748135,0.5430224124,0.1373567659,162.3226225,150.6968934,60.32478824,-4.523813843e-13,1.646252082e-09,0.4003054534,-2.447825603e-11,-17.22840546,0.1375877368,-73.812983,-2593.812983,1.319076485,0.03835581496,-0.1321333296,53.91734158,52.06166875,-14.02363611,1.945986833e-12,-3.827023818e-10,0.2693658587,2.048411376e-09,
5844026000,-5.041397003,0.5596675796,14.43286295,-705.5671371,3.542023043,0.5420046731,0.139494566,161.6965355,149.8073541,60.85660378,-4.475074607e-13,1.657355616e-09,0.4062324185,-2.78652537e-11,-16.85900473,0.1435653928,-83.04405386,-2603.044054,1.335262941,0.01738665251,-0.1425086885,51.73358914,49.67293101,-14.45559305,1.883961739e-12,-3.936805021e-10,0.291015504,2.201493663e-09,
5856024000,-5.010860958,0.5616386051,14.61684166,-705.3831583,3.562445561,0.5434611912,0.1417316352,162.1179883,149.7845784,62.02275566,-4.381937973e-13,1.685653636e-09,0.4140797159,-5.480899547e-12,-16.65400648,0.146994023,-92.90624799,-2612.906248,1.344649456,-0.007452868637,-0.1468049643,49.27572137,47.19635817,-14.16335031,1.918895334e-12,-3.84931348e-10,0.3000941355,2.266219905e-09,
5868022000,-4.977686762,0.5637877846,14.59771312,-705.4022869,3.584924331,0.5455882812,0.1420918488,162.9989092,150.4638746,62.68386438,-4.326857933e-13,1.700137946e-09,0.4166040822,1.507805151e-11,-16.6836939,0.1464924712,-103.0504426,-2623.050443,1.343271655,-0.03307928797,-0.1427088113,46.8599596,44.98543597,-13.1212181,2.067065525e-12,-3.558791567e-10,0.2916770244,2.287559214e-09,
5880020000,-4.942863105,0.566052672,14.23108067,-705.7689193,3.60885428,0.5486817256,0.1391545596,164.6171504,152.3375346,62.38655094,-4.338607395e-13,1.688621461e-09,0.4095284271,3.27212156e-11,-16.91806531,0.1425925167,-112.7519802,-2632.75198,1.332613185,-0.05514663394,-0.1314970517,44.85807454,43.32411718,-11.63046525,2.327256438e-12,-3.148026766e-10,0.2684524465,2.182261362e-09,
5892018000,-4.880905962,0.5701048057,14.30011182,-705.6998882,3.652296715,0.5524402505,0.1408164023,166.1176278,153.3078068,63.96704337,-4.222792963e-13,1.727875093e-09,0.4172458318,5.475579641e-11,-17.34941281,0.1356842254,-122.5242316,-2642.524232,1.313969106,-0.07295147157,-0.1144040726,43.28322665,42.15316941,-9.825885104,2.749061054e-12,-2.654163963e-10,0.2330995567,1.966069548e-09,
5904016000,-4.815720753,0.5743993799,14.05898186,-705.9410181,3.699241273,0.5571939191,0.1395334514,168.3753287,155.433837,64.73464018,-4.164241113e-13,1.745055903e-09,0.4164771419,7.811094493e-11,-18.01848732,0.1256248724,-130.2983428,-2650.298343,1.287347772,-0.08125011231,-0.09581246175,42.54921468,41.76498201,-8.131540269,3.315124086e-12,-2.192024596e-10,0.1946975643,1.679566265e-09,
5916014000,-4.753065353,0.5785577725,13.50123444,-706.4987656,3.745608934,0.5625692651,0.1350737504,171.2931546,158.7072637,64.44648393,-4.174377399e-13,1.733764741e-09,0.4060714201,1.315019295e-10,-18.7915459,0.114927168,-136.7372857,-2656.737286,1.259701041,-0.08369213649,-0.07876471444,42.32139617,41.79222397,-6.6716257,4.032359699e-12,-1.794827072e-10,0.1596379677,1.333687352e-09,
5928012000,-4.669736807,0.5841349068,12.94360414,-707.0563959,3.809251925,0.5692926291,0.1308414757,174.9154403,162.5602913,64.57215285,-4.157821029e-13,1.73362964e-09,0.3972197166,1.753045856e-10,-19.55444394,0.1052634993,-141.918038,-2661.918038,1.23529497,-0.08285597817,-0.06492527364,42.37825807,42.01759073,-5.517139285,4.86628017e-12,-1.481238548e-10,0.1313054649,1.012299918e-09,
5940010000,-4.597951023,0.5889825783,12.0178324,-707.9821676,3.865973787,0.5760737553,0.1226356635,179.1081141,167.6738314,62.96985635,-4.255006746e-13,1.68719647e-09,0.3755496957,2.168218554e-10,-20.3763473,0.09575966871,-145.5172295,-2665.517229,1.211801366,-0.07893435748,-0.05421513959,42.70404471,42.45061222,-4.645530854,5.767632849e-12,-1.24471036e-10,0.1094337775,7.331884082e-10,
5952008000,-4.549058898,0.592307259,11.01473493,-708.9852651,3.905655163,0.5813958221,0.1131670761,182.8095968,172.6188776,60.1836503,-4.44301828e-13,1.609293106e-09,0.3486504554,2.430937319e-10,-21.01734154,0.08894733147,-147.7704048,-2667.770405,1.195262765,-0.07524213139,-0.04743679414,43.01700503,42.82164588,-4.095041645,6.52977629e-12,-1.09500209e-10,0.09563017865,5.32868035e-10,
5964006000,-4.493834431,0.5960851169,9.783097535,-710.2169025,3.951538266,0.5874168877,0.1012860635,187.2079395,178.5985562,56.11923314,-4.755216909e-13,1.497592953e-09,0.314219971,2.677493386e-10,-21.46507047,0.08447855493,-149.6453324,-2669.645332,1.184547408,-0.07289770859,-0.04269133784,43.21711406,43.05819148,-3.702849451,7.206858662e-12,-9.881391696e-11,0.08599639984,4.290828765e-10,
5976004000,-4.541022283,0.5928555445,8.811022104,-711.1889779,3.912261417,0.5858592165,0.09081120587,187.3267804,180.3863373,50.51823423,-5.271826271e-13,1.34541856e-09,0.280055768,2.654201894e-10,-21.82511824,0.0810483332,-151.3620178,-2671.362018,1.176393027,-0.07113332189,-0.03884434104,43.3684491,43.23644196,-3.381192682,7.876609807e-12,-9.004905767e-11,0.07820238041,3.969893488e-10,
5988002000,-4.532933559,0.5934078977,7.337266996,-712.662733,3.918934698,0.5885488281,0.07578396913,190.0646824,185.06757,43.29639745,-6.138841683e-13,1.150773776e-09,0.2339491324,2.654201894e-10,-22.09373243,0.07858024501,-152.9880684,-2672.988068,1.170563404,-0.07000808039,-0.0356892643,43.46505554,43.35338227,-3.113727452,8.536062757e-12,-8.275967766e-11,0.07182201915,3.969893488e-10,
6000000000,-4.636688778,0.5863616539,6.505529618,-713.4944704,3.835141661,0.5825860277,0.06643424936,187.3788838,183.6517213,37.18724754,-7.133043074e-13,9.864223776e-10,0.2024878791,2.654201894e-10,-22.3721057,0.07610176245,-154.6725776,-2674.672578,1.164740573,-0.06878670182,-0.03255561242,43.57044457,43.47730709,-2.84735109,9.315965265e-12,-7.552833344e-11,0.06549051172,3.969893488e-10,
